t,prn,x,y,z,vx,vy,vz,clock
431984.0,1,-15320895.394911349,21634054.27691698,533574.7037003719,-207.966299062306,-226.6929622089301,3172.4347118225937,0.0002910110649108881
432584.0,1,-15408854.819917232,21440040.71557052,2432643.0743470937,-88.09236298838005,-421.56869181890875,3153.3931682448388,0.00029100560720941876
433184.0,1,-15429877.735507717,21126760.785726316,4312990.998354214,14.90917460371952,-623.7714081317129,3110.088780330262,0.00029100014780144304
433784.0,1,-15394443.10445885,20690624.90902669,6160148.850736809,99.9115825126728,-830.5936443428172,3042.8563037335985,0.0002909946893297844
434384.0,1,-15313603.237504877,20129703.743323307,7959904.523673836,166.13425609379897,-1039.2183725521038,2952.217414207335,0.000290989234429952
434984.0,1,-15198772.071110392,19443779.618060075,9698414.53476176,213.15493309583326,-1246.7666062803835,2838.8764897231895,0.00029098378570955674
435584.0,1,-15061508.005741823,18634368.994539227,11362312.111746509,240.9155534861327,-1450.3461329499398,2703.7148840598315,0.0002909783457279579
436184.0,1,-14913295.435611453,17704715.27595769,12938811.844158096,249.72315466496343,-1647.1035101056154,2547.784507055773,0.0002909727192178042
436784.0,1,-14765327.238639027,16659753.791182652,14415807.125728654,240.23672709505217,-1834.2604449022626,2372.2962846385435,0.0002909672357069554
437384.0,1,-14628295.88761267,15506045.019498747,15781966.782546345,213.463335445957,-2009.1787931987355,2178.614674304847,0.00029096176811736204
437984.0,1,-14512192.115571087,14251683.60718838,17026820.777320534,170.7323018679167,-2169.3931668314444,1968.243710565576,0.00029095631862371073
438584.0,1,-14426117.93763504,12906179.768530414,18140841.065015964,113.67182105941504,-2312.6555413761134,1742.8155374833366,0.0002909508892599008
439184.0,1,-14378116.13110176,11480317.218613481,19115514.39940553,44.17869594573858,-2436.9730629450805,1504.077241641408,0.00029094548190339786
439784.0,1,-14375019.338592077,9985990.388470553,19943406.929455906,-35.616843631624874,-2540.6427253362845,1253.8774227622587,0.0002909393197145459
440384.0,1,-14422321.244312702,8436020.064819941,20618220.273325756,-123.38923305680328,-2622.2744491663393,994.1490652700169,0.00029093396119148903
440984.0,1,-14524072.51795468,6843959.729810425,21134838.21126448,-216.66107017598466,-2680.821913622397,726.897596100784,0.0002909286292338088
441584.0,1,-14682802.583749058,5223884.050028065,21489364.426701758,-312.84732568233227,-2715.594207489998,454.18280178682267,0.00029092332496462954
442184.0,1,-14899469.10428241,3590171.927033024,21679150.4075329,-409.30218042275965,-2726.2680313173505,178.1031835655002,0.0002909180492934453
442784.0,1,-15173435.761799261,1957284.3846217892,21702813.664783373,-503.366680107565,-2712.8922485442954,-99.22043024921061,0.0002909128029094719
443384.0,1,-15502478.66958982,339542.0974951866,21560246.171219964,-592.41770265741,-2675.887510745065,-375.6598609520787,0.0002909081745523392
443984.0,1,-15882821.392752778,-1249096.4690195648,21252612.693693995,-673.9104215971995,-2616.032377429481,-649.1018264062161,0.0002909029877912951
444584.0,1,-16309197.7247381,-2795245.195951375,20782340.223347895,-745.4306592487305,-2534.4577960895776,-917.455411699457,0.00029089783103212753
445184.0,1,-16774941.082132678,-4286295.379249912,20153096.790496193,-804.7337559740424,-2432.621143715707,-1178.6737040986986,0.0002908927040521307
445784.0,1,-17272099.10352541,-5710604.401000979,19369761.51474004,-849.7858950246919,-2312.282102984951,-1430.7678084036254,0.0002908876064012401
446384.0,1,-17791571.290495917,-7057668.086017241,18438385.447978668,-878.8006408577812,-2175.472030763372,-1671.8217421677457,0.0002908825374058638
446984.0,1,-18323267.31569644,-8318273.342299586,17366143.68943633,-890.2711537376748,-2024.4588361420822,-1900.0066822098158,0.00029087749617439507
447584.0,1,-18856283.24391978,-9484628.57393698,16161279.179257182,-882.9975453480637,-1861.7079833464259,-2113.594466290559,0.0002908724816043524
448184.0,1,-19379092.6150644,-10550469.740076113,14833038.63208423,-856.1089255322834,-1689.8402962207392,-2310.970261674629,0.0002908674923910831
448784.0,1,-19879749.093716227,-11511140.352181343,13391601.122963244,-809.079782291003,-1511.5872904978255,-2490.644320367939,0.0002908625270379563
449384.0,1,-20346097.202293523,-12363644.146837436,11847999.884763736,-741.7404342011616,-1329.7447971007898,-2651.2627490164145,0.000290857583867961
449984.0,1,-20765987.52604813,-13106669.635397818,10214037.91894903,-654.2813948462268,-1147.1256638917334,-2791.6172296876575,0.00029085266103661555
450584.0,1,-21127492.771629445,-13740586.518873397,8502197.839779861,-547.2503490294513,-966.5120538839319,-2910.655366453543,0.00029084803400824123
451184.0,1,-21419120.689072393,-14267412.280916568,6725547.956557184,-421.54927401558666,-790.6098982212345,-3007.48120612703,0.00029084314562013064
451784.0,1,-21630020.804894112,-14690754.039877893,4897642.000690723,-278.41304458069817,-622.0016933683128,-3081.371958747082,0.00029083827117235245
452384.0,1,-21750180.95716961,-15015721.138151271,3032417.5252049156,-119.39493693325926,-463.1047591597753,-3131.7760605191424,0.0002908334083030416
452984.0,1,-21770610.43777237,-15248813.905528449,1144090.5942420054,53.65957623530062,-316.1307282960913,-3158.3187258750286,0.0002908285545633714
453584.0,1,-21683506.660568994,-15397789.133942218,-752951.2652930014,238.64271634402485,-183.0489776507368,-3160.8044840131356,0.00029082370743598854
454184.0,1,-21482402.50270628,-15471504.810819374,-2644257.2717478755,433.2187416182703,-65.55425306739585,-3139.218441500687,0.0002908188643539318
454784.0,1,-21162291.81163847,-15479746.792022837,-4515421.97918415,634.8621665497014,34.960978600246335,-3093.726268301448,0.00029081402271989993
455384.0,1,-20719730.937427957,-15433040.394643908,-6352193.473008255,840.8992202614479,117.42899481943186,-3024.6729113556075,0.00029080917992573355
455984.0,1,-20152914.551564638,-15342450.13957028,-8140580.398260709,1048.5518536392465,181.1237300625453,-2932.5800464402487,0.0002908043333719727
456584.0,1,-19461724.44349396,-15219371.069857316,-9866957.057525862,1254.9835637887563,225.67185689671646,-2818.14228551021,0.0002907994804873534
457184.0,1,-18647750.437212937,-15075315.21037886,-11518165.82947519,1457.3462746450678,251.05785192899498,-2682.222163095508,0.0002907946187481064
457784.0,1,-17714282.980014555,-14921696.672322039,-13081615.97717624,1652.8222434986346,257.6253040953793,-2525.8422648656388,0.00029079002138592425
458384.0,1,-16666277.633568468,-14769619.92775828,-14545379.419013746,1838.6920099483257,246.0608339949814,-2350.1844071709957,0.0002907851350921033
458984.0,1,-15510292.14520862,-14629672.75266917,-15898279.389368366,2012.3473753098936,217.3938209141961,-2156.5715380240017,0.00029078023284721534
459584.0,1,-14254396.222957289,-14511730.13791608,-17129976.097525503,2171.35660585051,172.96942276958953,-1946.4645122656318,0.00029077531249837847
460184.0,1,-12908056.675048806,-14424770.535611214,-18231045.04290169,2313.49944752416,114.426201171711,-1721.4499934275154,0.00029077037202903343
460784.0,1,-11481999.106627196,-14376708.357099222,-19193048.947505794,2436.8042255109995,43.66676531128178,-1483.228962782871,0.00029076540957430233
461384.0,1,-9988048.59012663,-14374245.492460115,-20008602.506040543,2539.5808595820245,-37.17615404955677,-1233.6043500814424,0.0002907604234352574
461984.0,1,-8438951.937328981,-14422744.42565533,-20671429.46052028,2620.449229972676,-125.77763928133038,-974.467860954007,0.00029075541209199027
462584.0,1,-6848184.5153125245,-14526125.16077582,-21176411.55389966,2678.362402677544,-219.66189876174326,-707.786082600152,0.00029075037421538025
463184.0,1,-5229744.815426977,-14686787.777976207,-21519628.967967343,2712.6243058904047,-316.2462677121492,-435.58595596382406,0.00029074530867746724
463784.0,1,-3597940.199511934,-14905562.008710241,-21698391.904620063,2722.901539547495,-412.88715781894183,-159.93970908707405,0.0002907402145603443
464384.0,1,-1967167.407005295,-15181684.765490066,-21711263.0265733,2709.2290962858106,-506.9271791562181,117.0506473725655,0.00029073509116349426
464984.0,1,-351690.9707794599,-15512806.328062879,-21558070.586125568,2672.0119157025765,-595.7394873165773,393.26951483610736,0.00029073021573481397
465584.0,1,1234573.2789194454,-15895023.762136249,-21239911.860849407,2612.010135797741,-676.7875360128712,666.6022250544181,0.0002907250324485458
466184.0,1,2778275.1023760233,-16322944.44043167,-20759147.098741952,2530.3381052832674,-747.6516366104593,934.9536266361732,0.0002907198191255001
466784.0,1,4266830.634581116,-16789774.398045205,-20119383.889938936,2428.437803100097,-806.0856581071176,1196.2625271866132,0.00029071457597591607
467384.0,1,5688613.641404087,-17287433.077669125,-19325451.806217454,2308.0563188815336,-850.0546890747439,1448.5181134028487,0.0002907093034389306
467984.0,1,7033129.854035928,-17806691.445039943,-18383367.599521905,2171.2161709103475,-877.77243198707,1689.7756614475697,0.0002907040021796066
468584.0,1,8291172.080523221,-18337331.324371863,-17300291.109553885,2020.1808695022567,-887.7343916518311,1918.1718427431424,0.0002906986730842027
469184.0,1,9454953.412811546,-18868323.251946807,-16084472.149921115,1857.416303745059,-878.7462590447512,2131.9394954195236,0.00029069331725370824
469784.0,1,10518216.214941233,-19388019.809120305,-14745188.719279936,1685.5486067925294,-849.9469718356902,2329.4217327901024,0.0002906879359956857
470384.0,1,11476314.988654293,-19884361.109673433,-13292676.96061758,1507.3192214152289,-800.8260231249226,2509.0852628294297,0.0002906825308144717
470984.0,1,12326271.660027146,-20345088.8865461,-11738053.367394187,1325.5379417989398,-731.2346889065682,2669.53279675877,0.0002906771033998066
471584.0,1,13066802.307328887,-20757965.454482652,-10093229.80869909,1143.0347484019287,-641.3909508610997,2809.5144305515205,0.0002906716556139755
472184.0,1,13698314.37298758,-21110993.650352348,-8370822.397308771,962.6128197726791,-531.8785860433296,2927.9353173128256,0.0002906664647769603
472784.0,1,14222877.150763754,-21392634.26613602,-6584052.647932195,786.9942849242004,-403.63696294830777,3023.87499380933,0.00029066098253612216
473384.0,1,14644159.50777593,-21592016.369117804,-4746647.194504684,618.7828980908066,-257.95020367022926,3096.579547586142,0.00029065548640588406
473984.0,1,14967344.086836437,-21699137.556918237,-2872729.839379664,460.4132277254605,-96.42473002957445,3145.4782666006536,0.0002906499787832587
474584.0,1,15199013.887957785,-21705050.24749594,-976711.8439608887,314.1106684669121,79.03619815922912,3170.1858526242,0.0002906444621548996
475184.0,1,15347015.25555064,-21602030.73471019,926820.5472800066,181.8535783697339,266.2637488978512,3170.5057134076624,0.0002906389390777478
475784.0,1,15420299.399637125,-21383728.004087597,2823220.1130266297,65.33979681411665,462.85951367842813,3146.4316990228995,0.0002906334121590988
476384.0,1,15428745.264203012,-21045289.650858954,4697893.238615431,-34.04185863984026,666.2356011631289,3098.148261787282,0.0002906278840362524
476984.0,1,15382966.890642757,-20583462.647416927,6536414.115695421,-115.23460805484274,873.6581214545581,3026.0290351221824,0.0002906223573559159
477584.0,1,15294108.701695422,-19996667.15422318,8324637.599328742,-177.5308287973321,1082.2932912083486,2930.633842778384,0.0002906168347535276
478184.0,1,15173632.345885437,-19285042.048299946,10048809.77672437,-220.58297770979084,1289.2553419968126,2812.7041658196517,0.00029061131883267513
478784.0,1,15033098.890176672,-18450461.347494572,11695675.324985417,-244.40812739833768,1491.6553819347675,2673.1571103312103,0.00029060581214477633
479384.0,1,14883950.415749658,-17496521.082284838,13252581.089811802,-249.38684827566635,1686.6525510287786,2513.0766180136957,0.0002906005951472178
479984.0,1,14737293.750141004,-16428498.020666134,14707572.996947639,-236.25154112226232,1871.4933559654878,2333.709910532238,0.0002905951142297912
480584.0,1,14603692.975712743,-15253277.178047305,16049490.88532808,-206.0770251934315,2043.5714747392437,2136.4493978173145,0.0002905896496796939
481184.0,1,14492970.678321674,-13979255.524100596,17268052.955336694,-160.25641435269574,2200.4629997852885,1922.826685329345,0.00029058420364793064
481784.0,1,14414024.132840108,-12616218.203269502,18353935.115891952,-100.47587559258443,2339.96952007855,1694.4988471471022,0.0002905787781414602
482384.0,1,14374658.588618873,-11175191.85148272,19298842.14424743,-28.683353226787744,2460.1550642058546,1453.2350668912698,0.0002905733750077687
482984.0,1,14381440.725820366,-9668277.127502972,20095570.553709786,52.94725499678066,2559.3784777118944,1200.9024377400756,0.0002905679959207359
483584.0,1,14439574.817571519,-8108463.372002011,20738062.71557273,142.05582280943554,2636.320682532767,939.4510504802075,0.0002905626423679037
484184.0,1,14552803.723701134,-6509428.607677545,21221451.86054978,236.13890859115793,2690.0063600937856,670.8985025895427,0.0002905573156392394
484784.0,1,14723336.397796987,-4885328.335368667,21542097.66503885,332.5950918055866,2719.8197007717554,397.31396381621175,0.0002905520168174773
485384.0,1,14951803.118752442,-3250576.7606591107,21697612.2077798,428.7719297337715,2725.5139689179723,120.80193465910214,0.000290546746770104
485984.0,1,15237239.169501204,-1619624.2005139077,21686876.162083227,522.0137082537403,2707.2147424708605,-156.51416634930453,0.0002905415061430417
486584.0,1,15577096.95833947,-6735.3366865301505,21510045.13849243,609.7127397129899,2665.4198764849853,-432.5073305425584,0.0002905365701170581
487184.0,1,15967287.589460319,1574233.0829261136,21168546.302540902,689.3420957314926,2600.977654152396,-705.067653370767,0.0002905313890789036
487784.0,1,16402248.232857838,3110038.6813128237,20665065.281211913,758.5215720076105,2515.090200240549,-972.1122201841081,0.0002905262380478098
488384.0,1,16875037.43421911,4588256.889747801,20003523.36187511,815.0467747771354,2409.2794796049616,-1231.6048734690687,0.0002905211167572792
488984.0,1,17377454.519757494,5997466.230676437,19189045.56186299,856.9320068206289,2285.363839681047,-1481.5706039142465,0.0002905160247138274
489584.0,1,17900181.705900587,7327416.831022424,18227919.635760944,882.4459622049488,2145.426406877943,-1720.110318090596,0.00029051096120114256
490184.0,1,18432946.334887333,8569178.672583552,17127546.434545442,890.1429805299332,1991.7791142005879,-1945.4149371723106,0.00029050592528591883
490784.0,1,18964700.416892312,9715267.144544639,15896382.034587122,878.8893424203864,1826.9229889053154,-2155.7787322821655,0.00029050091582530704
491384.0,1,19483814.372867547,10759743.855598127,14543872.10857028,847.884174856403,1653.5053879525542,-2349.61180990978,0.0002904959314759175
491984.0,1,19978281.63946458,11698291.08771347,13080379.060470235,796.6746280821059,1474.2749159927594,-2525.4516689146863,0.00029049097070429794
492584.0,1,20435930.62160847,12528258.723090744,11517102.49273865,725.1650836722372,1292.0347950404773,-2681.973758794585,0.0002904860317988008
493184.0,1,20844640.362047315,13248682.942796715,9865993.615637636,633.6202542345877,1109.5954764942173,-2818.000977092062,0.00029048111288274486
493784.0,1,21192556.35220862,13860276.574894566,8139664.205572379,522.6617140030584,929.7252244300096,-2932.5136262585747,0.0002904760238717628
494384.0,1,21468302.227097496,14365390.752885211,6351291.113239447,393.2603685835867,755.111908014937,-3024.6503296647247,0.0002904711387236684
494984.0,1,21661184.93193922,14767950.010517232,4514516.025706292,246.71917193726154,588.3056181304446,-3093.7235324596936,0.0002904662670850406
495584.0,1,21761388.633547734,15073360.267774766,2643342.827123478,84.65381571316993,431.68447105217456,-3139.217961738333,0.0002904614065728675
496184.0,1,21760154.738010466,15288392.519744333,752031.9030960577,-91.03358226093906,287.4130483374604,-3160.7957552859657,0.00029045655472058297
496784.0,1,21649944.79530358,15421043.835634422,-1145007.2125170918,-278.1853305251657,157.40664482616626,-3158.29873607575,0.0002904517089966284
497384.0,1,21424583.53192586,15480378.14238585,-3033324.190264907,-474.42335586867057,43.2998260460422,-3131.7494113261596,0.00029044686682347224
497984.0,1,21079379.576630335,15476349.53927033,-4898536.479440659,-677.1881454531533,-53.58018665737336,-3081.350694816098,0.00029044202559695405
498584.0,1,20611221.818931583,15419611.179326618,-6726437.327214795,-883.7807895805713,-132.23486486382808,-3007.4843579190333,0.00029043718270581483
499184.0,1,20018649.748189837,15321312.99242768,-8503102.471414303,-1091.4074254144505,-192.01010396037623,-2910.7082214300635,0.00029043233555127814
499784.0,1,19301896.556017987,15192891.709448334,-10214994.7462297,-1297.2253429949953,-232.60607652700287,-2791.752106750383,0.0002904274815665428
500384.0,1,18462904.23944756,15045856.774489742,-11849065.85512477,-1498.3899875989623,-254.0810447330166,-2651.512571395022,0.00029042261823605093
500984.0,1,17505310.495901354,14891575.604255067,-13392854.27067843,-1692.098066533483,-256.8483556009261,-2491.0440721553305,0.00029041801853503724
501584.0,1,16434406.794540469,14741063.064855225,-14834580.559301812,-1875.6501782376204,-241.67119607138284,-2311.560777595798,0.00029041312960952775
502184.0,1,15257070.963934932,14604775.720274938,-16163234.16805605,-2046.4713367226193,-209.64319759678926,-2114.4139565034225,0.00029040822429103033
502784.0,1,13981670.85942591,14492418.427218746,-17368658.442446325,-2202.170237810259,-162.17211185963527,-1901.091388150236,0.0002904033004497645
503384.0,1,12617944.731735684,14412763.590784376,-18441627.46199145,-2340.5750083488974,-100.95343993338929,-1673.204349242289,0.00029039835609545383
503984.0,1,11176858.392139142,14373487.359318519,-19373916.524524674,-2459.7695110069244,-27.940092354386593,-1432.4759343299886,0.0002903933893924975
504584.0,1,9670441.866694681,14381025.397947317,-20158365.341847226,-2558.125442545989,54.69241076714843,-1180.728513483979,0.00029038839867402835
505184.0,1,8111608.235962827,14440450.744114105,-20788933.46353898,-2634.329674992793,144.58462335956722,-919.870403669062,0.000290383382454751
505784.0,1,6513957.661401144,14555375.881479079,-21260747.494040083,-2687.406365227086,239.23509709589297,-651.8818368317745,0.0002903783394424579
506384.0,1,4891569.85609881,14727880.76457833,-21570139.71953422,-2716.7334429422017,336.04484404531905,-378.8003142468309,0.00029037326854813275
506984.0,1,3258788.461306206,14958468.091944484,-21714677.815653946,-2722.053178521745,432.3635905214345,-102.70544307485943,0.0002903681688945557
507584.0,1,1630000.9376871784,15246046.666722829,-21693185.364565294,-2703.4766297834785,525.5370396110266,174.29664271707267,0.00029036303982333807
508184.0,1,19417.002696393058,15587943.440160012,-21505753.005115084,-2661.4811586442684,612.9530830291139,450.09163424185954,0.0002903581589588621
508784.0,1,-1559146.5886597838,15979942.794006856,-21153739.95486916,-2596.9053201233296,692.0936408412531,722.5633025541154,0.00029035297002767165
509384.0,1,-3092481.4983963035,16416355.532037795,-20639765.851760227,-2510.9303994592865,760.5726878562864,989.6243300218466,0.0002903477510497606
509984.0,1,-4568186.238660673,16890112.7621116,-19967693.22676404,-2405.063380049321,816.1843757801605,1249.2226897122962,0.0002903425022787067
510584.0,1,-5974854.283543422,17392885.609652676,-19142600.144535534,-2281.110645484022,856.9420831913699,1499.3599995175507,0.00029033722419680695
511184.0,1,-7302244.673365465,17915227.90234057,-18170743.466603976,-2141.1472774018357,881.11499547661,1738.1071571022067,0.00029033191751177224
511784.0,1,-8541432.817122435,18446739.547440547,-17059512.874478728,-1987.481711473104,887.2603501018571,1963.6195438964053,0.0002903265831516637
512384.0,1,-9684938.883612381,18976247.827050205,-15817375.937877642,-1822.6163459848487,874.2507641333519,2174.151668612846,0.00029032122225810056
512984.0,1,-10726831.548339099,19492003.5095793,-14453814.590167029,-1649.204772652306,841.2961430878564,2368.0711221714905,0.00029031583617778074
513584.0,1,-11662805.281935884,19981888.400645643,-12979253.449581819,-1470.0063633745988,787.9597623049962,2543.871718790659,0.00029031042645237125
514184.0,1,-12490229.81975044,20433630.73893754,-11404980.499952214,-1287.838998268784,714.1682125917541,2700.1857024171168,0.0002903049948068395
514784.0,1,-13208170.933707375,20835024.687220417,-9743060.717483548,-1105.530758250048,620.2150091655465,2835.7949036586488,0.00029029954313631104
515384.0,1,-13817381.728130935,21174150.045259763,-8006243.628392164,-925.8731979055642,506.7595841191535,2949.6409235656783,0.00029029388298299765
515984.0,1,-14320267.054942958,21439588.40906345,-6207863.375236608,-751.5663852675088,374.810938299143,3040.8331387168887,0.00029028839747046446
516584.0,1,-14720815.419610862,21620632.07462812,-4361737.837967742,-585.1833460534715,225.72270254579018,3108.657224059946,0.00029028289849879695
517184.0,1,-15024507.995720826,21707481.419462107,-2482059.4529915247,-429.1188672552869,61.1647507432026,3152.5803817667893,0.00029027738848712666
517784.0,1,-15238199.987332804,21691427.9849034,-583285.0714032176,-285.5504440480338,-116.90222044256484,3172.2560396384392,0.00029027186994071055
518384.0,1,-15369978.98513471,21565019.60228556,1319976.9171065115,-156.40126433756154,-306.2589794627893,3167.5268272762946,0.00029026634543142583
518984.0,1,-15429002.40468118,21322204.70018685,3213080.795872169,-43.30770383585741,-504.4646550202706,3138.425990447146,0.0002902608175777142
431984.0,2,-17118142.155637436,15791138.141776856,12594534.154902853,431.51911296732135,-1521.5434764016495,2629.1866972948465,8.488842792792593e-05
432584.0,2,-16851308.650500704,14821710.366184667,14121462.606744159,454.32982482132013,-1708.5162118671067,2457.3291452823046,8.489257174293739e-05
433184.0,2,-16576689.11576459,13742842.623709742,15539753.08181627,457.6069903171865,-1885.9121155060259,2267.3639993091297,8.489701033264405e-05
433784.0,2,-16305733.160646413,12561061.812605582,16839022.041173317,442.3158976007144,-2051.163197033407,2060.9075336890896,8.490174393195955e-05
434384.0,2,-16049210.88613053,11284379.874579625,18009886.523512233,409.7513284496623,-2201.892377299094,1839.6742315487793,8.490677052044289e-05
434984.0,2,-15817023.569909837,9922167.863736434,19044017.874131974,361.50870810878064,-2335.95039623329,1605.4600506355466,8.49120858769355e-05
435584.0,2,-15618033.032995632,8485009.28566001,19934185.53197903,299.4508692848299,-2451.448066339218,1360.1261033837302,8.491768364915324e-05
436184.0,2,-15459912.063370477,6984536.1345437,20674291.226853814,225.6718418161671,-2546.795192910634,1105.5895357042696,8.492330713082828e-05
436784.0,2,-15349018.006354028,5433247.673962222,21259393.648360454,142.45362802850423,-2620.67575887334,843.782609461701,8.492944152815812e-05
437384.0,2,-15290290.751093272,3844322.3176296265,21685725.141644944,52.2306282096894,-2672.135063463847,576.6763744951354,8.493582739931291e-05
437984.0,2,-15287176.404043542,2231416.986148552,21950699.1680803,-42.45872732439193,-2700.5437424565507,306.24258459134256,8.494245081484859e-05
438584.0,2,-15341577.210564585,608463.2249921502,22052910.571555465,-139.0145690144126,-2705.6154253267823,34.44720129270969,8.494929623171978e-05
439184.0,2,-15453827.942138148,-1010538.8711963301,21992128.510161255,-234.8196838380312,-2687.40725703563,-236.76126281415748,8.495634662079129e-05
439784.0,2,-15622698.589384606,-2611725.4949980928,21769282.688936055,-327.283028977585,-2646.315295303147,-505.4625582763747,8.496358359951827e-05
440384.0,2,-15845422.83410402,-4181569.7218548455,21386443.386057902,-413.88208068602586,-2583.065003127904,-769.7747153132783,8.497098756882635e-05
440984.0,2,-16117751.439159038,-5707075.008625295,20846795.73096556,-492.20348181576287,-2498.697101445155,-1027.8633223794664,8.497853785335076e-05
441584.0,2,-16434029.38834952,-7175958.908141521,20154608.651601486,-559.981498123973,-2394.5490846906587,-1277.9501372357095,8.49862128443153e-05
442184.0,2,-16787295.329366308,-8576824.502578571,19315198.861686762,-615.1338395999439,-2272.232733667678,-1518.3211080950562,8.49939901444468e-05
442784.0,2,-17169401.620831065,-9899317.265222877,18334890.209886547,-655.7944479786155,-2133.607986541242,-1747.3338860172423,8.500184671442354e-05
443384.0,2,-17571153.027045526,-11134265.018443316,17220968.725737505,-680.3449973737431,-1980.7491415172788,-1963.4245583895365,8.500951178638261e-05
443984.0,2,-17982462.113797083,-12273800.980878737,15981633.101963041,-687.4318460315114,-1815.930070402268,-2165.1159314133356,8.501745626815647e-05
444584.0,2,-18392518.621043243,-13311463.081474647,14625942.277979363,-676.0013751221661,-1641.5636150613045,-2351.0214642225565,8.502540852547138e-05
445184.0,2,-18789970.879941277,-14242276.051002428,13163757.915449224,-645.3080726915414,-1460.1820070761742,-2519.853350340608,8.50333444308036e-05
445784.0,2,-19163116.322061915,-15062808.710635476,11605683.87191317,-594.9300659355479,-1274.3943877091933,-2670.428132007305,8.504123995777166e-05
446384.0,2,-19500098.514532015,-15771208.47397235,9963001.857084075,-524.7776413040721,-1086.8474653552262,-2801.672696949271,8.504907133022022e-05
446984.0,2,-19789107.917485837,-16367212.038476141,8247603.480717848,-435.0970687217572,-900.1855484347807,-2912.630199471792,8.505681517094822e-05
447584.0,2,-20018583.51519037,-16852132.02868745,6471918.729475621,-326.46964474920424,-717.0104382210923,-3002.46592191397,8.506444864983374e-05
448184.0,2,-20177412.431712396,-17228819.648031995,4648840.90747328,-199.8059096046261,-539.8416772666685,-3070.473075910588,8.507194963106016e-05
448784.0,2,-20255124.626538165,-17501603.69737462,2791648.0828966075,-56.33503551875492,-371.0776592039001,-3116.078525067997,8.507929681908289e-05
449384.0,2,-20242079.77692822,-17676206.625812374,913921.1017253683,102.41057040358169,-212.958114173588,-3138.848391819003,8.508646990289523e-05
449984.0,2,-20129643.49415125,-17759638.591264497,-970541.7403115234,274.6153561861679,-67.52849022225791,-3138.493491651694,8.509344969805677e-05
450584.0,2,-19910350.03655787,-17760070.814299434,-2847813.2304288303,458.2083024956196,63.38611233381653,-3114.873175521194,8.510043516809376e-05
451184.0,2,-19578048.899265252,-17686689.913744714,-4703929.031529309,650.8793614986937,178.23949693818417,-3068.0055324851237,8.510697580095364e-05
451784.0,2,-19128033.35985406,-17549534.8553324,-6524981.25913345,850.1318711317404,275.74909249474376,-2998.063728483405,8.511327373559247e-05
452384.0,2,-18557146.839660883,-17359319.28711485,-8297216.048737787,1053.3060742462876,354.94661295799835,-2905.3851444736133,8.511931564603092e-05
452984.0,2,-17863866.956104506,-17127241.221418977,-10007132.11539026,1257.6226583438925,415.18959032519774,-2790.473069864642,8.512508998258074e-05
453584.0,2,-17048364.38608192,-16864783.151850723,-11641581.09222879,1460.2257383517485,456.1749235970649,-2653.9988235429314,8.513058708262684e-05
454184.0,2,-16112535.195322113,-16583505.597907579,-13187868.787716217,1658.2281390167939,477.9471567629255,-2496.8027880179948,8.513579927208381e-05
454784.0,2,-15060005.44698546,-16294837.351084,-14633856.649479121,1848.7583463711935,480.90114459346364,-2319.894175788768,8.514072095605648e-05
455384.0,2,-13896107.305141542,-16009865.879982308,-15968062.616160259,2029.008424864184,465.7788356769489,-2124.449346371951,8.514534869716023e-05
455984.0,2,-12627826.292802688,-15739131.488542028,-17179760.434020676,2196.28212908559,433.65998679324935,-1911.808497955143,8.514968127991309e-05
456584.0,2,-11263719.845728599,-15492428.902746214,-18259076.415965345,2348.0423796163977,385.94672137180476,-1683.4705701286452,8.515371975960209e-05
457184.0,2,-9813807.816142863,-15278619.978962194,-19197082.531387664,2481.95722482558,324.3419567728372,-1441.0862142348392,8.515746749405716e-05
457784.0,2,-8289435.131164022,-15105461.354158329,-19985884.81925406,2595.9333410171125,250.82384058424577,-1186.4415825295696,8.516068474893963e-05
458384.0,2,-6703114.129230489,-14979449.518183019,-20618704.973180324,2688.1966368734907,167.60523114996738,-921.4750790510419,8.51638712936705e-05
458984.0,2,-5068334.951270961,-14905689.003407849,-21089955.6058264,2757.267132332172,77.1049841470246,-648.2229402672099,8.516679099015542e-05
459584.0,2,-3399364.395851528,-14887783.778085012,-21395306.234908868,2802.0307271095817,-18.101106753415536,-368.8305047120158,8.516945632554831e-05
460184.0,2,-1711024.2426403738,-14927756.405801365,-21531739.458851315,2821.7536840790553,-115.32628834519261,-85.52806866523143,8.517188194564686e-05
460784.0,2,-18457.40204383782,-15025996.448078187,-21497596.045786735,2816.10073684721,-211.8232605594581,199.3886444410647,8.517408455921757e-05
461384.0,2,1663114.6062853409,-15181239.820049308,-21292607.81872378,2785.14588405975,-304.8367916540376,483.5797591899514,8.517608281930655e-05
461984.0,2,3318638.323800937,-15390580.105788944,-20917917.37167902,2729.3754030191503,-391.6574723030642,764.6840090170515,8.517789718199604e-05
462584.0,2,4933474.4211086575,-15649512.178935345,-20376083.820665196,2649.6827856261134,-469.6754675128561,1040.3426645236257,8.517954974350166e-05
463184.0,2,6493638.290864674,-15952007.775489187,-19671073.995964166,2547.355490426364,-536.4330774933327,1308.2242578822736,8.518106405694941e-05
463784.0,2,7986030.288726892,-16290621.947893659,-18808238.713985953,2424.0536099083,-589.6749046579368,1566.0496877057028,8.518246493061243e-05
464384.0,2,9398650.866094988,-16656628.613720799,-17794274.02249354,2281.7807651657745,-627.3944467038503,1811.617256050643,8.518377820980664e-05
464984.0,2,10720796.346628588,-17040182.72383193,-16637167.54165763,2122.8541940300624,-647.872277012611,2042.8261478927068,8.518478264102095e-05
465584.0,2,11943229.293377707,-17430505.91041454,-15346130.749792947,1949.8364045885019,-649.7276013127212,2257.703822057962,8.518600082212403e-05
466184.0,2,13058325.539301217,-17816091.973129608,-13931516.567675315,1765.5244807392742,-631.924027065019,2454.4224864491557,8.518721280491728e-05
466784.0,2,14060185.967549112,-18184927.895847958,-12404725.52418367,1572.872170942718,-593.8082160319052,2631.3227515710555,8.518844617540642e-05
467384.0,2,14944718.187732935,-18524725.972771484,-10778099.715618117,1374.9397223359044,-535.120064125731,2786.93064979847,8.518972832155433e-05
467984.0,2,15709683.173844662,-18823162.14162399,-9064806.929537032,1174.835530789775,-455.99892745990815,2919.9728836619533,8.519108618053896e-05
468584.0,2,16354706.628908549,-19068115.581288867,-7278716.406995716,975.6571118120453,-356.9815607562458,3029.3892060357107,8.519254599216867e-05
469184.0,2,16881255.06001577,-19247904.615105223,-5434268.021016573,780.4327445146821,-238.99188019256042,3114.3417489796625,8.519413306173729e-05
469784.0,2,17292577.35114446,-19351514.090865668,-3546336.7401154614,592.0651039483187,-103.322874604341,3174.2211992348634,8.519587153536594e-05
470384.0,2,17593613.391689,-19368809.662343066,-1630094.287088292,413.27811966576087,48.38881445932634,3208.649800653517,8.519778419057225e-05
470984.0,2,17790872.032503456,-19290734.76367723,299130.1049617661,246.5681847600963,214.19494896790798,3217.481243628856,8.51998922444451e-05
471584.0,2,17892281.278035253,-19109486.532070186,2225987.9930541147,94.16069570893706,391.873545556002,3200.7975756275487,8.520221518139678e-05
472184.0,2,17907014.036336612,-18818667.589996677,4135246.9808855723,-42.034737853756724,578.9658778387522,3158.9042002451606,8.520452374653722e-05
472784.0,2,17845294.051661935,-18413410.686540194,6011923.19631804,-160.4253718483169,772.8461599049951,3092.318031007469,8.520732761426587e-05
473384.0,2,17718184.564144645,-17890474.512404192,7841405.621733759,-259.80220496661445,970.7353339472231,3001.7620138627803,8.521039301532537e-05
473984.0,2,17537366.01912193,-17248309.979007285,9609575.068394467,-339.3272434222008,1169.7759392010717,2888.149195450886,8.521373121423014e-05
474584.0,2,17314906.22325527,-16487095.251964185,11302914.679849878,-398.54888578150474,1367.0773832353154,2752.5694922422813,8.52173512138312e-05
475184.0,2,17063027.754812263,-15608740.159213843,12908611.569555422,-437.4028496044299,1559.7668448510178,2596.2744014478058,8.522125971771267e-05
475784.0,2,16793876.986528683,-14616860.436226744,14414648.954551246,-456.2059476651327,1745.0387342804981,2420.6608431077957,8.522546111416853e-05
476384.0,2,16519298.904255085,-13516722.95255365,15809888.364479238,-455.64311473467853,1920.2018373974909,2227.254457371139,8.522995748067498e-05
476984.0,2,16250621.62653839,-12315163.557744153,17084141.69601563,-436.7481994230818,2082.7233716977867,2017.6926560946179,8.523474860756976e-05
477584.0,2,15998454.190856684,-11020479.614047958,18228233.056071624,-400.87912601826747,2230.2692914584036,1793.7076968348426,8.52398320394995e-05
478184.0,2,15772500.785501491,-9642299.64468736,19234050.489572886,-349.68809883687754,2360.740293289409,1557.1100119691114,8.52452031330971e-05
478784.0,2,15581394.185760444,-8191432.818758927,20094587.817178328,-285.0875674239544,2472.3030873380358,1309.7719878802757,8.525085512930015e-05
479384.0,2,15432550.666344464,-6679701.952186378,20803976.936066262,-209.2127271717282,2563.4277638048347,1053.6170298552004,8.525653144518586e-05
479984.0,2,15332048.51531788,-5119759.107744139,21357510.768375684,-124.38038815988511,2632.8639389021164,790.5865298993906,8.526271597718028e-05
480584.0,2,15284530.965029506,-3524895.846957391,21751658.179798353,-33.04912032738798,2679.7237665670073,522.6521195576026,8.526914936079378e-05
481184.0,2,15293135.24652928,-1908841.4153649393,21984069.8184448,62.226660678967846,2703.446859620534,251.78546556219234,8.527581734211668e-05
481784.0,2,15359447.821347779,-285558.1112316138,22053576.915209588,158.84002301493567,2703.816371134675,-20.049976766683656,8.528270407830487e-05
482384.0,2,15483486.108929586,1330964.7980834849,21960182.82634952,254.17554853931227,2680.9584625714297,-290.9104500312852,8.528979226617303e-05
482984.0,2,15663706.442990724,2926915.3022827283,21705047.97725966,345.652658743987,2635.336687428394,-558.882545734068,8.529706327575675e-05
483584.0,2,15897037.65997448,4488858.042303991,21290468.69394323,430.7676631947496,2567.741520094636,-822.0930679652024,8.530449728790051e-05
484184.0,2,16178939.393932313,6003926.0484710075,20719850.37306865,507.13400335272064,2479.275303191216,-1078.7181720239903,8.531207343505442e-05
484784.0,2,16503483.851087015,7460002.172460139,19997675.39900544,572.5202112928889,2371.332923175143,-1326.9918502609491,8.531976994458441e-05
485384.0,2,16863459.56378926,8845887.756409094,19129466.16919621,624.8851487935783,2245.5785544516675,-1565.2138437962928,8.532756428401191e-05
485984.0,2,17250495.37685846,10151456.29241975,18121743.539843354,662.4101369035226,2103.918837708899,-1791.7570617100891,8.533543330770114e-05
486584.0,2,17655202.690277655,11367789.3824164,16981981.17523396,683.5315487465538,1948.4682944877172,-2005.074600629466,8.534357134480327e-05
487184.0,2,18067333.820778668,12487297.350066505,15718554.647952765,686.9496897094707,1781.5346524973504,-2203.7064914094835,8.535151890781689e-05
487784.0,2,18475954.14915368,13503812.37250924,14340688.930656385,671.6742624607384,1605.5569219724566,-2386.285845700677,8.535946952013721e-05
488384.0,2,18869625.45903305,14412667.14140639,12858399.743689597,637.024242241082,1423.0859949429982,-2551.5453501158217,8.536739906457949e-05
488984.0,2,19236598.022918463,15210747.299561724,11282432.360385377,582.6443347792688,1236.741787972315,-2698.323254811791,8.537528355430596e-05
489584.0,2,19565008.613561794,15896521.158580948,9624196.533151291,508.5125547792354,1049.1737354947888,-2825.5693521759836,8.538309928184778e-05
490184.0,2,19843081.665313955,16470045.535096616,7895697.81979114,414.9430882480565,863.0207558870484,-2932.3508845135993,8.539082296772547e-05
490784.0,2,20059330.726741016,16932947.527038317,6109465.346032082,302.58436146127497,680.8711770202005,-3017.8583935151687,8.539843190841241e-05
491384.0,2,20202757.310271367,17288382.347285118,4278476.039575931,172.41227989077197,505.223119041221,-3081.4115074015094,8.540590412333417e-05
491984.0,2,20263044.2344718,17540967.634623647,2416075.380880934,25.718643554539085,338.4458419727646,-3122.4646435717095,8.541321850052856e-05
492584.0,2,20230740.57162196,17696694.97031464,535894.7368573553,-135.90520833459573,182.74257379452,-3140.6125855594833,8.542035494050711e-05
493184.0,2,20097435.359793287,17762819.641362906,-1348234.6238872511,-310.5894202591967,40.11534017198642,-3135.5958734250967,8.542729449776138e-05
493784.0,2,19855917.72045841,17747730.004862078,-3222369.55942551,-496.2155542582466,-87.66008461674346,-3107.3040543013135,8.543448433115505e-05
494384.0,2,19500318.139482114,17660798.236903287,-5072551.933405131,-690.4284074257207,-199.09384451526967,-3055.787929757374,8.544097833149819e-05
494984.0,2,19026235.329180256,17512213.895351347,-6884895.99496972,-890.6974569956785,-292.9634303334217,-2981.252578133019,8.54472269092763e-05
495584.0,2,18430836.627622306,17312803.72001909,-8645690.808709739,-1094.3355606752973,-368.3650862047733,-2884.068499226962,8.545321707892172e-05
496184.0,2,17712937.46138523,17073839.085071545,-10341498.068962809,-1298.5445012334098,-424.7240090393226,-2764.7725977429104,8.545893765340333e-05
496784.0,2,16873054.955949057,16806834.542238053,-11959252.668799194,-1500.4584786154057,-461.8068612404403,-2624.0700983211104,8.546437935327948e-05
497384.0,2,15913434.041761722,16523340.176149905,-13486364.959300512,-1697.1898937499623,-479.72895939568025,-2462.8352643558437,8.546882185325964e-05
497984.0,2,14838049.094354616,16234732.640370125,-14910818.47746699,-1885.8760905570123,-478.9556782694482,-2282.1111656332537,8.54736860818013e-05
498584.0,2,13652570.21259123,15952004.512943368,-16221276.130746562,-2063.7280641833477,-460.29817010855163,-2083.1072817380737,8.547825598045604e-05
499184.0,2,12364307.260152679,15685560.664139584,-17407175.325466294,-2228.0780458503823,-424.9027295907746,-1867.196098018189,8.548253077585676e-05
499784.0,2,10982122.056026584,15445021.558466777,-18458825.01628112,-2376.4268547976994,-374.2341379807516,-1635.9075705301136,8.548651197281916e-05
500384.0,2,9516313.349313444,15239038.662987694,-19367497.908630863,-2506.4894387232225,-310.05286708859444,-1390.9216932590534,8.549020338257879e-05
500984.0,2,7978475.434686334,15075125.698907502,-20125517.13013315,-2616.2266898451917,-234.38478895773483,-1134.0503700015338,8.549407823490475e-05
501584.0,2,6381330.89013265,14959507.058192335,-20726338.939128485,-2703.929437097324,-149.49375928235173,-867.2596152758823,8.549721181444822e-05
502184.0,2,4738544.061175109,14896991.94002985,-21164622.485541448,-2768.1862568610923,-57.83057614390265,-592.6060188970828,8.550008085135346e-05
502784.0,2,3064511.2922775205,14890870.182664735,-21436296.538854096,-2807.9580413560734,38.00270286449884,-312.2533070197697,8.550269826062377e-05
503384.0,2,1374137.6118172437,14942837.420912893,-21538612.846755873,-2822.590225612211,135.30301479518516,-28.446387038108153,8.550507909869834e-05
503984.0,2,-317399.1964663225,15052949.627700707,-21470188.855983056,-2811.829462066531,231.31722523211363,256.50854586140935,8.550724046326123e-05
504584.0,2,-1994892.302587397,15219608.859589206,-21231038.026816256,-2775.832876674861,323.2950573922394,540.265599061899,8.550920137009665e-05
505184.0,2,-3643352.744582233,15439581.083272023,-20822586.807514336,-2715.16947180447,408.5429353681015,820.462198891509,8.551098260753459e-05
505784.0,2,-5248254.764333537,15708046.290322118,-20247677.510855813,-2630.81341598736,484.4775885959959,1094.7432038667716,8.551260656946813e-05
506384.0,2,-6795774.682706559,16018680.403506206,-19510556.543579247,-2524.1291547058636,548.6782233541039,1360.7857340784708,8.551409706836868e-05
506984.0,2,-8273018.45241355,16363767.75909641,-18616847.676425435,-2396.848483746364,598.9360603237726,1616.324293882528,8.551547913016295e-05
507584.0,2,-9668233.17296666,16734342.237100698,-17573510.30166259,-2251.0399400983565,633.3000675816356,1859.1757349466975,8.551677877324932e-05
508184.0,2,-10970998.463119175,17120354.523879595,-16388782.850119341,-2089.076132308398,650.1155583931136,2087.264979629637,8.551799377038437e-05
508784.0,2,-12172391.45769408,17510861.708006173,-15072112.23006287,-1913.5696605197527,648.0684385463813,2298.6425236916916,8.551920899824888e-05
509384.0,2,-13265127.715333074,17894236.725889362,-13634068.993915765,-1727.3533377657752,626.1987615198512,2491.514987499846,8.552042343016805e-05
509984.0,2,-14243666.957421714,18258391.73396399,-12086250.937722646,-1533.4068327010884,583.9315989875574,2664.258738868413,8.552166462990296e-05
510584.0,2,-15104287.754901515,18591011.932450764,-10441174.993727962,-1334.8046827722696,521.0871798561836,2815.4388175482545,8.552295991342194e-05
511184.0,2,-15845127.104045635,18879794.556721408,-8712159.552625215,-1134.6577026155446,437.8854506326819,2943.8236309389117,8.55243360971338e-05
511784.0,2,-16466184.661997756,19112688.130836103,-6913198.768651824,-936.0539854216368,334.9423531614607,3048.3967396670255,8.552581925293434e-05
512384.0,2,-16969291.788507413,19278127.040183723,-5058830.647148882,-742.0008453271537,213.25797505012474,3128.3655655587545,8.552743447330783e-05
512984.0,2,-17358046.339320786,19365256.635528307,-3164000.795472904,-555.3690036523672,74.19693749691805,3183.166936232536,8.552920564947515e-05
513584.0,2,-17637714.917621434,19364144.358183626,-1243923.749635232,-378.84023677651817,-80.53842209449385,3212.4694625714997,8.553115526526177e-05
514184.0,2,-17815104.98984463,19265972.763449065,686056.2288018548,-214.85958330066546,-248.94134611395816,3216.172824211319,8.553330420898676e-05
514784.0,2,-17898409.891387206,19063210.801029507,2610603.055673434,-65.59305902668257,-428.73956431390434,3194.4041107304474,8.55356716052615e-05
515384.0,2,-17897030.189524725,18749760.219223667,4514523.568558959,67.11618463296895,-617.4319181459264,3147.5137367328116,8.553802728358947e-05
515984.0,2,-17821375.843982436,18321074.97483938,6382898.3140799,181.74610694512603,-812.3636365720217,3076.0573719647264,8.55408815332552e-05
516584.0,2,-17682652.289340477,17774250.793534,8201205.14398573,277.16319343346936,-1010.7330662170232,2980.7986966233516,8.554399966756775e-05
517184.0,2,-17492636.286851965,17108085.247285586,9955436.619466102,352.60692346565236,-1209.6717599433855,2862.6873755521974,8.554739251138055e-05
517784.0,2,-17263445.140520953,16323106.612047805,11632208.759365927,407.70395493474496,-1406.2884781821763,2722.8469942142515,8.555106861904424e-05
518384.0,2,-17007304.07745007,15421572.119717278,13218860.833049329,442.46758555872805,-1597.7198824299758,2562.5595668559235,8.555503424109938e-05
518984.0,2,-16736316.102510005,14407436.231536524,14703545.546690637,457.290133094313,-1781.1796020747518,2383.2492412555443,8.555929331235297e-05
431984.0,3,-14625141.796239914,11950622.037860792,-18824001.58733412,-2342.8016820347193,-142.101660188619,1759.5987527524537,0.0004917928604607628
432584.0,3,-15991102.826981355,11892065.784863021,-17698369.471335564,-2206.897438943551,-55.276206538216,1990.2485297370297,0.0004917848108264698
433184.0,3,-17269480.043572884,11881915.557269718,-16438676.204351373,-2051.1393776428913,18.868074658637397,2206.1566548764117,0.000491776661609599
433784.0,3,-18448950.309705455,11911924.003024722,-15054270.32496421,-1877.5466913928674,78.24907483834772,2405.6544235894944,0.0004917684077252379
434384.0,3,-19519486.191228494,11972674.240286179,-13555469.386764,-1688.4152543627713,121.05670091284355,2587.1842315839303,0.0004917600448607913
434984.0,3,-20472511.476902075,12053753.398692515,-11953489.588265128,-1486.2814456623314,145.78650712637364,2749.312334422848,0.0004917515695130361
435584.0,3,-21301033.698321156,12143944.919523533,-10260367.860866297,-1273.881651948715,151.2684474484763,2890.7410789314627,0.0004917429790197558
436184.0,3,-21999751.515877634,12231436.379927889,-8488876.348992797,-1054.105316790191,136.68831564151674,3010.316271425824,0.000491733694172399
436784.0,3,-22565133.293093916,12304040.204710858,-6652432.062078,-829.9585231652285,101.61241201599569,3107.054877800391,0.0004917248692094152
437384.0,3,-22995468.92235883,12349421.760052927,-4764996.7490975745,-604.4984167620967,45.987956068512176,3180.129392364435,0.0004917159263772428
437984.0,3,-23290889.53806492,12355333.15078309,-2840974.2099256464,-380.79277382111695,-29.84558121599889,3228.8937457730494,0.0004917068665704436
438584.0,3,-23453357.085370034,12309847.17858315,-895101.310717972,-161.86579839623516,-125.1605608239397,3252.8865879083796,0.0004916976915892007
439184.0,3,-23486622.83889396,12201587.86138296,1057664.9697325064,49.353177057662606,-238.85047224730852,3251.837532641182,0.0004916884041315353
439784.0,3,-23396155.413392756,12019953.299579345,3002263.827047636,250.0797772151128,-369.4460772818202,3225.6719240376347,0.0004916790077781888
440384.0,3,-23189039.268693365,11755326.820971861,4923649.313783335,437.72253594938763,-515.13822228451,3174.514002126562,0.0004916695069701058
440984.0,3,-22873845.2626656,11399272.484288182,6806910.409309144,609.9278117673833,-673.8070090855813,3098.6883601826494,0.0004916599069785352
441584.0,3,-22460475.341748744,10944711.248336215,8637391.409222422,764.6207990943333,-843.0568847612196,2998.7196030079594,0.0004916502138678382
442184.0,3,-21959983.966563847,10386074.418418275,10400811.519407362,900.0418231227708,-1020.25708468312,2875.330136731295,0.0004916404344511825
442784.0,3,-21384379.33845147,9719431.359943645,12083382.507402027,1014.7771805070029,-1202.5867449838504,2729.436044878041,0.0004916305762393862
443384.0,3,-20746408.15079767,8942589.085610118,13671922.928857405,1107.7818926065806,-1387.086205839789,2562.140436744814,0.0004916201751073153
443984.0,3,-20059326.210094497,8055160.478758931,15153969.830062717,1178.4056065944453,-1570.6996792509294,2374.7278424228466,0.0004916101160309818
444584.0,3,-19336662.894035682,7058603.042771334,16517881.192280183,1226.3922060384787,-1750.3433332723184,2168.650813259805,0.0004916000042741973
445184.0,3,-18591978.535553582,5956222.142630956,17752936.102323506,1251.8910451636798,-1922.9508844032694,1945.5206152399442,0.0004915898495046071
445784.0,3,-17838623.126392648,4753142.74273788,18849425.052789208,1255.4514295753052,-2085.5309688488705,1707.0932725733692,0.0004915796617442204
446384.0,3,-17089499.239144668,3456248.117928448,19798732.200577933,1238.011514509061,-2235.221038153099,1455.2546309952604,0.0004915694512874382
446984.0,3,-16356833.408894446,2074086.6510496428,20593408.48927209,1200.8800090687903,-2369.3391337774387,1192.003988967099,0.0004915599971363566
447584.0,3,-15651962.709220223,616749.5471249577,21227233.17182768,1145.710784031998,-2485.432353764866,919.4366253591603,0.0004915498410461508
448184.0,3,-14985134.35460944,-904281.3704466019,21695267.340106316,1074.4714622431372,-2581.3214914226496,639.7250920093113,0.0004915396939215935
448784.0,3,-14365330.140800023,-2476309.07497113,21993893.209128182,989.4057861960107,-2655.140408307274,355.0999326718218,0.0004915295662851687
449384.0,3,-13800112.941954583,-4085619.6819147207,22120843.095780008,892.9911233041477,-2705.3697993685973,67.82975445823078,0.0004915194684981369
449984.0,3,-13295500.445574662,-5717698.927288214,22075216.10626961,787.8916920603739,-2730.8645406582646,-219.79898252892292,0.0004915094106751674
450584.0,3,-12855868.332203183,-7357463.265421918,21857482.583615515,676.9099557040137,-2730.8757378621017,-505.5024228873969,0.00049149846515757
451184.0,3,-12483882.534389755,-8989499.710592667,21469477.213933475,562.9281785426642,-2705.0576109950125,-787.0185143749928,0.0004914884478316516
451784.0,3,-12180466.864666495,-10598313.896920966,20914378.842995282,448.86391227344893,-2653.482548223846,-1062.1280705920296,0.0004914784985217641
452384.0,3,-11944799.41786746,-12168577.10639778,20196680.19872002,337.60976738124634,-2576.6331679485907,-1328.6727369864914,0.0004914686255650506
452984.0,3,-11774343.005102579,-13685370.950206257,19322145.74711322,231.98178800952473,-2475.3946040162587,-1584.5733816861368,0.0004914588366776302
453584.0,3,-11664906.646482876,-15134424.241057826,18297759.174494047,134.6680084240902,-2351.0381004395313,-1827.847165859199,0.0004914491388950105
454184.0,3,-11610737.152787557,-16502338.012799328,17131660.99814428,48.17972968788831,-2205.1978128483615,-2056.6234003640466,0.0004914395385188743
454784.0,3,-11604638.901129322,-17776794.76054405,15833077.061291393,-25.193604611265073,-2039.8413285716347,-2269.158050599617,0.0004914300410706195
455384.0,3,-11638119.408120852,-18946748.311925456,14412238.74350559,-83.42514236844568,-1857.2345292925597,-2463.846778240895,0.0004914206512519406
455984.0,3,-11701557.85864963,-20002591.140001137,12880295.777580325,-124.7862769447122,-1659.901515589164,-2639.236435780051,0.0004914113729126593
456584.0,3,-11784393.366602492,-20936296.380700532,11249222.608603295,-147.87664359313294,-1450.5803899389855,-2794.034956733481,0.0004914022090259184
457184.0,3,-11875329.431403417,-21741532.31166458,9531719.260395834,-151.64800066127418,-1232.1757531087069,-2927.119610325613,0.0004913931616707798
457784.0,3,-11962550.836616218,-22413747.46435016,7741107.804888622,-135.42557187244347,-1007.7086849867605,-3037.546528065402,0.0004913847081312707
458384.0,3,-12033948.856151666,-22950225.86734169,5891224.627553931,-98.90315926977246,-780.2657253796024,-3124.544010370688,0.0004913758963991297
458984.0,3,-12077351.395930532,-23350110.069486313,3996311.660969638,-42.17072235370301,-552.9466070318523,-3187.5334798104677,0.0004913672020107744
459584.0,3,-12080752.933292331,-23614394.22507547,2070904.304272443,34.30400955102391,-328.8127473220318,-3226.1195957166274,0.000491358623440581
460184.0,3,-12032541.24515458,-23745885.8858109,129719.55424462009,129.68080682457185,-110.8368731212422,-3240.09358013548,0.000491350158289168
460784.0,3,-11921716.613756696,-23749138.21328779,-1812455.8832415966,242.7624360526629,98.14532722633191,-3229.43220198545,0.0004913418033073853
461384.0,3,-11738099.917998394,-23630353.941536486,-3740876.484995873,372.01608500203315,295.48074395847925,-3194.295450119487,0.0004913335544262183
461984.0,3,-11472526.178066902,-23397262.99081175,-5640947.032546418,515.6002699853293,478.7408743393588,-3135.022985802575,0.0004913254067922304
462584.0,3,-11117020.413946804,-23058976.03705698,-7498329.247159905,671.3967029386004,645.759710740794,-3052.1294677169467,0.0004913173548081541
463184.0,3,-10664953.014244147,-22625816.69720099,-9299045.277881632,837.046530445717,794.6669409179678,-2946.298842832612,0.0004913093921782232
463784.0,3,-10111172.183373813,-22109135.29517334,-11029577.440162964,1009.9903035092464,923.9159990159659,-2818.3776946310513,0.0004913015119578336
464384.0,3,-9452111.435365077,-21521107.424840253,-12676963.659074802,1187.5109949974355,1032.3065948792935,-2669.3677365793783,0.0004912937066071193
464984.0,3,-8685870.330873977,-20874520.737910092,-14228888.386434095,1366.7776637874952,1119.005016342451,-2500.419594200401,0.0004912862088179692
465584.0,3,-7812268.56099235,-20182553.507293638,-15673766.889547868,1544.8992451426498,1183.5406501549578,-2312.815660540827,0.0004912785284512478
466184.0,3,-6832869.178048248,-19458548.380463578,-17000826.901107777,1718.9619702195453,1225.8318015853272,-2107.972664289451,0.0004912708973441081
466784.0,3,-5750975.656722205,-18715785.591276754,-18200181.15890949,1886.0843107226615,1246.1701891721113,-1887.4234487776512,0.0004912633061756028
467384.0,3,-4571599.001161173,-17967258.63533891,-19262895.287623633,2043.4625075842634,1245.2169268281223,-1652.8083121389666,0.0004912557453417778
467984.0,3,-3301397.140704128,-17225456.31323404,-20181048.78747414,2188.4165461699185,1223.9891435409609,-1405.8638865611858,0.0004912482050241947
468584.0,3,-1948587.3453007638,-16502154.536399074,-20947789.21158766,2318.4341097422684,1183.8409629193209,-1148.4116049379018,0.0004912406752595829
469184.0,3,-522833.07645723596,-15808221.18714099,-21557379.307912823,2431.2118553357577,1126.439153940249,-882.3457928073295,0.000491233146010246
469784.0,3,964892.9312753035,-15153437.114226812,-22005236.923005044,2524.6933963486335,1053.733835017599,-609.6214191336097,0.0004912256072348543
470384.0,3,2502467.2103480157,-14546336.094920324,-22287967.483401258,2597.1034227613573,967.924679496553,-332.2415363609907,0.0004912180489592577
470984.0,3,4076793.250774063,-13994066.306331992,-22403388.88658463,2646.9774425641435,871.423131551634,-52.24443839702396,0.0004912104613469486
471584.0,3,5673995.580201933,-13502275.526686074,-22350548.648584604,2673.1866863844693,766.8111968816286,228.30943513573058,0.0004912028347688071
472184.0,3,7279626.782715276,-13075022.069447078,-22129733.112231795,2674.958141522778,656.7972357622112,507.3491522327937,0.0004911953990724155
472784.0,3,8878886.883665085,-12714712.060198506,-21742468.8862282,2651.8872269882045,544.1705178960912,782.81346873611,0.0004911876668415403
473384.0,3,10456845.037046367,-12422066.484588413,-21191515.822924055,2603.9482621176835,431.752521788555,1052.654496320343,0.0004911798686874951
473984.0,3,11998668.79692781,-12196115.353681916,-20480852.032113377,2531.495362407966,322.3492517991332,1314.8581399955613,0.0004911719964806683
474584.0,3,13489850.876937248,-12034221.810059607,-19615650.591723014,2435.2590547778736,218.7027080477036,1567.4562802722562,0.0004911640426235143
475184.0,3,14916432.281462686,-11932134.8678239,-18602247.97393548,2316.3364592151743,123.44328607103921,1808.5406223479501,0.0004911560001079609
475784.0,3,16265217.784216216,-11884070.28740896,-17448104.19443384,2176.1754778579357,39.04370089817348,2036.2764836636072,0.0004911478625693606
476384.0,3,17523980.20997426,-11882818.448447313,-16161754.732373355,2016.5531663250968,-32.224810886671776,2248.916442444795,0.0004911396243365708
476984.0,3,18681650.104476787,-11919877.636837527,-14752754.317687808,1839.5485542261463,-88.33327500298651,2444.8137592569474,0.0004911312804777489
477584.0,3,19728487.561876316,-11985610.72830853,-13231612.738548677,1647.5102739265963,-127.53204202991265,2622.4354729104575,0.000491122826841448
478184.0,3,20656233.218673926,-12069422.83718647,-11609722.885180775,1443.0194474897899,-148.38346221152437,2780.3750616363463,0.0004911142600926069
478784.0,3,21458235.716789845,-12159957.11308965,-9899281.316464256,1228.8483697314032,-149.789559119851,2917.3645507390465,0.0004911055777430401
479384.0,3,22129553.45503069,-12245305.408247013,-8113201.4398256885,1007.9133114395399,-131.0108329341374,3032.2797910925733,0.0004910970191946135
479984.0,3,22667027.679878235,-12313231.057226438,-6265021.42181366,783.2358594260093,-91.69547401698264,3124.175744897161,0.0004910881020634623
480584.0,3,23069327.765175395,-12351398.102964556,-4368803.1405665,557.8794486712565,-31.869655523113806,3192.258980746703,0.0004910790671528839
481184.0,3,23336964.67629328,-12347605.752281452,-2439028.3992674085,334.90713279539364,48.046653850710754,3235.921129929391,0.0004910699155416357
481784.0,3,23472274.164392956,-12290021.878924103,-490488.97811159,117.32775473494178,147.24667071290492,3254.739950853906,0.0004910606492132461
482384.0,3,23479368.937267024,-12167412.301084086,1461827.0788288803,-91.95517855568335,264.5475146089375,3248.485277769943,0.0004910512710467517
482984.0,3,23364060.483774718,-11969361.558694486,3402852.3222811515,-290.19321730520835,398.4077466400074,3217.1234645610257,0.0004910417848000787
483584.0,3,23133751.668519672,-11686481.146497037,5317558.948923005,-474.8403682421589,546.9515232693284,3160.820204333832,0.0004910321950860213
484184.0,3,22797301.76260812,-11310601.323203076,7191079.023740472,-643.5972745822032,707.9990284762418,3079.941620157644,0.000491022507340849
484784.0,3,22364866.10732282,-10834942.860368993,9008824.79503136,-794.4513189469815,879.1027180371434,2975.0535405927576,0.0004910127277856484
485384.0,3,21847713.1083394,-10254265.41474574,10756607.979280224,-925.7118507527359,1057.588785210257,2846.918895381975,0.0004910028633805963
485984.0,3,21258021.716774147,-9564989.600675466,12420756.863900326,-1036.0398180975712,1240.6031408094734,2696.4931915201664,0.0004909929217724462
486584.0,3,20608662.96760532,-8765290.389403928,13988230.00474293,-1124.4692392675352,1425.1640745844852,2524.9177559301393,0.0004909831511318902
487184.0,3,19912969.390434396,-7855159.422894594,15446725.681118347,-1190.431414688136,1608.2027373858784,2333.5125994618365,0.0004909730803558676
487784.0,3,19184496.753030233,-6836435.796262474,16784785.26787599,-1233.7535681886643,1786.6355846383647,2123.7642789245224,0.0004909629588205933
488384.0,3,18436782.036998548,-5712803.599616726,17991890.189856414,-1254.6681151985538,1957.407309250947,1897.3151699570876,0.0004909527962741027
488984.0,3,17683102.468888283,-4489756.5395104205,19058551.022450402,-1253.80573700799,2117.548761275234,1655.9494341931932,0.000490942602802475
489584.0,3,16936239.917769387,-3174530.0143984184,19976387.871679746,-1232.1827675148531,2264.23048427505,1401.5777793625,0.0004909323887472253
490184.0,3,16208255.061479824,-1776001.7646770235,20738201.171821177,-1191.1814043219624,2394.8138892324605,1136.2208487239325,0.0004909221646201363
490784.0,3,15510275.523032337,-304562.8234606935,21338032.149973847,-1132.5231073803095,2506.899063978469,861.9914315001074,0.0004909119410163788
491384.0,3,14852301.914713245,1228038.9268230908,21771212.32867038,-1058.235691908249,2598.368282027275,581.0757067806134,0.0004909017285267894
491984.0,3,14243035.381129557,2808879.75453666,22034401.569337558,-970.6147548109599,2667.4243625482486,295.71374981686967,0.000490891537650193
492584.0,3,13689729.811733097,4424062.324442759,22125614.298435584,-872.180191723852,2712.623140773351,8.179541260355819,0.0004908813787066522
493184.0,3,13198071.40794208,6058935.473238837,22044233.70160896,-765.6286620019758,2732.8994325336885,-279.2392736177775,0.0004908712617525166
493784.0,3,12772087.737678321,7698327.554614214,21791013.851600684,-653.7837945171713,2727.587030915156,-564.2619996594673,0.0004908614368501677
494384.0,3,12414088.000510363,9326788.404917322,21368069.691102058,-539.5399356240109,2696.42636225954,-844.6333137592194,0.0004908514324759075
494984.0,3,12124634.876996003,10928837.626220232,20778855.321263146,-425.8136064679554,2639.5745903476927,-1118.1452921029518,0.0004908414978716001
495584.0,3,11902549.344702585,12489211.213296901,20028130.801256903,-315.48598653453655,2557.598366606318,-1382.6544741486675,0.0004908316412545122
496184.0,3,11744947.2171758,13993105.119499864,19121917.932177056,-211.3509005488911,2451.464064548182,-1636.1002426527996,0.0004908218702081649
496784.0,3,11647306.9721543,15426410.02789437,18067445.64061997,-116.06385858521071,2322.5199388157926,-1876.52165836993,0.0004908121916239983
497384.0,3,11603567.32239408,16775933.436418,16873085.63842254,-32.094003856228255,2172.471585776946,-2102.0730507666744,0.0004908026116494964
497984.0,3,11606252.526622972,18029605.193796866,15548279.130970739,38.320169623786796,2003.3512418478285,-2311.0382319173914,0.0004907931356431308
498584.0,3,11646622.947394896,19176662.973917067,14103455.41868273,93.21055801318244,1817.4815645425215,-2501.843227662449,0.0004907837681363985
499184.0,3,11714847.929682195,20207814.58793738,12549943.293227552,130.91397968957358,1617.434633053932,-2673.0674473409085,0.0004907745128031382
499784.0,3,11800197.70607293,21115374.49530279,10899876.171657123,150.10094488040022,1405.9869786564645,-2823.4532402104032,0.0004907653724362274
500384.0,3,11891250.736701075,21893372.376026195,9166091.938157236,149.79823046964384,1186.0715096741537,-2951.913812360023,0.0004907563489316817
500984.0,3,11976112.790799977,22537631.921059087,7362028.863803312,129.40888254783908,960.727188513754,-3057.5427400862677,0.0004907476829243
501584.0,3,12042643.079100853,23045820.147612296,5501616.307730736,88.70587854292694,733.0475237042573,-3139.6056430287317,0.0004907388951281264
502184.0,3,12078685.147485204,23417463.47050447,3599166.611964558,27.85837995310567,506.12867994601766,-3197.5627825238457,0.0004907302244556871
502784.0,3,12072296.297692942,23653934.591537006,1669262.3054765046,-52.58804922622812,283.0179306630032,-3231.0575312207197,0.0004907216692018767
503384.0,3,12011973.096041158,23758408.05418213,-273355.7345449969,-151.71803299199883,66.66367922880033,-3239.9197404894544,0.0004907132267920752
503984.0,3,11886868.582175605,23735786.488193534,-2213900.0372887873,-268.2631374453674,-140.13237293094232,-3224.164443557372,0.0004907048938073729
504584.0,3,11686997.632691793,23592598.960512225,-4137647.130712122,-400.6244682588606,-334.76009863684465,-3183.989265467533,0.0004906966660156372
505184.0,3,11403427.103853602,23336873.420781802,-6030046.209910823,-546.900648542636,-514.8421687949543,-3119.7706312589057,0.0004906885384080402
505784.0,3,11028447.680025708,22977985.623583283,-7876825.175829034,-704.920639915975,-678.2710153318271,-3032.0588658686906,0.0004906805052406532
506384.0,3,10555724.69829952,22526487.254957616,-9664093.396193525,-872.2808069179921,-823.2410032393357,-2921.5722790315504,0.0004906725600806996
506984.0,3,9980425.59793742,21993916.284646302,-11378440.598013766,-1046.3855738820216,-948.2753685206428,-2789.1903262079554,0.000490664695857054
507584.0,3,9299322.048514176,21392592.805543974,-13007031.357103005,-1224.4909839165086,-1052.2475683423627,-2635.9459326537767,0.0004906569049145699
508184.0,3,8510864.412781877,20735403.453588203,-14537695.44782672,-1403.7501582848336,-1134.3981418602716,-2463.0166910897083,0.0004906525675583114
508784.0,3,7615232.484401469,20035580.15487837,-15959009.02825713,-1581.261660437476,-1194.3387628034766,-2271.7172353741685,0.0004906449664042146
509384.0,3,6614349.077406043,19306471.287653916,-17260378.100644775,-1754.1155671074562,-1232.0637189653344,-2063.487298097291,0.000490637412648976
509984.0,3,5511873.637919013,18561316.506473906,-18432107.686082345,-1919.4425823278386,-1247.9418026137612,-1839.882915098234,0.0004906298969066946
510584.0,3,4313162.887669845,17813023.10733647,-19465468.897726823,-2074.460800883704,-1242.708914567373,-1602.5652958276262,0.0004906224095222435
511184.0,3,3025204.5549733285,17073949.808356754,-20352758.531275634,-2216.521319971778,-1217.4534966951094,-1353.2896143069518,0.0004906149406400665
511784.0,3,1656525.4365681903,16355701.564425487,-21087351.478954107,-2343.1516277410365,-1173.5963449068663,-1093.8935096469543,0.000490603923248297
512384.0,3,217069.021315814,15668935.227574985,-21663747.721933667,-2452.0965062514815,-1112.865364563823,-826.2846611657069,0.0004905963931407214
512984.0,3,-1281939.886157318,15023187.628552161,-22077608.595734775,-2541.3548631458452,-1037.2650576965186,-552.4291280386356,0.0004905888514676215
513584.0,3,-2828161.9517473,14426717.543724965,-22325789.179233875,-2609.21325804549,-949.0420356475688,-274.33830450773536,0.0004905812882751605
514184.0,3,-4408323.605989064,13886372.44416469,-22406361.208247792,-2654.2746126103834,-850.6464358384749,5.943870942744951,0.0004905736937614343
514784.0,3,-6008414.1358101275,13407478.837327471,-22318628.599374443,-2675.4820661251856,-744.6900814288188,286.3540582219723,0.0004905660583460385
515384.0,3,-7613896.077421764,12993758.05036053,-22063134.917346865,-2672.1382297321434,-633.8987071357507,564.8237680507953,0.0004905617599413326
515984.0,3,-9209922.262591144,12647271.75842035,-21641663.451368954,-2643.9151691941584,-521.0783919062226,839.2893801840077,0.0004905540834396487
516584.0,3,-10781564.448491141,12368391.15111023,-21057228.09763219,-2590.8661403095457,-409.04832886883503,1107.7110937158052,0.0004905463393048334
517184.0,3,-12314038.814641112,12155799.631512782,-20314056.89646328,-2513.423431408626,-300.60528208767494,1368.0832233002357,0.0004905385195089291
517784.0,3,-13792933.188499147,12006522.261558587,-19417566.983466607,-2412.3942137236663,-198.47210305081592,1618.4489259366835,0.0004905306165681056
518384.0,3,-15204428.89297186,11915984.37727295,-18374331.3001703,-2288.9494782484753,-105.25038298227628,1856.9140429761324,0.0004905226235994098
518984.0,3,-16535514.202767774,11878098.140905738,-17192037.034263972,-2144.607008535888,-23.374785745714235,2081.660865679513,0.0004905145343739764
431984.0,4,-4897246.471820806,18163269.821256336,-18647910.099548545,-1226.3324556967548,-2042.1712615394151,-1680.9951501425046,5.44956490074873e-05
432584.0,4,-5672207.200113092,16919756.922532894,-19583279.94575654,-1356.6400527470767,-2098.8523958117967,-1434.9307032170193,5.4496012147709665e-05
433184.0,4,-6524327.045998389,15649326.879604813,-20367645.90957959,-1483.0602030943737,-2131.9568443737594,-1177.9850571996403,5.4496423972089866e-05
433784.0,4,-7450442.208332451,14366060.147180473,-20995080.89060859,-1602.8283724722048,-2141.767524357203,-912.1677265153146,5.449688810336746e-05
434384.0,4,-8445752.946042303,13083753.013972167,-21460883.044485573,-1713.2633561860227,-2128.9449247334082,-639.5515753714602,5.4497407753231574e-05
434984.0,4,-9503887.936911223,11815695.054034926,-21761608.539744664,-1811.8149735579932,-2094.5129883089603,-362.25578134992924,5.44979856984666e-05
435584.0,4,-10616996.532960549,10574456.969981497,-21895094.068615522,-1896.109304725483,-2039.838736688494,-82.42862935410561,5.4498624260732285e-05
436184.0,4,-11775867.36326634,9371692.370520258,-21860469.127598647,-1963.988581167822,-1966.604002905824,197.7722185217361,5.449939574650317e-05
436784.0,4,-12970070.104248656,8217957.494594281,-21658157.876982342,-2013.5574867493806,-1876.7822242697953,476.1868341241988,5.450016083679073e-05
437384.0,4,-14188120.566561587,7122549.759127893,-21289870.963143546,-2043.2044443807818,-1772.5894586479903,750.6845926465226,5.450099062103463e-05
437984.0,4,-15417662.359199867,6093371.233760594,-20758587.618487403,-2051.6378619912566,-1656.4526842459939,1019.1707656583922,5.450188547273232e-05
438584.0,4,-16645664.939586733,5136816.185363343,-20068527.963350363,-2037.9069139282178,-1530.9639797651053,1279.6047415592845,5.4502845266753266e-05
439184.0,4,-17858633.338144846,4257685.825117337,-19225116.105820667,-2001.4183372541281,-1398.8343687089687,1530.0151710538921,5.450386938222604e-05
439784.0,4,-19042826.150104627,3459131.2764525153,-18234934.402077056,-1941.947064518383,-1262.845951705336,1768.5143536318938,5.450495670917295e-05
440384.0,4,-20184478.05848849,2742625.542480951,-17105669.347145222,-1859.640564614892,-1125.8031584876712,1993.3117785131817,5.450610565878449e-05
440984.0,4,-21270023.105014484,2107964.7535183216,-15846049.61345985,-1755.0168709573056,-990.4839534038324,2202.7267458034526,5.4507314177201506e-05
441584.0,4,-22286314.94205535,1553298.47964299,-14465776.795731056,-1628.9563815366473,-859.5918166983604,2395.2000054519713,5.450857976265147e-05
442184.0,4,-23220840.37714077,1075188.4079426266,-12975449.455644958,-1482.6876168607703,-735.7092991056732,2569.3043628155046,5.4509899485766045e-05
442784.0,4,-24061922.659276627,668694.2166487882,-11386481.089226188,-1317.7672178739726,-621.2539104094838,2723.754210054866,5.4511270012890316e-05
443384.0,4,-24798910.853222366,327485.47999269515,-9711013.160153396,-1136.0581936953772,-518.4377781697026,2857.416474160513,5.451228968117187e-05
443984.0,4,-25422353.89902159,43974.849255876616,-7961820.803077098,-939.6852298474245,-429.227248559803,2969.3077681133223,5.451375005593696e-05
444584.0,4,-25924152.510768455,-190522.96264961315,-6152219.656998247,-731.0212087431289,-355.314559352993,3058.6158727629077,5.45152490944169e-05
445184.0,4,-26297691.426521435,-385618.36781642865,-4295964.078262293,-512.6346931723145,-298.0862817933739,3124.6944337274776,5.4516782133345073e-05
445784.0,4,-26537946.45902179,-551656.4074289412,-2407145.242570826,-287.2516422311077,-258.6011348625641,3167.06941201325,5.451834425896613e-05
446384.0,4,-26641565.886887044,-699514.5176369881,-500086.74328032945,-57.711202477903,-237.572531449571,3185.441779089762,5.451993034364796e-05
446984.0,4,-26606924.715682205,-840391.5548381885,1410761.1074326977,173.08026396790996,-235.35696475687314,3179.689064286018,5.452153508387012e-05
447584.0,4,-26434150.96824189,-985591.6424973316,3310927.577181954,402.196170402793,-251.94840058936143,3149.8657632146615,5.452315303933588e-05
448184.0,4,-26125123.617112987,-1146306.4737656363,5186027.719605276,626.7369600397243,-286.9787477652924,3096.2026185722584,5.4524778672952975e-05
448784.0,4,-25683442.2293438,-1333399.7195677487,7021867.803506806,843.876867691266,-339.724385270878,3019.1047868840137,5.4526406391426e-05
449384.0,4,-25114368.848381054,-1557197.15072524,8804549.289647836,1050.9094421487366,-409.1186320791196,2919.1489067057623,5.4528030586203245e-05
449984.0,4,-24424743.082985997,-1827285.9859825512,10520570.691234732,1245.2911030500297,-493.7699548605717,2797.0790856126655,5.452964567451946e-05
450584.0,4,-23622871.805800136,-2152327.0053191157,12156926.939309046,1424.6833808297026,-591.9850096909236,2653.7991047143787,5.4531316715927434e-05
451184.0,4,-22718395.321814947,-2539881.587684702,13701204.093969919,1586.9852221786346,-701.7998687184931,2490.377121771166,5.453289728638469e-05
451784.0,4,-21722131.864799924,-2996258.8421683675,15141672.220913406,1730.3743822778674,-821.0095217228147,2308.0224044945926,5.4534452551210356e-05
452384.0,4,-20645903.6649753,-3526382.805330449,16467371.831722653,1853.3315781489039,-947.2079097311148,2108.0879017140755,5.4535977433148835e-05
452984.0,4,-19502346.68646721,-4133683.652129763,17668195.820683893,1954.665944184961,-1077.8281842544943,1892.0584946205101,5.4537467078454896e-05
453584.0,4,-18304707.521747466,-4820014.274295403,18734965.53010299,2033.5339020991964,-1210.1864756840973,1661.5409811257193,5.453891689311831e-05
454184.0,4,-17066630.692585804,-5585593.791468236,19659500.5097179,2089.452342537445,-1341.5278089400979,1418.2531696152018,5.454032257739795e-05
454784.0,4,-15801939.851007033,-6428979.057796299,20434681.459377483,2122.3058772756053,-1469.0734282034327,1164.0121252495517,5.4541680158420706e-05
455384.0,4,-14524416.488262169,-7347064.775298107,21054505.87298652,2132.348012028665,-1590.0687634416388,900.7216180036446,5.454298602060609e-05
455984.0,4,-13247579.81852819,-8335112.360332267,21514135.933611725,2120.196184754166,-1701.8312532515413,630.3588284116082,5.4544236933684306e-05
456584.0,4,-11984471.50529149,-9386807.23754929,21809938.245000463,2086.8207117571665,-1801.797231874858,354.9603744703146,5.454543007808458e-05
457184.0,4,-10747448.841184584,-10494343.763682675,21939515.02400332,2033.5277826140523,-1887.5670935830553,76.6077312699011,5.454656306748055e-05
457784.0,4,-9547990.032455575,-11648536.191374324,21901726.296758242,1961.9349169987186,-1956.949501765703,-202.5861728245163,5.454770149437731e-05
458384.0,4,-8396513.653942905,-12838956.095321175,21696703.418545235,1873.9501072474368,-2007.9946123545933,-480.4993812685685,5.454870887218902e-05
458984.0,4,-7302219.354107056,-14054088.350070145,21325852.568972956,1771.728030189809,-2039.0390203815837,-755.0063768283458,5.454965172627461e-05
459584.0,4,-6272946.150342991,-15281511.36157069,20791849.041640118,1657.6396935439154,-2048.73036008483,-1024.0011982178428,5.4550529564905454e-05
460184.0,4,-5315056.456984498,-16508092.087564258,20098621.80506365,1534.229391400743,-2036.0547168666337,-1285.4119134144748,5.455134239315392e-05
460784.0,4,-4433345.37284383,-17720195.36730107,19251328.35265939,1404.1702754223072,-2000.3568022728841,-1537.2168422557695,5.455209071478599e-05
461384.0,4,-3630977.3605418606,-18903903.589912277,18256319.883924592,1270.2175220861116,-1941.3540904763918,-1777.460636349923,5.4552775530309536e-05
461984.0,4,-2909451.5233942643,-20045242.988784723,17121096.932618942,1135.1598909936833,-1859.1446109654373,-2004.270077005884,5.4553398331134384e-05
462584.0,4,-2268596.198103592,-21130412.695530638,15854255.64156929,1001.7705097595644,-1754.2081992855185,-2215.869446750946,5.455396108983248e-05
463184.0,4,-1706593.073543569,-22146012.599113762,14465424.971010052,872.7577473109773,-1627.401121191298,-2410.5953265518583,5.455446624652013e-05
463784.0,4,-1220030.5262169074,-23079266.03685786,12965195.21707567,750.7170484520732,-1479.944103497827,-2586.910669356692,5.455491669141978e-05
464384.0,4,-803985.3408021396,-23918233.396716036,11365038.307929289,638.0845974497774,-1313.4039251050326,-2743.418001263807,5.455531574369513e-05
464984.0,4,-452130.9391818391,-24652013.226748988,9677219.809262166,537.0927408568316,-1129.665089824073,-2878.870292477471,5.455527229854207e-05
465584.0,4,-156873.44534336682,-25270925.02677017,7914707.032124484,449.73362106285003,-930.9143031890374,-2992.1872766411425,5.455558032795884e-05
466184.0,4,90494.51013609767,-25766675.53953067,6091064.771767876,377.7173072060873,-719.5829054590521,-3082.4571567671424,5.455584921649103e-05
466784.0,4,299614.9578229799,-26132499.361760724,4220351.406146223,322.4448464515567,-498.32100639900517,-3148.950359809463,5.45560837166678e-05
467384.0,4,480871.035037532,-26363275.319999244,2317007.6335694264,284.98169675596864,-269.94968331440504,-3191.124960666198,5.455628885423155e-05
467984.0,4,645179.4706519421,-26455615.083367918,395742.09031526424,266.0382190098421,-37.4135553076832,-3208.631875650877,5.455646988864456e-05
468584.0,4,803773.2569150736,-26407922.536852136,-1528585.6741854066,265.95656293217917,196.26896858199598,-3201.3183704643134,5.455663227152517e-05
469184.0,4,967978.4341594379,-26220422.781469587,-3441083.8232856556,284.70421241751524,428.05686570339554,-3169.2298279491542,5.455678160337218e-05
469784.0,4,1148989.0368052712,-25895160.183015283,-5326947.3910927465,321.8743294860242,654.9381664065168,-3112.6097419484545,5.455692358895698e-05
470384.0,4,1357644.2937599933,-25435965.460501,-7171576.889540697,376.6929055631615,873.9811632044364,-3031.897925636926,5.455706399177972e-05
470984.0,4,1604212.1416842109,-24848392.377067737,-8960695.282221375,448.0325974501311,1082.3842206546253,-2927.7269452784594,5.4557208587997026e-05
471584.0,4,1898182.9959952338,-24139625.15800293,-10680462.257764861,534.4329960371019,1277.523269526026,-2800.9168129906097,5.455736312023577e-05
472184.0,4,2248077.3821559604,-23318358.287553977,-12317584.541627947,634.1271866137067,1456.9953684285251,-2652.471163840986,5.455760112168719e-05
472784.0,4,2661271.8508791486,-22394650.80784221,-13859422.576800292,745.0726595195129,1618.661903839575,-2483.5560439008304,5.455779222846824e-05
473384.0,4,3143843.9836300313,-21379758.221976243,-15294089.393774888,864.9896807923233,1760.6799765325254,-2295.508618432701,5.455800985401655e-05
473984.0,4,3700442.405703998,-20285943.960788757,-16610544.992433961,991.401381099017,1881.5353086120545,-2089.81317717446,5.455825915829457e-05
474584.0,4,4334181.794495449,-19126274.95639939,-17798682.407751597,1121.6786530722134,1980.0659164621002,-1868.0914671387284,5.4558545049311256e-05
475184.0,4,5046565.658342327,-17914404.42299609,-18849405.913630527,1253.0874548870345,2055.4801154151696,-1632.0887946182588,5.4558872144667997e-05
475784.0,4,5837438.0701093115,-16664345.846933112,-19754700.56349591,1382.8379092695038,2107.367917842008,-1383.6591587517175,5.455924473565168e-05
476384.0,4,6704965.157012355,-15390242.20943112,-20507692.547803234,1508.134295233233,2135.705658332869,-1124.74957871426,5.4559666754166056e-05
476984.0,4,7645646.604392828,-14106134.522888603,-21102699.948276985,1626.2250218092315,2140.8538080102207,-857.3837814894645,5.456014174276067e-05
477584.0,4,8654356.888555724,-12825733.743010078,-21535273.569450155,1734.4516830210741,2123.548066984603,-583.6454192421577,5.456067282798121e-05
478184.0,4,9724415.422881028,-11562200.025535582,-21802227.628283534,1830.2963206573213,2084.8839468912656,-305.6609846610061,5.456126269722965e-05
478784.0,4,10847684.29204974,-10327933.13172577,-21901660.18082915,1911.4260649242742,2026.2951718806357,-25.582589460044684,5.456191357928518e-05
479384.0,4,12014691.693659445,-9134377.800232865,-21832963.326604247,1975.7302660069217,1949.5265797581646,254.42917469246783,5.4562721130544036e-05
479984.0,4,13214779.297487175,-7991845.989696686,-21596822.983607605,2021.3740380791992,1856.6008331882003,532.2225777173564,5.456349902901885e-05
480584.0,4,14436269.7066058,-6909362.179469629,-21195208.72937351,2046.806221192849,1749.7820073153898,805.6708369897483,5.4564341726834575e-05
481184.0,4,15666652.729222696,-5894530.126120534,-20631353.920950152,2050.8028395707643,1631.5342820314997,1072.688894384026,5.456524949839072e-05
481784.0,4,16892785.805999264,-4953426.2078732485,-19909726.080689974,2032.4845972091953,1504.4777381572976,1331.2489377761535,5.456622211979559e-05
482384.0,4,18101105.71907007,-4090519.8185966136,-19035988.16658743,1991.33243690247,1371.3417853355897,1579.395402168927,5.456725887250416e-05
482984.0,4,19277847.815788213,-3308622.182478358,-18016951.093157053,1927.1969003442962,1234.9170459262214,1815.259193022741,5.456835855068361e-05
483584.0,4,20409268.99600017,-2608864.2670828244,-16860517.983098328,1840.301182910332,1098.0065282902485,2037.071047681358,5.456951947219387e-05
484184.0,4,21481870.67747987,-1990703.9741651863,-15575620.676215332,1731.2378840593044,963.3769222073781,2243.1739630175452,5.4570739493046544e-05
484784.0,4,22482617.983337134,-1451962.2933414727,-14172149.061941618,1600.9595589899893,833.7108348112058,2432.0346291817,5.4572016025184725e-05
485384.0,4,23399151.485943247,-988887.6213512318,-12660873.835674187,1450.763277679341,711.560758144185,2602.2538204267335,5.457334605740721e-05
485984.0,4,24219987.991478886,-596246.9866264025,-11053363.307297718,1282.2694923003,599.3055201731145,2752.5757042564846,5.457472617924479e-05
486584.0,4,24934706.86919491,-267442.72836015094,-9361895.22716643,1097.397970108667,499.1124901539704,2881.896850442859,5.4576196981578036e-05
487184.0,4,25534119.89405888,5348.923948663287,-7599362.414033785,898.3273067001305,412.890658517314,2989.2700117003974,5.457766536038834e-05
487784.0,4,26010419.56018,231016.33211131347,-5779177.515119359,687.4727961341887,342.2742268940924,3073.9150438937186,5.457917149055313e-05
488384.0,4,26357306.0952278,419335.22050909325,-3915171.553014469,467.43849638500933,288.5847869756551,3135.2202815970304,5.4580710656529286e-05
488984.0,4,26570089.50031322,580775.6948932926,-2021491.3264071257,240.97704535257756,252.8120637501172,3172.747015139848,5.4582277899489506e-05
489584.0,4,26645765.51220635,726297.945480152,-112494.6904722948,10.945034048157233,235.59763189265186,3186.231950937668,5.4583868054224776e-05
490184.0,4,26583064.228494603,867139.9254414153,1797355.3176270544,-219.7432330876796,237.2245136260401,3175.5885258474473,5.4585475787373136e-05
490784.0,4,26382470.646742165,1014600.5861568681,3693596.8118426334,-448.162843574206,257.6128047197392,3140.907084903091,5.4587095636721244e-05
491384.0,4,26046216.82348547,1179822.3111979133,5561875.158350626,-671.4254914749598,296.32138176493413,3082.4539343108763,5.458872205132337e-05
491984.0,4,25578245.81616676,1373576.1948873312,7388048.161930383,-886.7260460674295,352.5556503575385,3000.6692837149826,5.4590349432180833e-05
492584.0,4,24984148.024211694,1606053.7587774144,9158289.664698007,-1091.387731488704,425.18120145838884,2896.164093626452,5.4591972173224335e-05
493184.0,4,24271070.987868488,1886668.5915738037,10859190.895913672,-1282.9051966097463,512.7431530627036,2769.715845694256,5.4593584702340626e-05
493784.0,4,23447604.108676683,2223871.359226899,12477859.138063297,-1458.9860836441362,613.4898601830246,2622.261579195296,5.459525182123406e-05
494384.0,4,22523640.422616683,2624980.5279426333,14002011.800892197,-1617.582760891045,725.4066860882538,2454.8982443780133,5.45968276465711e-05
494984.0,4,21510216.749722213,3096033.6232168535,15420068.427028306,-1756.932606493309,846.2440530749534,2268.8653952741133,5.459837714323044e-05
495584.0,4,20419336.495903548,3641658.92092547,16721235.948378947,-1875.5813288465888,973.5597748316745,2065.5434855729604,5.459989527637777e-05
496184.0,4,19263776.445080448,4264971.740071416,17895589.575640153,-1972.4073333650986,1104.7595664585444,1846.4429445813787,5.46013772419911e-05
496784.0,4,18056881.429354955,4967496.389033625,18934147.629112866,-2046.6394597746432,1237.141307580168,1613.193979109578,5.460281850276241e-05
497384.0,4,16812350.103639416,5749115.296777318,19828939.95878838,-2097.8689751324796,1367.9413056676858,1367.5354928492766,5.4604214822259876e-05
497984.0,4,15544015.345827408,6608046.301529571,20573069.448242906,-2126.0555995790555,1494.381814630233,1111.303167470575,5.4605562297107025e-05
498584.0,4,14265622.907009676,7540848.614731864,21160766.12624611,-2131.5274337753217,1613.7190367602843,846.4167558730793,5.4606857386941004e-05
499184.0,4,12990611.983447872,8542457.511088442,21587433.44251826,-2114.974752455513,1723.2908201997097,574.8666449807693,5.460809694191955e-05
499784.0,4,11731901.371499848,9606247.32291959,21849686.30017316,-2077.4377263275983,1820.5632598094471,298.6997531205132,5.460927822755505e-05
500384.0,4,10501684.797629891,10724121.845781209,21945380.477478605,-2020.28823337687,1903.175417139677,20.004835287791636,5.461039894666532e-05
500984.0,4,9311239.222110149,11886630.409687648,21873633.01324518,-1945.206005223477,1968.982274646332,-259.1003188352127,5.461105934435185e-05
501584.0,4,8170747.2953820415,13083110.13574029,21634833.813422564,-1854.1495097217194,2016.089932795347,-536.4941017487739,5.461205384433452e-05
502184.0,4,7089142.460520285,14301846.46423233,21230647.175260045,-1749.3220022430403,2042.8954682447136,-810.052673941917,5.4612983693075135e-05
502784.0,4,6073971.948503753,15530256.674992422,20664004.163983162,-1633.1331724872966,2048.1134264059438,-1077.6756568936316,5.461384849808842e-05
503384.0,4,5131285.804049497,16755088.150240202,19939085.201098476,-1508.1571924113837,2030.8013787419427,-1337.2999970684607,5.461464836429333e-05
503984.0,4,4265551.624011491,17962630.098298237,19061292.949525755,-1377.0877364113671,1990.3788990811386,-1586.916171232528,5.4615383895140094e-05
504584.0,4,3479596.970925156,19138934.87672254,18037215.546578128,-1242.6907552374528,1926.6404308689414,-1824.5842212434313,5.461605618988228e-05
505184.0,4,2774580.57044152,20270045.16573772,16874580.317168336,-1107.7558080270032,1839.7617612531506,-2048.449477793129,5.4616666836956374e-05
505784.0,4,2149992.909030714,21342223.102109455,15582198.184257178,-975.0467945624068,1730.2999265048666,-2256.7578277727885,5.461721790346367e-05
506384.0,4,1603686.3372392766,22342177.40935832,14169899.081468677,-847.2529531455812,1599.1864878702888,-2447.870376865065,5.46177119207836e-05
506984.0,4,1131934.2627732726,23257284.55577146,12648458.762886545,-726.9409972788649,1447.7142355380163,-2620.2773579131476,5.461815186638313e-05
507584.0,4,729518.496174627,24075800.03902629,11029517.496019598,-616.5092558798742,1277.5174987796743,-2772.611136793055,5.461854114192332e-05
508184.0,4,389842.94789292105,24787056.2893533,9325490.831456093,-518.1448481606042,1090.5430574935353,-2903.6563013439877,5.461895407091831e-05
508784.0,4,105073.97497273609,25381642.17922476,7549475.582558065,-433.7836692874439,889.0318006513137,-3012.3679474423916,5.461925395964221e-05
509384.0,4,-133700.91948617203,25851564.339228258,5715145.200460196,-365.07617303210486,675.4625521528999,-3097.8698045983333,5.461951564486664e-05
509984.0,4,-336290.68052250054,26190383.008526232,3836644.572997341,-313.35701476552003,452.5238516995414,-3159.4698647618566,5.461974393633699e-05
510584.0,4,-513204.119190295,26393322.947178826,1928477.9767913413,-279.620795580488,223.0657892529929,-3196.6649483346728,5.461994390921473e-05
511184.0,4,-675440.094079198,26457356.221083883,5394.081929910072,-264.50382778128346,-9.947962912537776,-3209.1455606538284,5.462012086414665e-05
511784.0,4,-834268.6649008133,26381255.474342227,-1917731.477943741,-268.2723578554055,-243.49026427720472,-3196.799050607378,5.462028028533415e-05
512384.0,4,-1001007.1748728245,26165616.666531928,-3826014.922405641,-290.817487329904,-474.52185662424824,-3159.711020847157,5.4620427796965796e-05
512984.0,4,-1186795.325582143,25812850.811406102,-5704683.45510168,-331.65690437255125,-700.0430127022868,-3098.1649603186065,5.4620569118396373e-05
513584.0,4,-1402373.3366700164,25327144.82430889,-7539193.624873863,-389.9434081668637,-917.144534995454,-3012.6400919981,5.4620710018471096e-05
514184.0,4,-1657867.2319520954,24714392.15619481,-9315347.836821508,-464.4800769214214,-1123.0571664673914,-2903.8074513392785,5.462085626940458e-05
514784.0,4,-1962585.1642228877,23982094.45051061,-11019407.950936079,-553.7418018637427,-1315.1985044324708,-2772.524233484432,5.4621013600629375e-05
515384.0,4,-2324828.1457651937,23139236.146155797,-12638204.557251839,-655.9060698947387,-1491.2156389363304,-2619.828360290946,5.4620789972130525e-05
515984.0,4,-2751720.533793997,22196133.382999867,-14159243.08761638,-768.8727805202991,-1649.0279360732732,-2446.9220769123904,5.4620986019158075e-05
516584.0,4,-3249058.956429866,21164262.18180165,-15570800.951713001,-890.3217218038837,-1786.8569615562035,-2255.172662760191,5.4621209635479085e-05
517184.0,4,-3821187.6170099936,20056066.08978662,-16862020.583752584,-1017.7413522751665,-1903.2582969773512,-2046.0933213885303,5.462146593340242e-05
517784.0,4,-4470898.774062039,18884748.90168959,-18022993.96119678,-1148.4773220949066,-1997.1439934214188,-1821.331985230313,5.462175976540501e-05
518384.0,4,-5199361.316504263,17664055.338307064,-19044839.10218903,-1279.780213242627,-2067.799253478816,-1582.6572102806063,5.462209568616595e-05
518984.0,4,-6006078.499839435,16408043.74291641,-19919767.78778178,-1408.8548934174953,-2114.892462923318,-1331.94313435426,5.4622477917208344e-05
431984.0,5,25165844.175248567,-5368893.14024286,6491699.367609414,852.3488829926499,174.4881375961104,-3073.616940077639,-0.00023212971093305995
432584.0,5,25608771.038226873,-5269292.621876721,4624911.957881473,623.1452892475545,160.9267785320394,-3144.7408047950735,-0.00023213010819632447
433184.0,5,25912972.529638436,-5172082.740961491,2722677.680266061,390.48166840788855,166.56610131623074,-3191.683747679696,-0.0002321304089770617
433784.0,5,26077281.37178087,-5065681.567928895,799604.2919308672,157.3940458345382,191.54744841213278,-3214.1563104266565,-0.00023213061320068485
434384.0,5,26102351.291971307,-4938535.157774546,-1129583.056726677,-73.09457024349382,235.6369658485055,-3212.0573898065686,-0.00023213072153037238
434984.0,5,25990634.242402706,-4779341.389763698,-3050154.685028984,-298.0240183548367,298.23102487005985,-3185.4728503705455,-0.0002321307353577943
435584.0,5,25746328.079331934,-4577268.632206348,-4947487.996353889,-514.545321341923,378.36798544857766,-3134.672755554849,-0.00023213065678844998
436184.0,5,25375295.86541411,-4322165.568765656,-6807176.9680745015,-719.9683751495407,474.7420023138577,-3060.1091499868207,-0.0002321309394704224
436784.0,5,24884958.27569297,-4004758.229026013,-8615139.127889225,-911.7986642262929,585.7426419149358,-2962.4034026401146,-0.00023213068511273305
437384.0,5,24284161.336612,-3616832.0931875836,-10357718.309358045,-1087.7857401232604,709.4593512637296,-2842.350879641313,-0.00023213034873797607
437984.0,5,23583021.76195929,-3151394.691608051,-12021783.96,-1245.9524057373637,843.7310731981304,-2700.9061674999275,-0.00023212993506171501
438584.0,5,22792752.647811674,-2602817.319387215,-13594825.280790063,-1384.6263723305392,986.17965420517,-2539.176575943664,-0.00023212944936821026
439184.0,5,21925472.58092796,-1966953.107853055,-15065040.140571995,-1502.4652699228955,1134.2507420376821,-2358.4129644359327,-0.00023212889746913664
439784.0,5,20994001.4112861,-1241229.6969630234,-16421418.20952248,-1598.4760803714967,1285.2574118431287,-2159.9998201454027,-0.00023212828565897842
440384.0,5,20011646.124571156,-424715.09418381937,-17653817.891970325,-1672.0287427243275,1436.4257969435405,-1945.4446705912178,-0.00023212762066744197
440984.0,5,18991980.370978605,481844.25364136137,-18753036.69008035,-1722.8637722400185,1584.9419821095325,-1716.3669090949898,-0.0002321269096092301
441584.0,5,17948621.271806203,1476013.7008747458,-19710874.677451354,-1751.093825816056,1727.9994095340696,-1474.4861057364267,-0.00023212615993152086
442184.0,5,16895007.135774262,2553689.032691109,-20520190.80531011,-1757.1992364506418,1862.8460502601079,-1221.6098710170306,-0.0002321253793594938
442784.0,5,15844179.674232638,3709143.116508469,-21174951.803657148,-1742.0176268800456,1986.8306060297975,-959.6213341508885,-0.00023212457584024458
443384.0,5,14808574.638228944,4935099.769661761,-21670273.366853684,-1706.7280856644143,2097.4511870496635,-690.4671131780591,-0.00023212375094763474
443984.0,5,13799821.516866166,6222833.809768922,-22002454.081450775,-1652.8281606889398,2192.380884066193,-416.1410372577641,-0.00023212292628003252
444584.0,5,12828562.600875124,7562294.837229606,-22169000.430384647,-1582.1097853081792,2269.5316886828896,-138.67532501779743,-0.00023212210325221052
445184.0,5,11904284.36863085,8942254.346487997,-22168644.79342662,-1496.6259271796976,2327.073555208238,139.87582446954747,-0.00023212129011542
445784.0,5,11035171.620221231,10350472.3494249,-22001354.786754485,-1398.6556294174563,2363.469867507194,417.44921276728917,-0.00023212049505009648
446384.0,5,10227983.505120594,11773881.558676997,-21668334.537172634,-1290.664836767423,2377.504152414877,691.986392334632,-0.00023211972610717916
446984.0,5,9487953.74146785,13198785.987462673,-21172017.784859203,-1175.2641736715414,2368.3017572799,961.4474731674383,-0.00023211898387927814
447584.0,5,8818718.140026698,14611071.489383563,-20516052.511543766,-1055.1643596644221,2335.3459041517817,1223.8248438381322,-0.00023211829052780295
448184.0,5,8222266.936928967,15996423.183061022,-19705277.857151557,-933.1298619188444,2278.48843213183,1477.1569795509472,-0.00023211764610074975
448784.0,5,7698927.725267326,17340548.649224244,-18745692.34713159,-811.9316039457326,2197.9542397161977,1719.5419910917362,-0.00023211705756398594
449384.0,5,7247375.617534292,18629401.499487355,-17644414.294698484,-694.2994022006826,2094.339909661427,1949.1510615301872,-0.00023211653147822906
449984.0,5,6864672.067292517,19849402.452396005,-16409634.173813673,-582.8749057108851,1968.6062509751641,2164.241622464061,-0.00023211607394984263
450584.0,5,6546331.598663542,20987654.367382966,-15050558.897453547,-480.1633596252959,1822.0612699888375,2363.166966206914,-0.00023211614874799947
451184.0,5,6286415.107727319,22032146.759739753,-13577349.636924675,-388.49972974158686,1656.3549271756278,2544.4018474557715,-0.00023211584417090792
451784.0,5,6077649.9123586025,22971948.074536067,-12001050.576917056,-309.99244947164766,1473.4338101849585,2706.5344064217643,-0.00023211562330057944
452384.0,5,5911571.579631761,23797381.13879742,-10333511.713577084,-246.49610234517422,1275.5243676400469,2848.2911207615466,-0.00023211548999781502
452984.0,5,5778688.384217945,24500178.9900106,-8587304.734926622,-199.57526037376192,1065.094781402725,2968.5440365060967,-0.00023211544747140346
453584.0,5,5668664.213271188,25073618.54955069,-6775632.6778364,-170.47565363565764,844.815787368741,3066.320655830318,-0.00023211549825057572
454184.0,5,5570517.231122183,25512629.643572394,-4912233.868926595,-160.10059033690413,617.5177977266262,3140.812920006866,-0.00023211564416218417
454784.0,5,5472831.007589988,25813877.337220047,-3011280.7279559574,-168.99309705814994,386.1449951940045,3191.3851754231837,-0.0002321158863128828
455384.0,5,5363974.555498807,25975815.97158505,-1087274.0829509126,-197.32416281203996,153.70713598605215,3217.58101029832,-0.00023211622507655837
455984.0,5,5232327.519737017,25998713.754141,845066.2837743836,-244.88737445219544,-76.77014560032256,3219.1288517082307,-0.00023211666008723174
456584.0,5,5066506.617776729,25884647.245697252,2770914.072065076,-311.1001260432938,-302.29569380312745,3195.946216958972,-0.00023211719023761264
457184.0,5,4855589.354983613,25637465.602445118,4675451.032836266,-395.01147250191207,-519.9629811794285,3148.142520424627,-0.00023211781368344915
457784.0,5,4589330.617945542,25262724.979550894,6543983.26026578,-495.32028527935904,-726.9989463163884,3076.0188841202485,-0.00023211897126002232
458384.0,5,4258370.681625953,24767593.89895884,8362055.311686029,-610.3813096852875,-920.8117499902633,2980.073639664751,-0.00023211977295830354
458984.0,5,3854424.872038955,24160731.360629752,10115568.255820837,-738.2544072028318,-1099.0343127796868,2860.99158483474,-0.00023212065813224376
459584.0,5,3370458.99211373,23452139.23587602,11790891.625665477,-876.7224808030528,-1259.5651645713467,2719.646072838679,-0.00023212162215068943
460184.0,5,2800841.7537592743,22652991.66573162,13374974.55112201,-1023.3331118724698,-1400.604540843449,2557.092103341243,-0.00023212265975562643
460784.0,5,2141473.3562866244,21775444.292570677,14855452.684569,-1175.4410529021734,-1520.6853411826946,2374.5591275005827,-0.0002321237651013701
461384.0,5,1389887.3759085294,20832426.629690796,16220750.239648812,-1330.254540567856,-1618.6983053250485,2173.442140321116,-0.00023212493179901303
461984.0,5,545323.9249079507,19837421.21166218,17460176.13189536,-1484.884605278984,-1693.9108868069566,1955.291109311247,-0.00023212615296580488
462584.0,5,-391227.44344246574,18804233.444200307,18564013.250635043,-1636.396482024026,-1745.979419896827,1721.798814014643,-0.00023212742127907493
463184.0,5,-1417016.0538866753,17746756.27468069,19523599.94730659,-1781.8621736425375,-1774.954302250436,1474.7871964153208,-0.00023212872903424845
463784.0,5,-2527550.041956668,16678733.927508399,20331402.895422794,-1918.4131833576878,-1781.2780509790537,1216.1923468331902,-0.00023213006820645355
464384.0,5,-3716647.696978598,15613528.98851433,20981080.560929097,-2043.292419860849,-1765.776230466946,948.0482730567123,-0.00023213143051516486
464984.0,5,-4976519.694058431,14563896.92671628,21467536.6269403,-2153.9025651881025,-1729.642131935324,672.4706406668649,-0.00023213279301510347
465584.0,5,-6297879.076657712,13541773.11634804,21786962.730625097,-2247.8602893105044,-1674.4111566924248,391.6345427872745,-0.0002321341760014181
466184.0,5,-7670081.66517631,12558073.771749778,21936870.369791184,-2323.0295027890993,-1601.9358987266048,107.76186948375839,-0.00023213555642792315
466784.0,5,-9081288.044190532,11622517.80404729,21916111.098626565,-2377.567409591893,-1514.3486926227565,-176.90208091466653,-0.00023213692567765676
467384.0,5,-10518649.11294176,10743470.245871413,21724885.37350009,-2409.9566112284583,-1414.0223917617113,-460.10702535418994,-0.000232138275224878
467984.0,5,-11968509.861306507,9927811.098142132,21364739.70566152,-2419.0330484240594,-1303.5261918357783,-739.6171682764357,-0.00023213959670450741
468584.0,5,-13416628.01055317,9180831.753998,20838552.24044675,-2404.00751838231,-1185.5779932067273,-1013.2304537878126,-0.00023214088198002277
469184.0,5,-14848403.553503238,8506160.798844006,20150506.9555555,-2364.4803793197707,-1062.9942178550543,-1278.7973812708688,-0.00023214212320916766
469784.0,5,-16249115.03616548,7905720.42378143,19306056.79453822,-2300.4491924380163,-938.6380420083945,-1534.2391775419494,-0.00023214331290686137
470384.0,5,-17604158.313734747,7379714.107279876,18311876.16895447,-2212.3091939028473,-815.3670295544739,-1777.5651319812848,-0.00023214444400473867
470984.0,5,-18899283.48949821,6926645.629460207,17175803.371864747,-2100.846632201141,-695.981153822257,-2006.888917661345,-0.00023214550990679475
471584.0,5,-20120825.80510194,6543368.897376821,15906773.544726986,-1967.2251459999986,-583.1721766449054,-2220.443740853219,-0.00023214650454066375
472184.0,5,-21255926.226745613,6225167.617577984,14514743.160253024,-1812.9669683932766,-479.4767222647679,-2416.5970867016363,-0.0002321478737030406
472784.0,5,-22292738.770385504,5965862.523704889,13010605.534916274,-1639.9206885007375,-387.2254000548687,-2593.859443645262,-0.00023214871008176382
473384.0,5,-23220618.969422627,5757945.36645402,11406101.140685847,-1450.2374557655892,-308.5102592788637,-2750.9008907692123,-0.00023214946055313986
473984.0,5,-24030292.504133623,5592735.743306367,9713720.275865173,-1246.3283770804555,-245.14238309555049,-2886.5565541264323,-0.00023215012155030577
474584.0,5,-24713999.874155276,5460558.4368886985,7946601.16452152,-1030.8243319095707,-198.62210016684116,-2999.8353215395373,-0.00023215069020868164
475184.0,5,-25265615.112352777,5350937.816952107,6118423.7689729305,-806.5309648483529,-170.11348781332617,-3089.925929286173,-0.00023215116438457599
475784.0,5,-25680736.63611734,5252805.720311735,4243300.388546367,-576.3810074794688,-160.42503322853395,-3156.201418126802,-0.00023215154266785466
476384.0,5,-25956748.88124562,5154719.02726786,2335664.0226784903,-343.38480082201147,-169.9967157859278,-3198.2219815654935,-0.00023215182438869437
476984.0,5,-26092853.893324714,5045083.029824599,410155.4604102681,-110.57990304996537,-198.893652766674,-3215.736246731767,-0.0002321520096184961
477584.0,5,-26090072.585063968,4912376.636333887,-1518489.9681582958,119.0193362047226,-246.8063317025078,-3208.681043391432,-0.00023215209916508108
478184.0,5,-25951215.895263374,4745375.477498179,-3435555.0785103277,342.4713727536031,-313.0573372321055,-3177.179729196923,-0.00023215209456233627
478784.0,5,-25680826.596716702,4533369.0671267435,-5326452.099822259,556.9554073234085,-396.6143709013088,-3121.5391493214083,-0.0002321519980545149
479384.0,5,-25285092.9703357,4266368.388050766,-7176831.618385612,759.8180060685631,-496.1045847704411,-3042.24662744853,-0.00023215179804083236
479984.0,5,-24771736.177578986,3935300.1021886915,-8972688.952028675,948.6112416200378,-609.8579117559536,-2939.9592214197896,-0.0002321515270534275
480584.0,5,-24149873.0077467,3532184.7741084853,-10700466.24163129,1121.1370792077223,-735.908652592083,-2815.5049556281556,-0.0002321511749248856
481184.0,5,-23429857.11563309,3050295.660892876,-12347150.605831586,1275.4778588500371,-872.048526718587,-2669.8699961504067,-0.00023215074648691282
481784.0,5,-22623101.07328314,2484295.7255966337,-13900367.33456971,1410.0263484570103,-1015.8601975425468,-2504.1914386982885,-0.00023215024713209116
482384.0,5,-21741882.498402588,1830350.693474695,-15348467.66928645,1523.5096461177238,-1164.7587815111576,-2319.747975607548,-0.00023214968277190714
482984.0,5,-20799137.532173242,1086216.3866001442,-16680610.712640565,1615.007446595958,-1316.0359405657466,-2117.9498319942463,-0.0002321490597915246
483584.0,5,-19808245.13135501,251299.01110702567,-17886839.058924213,1683.964440381276,-1466.905829530592,-1900.3280533346733,-0.00023214838500164298
484184.0,5,-18782805.7487523,-673312.4857803639,-18958147.786846668,1730.1967054341023,-1614.5521539209176,-1668.5232215057652,-0.0002321476655877846
484784.0,5,-17736418.029990632,-1684842.4230736261,-19886546.503095433,1753.8920428783922,-1756.1755881461488,-1424.273670823355,-0.0002321469090573545
485384.0,5,-16682457.154020637,-2778852.743553266,-20665114.167878732,1755.604297339974,-1889.0408086545408,-1169.4032701174513,-0.00023214612318481486
485984.0,5,-15633858.391346794,-3949295.2653440116,-21288046.472495582,1736.2417895367748,-2010.5224106803819,-905.8088316482686,-0.00023214531595531517
486584.0,5,-14602909.55871457,-5188590.602604251,-21750695.60566581,1697.051746404336,-2118.152361866808,-635.448451997279,-0.0002321449470415077
487184.0,5,-13601054.455251677,-6487734.428048842,-22049602.033805273,1639.590742402595,-2209.64824722593,-360.32352667513976,-0.00023214412192161356
487784.0,5,-12638713.366095418,-7836424.683270175,-22182518.750297356,1565.707798282786,-2282.9715914095386,-82.47229129015307,-0.0002321433000789965
488384.0,5,-11725119.762869224,-9223213.551860567,-22148427.01171615,1477.5047416463353,-2336.3494315094,196.04816239390266,-0.00023214248975645394
488984.0,5,-10868178.4144676,-10635677.74071284,-21947544.206873108,1377.3018038304767,-2368.3080400523586,473.17451045015423,-0.00023214169911429388
489584.0,5,-10074346.223013923,-12060605.849370206,-21581323.478403848,1267.5977800051355,-2377.6986419838613,746.8509573929956,-0.0002321409361717675
490184.0,5,-9348537.858331185,-13484199.644563414,-21052445.12243929,1151.0272759395564,-2363.717979891217,1015.0430279839751,-0.00023214020874930163
490784.0,5,-8694057.7397663,-14892286.053876445,-20364799.7589568,1030.3156970084617,-2325.9233888818794,1275.7513407290107,-0.0002321395244118674
491384.0,5,-8112559.511256027,-16270536.511748761,-19523463.293360222,908.232672240584,-2264.2421191291405,1527.0253099552456,-0.00023213889041382303
491984.0,5,-7604033.732743774,-17604690.156792965,-18534663.720627785,787.5446353220943,-2178.9747251289355,1766.9767187363934,-0.000232138313645571
492584.0,5,-7166824.073289359,-18880777.294233482,-17405739.85771789,670.9673048850625,-2070.79242556792,1993.7930994377132,-0.00023213780058237133
493184.0,5,-6797671.843672885,-20085339.50335798,-16145092.12843353,561.1188175541367,-1940.7284256907087,2205.750852453147,-0.00023213735723565446
493784.0,5,-6491788.274864569,-21205642.707859095,-14762125.505197579,460.4723729456882,-1790.1603931192385,2401.224559098348,-0.00023213697459830487
494384.0,5,-6242953.271218779,-22229880.23131563,-13267185.11989261,371.3206752918327,-1620.8013238961119,2578.713365206885,-0.0002321366862449393
494984.0,5,-6043639.881766925,-23147360.90825233,-11671484.298346352,295.7236419505052,-1434.6571177986139,2736.8315501714274,-0.00023213648241981013
495584.0,5,-5885161.244722644,-23948681.271996535,-9987025.69812899,235.47961629138922,-1234.0062087404167,2874.3341277798418,-0.00023213636685709651
496184.0,5,-5757838.87539848,-24625877.040807966,-8226515.930792429,192.09068360849278,-1021.3611526889348,2990.123744443802,-0.0002321363426330987
496784.0,5,-5651189.019092351,-25172551.97999663,-6403274.023249115,166.73486324893156,-799.4286472727797,3083.260394426554,-0.00023213641213960424
497384.0,5,-5554124.118977025,-25583981.667073645,-4531134.272981283,160.24365292937682,-571.0659827481747,3152.9702075171604,-0.00023213657706203593
497984.0,5,-5455166.0463458765,-25857190.20803627,-2624344.089925986,173.08537839793144,-339.2346090691069,3198.653196733728,-0.0002321368383626527
498584.0,5,-5342667.49293627,-25990998.38461206,-697457.488623488,205.35471339533706,-106.95156816138825,3219.889853844865,-0.00023213719626904796
499184.0,5,-5205037.733644865,-25986042.18049221,1234775.0361571594,256.7686368687107,122.76040561716752,3216.446482978075,-0.0002321376502681579
499784.0,5,-5030968.838464249,-25844761.132326476,3157519.450238583,326.6689878137529,346.9232721437871,3188.279167567658,-0.0002321381991059549
500384.0,5,-4809658.349731296,-25571356.470530733,5055973.074866695,414.03166451535185,562.6536867060322,3135.5362735560843,-0.00023213884079295935
500984.0,5,-4531024.277893689,-25171719.583750192,6915480.789158699,517.487003400558,767.2111194540123,3058.5559818801044,-0.00023214002309643423
501584.0,5,-4185909.654393754,-24653331.677065924,8721649.843119927,635.3235079575372,958.0466449495347,2957.8792699978367,-0.00023214084163696337
502184.0,5,-3766269.80482803,-24025136.422387056,10460466.831744855,765.5436853610106,1132.8435262857013,2834.227119364806,-0.00023214174279440113
502784.0,5,-3265343.261899112,-23297387.57059564,12118409.446156407,905.8794764559532,1289.5587120748814,2688.51004460437,-0.00023214272181074118
503384.0,5,-2677799.592885675,-22481473.988246653,13682556.894048715,1053.8357693906564,1426.457572176385,2521.818887901508,-0.00023214377330838836
503984.0,5,-1999862.7564371638,-21589725.194701873,15140695.918648172,1206.7337285305045,1542.1437296421045,2335.4172753867188,-0.00023214489133041152
504584.0,5,-1229407.3177048676,-20635200.75068514,16481421.724792825,1361.7577830308967,1635.5829961924433,2130.7323691800457,-0.00023214606938599586
505184.0,5,-366025.58189060166,-19631467.202332888,17694232.80801356,1516.005435500061,1706.1209138423274,1909.3439692485047,-0.00023214730050075526
505784.0,5,588935.7680235133,-18592366.546355322,18769618.726305034,1666.538983345488,1753.4935233266951,1672.9720447932395,-0.0002321485772715035
506384.0,5,1632370.3833212145,-17531780.368611895,19699139.912884224,1810.4381955148065,1777.831108664029,1423.4628001648398,-0.00023214989192502474
506984.0,5,2759438.581856397,-16463393.914923735,20475498.70104262,1944.8529571594677,1779.6548037542932,1162.7734046384132,-0.00023215123638032901
507584.0,5,3963624.976581434,-15400464.375804272,21092600.818229433,2067.0548855182215,1759.8660882071554,892.9555380983725,-0.0002321526023138302
508184.0,5,5236826.31107649,-14355597.713580487,21545606.612222068,2174.487966282407,1719.728193873575,616.1373631612859,-0.0002321539668790069
508784.0,5,6569468.923210595,-13340537.508339643,21830972.029500198,2264.8110383731964,1660.8465383631649,334.50748052738845,-0.0002321553501799209
509384.0,5,7950651.850884709,-12365970.978257282,21946477.55807831,2335.946840574899,1585.1318212127276,50.292653595138155,-0.0002321567292137238
509984.0,5,9368315.093575533,-11441354.2268019,21891246.571560595,2386.115912328696,1494.768499305656,-234.259240976444,-0.00023215809537482048
510584.0,5,10809428.844801694,-10574760.78173831,21665751.719308987,2413.8703513563264,1392.1729160383836,-516.8992667394423,-0.00023215944016266525
511184.0,5,12260200.5914081,-9772755.85956364,21271809.740689654,2418.1204937243688,1279.9483534201945,-795.3968721575154,-0.00023216075525095883
511784.0,5,13706296.294783607,-9040298.61473798,20712564.734616525,2398.1550802343463,1160.8368037178193,-1067.5590717516718,-0.00023216203255517143
512384.0,5,15133071.64313716,-8380674.061251931,19992460.10188658,2353.6545482149195,1037.6683871315197,-1331.2491488561875,-0.0002321632642977545
512984.0,5,16525809.18800048,-7795455.78725533,19117199.50026601,2284.6972273214233,913.3093830901319,-1584.4046754835833,-0.00023216444307043712
513584.0,5,17869957.085983284,-7284499.998480182,18093697.268137593,2191.7583607013366,790.6098624481956,-1825.0546587637393,-0.00023216556189304392
514184.0,5,19151365.159529515,-6845970.835650012,16930018.879919045,2075.7020153452445,672.3519060635167,-2051.3356405702175,-0.00023216661426832022
514784.0,5,20356514.067051284,-6476396.327519722,15635312.093786776,1937.7660841991828,561.1993724336189,-2261.506596742559,-0.00023216759423230326
515384.0,5,21472733.361590426,-6170753.932563277,14219729.781567551,1779.542850892421,459.64874998966775,-2453.9658125439155,-0.00023216894764820892
515984.0,5,22488405.55766642,-5922583.085107614,12694343.916659068,1602.9428122253319,369.99017903286085,-2627.2496691646766,-0.00023216976746520958
516584.0,5,23393150.60054193,-5724124.362568609,11071054.594901932,1410.1740797078173,294.2590486717522,-2780.0634391411086,-0.00023217050060496034
517184.0,5,24177989.967718054,-5566480.55401247,9362491.5660455,1203.6958786232653,234.20578844591432,-2911.2767009146996,-0.0002321711436369511
517784.0,5,24835486.241305336,-5439797.778713723,7581911.3992744535,986.1783520362833,191.26441451351684,-3019.9341699157726,-0.00023217169383719374
518384.0,5,25359856.3133001,-5333462.922740884,5743090.557894896,760.4569385520822,166.52825310897651,-3105.261456917411,-0.00023217214920565906
518984.0,5,25747056.4088373,-5236313.800619984,3860215.4581285687,529.4842537277252,160.73188574579376,-3166.6691980162655,-0.00023217250847777613
431984.0,6,10796972.402377523,10164429.395488705,-21962405.081827182,-1497.2057602495493,2363.3686263450245,371.8536764764108,-0.0006088201316639079
432584.0,6,9930523.214996528,11589953.86122047,-21654937.309177794,-1389.4118220646917,2384.61516438802,652.4215333333966,-0.0006088191808324018
433184.0,6,9131529.261213208,13021148.53693193,-21180472.60573381,-1272.8292935357338,2382.0889599590796,928.1636748830099,-0.0006088182794535272
433784.0,6,8404438.061878594,14443536.513484742,-20542552.448030107,-1150.2232240768185,2355.139591765507,1196.927663919604,-0.0006088174234636743
434384.0,6,7752012.309798545,15842367.162795871,-19745995.349857878,-1024.4365597582969,2303.5086425042505,1456.610483527347,-0.0006088166084403217
434984.0,6,7175298.4647920905,17202853.631678242,-18796862.102977797,-898.3389811086884,2227.336482951093,1705.1760499270322,-0.0006088158296361851
435584.0,6,6673626.250435725,18510412.344350837,-17702410.653741688,-774.7751462270996,2127.1620335683338,1940.6723005562678,-0.0006088150820162014
436184.0,6,6244639.693231072,19750899.822741758,-16471041.306235729,-656.5150372198618,2003.9192962280972,2161.2483241938035,-0.0006088142832367475
436784.0,6,5884355.678904567,20910845.46740743,-15112230.142727021,-546.1966274564497,1858.9079853372077,2365.167388467848,-0.0006088135822332889
437384.0,6,5587258.224576684,21977668.874656063,-13636457.817852091,-446.28912723558096,1693.7948668841634,2550.825867222417,-0.0006088128959766047
437984.0,6,5346413.965253872,22939887.76962926,-12055124.967901787,-359.0405852096585,1510.5717178471598,2716.7640070034677,-0.0006088122186936
438584.0,6,5153616.837807482,23787305.10056737,-10380462.275160557,-286.43901887620336,1311.525676993052,2861.6790688675605,-0.0006088115445393984
439184.0,6,4999555.166810805,24511175.129458766,-8625432.943698568,-230.17630219083617,1099.200694493797,2984.436328254616,-0.0006088108676440866
439784.0,6,4873998.395156405,25104345.15298574,-6803628.18998788,-191.61742046490144,876.3542929356583,3084.0786405816,-0.0006088102203506154
440384.0,6,4766002.746856481,25561369.267284043,-4929161.319913927,-171.7757802601932,645.9110368570459,3159.834008303906,-0.0006088095204983992
440984.0,6,4664125.355827178,25878594.929411046,-3016549.9109053165,-171.29472014789803,410.91208422464325,3211.1222569420374,-0.0006088088006134694
441584.0,6,4556651.929545823,26054216.907458555,-1080602.2780324484,-190.435982762609,174.46370209826335,3237.5591540285,-0.0006088080551913925
442184.0,6,4431827.044430702,26088300.76587199,863701.9408152557,-229.07501223196164,-60.31574790696925,3238.9591647132324,-0.000608807278931404
442784.0,6,4278085.601968461,25982774.253755197,2801331.5551666426,-286.7032811316867,-290.34881088860095,3215.3363340442525,-0.0006088064667782773
443384.0,6,4084280.912442026,25741387.287995826,4717323.188654121,-362.43252299820256,-512.6531074062824,3166.900569623536,-0.0006088055347004805
443984.0,6,3839904.585361053,25369640.10911834,6596901.670543153,-455.03096681660213,-724.3838793528583,3094.0662543552894,-0.0006088046363597973
444584.0,6,3535296.155105792,24874683.749482978,8425593.868412273,-562.9152329674932,-922.8923984601706,2997.4310839901163,-0.0006088036888289472
445184.0,6,3161835.9512739135,24265191.480524715,10189344.19166352,-684.1991447435284,-1105.763214298413,2877.7813210034005,-0.0006088026884082719
445784.0,6,2712120.134657788,23551205.72276295,11874623.425264293,-816.7223798705234,-1270.8553436712175,2736.081516362165,-0.0006088016318139997
446384.0,6,2180113.783602817,22743962.536361642,13468533.153057406,-958.0890205943779,-1416.3368893872455,2573.465606505141,-0.0006088005162026488
446984.0,6,1561279.5876883492,21855696.990098555,14958904.38820141,-1105.710143568674,-1540.714066640316,2391.2267024687644,-0.000608799339191744
447584.0,6,852679.9647570439,20899432.922175758,16334389.664109988,-1256.8496590126242,-1642.8541713045354,2190.8056976837343,-0.000608798098876723
448184.0,6,53050.90824637003,19888760.849665426,17584547.92109421,-1408.6725606402467,-1722.0021406297435,1973.778828241328,-0.0006087967938439436
448784.0,6,-837153.6141816434,18837607.954940423,18699921.609011482,-1558.2947166652586,-1777.790476792179,1741.8443241968257,-0.0006087954231797431
449384.0,6,-1815747.3627392966,17760004.175906442,19672105.512894325,-1702.833317738301,-1810.242425000449,1496.8082928515485,-0.000608793986475535
449984.0,6,-2878827.7504276866,16669848.452464623,20493806.895205114,-1839.457099584789,-1819.7684179861863,1240.5699751064253,-0.0006087924838289636
450584.0,6,-4020821.484695771,15580679.225542715,21158896.715478748,-1965.4403387013863,-1807.1604176005367,975.1106527233719,-0.0006087909148317045
451184.0,6,-5234559.450302212,14505452.631088903,21662451.08874964,-2078.190826165774,-1773.556986218228,702.4618767802842,-0.0006087892832010063
451784.0,6,-6511378.904939355,13456332.976176731,22000784.631209206,-2175.322897638381,-1720.4489595328332,424.7133998814171,-0.0006087875889011603
452384.0,6,-7841251.092558654,12444498.183933914,22171472.76959133,-2254.679694443071,-1649.6320841200027,143.98180253924883,-0.0006087858339853804
452984.0,6,-9212932.614118215,11479963.69249215,22173365.448150292,-2314.374772196337,-1563.1787550749532,-137.60160262433777,-0.0006087840209626752
453584.0,6,-10614137.476889957,10571427.650241606,22006591.18707163,-2352.82438258439,-1463.400384177166,-417.9065225791403,-0.0006087821527774226
454184.0,6,-12031726.972527672,9726139.856414046,21672551.803223863,-2368.7745738658145,-1352.8059810722866,-694.8192047877843,-0.0006087802327858961
454784.0,6,-13451914.158146922,8949796.49920724,21173907.959532958,-2361.3227016238357,-1234.0576645325154,-966.2576339551734,-0.0006087782647299549
455384.0,6,-14860479.498215612,8246462.302740559,20514555.7596564,-2329.9330359396786,-1109.9238604515565,-1230.1863191840387,-0.0006087762527081126
455984.0,6,-16242994.065421145,7618521.233477533,19699594.65067291,-2274.446248520987,-983.2309705270602,-1484.6305936628544,-0.0006087742011442151
456584.0,6,-17585046.597079,7066656.443509905,18735286.938623216,-2195.082661960162,-856.8143106632533,-1727.6903560910312,-0.0006087721147539645
457184.0,6,-18872470.660522014,6589859.649320436,17629009.260417726,-2092.439241860405,-733.4691212102596,-1957.553189521977,-0.0006087699985095318
457784.0,6,-20091568.09870514,6185469.766508086,16389196.44966104,-1967.4776419962632,-615.9024074128422,-2172.505041765666,-0.0006087678169859747
458384.0,6,-21229325.711317297,5849239.500347946,15025277.93517683,-1821.5199823135738,-506.68673251322207,-2370.9490461866867,-0.0006087656565675487
458984.0,6,-22273620.05187527,5575429.937318563,13547607.579070894,-1656.2116008381593,-408.2155002261054,-2551.405623786972,-0.0006087634823791919
459584.0,6,-23213409.125980385,5356930.02812675,11967387.120476361,-1473.5055037661957,-322.6624746182638,-2712.5298842354655,-0.0006087613000372863
460184.0,6,-24038906.301333763,5185399.873695721,10296583.735553809,-1275.6284028953137,-251.944333992235,-2853.118990722459,-0.0006087591152178598
460784.0,6,-24741734.192646556,5051435.071354039,8547842.316259442,-1065.0449680557103,-197.6877212288,-2972.120467219433,-0.0006087569336150582
461384.0,6,-25315055.90996223,4944749.4086245345,6734392.9999185065,-844.4181951760834,-161.20115175974706,-3068.639556086384,-0.0006087547608995039
461984.0,6,-25753681.51408621,4854372.851537431,4869954.5301266415,-616.5665212786909,-143.45223171252815,-3141.9455895334336,-0.0006087526026768015
462584.0,6,-26054147.91736965,4768861.524945444,2968634.0541260983,-384.41836799805174,-145.050558236087,-3191.477339802254,-0.0006087504644464529
463184.0,6,-26214770.890953522,4676516.182972624,1044823.9854677137,-150.96483616231325,-166.2365880073014,-3216.8473142051253,-0.0006087483515614405
463784.0,6,-26235668.2848744,4565605.521676587,-886903.4167088413,80.78869500540847,-206.87666939347105,-3217.8449624955174,-0.0006087462691887398
464384.0,6,-26118754.028907724,4424590.595795831,-2811903.079312735,307.87128991963516,-266.4643397341217,-3194.4387655979313,-0.0006087442222710177
464984.0,6,-25867702.90555195,4242346.756873991,-4715564.731780624,527.3923135288745,-344.12999362465416,-3146.7787246220187,-0.0006087421767956645
465584.0,6,-25487886.776862837,4008378.1982025937,-6583422.420335411,736.5978499711588,-438.6461130910677,-3075.1899609223065,-0.0006087402147249162
466184.0,6,-24986283.141228735,3713024.4383988474,-8401260.161778115,932.901918826982,-548.4599348235813,-2980.180498270934,-0.0006087383012199512
466784.0,6,-24371357.168967318,3347651.212218995,-10155219.608498294,1113.9376777422622,-671.7101535733884,-2862.432493321979,-0.0006087364399744194
467384.0,6,-23652919.632373158,2904825.452940128,-11831904.15180672,1277.5940121693377,-806.2598835101442,-2722.7998829862668,-0.0006087346342928541
467984.0,6,-22841962.688964684,2378470.1347985975,-13418480.57801116,1422.0501778419323,-949.7322613927608,-2562.303263684215,-0.0006087328870647147
468584.0,6,-21950476.26486385,1763996.4212772455,-14902777.230162084,1545.8057110639193,-1099.5503452983232,-2382.123527635053,-0.0006087312007412969
469184.0,6,-20991248.05302897,1058410.732838966,-16273377.929977674,1647.7050735932241,-1252.9806769274878,-2183.5942622575562,-0.000608729577315712
469784.0,6,-19977650.436774638,260394.74966600165,-17519710.924158175,1726.9565783714866,-1407.1798063734266,-1968.1929279713975,-0.0006087280183061279
470384.0,6,-18923417.893416673,-629643.1950003803,-18632132.1347625,1783.1452310228028,-1559.2430188549931,-1737.5308400189608,-0.0006087265247424422
470984.0,6,-17842418.6209094,-1609546.403604594,-19602002.01497768,1816.2392188601946,-1706.2544546319007,-1493.3419913072682,-0.0006087250971565412
471584.0,6,-16748424.257690659,-2675418.3615276953,-20421755.339857962,1826.5898828246925,-1845.3377774034716,-1237.470765588145,-0.0006087237355762758
472184.0,6,-15654881.4191585,-3821661.996327131,-21084963.418063834,1814.9238460153515,-1973.7007590980318,-971.8553831879925,-0.0006087223979698843
472784.0,6,-14574690.311303372,-5041046.886393306,-21586387.502024826,1782.3354134714132,-2088.7073850874895,-698.5262174104627,-0.0006087211659623404
473384.0,6,-13519990.810062291,-6324809.020559654,-21922024.141601734,1730.2581845691398,-2187.89069352731,-419.5720770754271,-0.0006087199970328783
473984.0,6,-12501964.489531782,-7662774.512186818,-22089140.686186958,1660.445933089116,-2269.019689886913,-137.1363253498626,-0.0006087188892141186
474584.0,6,-11530652.479078552,-9043510.307440862,-22086301.188503224,1574.9397201947256,-2330.1341678876424,146.60269584729056,-0.0006087178400627937
475184.0,6,-10614793.847951744,-10454497.566095024,-21913382.210625883,1476.0315657653105,-2369.580721641708,429.4488151104352,-0.0006087168466771535
475784.0,6,-9761687.181985425,-11882325.12614908,-21571578.26959166,1366.223572805689,-2386.0436132514787,709.2055642913792,-0.0006087159057181687
476384.0,6,-8977077.867776284,-13312899.793138716,-21063396.739297073,1248.1832025141914,-2378.5698994408676,983.6939401016631,-0.0006087150134343999
476984.0,6,-8265073.158222778,-14731669.866749648,-20392642.117313113,1124.6954775127783,-2346.5883187207764,1250.7702306846948,-0.0006087141656903682
477584.0,6,-7628086.608266023,-16123858.050451692,-19564389.662286863,998.6129572259672,-2289.9215502386187,1508.343736026659,-0.0006087133579982196
478184.0,6,-7066812.949477056,-17474699.690757077,-18584948.50871882,872.8043806079618,-2208.791574879855,1754.3942061664493,-0.0006087125855524433
478784.0,6,-6580233.926181101,-18769682.16664052,-17461814.46985138,750.1029058109921,-2103.817996101622,1986.9888188528146,-0.0006087118432673669
479384.0,6,-6165655.159836421,-19994781.067210983,-16203612.95826304,633.2575503346184,-1976.0129050636242,2204.2994506390123,-0.0006087106210253199
479984.0,6,-5818772.858135327,-21136689.621491354,-14820031.799251778,524.8726241373006,-1826.7511365461642,2404.61433834974,-0.0006087099232287084
480584.0,6,-5533770.4776985375,-22183036.045221962,-13321745.961773077,427.37696486470736,-1657.768619964091,2586.35864368866,-0.0006087092390552487
481184.0,6,-5303442.205738205,-23122585.97073006,-11720333.007005645,342.96866492053573,-1471.120279627009,2748.1036882660956,-0.000608708562715159
481784.0,6,-5119341.893541471,-23945425.988641255,-10028181.20230096,273.57800981047717,-1269.1489430692632,2888.5801568083716,-0.0006087078883559915
482384.0,6,-4971954.501615369,-24643124.961648863,-8258390.666865374,220.8324135651551,-1054.445797043821,3006.6888003214654,-0.0006087072101094473
482984.0,6,-4850886.971151389,-25208870.250163186,-6424668.495461853,186.02686471678385,-829.8064113031028,3101.5096078503134,-0.0006087065221383326
483584.0,6,-4745075.046610944,-25637576.41475145,-4541218.808693615,170.1004303292857,-598.1831387134629,3172.309351825066,-0.0006087058186832359
484184.0,6,-4643002.278454624,-25925964.46761339,-2622628.733117817,173.61924827265102,-362.63476967230736,3218.547432848218,-0.0006087050941085029
484784.0,6,-4532927.21255689,-26072610.29005543,-683751.3559396131,196.76631193918706,-126.27436996274048,3239.8799717800734,-0.0006087043429471001
485384.0,6,-4403114.628193133,-26077961.403584294,1260413.2734457063,239.33821982992913,107.78373700514351,3236.162119629824,-0.0006087035599439683
485984.0,6,-4242066.622428471,-25944321.86678984,3194838.009717177,300.74892792901437,336.4768707349349,3207.4485785469196,-0.0006087027400974867
486584.0,6,-4038749.281863117,-25675805.61480856,5104588.315669205,380.03640793276554,556.8468692502865,3153.9880380621307,-0.0006087018379553287
487184.0,6,-3782811.391350426,-25278259.519099347,6974940.324256362,475.896071508251,766.0861076069714,3076.237375970175,-0.0006087009301560254
487784.0,6,-3464789.702604456,-24759156.571437083,8791497.485772118,586.6801964095855,961.5893805260537,2974.8312784236296,-0.0006086999724173838
488384.0,6,-3076299.457664541,-24127462.881035656,10540302.784068609,710.4436794260369,1140.9941840463505,2850.5930771307253,-0.0006086989611200749
488984.0,6,-2610204.874018186,-23393479.590535246,12207947.33535854,844.9747787570939,1302.2199830721406,2704.5227004673343,-0.000608697893065655
489584.0,6,-2060767.4493499156,-22568663.188950323,13781673.700910922,987.83455182836,1443.5017338830899,2537.787492799758,-0.000608696765500253
490184.0,6,-1423769.3884993978,-21665427.396111507,15249473.247940084,1136.4001764080833,1563.4177095302646,2351.7117504178545,-0.0006086955761345424
490784.0,6,-696610.0664000548,-20696930.18759184,16600176.828048233,1287.9113532335557,1660.9111855863118,2147.7651023953163,-0.0006086943231598851
491384.0,6,121626.06271058321,-19676849.75806927,17823538.125251073,1439.518943783294,1735.3056609235132,1927.5498714793016,-0.0006086930052605625
491984.0,6,1030131.1819584519,-18619153.377827883,18910309.111214165,1588.334969066937,1786.3134086736814,1692.7875543989978,-0.0006086916216220557
492584.0,6,2026365.9980769819,-17537863.18066909,19852307.132177833,1731.4830842498495,1814.0372737795149,1445.3045628965685,-0.0006086901719353641
493184.0,6,3106081.811512502,-16446822.932420528,20642473.238616083,1866.14864912235,1818.965753215706,1187.0173665058412,-0.0006086886563973908
493784.0,6,4263371.9953994425,-15359470.012767179,21274921.471983224,1989.6345704642201,1801.9648096982085,919.918916553953,-0.0006086865703639621
494384.0,6,5490753.232406649,-14288615.171452688,21744978.716651745,2099.380082996131,1764.2463482141227,646.0563996656977,-0.0006086849263559798
494984.0,6,6779272.367939493,-13246236.4893869,22049215.577576283,2193.0462129999764,1707.3659103802224,367.52475545491535,-0.0006086832200615342
495584.0,6,8118639.399701634,-12243288.036135452,22185467.129032593,2268.528508252955,1633.1786333675363,86.44490007282822,-0.0006086814536241371
496184.0,6,9497383.252069324,-11289527.946375547,22152844.582264844,2323.9999274935503,1543.8089553411078,-195.05075833524188,-0.0006086796296392214
496784.0,6,10903027.720190477,-10393368.280938206,21951737.421816472,2357.9420998901837,1441.6121523871623,-474.83403199958195,-0.0006086777511331064
497384.0,6,12322284.603167597,-9561749.0875671,21583806.23391158,2369.1713122754136,1329.1322315304387,-750.7964149169502,-0.0006086758215389588
497984.0,6,13741260.751844108,-8800038.625216588,21051966.40400806,2356.8588348504945,1209.0569060146618,-1020.8642016501994,-0.000608673844669957
498584.0,6,15145675.551813044,-8111961.270193986,20360362.910062775,2320.545291364462,1084.1704160608367,-1283.0131797965905,-0.0006086718246898812
499184.0,6,16521085.214475028,-7499554.158693356,19514336.483191833,2260.148877476875,957.3049830713685,-1535.2828198728826,-0.0006086697660813575
499784.0,6,17853110.159344457,-6963153.145384847,18520381.448726803,2175.967329704907,831.2916978300066,-1775.7898933272136,-0.0006086676736119958
500384.0,6,19127661.739624776,-6501408.178736081,17386095.59865159,2068.6736457000034,708.9116439045938,-2002.7414557191546,-0.0006086655522986665
500984.0,6,20331164.307427526,-6111327.929474344,16120122.673213566,1939.3047320753997,592.845014210179,-2214.4472164960102,-0.0006086633672957099
501584.0,6,21450770.705608223,-5788351.546981053,14732086.76219293,1789.2484854997901,485.63726547906776,-2409.330825011862,-0.0006086612039808491
502184.0,6,22474563.359613094,-5526449.447452083,13232521.70292183,1620.21683281989,389.63714120161967,-2585.940941930812,-0.0006086590279900389
502784.0,6,23391743.371585883,-5318247.21208984,11632792.66785022,1434.221400464833,306.96875743146825,-2742.96098562054,-0.0006086568449528235
503384.0,6,24192800.37847445,-5155173.539901634,9945012.751499467,1233.5405613427386,239.4920404708082,-2879.2182015340054,-0.0006086546605502898
503984.0,6,24869662.003084794,-5027628.578075092,8181954.229803617,1020.682845435899,188.77072976347335,-2993.6917793434695,-0.0006086524804735097
504584.0,6,25415820.197156787,-4925169.997994421,6356955.186747771,798.3465902675288,156.04533714148693,-3085.5200130305366,-0.0006086503103819178
505184.0,6,25826432.398231145,-4836713.708901847,4483822.093958351,569.3764734973626,142.2114990210423,-3154.0064676222737,-0.0006086481558618896
505784.0,6,26098395.8228712,-4750745.861744524,2576728.953367569,336.71761837012417,147.80407642414957,-3198.6251175802104,-0.0006086460223857779
506384.0,6,26230393.646744713,-4655542.607075106,650113.6365515552,103.36800173323638,172.9872706909539,-3219.0244231184274,-0.0006086439152716695
506984.0,6,26222912.271201015,-4539393.936075158,-1281427.9233700424,-127.67007670189932,217.55093141973725,-3215.030312100929,-0.0006086418396441201
507584.0,6,26078229.339971263,-4390827.85524767,-3203249.0105541795,-353.4386867495058,280.91313856645615,-3186.6480368013035,-0.000608639800396126
508184.0,6,25800372.64655267,-4198831.448032616,-5100759.798768057,-571.0706256721073,362.13182821239957,-3134.065268867268,-0.0006086372974403427
508784.0,6,25395050.42397219,-3953063.0165892113,-6959537.129521113,-777.8426542316388,459.9085618044096,-3057.642083138731,-0.0006086353448014653
509384.0,6,24869554.601740718,-3644057.158955061,-8765429.296519244,-971.2105615769653,572.6263927621642,-2957.923548018657,-0.0006086334414658959
509984.0,6,24232637.64042686,-3263411.6600141693,-10504663.956955174,-1148.8567493749188,698.3650542061521,-2835.6273342598843,-0.0006086315910516151
510584.0,6,23494365.741312213,-2803958.8427283084,-12163951.561573995,-1308.7267884633743,834.9356046808334,-2691.6419484704684,-0.0006086297967823081
511184.0,6,22665950.433302563,-2259915.978703575,-13730586.356928868,-1449.0631408746049,979.9169576299582,-2527.021355466661,-0.0006086280614619639
511784.0,6,21759561.35024769,-1627012.4862600714,-15192543.738686837,-1568.4340341693314,1130.6965829348815,-2342.9783580184344,-0.0006086263874523817
512384.0,6,20788123.277995758,-902591.6086910106,-16538573.212015461,-1665.7569703429942,1284.5147335681895,-2140.87674202936,-0.0006086247766537852
512984.0,6,19765100.836137217,-85684.67565642856,-17758286.22603127,-1740.31643303915,1438.5114831883293,-1922.2222046505246,-0.0006086232304887318
513584.0,6,18704274.392599285,822943.5022721011,-18842238.166093763,-1791.7754472769204,1589.7758033141229,-1688.652093380291,-0.0006086217498894845
514184.0,6,17619510.985122673,1820779.0785744786,-19782003.810803108,-1820.1807442626982,1735.395862910224,-1441.9239957715824,-0.0006086203352889973
514784.0,6,16524534.138052214,2903573.9276054427,-20570245.590284515,-1825.9613887920461,1872.5097000229403,-1183.9032318363938,-0.0006086189866156367
515384.0,6,15432696.175707642,4065391.1358923186,-21200774.148506016,-1809.917731832735,1998.3501358968354,-916.5454933706957,-0.0006086176620927814
515984.0,6,14356758.849712735,5298678.145325802,-21668599.967396464,-1773.219801769511,2110.3144445752596,-641.8972848989213,-0.0006086164424808573
516584.0,6,13308681.784551732,6594371.896923025,-21969976.8002586,-1717.366721039184,2205.9798700095384,-362.0587139330551,-0.0006086152855720533
517184.0,6,12299427.55532719,7942028.430181743,-22102435.327597886,-1644.173667460244,2283.1676498881066,-79.18159601365595,-0.0006086141893054595
517784.0,6,11338783.52810669,9329978.307157805,-22064806.963531774,-1555.736073108184,2339.9775430433824,204.55075181958142,-0.0006086131511475964
518384.0,6,10435204.76432408,10745504.338120408,-21857237.55638681,-1454.3923145471526,2374.8228401894758,486.94074796300623,-0.0006086121681105662
518984.0,6,9595680.664622882,12175038.752361452,-21481190.685364813,-1342.6819922969926,2386.460101425337,765.7941353211902,-0.0006086112367739755
431984.0,7,-3064672.9945483366,23261189.87657673,12678956.599807022,-1000.2639169483587,1187.4212202992512,-2585.456550165533,-0.00017666525779863214
432584.0,7,-3625582.792621907,23932279.471936252,11081575.989041679,-870.7064464886248,1046.1220005193338,-2735.745202282788,-0.00017666727530594938
433184.0,7,-4111040.911124753,24512939.70126296,9399957.238879522,-749.1319935497247,886.2375084752251,-2865.9927728648618,-0.00017666965201929938
433784.0,7,-4526499.589148427,24992481.45353713,7646496.185896854,-637.7218485927015,709.3710089001253,-2974.985795151125,-0.00017667239205420288
434384.0,7,-4878662.805895403,25361272.533455066,5834276.594207159,-538.4605479766808,517.438004925023,-3061.64955648761,-0.0001766754967797149
434984.0,7,-5175356.644084634,25610917.84827771,3976982.287082696,-453.0975266974908,312.6408336302562,-3125.0632932794115,-0.00017667896474740094
435584.0,7,-5425377.5255549215,25734422.550553195,2088800.2273487176,-383.11188765985116,97.4373228319788,-3164.4749572554874,-0.00017668279164144817
436184.0,7,-5638320.509528802,25726334.632171616,184314.85683439547,-329.6937537280853,-125.49776088787479,-3179.308719956682,-0.00017668717835658473
436784.0,7,-5824389.898465159,25582863.595222916,-1721605.6113213203,-293.6673199120655,-353.3081252241154,-3169.203878738848,-0.00017669169875007587
437384.0,7,-5994195.993341625,25301972.718636923,-3613929.989502565,-275.54540989690554,-583.0140478928162,-3133.987176574713,-0.0001766965477779304
437984.0,7,-6158540.850795848,24883441.316465776,-5477591.843235918,-275.46447899243867,-811.5550707219287,-3073.7083963796254,-0.00017670170965438222
438584.0,7,-6328197.239570046,24328895.87620067,-7297621.76591779,-293.1892624248053,-1035.8460173570006,-2988.641082868735,-0.00017670716586792688
439184.0,7,-6513685.04116153,23641808.115372267,-9059283.351664964,-328.112183367168,-1252.8328047957145,-2879.287188088085,-0.00017671289529879003
439784.0,7,-6725049.568789709,22827459.195417896,-10748211.059500393,-379.2603721221051,-1459.5490841829453,-2746.3787944467895,-0.00017671887436774357
440384.0,7,-6971646.421877145,21892869.97643616,-12350548.121950423,-445.3104212128162,-1653.172460461023,-2590.8766569678146,-0.00017672507721584082
440984.0,7,-7261937.507065572,20846697.970228605,-13853082.519970272,-524.610799322317,-1831.0789803002563,-2413.9653772702272,-0.00017673147591398033
441584.0,7,-7603302.745142197,19699102.44595889,-15243378.962605612,-615.2116332224355,-1990.894557891767,-2217.045106006324,-0.00017673804070052258
442184.0,7,-8001871.741596462,18461579.936891194,-16509904.780807383,-714.9013493408984,-2130.542033138416,-2001.7197651677548,-0.00017674474024450214
442784.0,7,-8462379.327674825,17146773.160109356,-17642147.675074473,-821.2494546754447,-2248.282628917103,-1769.78188301436,-0.00017675154193132425
443384.0,7,-8988048.835784592,15768256.487538457,-18630723.693183754,-931.6533545244838,-2342.749811551254,-1523.1915612677121,-0.00017675861854481918
443984.0,7,-9580503.056528702,14340306.02068768,-19467471.528591637,-1043.3951853096764,-2412.979987185829,-1264.065836177054,-0.00017676552288538964
444584.0,7,-10239712.480621848,12877649.25374521,-20145536.816649914,-1153.689889244201,-2458.425590490929,-994.639156904235,-0.00017677242694573062
445184.0,7,-10963971.844509888,11395213.3069347,-20659437.960204184,-1259.7464277147396,-2478.9686426112207,-717.2479933003104,-0.00017677929614503233
445784.0,7,-11749913.412881482,9907866.492360827,-21005117.839948826,-1358.8234688509192,-2474.9203191402485,-434.3009737413042,-0.00017678609623910583
446384.0,7,-12592553.522539446,8430163.08563753,-21179978.51827727,-1448.285029924202,-2447.01232536438,-148.25066501403128,-0.0001767927936491993
446984.0,7,-13485371.804057403,6976095.994629412,-21182898.934300963,-1525.6536005331902,-2396.3793667913155,138.4349784578133,-0.0001767993557808095
447584.0,7,-14420421.194748765,5558862.507732473,-21014235.57860232,-1588.659498079032,-2324.533238729409,423.3009017923463,-0.0001768057513278651
448184.0,7,-15388466.14689125,4190647.919558811,-20675806.481270455,-1635.2853378225686,-2233.329286484759,703.9324033568759,-0.00017681195055806883
448784.0,7,-16379145.813889138,2882431.3216740526,-20170859.170780964,-1663.8046645068214,-2124.926182761008,977.9812298762439,-0.0001768179255757001
449384.0,7,-17381158.481778115,1643817.231830676,-19504023.553475775,-1672.8139826868342,-2001.7401241347773,1243.189849938371,-0.00017682365055877804
449984.0,7,-18382463.116607077,482896.041891871,-18681250.91492196,-1661.2576292438455,-1866.3946595657642,1497.4135185717155,-0.00017682910196813856
450584.0,7,-19370493.28466574,-593863.9907117318,-17709740.882195882,-1628.4528333508547,-1721.6706303045426,1738.645045029701,-0.00017683446731182135
451184.0,7,-20332380.77603917,-1581694.419350043,-16597855.399547318,-1574.0690820807722,-1570.438089132928,1965.0103685815704,-0.00017683931160971717
451784.0,7,-21255180.235307097,-2477567.4203072246,-15355027.306498978,-1498.1752725204888,-1415.6205833303886,2174.8150707900522,-0.0001768438270354975
452384.0,7,-22126094.94836572,-3280206.2590060458,-13991657.854860878,-1401.2049483984017,-1260.1268330932658,2366.5333174782445,-0.00017684800065788175
452984.0,7,-22932696.76539649,-3990062.3685625885,-12519009.971603444,-1283.9515634243232,-1106.8010875972143,2538.821776111817,-0.00017685182241433534
453584.0,7,-23663136.960817248,-4609261.522248282,-10949097.066299714,-1147.5500634303294,-958.372887675634,2690.5251439674175,-0.0001768552851373595
454184.0,7,-24306344.30909027,-5141520.935471199,-9294569.249761365,-993.4527540472959,-817.4105184539092,2820.679117649227,-0.00017685838455325695
454784.0,7,-24852207.152242277,-5592039.727132022,-7568598.434728254,-823.4001808536292,-686.2788754790247,2928.511019568345,-0.00017686111925531846
455384.0,7,-25291736.687099468,-5967365.561135702,-5784763.653348947,-639.3877991494076,-567.1023185652225,3013.4383298363596,-0.00017686349065359957
455984.0,7,-25617209.17571305,-6275240.59092341,-3956937.773643416,-443.6292355351329,-461.73294006182095,3075.065392548764,-0.00017686550290359597
456584.0,7,-25822285.26687552,-6524430.045426866,-2099176.6351087764,-238.51694618030956,-371.72453328439883,3113.1785745570537,-0.00017686716281618795
457184.0,7,-25902105.097455345,-6724536.9286746355,-225611.4584663272,-26.58106041013997,-298.3124161027765,3127.740153834921,-0.00017686847975121862
457784.0,7,-25853358.350925952,-6885806.2023203885,1649654.5669211573,189.55105871622152,-242.38643598763542,3118.8855126971484,-0.00017686967209506766
458384.0,7,-25674328.745327536,-7018922.906348241,3512646.075430868,407.20518709504887,-204.5332283025591,3086.898055904865,-0.0001768703404267235
458984.0,7,-25364912.83086139,-7134805.506244229,5349609.098378174,623.6896944456134,-184.95753953759163,3032.226631231304,-0.0001768707079008006
459584.0,7,-24926614.107097097,-7244400.388921516,7147100.313280701,836.3460990473808,-183.53534762948925,2955.4596157715014,-0.00017687079276130585
460184.0,7,-24362512.408684865,-7358479.048680287,8892070.818751078,1042.586431500189,-199.80908753103495,2857.3203640438937,-0.00017687061509920132
460784.0,7,-23677209.996960763,-7487441.492351621,10571944.551063655,1239.931135710854,-233.00028025100664,2738.6583562454075,-0.00017687019669090906
461384.0,7,-22876755.588833302,-7641128.582342901,12174691.385052519,1426.0445933085825,-282.026613101478,2600.4404648272184,-0.00017686956083314242
461984.0,7,-21968547.871027377,-7828645.873290622,13688895.016273402,1598.767902494209,-345.5230777315187,2443.7424271849723,-0.00017686873217509
462584.0,7,-20961220.253165975,-8058201.2554204445,15103815.76782929,1756.1485951606542,-421.86675622625853,2269.740584735645,-0.00017686773654878224
463184.0,7,-19864508.787529286,-8336958.4673945755,16409448.495566124,1896.4670249003448,-509.20483584109934,2079.703922847538,-0.00017686660079828823
463784.0,7,-18689105.329217676,-8670908.286968127,17596575.78053578,2018.2592030456694,-605.4854282049241,1874.9864223014458,-0.00017686535260822553
464384.0,7,-17446498.130480174,-9064758.951810177,18656816.59891168,2120.335900254513,-708.4907675768754,1657.019711372687,-0.0001768640203319215
464984.0,7,-16148802.706665495,-9521846.628776284,19582670.35320085,2201.7986545528074,-815.876322761992,1427.3075145867965,-0.00017686284135934346
465584.0,7,-14808581.831299338,-10044069.957316522,20367558.211607233,2262.047593679369,-925.1917565781707,1187.4127772408642,-0.00017686142804479958
466184.0,7,-13438666.35508125,-10631841.784811212,21005857.364747766,2300.7940802373028,-1033.9421421051518,938.9598628474945,-0.00017686001798619084
466784.0,7,-12051966.397498151,-11284069.042060224,21492934.347579874,2318.059813396417,-1139.6109487180352,683.6221283269992,-0.0001768586404901945
467384.0,7,-10661285.385983782,-11998153.185585577,21825172.885927785,2314.176741940244,-1239.7026542239137,423.11674686326546,-0.0001768573246724861
467984.0,7,-9279135.361887854,-12770014.375408744,21999998.08261306,2289.7817745620723,-1331.7813605553092,159.1980170177092,-0.00017685609928578419
468584.0,7,-7917556.7174842,-13594138.65827852,22015896.563657474,2245.8073619281727,-1413.5088398133594,-106.34951368966868,-0.0001768549925478707
469184.0,7,-6587944.818986276,-14463647.687782552,21872432.44818055,2183.468007267399,-1482.6815834996494,-371.7182103584536,-0.00017685403196964503
469784.0,7,-5300885.926846497,-15370390.256368414,21570258.944187786,2104.2427934859343,-1537.266422434509,-635.084897048079,-0.0001768532441833495
470384.0,7,-4066004.7617454,-16305054.654415203,21111125.311688535,2009.854049094124,-1575.4342789867926,-894.618884553093,-0.0001768526547712073
470984.0,7,-2891825.9805704793,-17257300.60793778,20497878.876371518,1902.2423132447898,-1595.5916076294334,-1148.4905701997818,-0.00017685228809484233
471584.0,7,-1785651.7189243538,-18215909.279606156,19734461.72344913,1783.5378024505567,-1596.409075517946,-1394.8806907331757,-0.00017685216712599796
472184.0,7,-753456.1270503625,-19168950.106259525,18825901.145810142,1656.0247978038942,-1576.8418715732778,-1631.9882771019104,-0.00017685305600727036
472784.0,7,200194.9624643214,-20103959.247001227,17778296.28417729,1522.1223696666543,-1536.171807365088,-1858.0497761042375,-0.00017685348848391468
473384.0,7,1072212.387934845,-21008134.70042361,16598793.69753889,1384.3236820136062,-1473.9951368209863,-2071.3375509553443,-0.00017685422559879263
473984.0,7,1861020.1475799046,-21868536.51461408,15295559.790471362,1245.1722135717564,-1390.2553288173892,-2270.1812666777896,-0.00017685528312900138
474584.0,7,2566571.6891845595,-22672295.322426666,13877743.752121652,1107.2166074737572,-1285.246525604284,-2452.978676060049,-0.00017685667466556723
475184.0,7,3190340.4001329336,-23406823.98561772,12355432.71980728,972.9683366477893,-1159.6165267093072,-2618.209465983979,-0.00017685841147321442
475784.0,7,3735283.8769361293,-24060029.231445447,10739599.019801635,844.8588773665545,-1014.3642435151552,-2764.4496609778025,-0.00017685950010171955
476384.0,7,4205785.697969648,-24620520.858603925,9042035.576534763,725.1967919256679,-850.8309546191717,-2890.3868253096443,-0.0001768619513032118
476984.0,7,4607565.300439753,-25077812.285169404,7275288.064199272,616.1261286158481,-670.686223649883,-2994.8349148586854,-0.00017686476637664551
477584.0,7,4947569.704914946,-25422512.4621002,5452572.066847019,519.586012384907,-475.9070486373853,-3076.74986873913,-0.00017686794611679443
478184.0,7,5233838.503603779,-25646502.63689021,3587683.8773372257,437.2729162310309,-268.7512817308866,-3135.2446724649385,-0.00017687148848854667
478784.0,7,5475347.777797738,-25743095.540453617,1694901.7455970966,370.60617670585066,-51.72509060211553,-3169.6039956803315,-0.0001768753885816401
479384.0,7,5681835.213430439,-25707173.11397844,-211122.4535770021,320.7085365731418,172.45634863687462,-3179.2928161196387,-0.00017688084898085854
479984.0,7,5863605.074964019,-25535300.600844648,-2115474.981217515,288.33715478551926,400.9068446950103,-3163.989747170614,-0.0001768854383753503
480584.0,7,6031325.779715236,-25225812.063860815,-4003107.266861646,273.9291238222172,630.6256376743577,-3123.5669831793944,-0.00017689035342112645
481184.0,7,6195811.889925256,-24778866.8084068,-5858961.884844697,277.54464981665683,858.542594513267,-3058.1201239404418,-0.00017689557776173165
481784.0,7,6367802.634759021,-24196473.702417783,-7668106.360600283,298.8714777050718,1081.5742511846706,-2967.9697222013724,-0.00017690109233623662
482384.0,7,6557738.3276760215,-23482482.294437345,-9415869.682265593,337.22584913925357,1296.679896487116,-2853.665349074011,-0.00017690687550317113
482984.0,7,6775539.647340854,-22642540.00165818,-11087980.333661532,391.56111338324035,1500.9182339044721,-2715.9866780999578,-0.00017691290319577375
483584.0,7,7030394.41232498,-21684015.408366237,-12670703.970864521,460.4840756662702,1691.5033555288953,-2555.9413431310986,-0.00017691914910799664
484184.0,7,7330556.468355563,-20615888.495847475,-14150978.742714273,542.278962530245,1865.8587097492473,-2374.759398971792,-0.0001769255849100354
484784.0,7,7683161.168559238,-19448609.423440587,-15516546.18296042,634.9386684071151,2021.6677335241143,-2173.884300400482,-0.00017693218049146607
485384.0,7,8094061.658519095,-18193928.270569738,-16756075.584799277,736.2027305153092,2156.919854658954,-1954.9604116100638,-0.00017693890422939413
485984.0,7,8567689.781010974,-16864698.903137643,-17859279.811510283,843.6012695615336,2269.9506514943305,-1719.8171602818547,-0.00017694572327837553
486584.0,7,9106945.621165648,-15474659.92411863,-18817021.077885587,954.4997105100672,2359.4750383291052,-1470.4488222741434,-0.00017695273902274257
487184.0,7,9713113.979691312,-14038202.604814284,-19621402.11005411,1066.168466267004,2424.6131194276068,-1208.997549287495,-0.00017695964659408564
487784.0,7,10385820.663487181,-12570117.036948573,-20265847.976241425,1175.8132779743707,2464.9059501900456,-937.7220797212328,-0.00017696654675933437
488384.0,7,11123015.426654294,-11085339.924489934,-20745168.517965533,1280.6486763327007,2480.3244023015404,-658.976164453009,-0.00017697340497594194
488984.0,7,11920992.384565858,-9598696.08264388,-21055606.664820753,1377.9505214236244,2471.2674867709466,-375.1799261188424,-0.00017698018710625803
489584.0,7,12774443.417876912,-8124644.388992881,-21194869.633908235,1465.1112345473962,2438.5518593370884,-88.79151962095737,-0.00017698685974472245
490184.0,7,13676543.928191146,-6677032.727280767,-21162143.08765589,1539.6922442738705,2383.392508713657,197.72141390239926,-0.00017699339053407312
490784.0,7,14619068.90612453,-5268867.038554359,-20958088.31133531,1599.4724219746424,2307.375200855976,481.90990860127886,-0.0001769997484660195
491384.0,7,15592536.579380142,-3912099.182186161,-20584822.813260492,1642.4914205409086,2212.4214741626624,761.3708887040536,-0.00017700590416226534
491984.0,7,16586376.307727462,-2617437.7755675586,-20045885.068949413,1667.0870006922291,2100.747167836318,1033.772922990822,-0.00017701183013229895
492584.0,7,17589116.90007717,-1394185.5484623685,-19346184.414971124,1671.925623578734,1974.8156120634753,1296.880070653257,-0.000177017501004982
493184.0,7,18588591.15745485,-250106.04161354713,-18491937.340397365,1656.0257968871788,1837.2867102972878,1548.5734482129658,-0.00017702289373162813
493784.0,7,19572152.031877205,808677.9899643641,-17490591.84269013,1618.7806131843088,1690.9691855598617,1786.873857124739,-0.00017702819669196347
494384.0,7,20526896.659868773,1777754.6131645963,-16350740.107656822,1559.9395150281023,1538.7411850450517,2009.9431127962253,-0.0001770329748530989
494984.0,7,21439892.241706282,2654457.7918808125,-15082024.387521164,1479.6476890283207,1383.5312218415722,2216.1204781216156,-0.00017703742121216165
495584.0,7,22298400.42863752,3437870.4187594475,-13695033.725209288,1378.4141695631176,1228.2390849615415,2403.9173306292237,-0.00017704152342263972
496184.0,7,23090095.838092726,4128794.9915185515,-12201196.092137938,1257.1046093241105,1075.6894563033115,2572.028922395156,-0.0001770452720148624
496784.0,7,23803274.563373074,4729693.603905173,-10612666.526630677,1116.9216254949517,928.5823669842273,2719.339362861303,-0.0001770486604164821
497384.0,7,24427049.19804471,5244599.330362372,-8942212.998516658,959.3795758120502,789.4475053051308,2844.9240842393024,-0.00017705168494580562
497984.0,7,24951527.241452873,5679001.522446094,-7203101.4443751415,786.2745039928495,660.6030692060667,2948.0500129298953,-0.00017705434477997383
498584.0,7,25367970.209993117,6039707.907591055,-5408981.277759584,599.6500388469667,544.1197066872965,3028.1737006194717,-0.00017705664190019465
499184.0,7,25668931.257230025,6334686.6647708295,-3573772.523660158,401.760051564382,441.7899411517137,3084.937686790097,-0.00017705858101635724
499784.0,7,25848369.590615634,6572891.849799775,-1711555.5632801368,195.02887419531066,355.1033395005388,3118.1653712959755,-0.00017706016947340275
500384.0,7,25901740.45128979,6764075.660771565,163535.68989081788,-17.99013737979044,285.2275525251755,3127.854672762044,-0.00017706141714180705
500984.0,7,25826059.95845014,6918590.988542901,2037416.4095493208,-234.65565826409852,232.98254259817554,3114.174480328196,-0.00017706254262389085
501584.0,7,25619944.22974314,7047188.240996132,3896149.2522267555,-452.2868223666974,198.8839896781094,3077.4417046822373,-0.00017706314746413333
502184.0,7,25283623.02582422,7160808.907171794,5726037.52862354,-668.1954200171097,183.06581184160837,3018.1352205787484,-0.00017706345500489372
502784.0,7,24818928.73497706,7270380.107687088,7513712.915599469,-879.7342822682044,185.3343433655657,2936.872174898229,-0.00017706348388504372
503384.0,7,24229260.83881423,7386612.890075467,9246218.237800188,-1084.334755419134,205.16459226575694,2834.4028545806987,-0.00017706325455772552
503984.0,7,23519527.332064103,7519807.254474285,10911084.77714983,-1279.5441451945378,241.7138204151372,2711.601848948853,-0.00017706278912798937
504584.0,7,22696064.38047825,7679666.664815139,12496404.281350551,-1463.0607033799602,293.8394954617138,2569.4593508127064,-0.00017706211118698659
505184.0,7,21766535.810102113,7875124.552025591,13990895.779295757,-1632.7657991100646,360.12121707692745,2409.0726783833675,-0.000177061245643702
505784.0,7,20739814.21996535,8114185.071179358,15383967.354364524,-1786.752969050708,438.88620525915303,2231.6380728285126,-0.000177060218555018
506384.0,7,19625845.678528942,8403780.12306048,16665773.053665714,-1923.353588641799,528.2379298628177,2038.4428008946913,-0.00017705905695472135
506984.0,7,18435500.10456495,8749644.395616578,17827265.123532485,-2041.1589502424179,626.0874566281323,1830.8575686755682,-0.00017705778868190475
507584.0,7,17180409.548157077,9156209.924708249,18860241.76016165,-2139.0385735752334,730.1870842942558,1610.3292314834111,-0.00017705644220907427
508184.0,7,15872797.206123052,9626520.962947484,19757390.213297054,-2216.1555187063723,838.1681340669177,1378.376860468332,-0.0001770547896575118
508784.0,7,14525296.269648891,10162172.891022049,20512327.374547187,-2271.9729729126466,947.5688344048435,1136.572670460191,-0.00017705337411656858
509384.0,7,13150769.462875124,10763269.106195424,21119633.17203522,-2306.2665182415,1055.8857672786928,886.55354055748,-0.0001770519678613052
509984.0,7,11762120.324208092,11428405.250297764,21574882.97146088,-2319.1221381814958,1160.6035493632821,630.0024278837816,-0.00017705060017641575
510584.0,7,10372107.32731225,12154674.574780038,21874674.647578932,-2310.9353114678224,1259.2358015809455,368.64471799827317,-0.00017704930012024878
511184.0,7,8993159.90150565,12937696.89195943,22016651.93611956,-2282.404866443675,1349.363681160949,104.24150472078011,-0.00017704809635283336
511784.0,7,7637199.39269373,13771670.455609258,21999523.723358687,-2234.522716736007,1428.6737562154722,-161.41733576779043,-0.00017704701696388678
512384.0,7,6315467.4121414125,14649446.249693967,21823079.124355614,-2168.559541265505,1494.9947947047822,-426.52037643220126,-0.00017704608930087663
512984.0,7,5038363.972879377,15562623.906977821,21488198.139416397,-2086.046503405785,1546.333034162914,-689.2422757817263,-0.00017704533979729352
513584.0,7,3815297.746472922,16501668.218607776,20996857.617925726,-1988.7531390989293,1580.9054926629215,-947.7519148914848,-0.00017704479380140057
514184.0,7,2654550.684114078,17456044.931481667,20352132.201230057,-1878.6615825720214,1597.1708760626025,-1200.221124009964,-0.00017704447540585678
514784.0,7,1563159.1330353618,18414374.26273499,19558189.863837045,-1757.937341482556,1593.8576326631992,-1444.8340774585245,-0.00017704440727876552
515384.0,7,546813.2304759733,19364600.493063845,18620281.45132457,-1628.8944686126374,1569.9812579601366,-1679.7935588579705,-0.00017704481627540706
515984.0,7,-390222.4608885292,20294174.453188468,17544724.83810644,-1493.97014969096,1524.8947931936061,-1903.3476359364902,-0.00017704530961775258
516584.0,7,-1245167.9675009176,21190248.808437742,16338880.4604722,-1355.671742067685,1458.2618311859155,-2113.7772121291882,-0.00017704611104991233
517184.0,7,-2016762.3666341193,22039881.070455793,15011121.441974591,-1216.5472168008412,1370.0976535507982,-2309.425006279397,-0.0001770472359142234
517784.0,7,-2705274.2947561108,22830242.806970254,13570795.05624253,-1079.1410532901582,1260.7692731248874,-2488.704624454504,-0.0001770486973371605
518384.0,7,-3312487.191729268,23548831.591168813,12028176.167108366,-945.9517432612795,1130.997288261955,-2650.1145425574746,-0.00017705050609103184
518984.0,7,-3841658.904469218,24183682.410540428,10394412.067842413,-819.3888911111271,981.8520797599492,-2792.2526835074304,-0.00017705267046637244
431984.0,8,-13614909.51614217,7486426.240660158,21355882.978018865,-1496.3393975872973,-2323.688437659486,-90.61116581615669,0.0004561023027364787
432584.0,8,-14532316.75975504,6111519.927234381,21218530.931115903,-1559.341080333489,-2256.3125999167737,-366.79300312622547,0.00045609702304942243
433184.0,8,-15483037.87654692,4782620.119916801,20916450.3682382,-1607.0395336701415,-2170.6579338791407,-639.35960878549,0.0004560919314248211
433784.0,8,-16457366.441713199,3510102.7626304394,20452446.599485613,-1637.7298447373591,-2068.731304617306,-906.1967986293954,0.0004560870340052487
434384.0,8,-17444657.06555369,2303068.683188782,19830572.80061216,-1649.9928083907198,-1952.7701818675723,-1165.2602330676202,0.000456082335381209
434984.0,8,-18433504.20969055,1169217.8560731243,19056083.544262614,-1642.7188106938179,-1825.2003520346145,-1414.5908405255154,0.00045607783857263857
435584.0,8,-19411933.62075906,114749.80936705507,18135379.533085436,-1615.1258917273071,-1688.5910985564035,-1652.3287929078513,0.00045607354502376254
436184.0,8,-20367602.674740944,-855708.3858783897,17075944.51388081,-1566.7732679841115,-1545.6078200429035,-1876.7261833919576,0.0004560695595669071
436784.0,8,-21288006.96227136,-1739146.8425920755,15886274.645988703,-1497.561500854609,-1398.9683702334173,-2086.157103309606,0.00045606567062138933
437384.0,8,-22160687.293451693,-2534187.6940442063,14575802.77058173,-1407.7414570737371,-1251.3904432251054,-2279.128445956617,0.0004560619799548842
437984.0,8,-22973436.272678334,-3241073.164912616,13154816.458027972,-1297.902542995047,-1105.5487788769212,-2454.2868759253283,0.00045605848290336017
438584.0,8,-23714499.231265515,-3861625.709727454,11634372.170223124,-1168.962897596857,-964.0294916608786,-2610.4255950049433,0.00045605517337949855
439184.0,8,-24372766.880515926,-4399182.035289921,10026205.800111912,-1022.1528339759004,-829.2875703088134,-2746.4894908278593,0.00045605204393340897
439784.0,8,-24937956.57093857,-4858502.46331354,8342640.467460861,-858.9934486187183,-703.6072759084816,-2861.579009513446,0.00045604908582146564
440384.0,8,-25400779.384055212,-5245657.533503771,6596492.307777238,-681.2708554307708,-589.0659839137197,-2954.952845208934,0.00045604628908242775
440984.0,8,-25753090.571141426,-5567894.053364196,4800974.936722222,-491.0065469802033,-487.5019401538191,-3026.029544066298,0.00045604364262003254
441584.0,8,-25988021.165921718,-5833483.061782744,2969603.215915134,-290.4244203769726,-400.4863245545657,-3074.3881212279434,0.00045604113429128677
442184.0,8,-26100088.92957957,-6051552.388582693,1116096.889577298,-81.91503045737903,-329.29994031355864,-3099.7677872262066,0.00045603875099972207
442784.0,8,-26085287.130825423,-6231906.662123756,-745715.3933025785,132.002350615789,-274.91477180447146,-3102.066875270703,0.0004560364787929304
443384.0,8,-25941150.110906992,-6384837.733135827,-2601991.264370503,348.7198592809172,-237.97775504132233,-3081.344367705044,0.00045603429623082065
443984.0,8,-25666794.35043411,-6520928.591399005,-4438968.170135526,565.5793364883468,-218.81386096848064,-3037.8042268011395,0.000456032201322824
444584.0,8,-25262935.627751652,-6650853.951655341,-6243056.26596721,779.9166455932508,-217.40593696624046,-2971.8122482009608,0.0004560301715299003
445184.0,8,-24731881.11142463,-6785180.349185369,-8000928.12231157,989.1003632525959,-233.40820038872562,-2883.879294283078,0.0004560281905163226
445784.0,8,-24077497.237054434,-6934169.146359928,-9699606.843950525,1190.5724480283923,-266.1505034828642,-2774.6606015888533,0.00045602624162168333
446384.0,8,-23305153.80739199,-7107585.26968006,-11326551.46482664,1381.8871359997943,-314.650386893539,-2644.951322842911,0.0004560243079723424
446984.0,8,-22421645.244467694,-7314514.614150092,-12869739.501255557,1560.7480652639883,-377.62985859547575,-2495.6816330712254,0.0004560223725936027
447584.0,8,-21435090.215885688,-7563192.880013456,-14317746.401170572,1725.0431318337005,-453.5366515461226,-2327.9114044222038,0.0004560204185222257
448184.0,8,-20354811.148193873,-7860848.442973671,-15659821.628699746,1872.8766070137399,-540.5696650829791,-2142.8244432322463,0.00045601842891890905
448784.0,8,-19191195.41296371,-8213561.666798815,-16885961.11870957,2002.5980768708107,-636.708248966014,-1941.7222728416439,0.0004560163871803459
449384.0,8,-17955540.22411358,-8626142.848037252,-17986975.825545445,2112.8277979834643,-739.744944803637,-1726.0174369349518,0.0004560142770504755
449984.0,8,-16659883.516270088,-9102030.737707725,-18954556.074806806,2202.4781004582,-847.321257301501,-1497.2262910184365,0.00045601208273051954
450584.0,8,-15316823.494722512,-9643213.07276753,-19781331.22345474,2270.7680934596997,-956.9670107765548,-1256.96041535533,0.00045600978105728895
451184.0,8,-13939328.14785298,-10250171.979141064,-20460925.395369958,2317.2458748542613,-1066.1365515476396,-1006.9214887152752,0.00045600737345855046
451784.0,8,-12540541.155794049,-10921851.605603065,-20988006.22783668,2341.781812099045,-1172.257070790995,-748.8875977411075,0.00045600483809374754
452384.0,8,-11133582.08388821,-11655653.627980655,-21358329.752877437,2344.580951974659,-1272.7670655896618,-484.70665126280386,0.00045600216205239673
452984.0,8,-9731347.809594035,-12447457.395030165,-21568778.48859565,2326.178267187156,-1365.160630527162,-216.2852655897028,0.0004559993333967735
453584.0,8,-8346316.6595941335,-13291666.127332402,-21617393.26847115,2287.4311363338743,-1447.0303308571818,54.42233620014942,0.0004559963412542156
454184.0,8,-6990358.628619211,-14181278.57314052,-21503398.21828646,2229.506652697698,-1516.109127047241,325.42618147541583,0.0004559931759043169
454784.0,8,-5674554.755089014,-15107985.356577095,-21227218.42958058,2153.863838600503,-1570.3106869814894,594.7131673086085,0.0004559898288602692
455384.0,8,-4409028.659380147,-16062288.855038244,-20790489.877505943,2062.230919183039,-1607.767416669361,860.260431165908,0.00045598629294356954
455984.0,8,-3202793.134381268,-17033645.043295257,-20196061.140205692,1956.5778905794032,-1626.8655441342707,1120.0494434427603,0.00045598256235127466
456584.0,8,-2063614.5128527163,-18010625.347402565,-19447986.498114258,1839.0847015875402,-1626.2766056558428,1372.0807707047024,0.0004559786327149638
457184.0,8,-997897.3204308078,-18981096.168796383,-18551510.026523303,1712.105453832518,-1604.984710065422,1614.3894347491494,0.0004559745011505576
457784.0,8,-10591.1947082486,-19932413.637158234,-17513040.20863805,1578.1321102016786,-1562.3060511170029,1845.0595054241246,0.00045597015981160756
458384.0,8,894876.3737137914,-20851628.984250702,-16340115.701891625,1439.7403574787702,-1497.9180154604057,2062.2454046990283,0.0004559656218185355
458984.0,8,1716644.1274177898,-21725705.064295404,-15041359.61318943,1299.5629493175027,-1411.8522161699989,2264.1806623437637,0.0004559608824886122
459584.0,8,2454431.0755034583,-22541735.411610268,-13626425.694066994,1160.23189498809,-1304.5120364664106,2449.1995647513286,0.0004559559451618317
460184.0,8,3109524.1550030783,-23287165.650732204,-12105933.723937156,1024.3346635703645,-1176.6681691873566,2615.7521529329993,0.00045595081474615395
460784.0,8,3684737.560428095,-23950011.96100445,-10491395.376282932,894.3675538974846,-1029.45068779548,2762.4201387646735,0.00045594549769624004
461384.0,8,4184344.3534334954,-24519072.811077915,-8795130.671305379,772.6900500797835,-864.3344558717527,2887.932187876268,0.0004559400019783612
461984.0,8,4613981.20606268,-24984129.978501216,-7030175.463841318,661.48106143362,-683.117969228648,2991.178315201879,0.000455934337021261
462584.0,8,4980527.6714580655,-25336134.96617208,-5210180.573240973,562.697943875509,-487.89586683976984,3071.2231331389967,0.00045592851365292605
463184.0,8,5291961.909364395,-25567377.11131782,-3349303.3217862514,478.03917600923774,-281.0254921936978,3127.3176931573284,0.00045592254402341994
463784.0,8,5557195.306439159,-25671629.954834227,-1462092.4054733755,408.91151604674155,-65.08803122733298,3158.90967019413,0.0004559164415141381
464384.0,8,5785888.909010286,-25644272.797454014,436632.8294200326,356.4023949765158,157.15510794430742,3165.651655640131,0.00045591022063406285
464984.0,8,5988254.918943215,-25482384.7534767,2331907.2961614146,321.26339648361136,382.8092660191123,3147.403840345582,0.00045590388878477355
465584.0,8,6174847.44525959,-25184809.4758479,4208749.062900861,303.87422198333434,608.8993930668022,3104.2519638795807,0.0004558974786125091
466184.0,8,6356345.57658437,-24752188.416996665,6052288.200716677,304.2654599418804,832.4197794493,3036.4877413578088,0.0004558909991541427
466784.0,8,6543333.842243112,-24186962.280295674,7847897.195311636,322.09649337112296,1050.3894623289068,2944.6219087569925,0.00045588446816387815
467384.0,8,6746084.019991103,-23493340.18185079,9581319.373492062,356.666625021189,1259.9054083107442,2829.3771379865448,0.0004558779038449245
467984.0,8,6974342.637265363,-22677236.951698262,11238794.474845186,406.92814741565417,1458.1948078862317,2691.6819258171663,0.0004558713246915787
468584.0,8,7237128.408894101,-21746179.688282885,12807179.758138645,471.5063226507509,1642.6650041055902,2532.662001485015,0.00045586474932787395
469184.0,8,7542543.646092911,-20709185.321240187,14274065.180801107,548.7258694241414,1810.949994685246,2353.629368919086,0.0004558581963446902
469784.0,8,7897603.381323287,-19576611.552820254,15627881.278933574,636.6433999702956,1960.9525249497474,2156.0691497314065,0.0004558516841372587
470384.0,8,8308085.574742895,-18359984.107052978,16857998.493277032,733.0851099354761,2090.8808943845042,1941.6244386948983,0.00045584523074498066
470984.0,8,8778405.311292378,-17071803.70271273,17954816.829787064,835.6889042715306,2199.2797285695847,1712.0794227824365,0.00045583885369543555
471584.0,8,9311515.376090465,-15725336.568624359,18909844.907436457,941.9500456843957,2285.054116383502,1469.3410466142086,0.0004558325698543653
472184.0,8,9908835.055535054,-14334392.580779847,19715767.676105,1049.2665438927186,2347.4859278373924,1215.4186437764188,0.0004558263887666152
472784.0,8,10570208.128557846,-12913095.833701722,20366501.932072297,1154.999936042281,2386.246717053762,952.4071230542805,0.00045582033878365235
473384.0,8,11293891.427318031,-11475650.380400974,20857239.966637623,1256.5090028249706,2401.3949593688717,682.4609904637649,0.00045581442725132733
473984.0,8,12076572.659639819,-10036108.530330362,21184480.185611278,1351.2102382924168,2393.3745359831064,407.77674311610076,0.00045580866706090893
474584.0,8,12913417.982080156,-8608143.36814759,21346045.464659452,1436.623231476358,2363.0016047216864,130.57117103434834,0.00045580306983394815
475184.0,8,13798147.611371841,-7204830.880718275,21341089.080133837,1510.416262116376,2311.4456712716674,-146.93909596366444,0.0004557976458370046
475784.0,8,14723137.828801991,-5838445.344553056,21170088.608272653,1570.4485803790988,2240.2044438793796,-422.557366036304,0.0004557924039101219
476384.0,8,15679547.16475779,-4520271.506839207,20834828.269769132,1614.808625517416,2151.0731041638683,-694.1257578622254,0.0004557873514093257
476984.0,8,16657464.137658104,-3260436.6860240363,20338370.320492566,1641.8475497200748,2046.1087188692702,-959.5429729826946,0.00045578249416321616
477584.0,8,17646073.577318385,-2067765.4629085623,19685016.19166439,1650.2075330168489,1927.5905873229483,-1216.7808098939256,0.0004557778364435365
478184.0,8,18633838.291186385,-949659.14357947,18880258.16349723,1638.8444990670778,1797.9773669872907,-1463.8992993832246,0.00045577338094943034
478784.0,8,19608692.634329762,87998.33583223633,17930722.415400505,1607.044966275331,1659.8618454762566,-1699.0603774735373,0.0004557691288049518
479384.0,8,20558244.180911086,1040906.6290714722,16844104.56792585,1554.439961058833,1515.9215165344697,-1920.5425935257203,0.0004557655375957578
479984.0,8,21469981.254603125,1906388.2642272115,15629097.299451271,1480.9974020222899,1368.8820590335151,-2126.7414835827876,0.00045576168925956804
480584.0,8,22331479.504752588,2683397.3824558537,14295313.962231519,1387.0398038356363,1221.4541006725053,-2316.1942251078026,0.0004557580383589001
481184.0,8,23130607.8998234,3372502.2477230104,12853205.451336164,1273.2246414197323,1076.2978067111442,-2487.576812896043,0.00045575457993608044
481784.0,8,23855728.17059763,3975839.9448466375,11313973.619473273,1140.5351487281073,935.9758513443624,-2639.7129307886025,0.00045575130762187617
482384.0,8,24495885.373840258,4497045.239654652,9689481.197588688,990.2627416789171,802.9114616069735,-2771.578832485847,0.0004557482136979264
482984.0,8,25040986.475129932,4941155.140444302,7992159.126309209,823.984698183968,679.3494769471554,-2882.3069649201902,0.0004557452891671224
483584.0,8,25481964.233873267,5314491.126982707,6234912.024185655,643.5375623675109,567.3209546361024,-2971.1884284152834,0.0004557425238311041
484184.0,8,25810923.966974217,5624521.310140336,4431022.463555828,450.98678331687256,468.61177547565353,-3037.6743717122363,0.00045573990637406915
484784.0,8,26021271.084556602,5879705.036666192,2594054.668223493,248.59313159939927,384.7356278841173,-3081.376420267204,0.0004557374244521261
485384.0,8,26107817.625532597,6089322.659418822,737758.1908973842,38.776460142915596,316.91167271542895,-3102.066233433059,0.0004557350647874701
485984.0,8,26066866.367147684,6263293.354126242,-1124027.925904715,-175.92260916922868,266.0471171379304,-3099.674280674879,0.00045573281326670347
486584.0,8,25896271.58232278,6411983.76704669,-2977469.863954795,-392.8828852399107,232.72202797433147,-3074.2908027636017,0.0004557306482264726
487184.0,8,25595474.909449477,6546011.880652808,-4808833.321241466,-609.4417823471739,217.193457950415,-3026.151739546163,0.0004557285677546151
487784.0,8,25165517.827238247,6676045.864896696,-6604574.336148651,-822.9384954047916,219.3763678189,-2955.652902351845,0.0004557265491025163
488384.0,8,24609028.538274493,6812605.477494771,-8351429.723954319,-1030.7533868791515,238.8581352019287,-2863.3348236314127,0.00045572457586015645
488984.0,8,23930184.99709203,6965865.763861362,-10036504.403405165,-1230.3482400899238,274.90384333910083,-2749.8815428748762,0.0004557226313154448
489584.0,8,23134654.272068106,7145467.333796574,-11647356.237772683,-1419.3048353216273,326.4693144609141,-2616.116060490896,0.00045572069856584407
490184.0,8,22229509.284012146,7360335.880440861,-13172077.98109672,-1595.3616516979703,392.21882234653117,-2462.995357413151,0.0004557187606306429
490784.0,8,21223124.20406802,7618513.675474301,-14599376.06798378,-1756.4482026509352,470.54722739592944,-2291.6049826451454,0.00045571680056349126
491384.0,8,20125050.0808126,7927005.604776928,-15918645.985625843,-1900.716540971416,559.6062297183425,-2103.1532000940033,0.0004557148015648199
491984.0,8,18945872.535301868,8291642.110975273,-17120043.960798737,-2026.5695005541338,657.3343900100401,-1898.964676271086,0.00045571274709376407
492584.0,8,17697053.611506186,8716961.18481068,-18194554.68310373,-2132.6852761533073,761.4905241956644,-1680.4736820258859,0.0004557106209791973
493184.0,8,16390760.096249409,9206111.297323644,-19134054.769418493,-2218.0379799521324,869.6900358638802,-1449.2167746925793,0.00045570840752946437
493784.0,8,15039680.97088091,9760776.744481847,-19931371.51834309,-2281.911631856221,979.4472649380646,-1206.8230285813358,0.00045570608370373427
494384.0,8,13656835.594903264,10381127.715302087,-20580337.45743366,-2323.920476572098,1088.2019912833641,-955.0130304002782,0.0004557036509972475
494984.0,8,12255378.773452904,11065793.327121738,-21075838.146278184,-2344.00288662658,1193.382970726258,-695.5786955584289,0.00045570108783049026
495584.0,8,10848400.497094164,11811862.32821398,-21413855.866571456,-2342.43151045112,1292.4365976969452,-430.380771885479,0.00045569838148458837
496184.0,8,9448727.800433146,12614908.508472215,-21591506.420381837,-2319.8078087230137,1382.873651154085,-161.33651529831653,0.0004556955202325468
496784.0,8,8068729.887076535,13469042.13299051,-21607069.59852601,-2277.0534766884466,1462.3120270552186,109.5915658671745,0.00045569249343056296
497384.0,8,6720129.967560284,14366986.708117248,-21460012.703767046,-2215.3967046934117,1528.5183873758729,380.4077250987496,0.00045568929160408187
497984.0,8,5413826.875030108,15300180.234154783,-21151006.677078933,-2136.35336913103,1579.448060162807,649.095752898707,0.0004556859065278435
498584.0,8,4159729.4447136866,16258899.699768765,-20681934.37621693,-2041.7033240309192,1613.2825214795503,913.6324985764683,0.00045568233129913093
499184.0,8,2966606.51714724,17232407.17437885,-20055890.567443322,-1933.4620453241887,1628.4637960286925,1172.0021047931666,0.0004556785604033976
499784.0,8,1841955.2496799147,18209115.462314017,-19277173.215230264,-1813.8479644172523,1623.7251301128003,1422.2108990028526,0.00045567458977142884
500384.0,8,791890.194608504,19176770.90316269,-18351265.69265759,-1685.2459137570652,1598.1173197581986,1662.3028618380965,0.00045567041682718717
500984.0,8,-178945.0205721967,20122650.826256603,-17284809.42212471,-1550.1688036291578,1551.0282179021526,1890.375308371607,0.0004556655683032948
501584.0,8,-1067439.6530061457,21033770.966570124,-16085567.616864877,-1411.2084725502382,1482.2064217680659,2104.5962552288197,0.00045566098912593934
502184.0,8,-1872054.1954219062,21897103.061259784,-14762377.870419167,-1271.000470743891,1391.7596325697386,2303.219151110787,0.00045565620918333746
502784.0,8,-2592829.252920391,22699794.770555705,-13325095.976935774,-1132.1714494291198,1280.1664286618156,2484.6005610051084,0.0004556512321357463
503384.0,8,-3231367.3024418373,23429390.733794097,-11784529.428405616,-997.2939728474303,1148.2716067374886,2647.2160848671024,0.0004556460632080136
503984.0,8,-3790786.3254886996,24074049.977893427,-10152361.333238365,-868.8400185554806,997.276893365311,2789.6761628321774,0.0004556407091655223
504584.0,8,-4275645.852051581,24622755.77894593,-8441065.001798306,-749.1356460163647,828.7250036191267,2910.7411960960007,0.00045563517827625115
505184.0,8,-4691846.379595921,25065514.005303912,-6663809.679648278,-640.3177335479177,644.477169499635,3009.3357278706244,0.00045562948025876595
505784.0,8,-5046503.670965166,25393536.084807076,-4834358.067768215,-544.2936775283029,446.6844038582235,3084.5614241084436,0.0004556236262161369
506384.0,8,-5347799.965309393,25599402.94073092,-2966956.4286265755,-462.70491924450926,237.7529110719533,3135.7085960706227,0.0004556176285559754
506984.0,8,-5604814.642743092,25677206.531059645,-1076218.232951675,-396.89511286627,20.3041994790766,3162.2660168936613,0.0004556115008969947
507584.0,8,-5827337.352027439,25622666.001421902,822997.5506575837,-347.88367252852777,-202.8694121119765,3163.9288023822237,0.00045560525796271574
508184.0,8,-6025666.938075852,25433215.932250235,2715711.695347618,-316.3496207269186,-428.8525826301116,3140.6029795331633,0.0004555992603295646
508784.0,8,-6210400.538714765,25108064.51781826,4586955.813493383,-302.60055435429035,-654.6598214789644,3092.413623060084,0.0004555928347226025
509384.0,8,-6392215.218782873,24648220.86984938,6421898.305247599,-306.5913925751954,-877.286227810496,3019.698764316603,0.00045558634340985585
509984.0,8,-6581648.949448705,24056489.561711024,8205976.937682969,-327.9073946043675,-1093.7624882240484,2923.012606127893,0.0004555798042487487
510584.0,8,-6788883.031406035,23337433.314854942,9925026.149280904,-365.77584027256785,-1301.2080091338132,2803.1202451532477,0.0004555732355138484
511184.0,8,-7023531.289107323,22497303.923486296,11565401.833593616,-419.08053284392486,-1496.882816417136,2660.9910503392775,0.0004555666557381064
511784.0,8,-7294440.14457095,21543942.28279329,13114101.95996928,-486.3831332832051,-1678.2369581519076,2497.789522962332,0.00045555973067621205
512384.0,8,-7609502.939477548,20486652.08780573,14558877.914774263,-565.9509523247757,-1842.9558228317164,2314.8640944036297,0.00045555318464164196
512984.0,8,-7975493.72861239,19336043.119572498,15888344.474774579,-655.7904438675655,-1989.0017669387862,2113.7332351049486,0.0004555466830934055
513584.0,8,-8397921.73583008,18103855.73570418,17092074.727810342,-753.6859239136741,-2114.649382562161,1896.0701349729254,0.00045554024397806675
514184.0,8,-8880910.865877712,16802763.7708546,18160688.27987874,-857.2424745775738,-2218.515052378842,1663.685455818328,0.00045553388469926566
514784.0,8,-9427105.902580254,15446162.20114328,19085928.041403186,-963.932190519766,-2299.579675766906,1418.5087381039152,0.00045552762196913863
515384.0,8,-10037607.356692363,14047943.707112884,19860725.370985262,-1071.1384707307684,-2357.2038269878967,1162.569738184331,0.00045552181766612596
515984.0,8,-10711935.10279014,12622266.386041075,20479253.873967297,-1176.2229113330873,-2391.1379578406527,897.9739018092214,0.00045551579489990564
516584.0,8,-11448023.577367255,11183322.316828545,20936969.244053323,-1276.5501149427632,-2401.519769925903,626.8876928009538,0.00045550991330736387
517184.0,8,-12242245.438138345,9745104.352024581,21230638.287707776,-1369.5538282947036,-2388.8702178036556,351.5134051162681,0.0004555041855277261
517784.0,8,-13089465.012436703,8321180.824180457,21358354.470969826,-1452.7804170073832,-2354.079200896762,74.06942119336557,0.00045549862291206626
518384.0,8,-13983119.445323063,6924480.073533878,21319541.36805566,-1523.9338498043157,-2298.3853216006314,-203.2301252506171,0.00045549323544080933
518984.0,8,-14915325.825606233,5567088.987089168,21114944.16374676,-1580.917206197029,-2223.3495470431894,-478.19496141030936,0.00045548803165505525
431984.0,9,4715907.355269061,23375583.971907023,-11715829.747793678,-961.8080176043125,-1141.0049324721158,-2693.131517665533,0.0007570909904125173
432584.0,9,4094772.9641961325,22651079.469734013,-13284917.318582276,-1109.6378814829004,-1270.3772017323195,-2533.6966195825803,0.0007570890211416633
433184.0,9,3383602.8770116204,21855099.507063188,-14752502.413616145,-1261.4877722334763,-1379.0971279800551,-2355.051221816133,0.0007570870534177219
433784.0,9,2580791.4780332483,21000306.555280656,-16107471.009405358,-1414.659172861864,-1466.3306553507055,-2158.588579140473,0.0007570851424653711
434384.0,9,1686372.7964652814,20099754.16081339,-17339585.08485667,-1566.3916213507323,-1531.6087559555704,-1945.831968646107,0.0007570832866840684
434984.0,9,702043.5475490466,19166665.94175788,-18439556.99014204,-1713.9102559411276,-1574.832487117663,-1718.42244184222,0.000757081484056911
435584.0,9,-368842.59617958404,18214213.525597338,-19399116.105327673,-1854.4734648401075,-1596.2717451355077,-1478.105892895196,0.0007570797321671616
436184.0,9,-1521308.9810077837,17255297.283236906,-20211067.259485435,-1985.4162523509542,-1596.5541798699023,-1226.7171268658713,0.0007570782008534395
436784.0,9,-2748818.407399468,16302332.670728948,-20869342.328874283,-2104.209896562507,-1576.6665379690382,-966.1753326081807,0.000757076542124657
437384.0,9,-4043360.845615688,15367047.86018454,-21369040.477164686,-2208.4841605403412,-1537.912686008686,-698.4558593700569,0.0007570749246889493
437984.0,9,-5395567.416164016,14460293.179695442,-21706462.49083848,-2296.0814915777,-1481.9044257142107,-425.58464299979664,0.0007570733447464419
438584.0,9,-6794847.001031704,13591867.58923992,-21879134.99919399,-2365.0903639924904,-1410.5279272293074,-149.6211928481253,0.0007570717982191306
439184.0,9,-8229543.754160109,12770364.154219238,-21885826.07151635,-2413.8778990339897,-1325.9096661564433,127.35628773902327,0.0007570702807816645
439784.0,9,-9687112.793055795,12003037.149634134,-21726551.92768348,-2441.117826133095,-1230.3784961995907,403.2657766469018,0.0007570687878937721
440384.0,9,-11154311.151150573,11295692.918074721,-21402574.792369816,-2445.813351126233,-1126.4244939090731,676.0362212862775,0.0007570673148341009
440984.0,9,-12617400.835392177,10652606.20989332,-20916391.968301468,-2427.3145793154977,-1016.6552574895495,943.6221612282216,0.0007570658567352401
441584.0,9,-14062360.648251295,10076463.315355888,-20271716.247124642,-2385.3302275317915,-903.7503767784144,1204.0181099649662,0.0007570644086196916
442184.0,9,-15475103.299927212,9568332.862302126,-19473447.817840166,-2319.9334486088837,-790.4148161156438,1455.2726236060114,0.0007570629654365519
442784.0,9,-16841694.256478097,9127664.705048889,-18527637.872916237,-2231.561682739304,-679.3319657845295,1695.5019868069394,0.0007570615220986671
443384.0,9,-18148568.78934397,8752316.99840545,-17441444.285227437,-2121.012128314357,-573.1185611669541,1922.9058096283359,0.0007570603596623852
443984.0,9,-19382743.382348627,8438610.292755134,-16223078.925069582,-1989.4235852250788,-474.27344180441924,2135.7702114584736,0.000757058900551002
444584.0,9,-20532018.805329103,8181409.290451341,-14881748.430322316,-1838.267786985385,-385.14316740153913,2332.4944085698085,0.0007570574261770999
445184.0,9,-21585170.4221979,7974229.063170398,-13427587.203813452,-1669.3204979441348,-307.8750516241232,2511.59246070683,0.0007570559316829939
445784.0,9,-22532123.456750486,7809365.136120465,-11871583.903496915,-1484.6348116690492,-244.38120477153961,2671.7065109501764,0.0007570544123592202
446384.0,9,-23364109.945162825,7678044.902248376,-10225501.64092937,-1286.5084246712954,-196.30491158759992,2811.616786021144,0.0007570528636794814
446984.0,9,-24073804.813290536,7570597.904620391,-8501792.384814566,-1077.446815089752,-164.99147431989127,2930.2507555848733,0.0007570512813343926
447584.0,9,-24655438.78104101,7476642.157124246,-6713506.090231026,-860.1229063283746,-151.46401625019098,3026.6913861037874,0.0007570496612638009
448184.0,9,-25104886.161858432,7385283.396787653,-4874195.115808031,-637.3338552762849,-156.40466660424613,3100.1844252364217,0.0007570479996874485
448784.0,9,-25419726.02527644,7285323.930993646,-2997814.532406551,-411.95565575169996,-180.14146607510543,3150.1446536982526,0.0007570462931337608
449384.0,9,-25599275.61907715,7165477.564018494,-1098618.9672526314,-186.89628924986334,-222.64124405784446,3176.161043075896,0.00075704453846654
449984.0,9,-25644595.398735024,7014586.963388866,808943.3336781022,34.95181394586808,-283.5086251288194,3178.0007604824186,0.000757042732909363
450584.0,9,-25558465.3442176,6821839.744400869,2710338.444436488,250.75835782707787,-361.99105274471003,3155.608259788473,0.0007570411029727352
451184.0,9,-25345333.651419837,6576979.507485023,4591056.505445131,457.8053665766206,-456.99084083732646,3109.1216020498487,0.0007570391891009338
451784.0,9,-25011236.61071486,6270508.708516505,6436720.5855096625,653.5263734268885,-567.0814336983997,3038.8505406163636,0.0007570372183742773
452384.0,9,-24563693.46239436,5893878.576203667,8233197.086064341,835.5528563546286,-690.5312496226215,2945.2901633179054,0.0007570351896448562
452984.0,9,-24011576.047441162,5439664.032034097,9966703.941299561,1001.7524817282945,-825.3320173878408,2829.1147136096247,0.0007570331022055628
453584.0,9,-23364956.110316906,4901719.833898862,11623917.11715474,1150.2645172722223,-969.2322681433636,2691.173706933542,0.0007570309557970264
454184.0,9,-22634932.660916336,4275315.247330411,13192074.313731218,1279.5307404477303,-1119.7752641466209,2532.486643025229,0.0007570287506111749
454784.0,9,-21833442.283846967,3557244.7683330383,14659075.025047943,1388.3212749000968,-1274.3407460111757,2354.2363173059125,0.0007570264872913487
455384.0,9,-20973055.599731665,2745912.8176657762,16013576.119301109,1475.7548683528044,-1430.1898048450914,2157.76074799823,0.0007570241669289162
455984.0,9,-20066763.34723953,1841390.7638960853,17245082.1205104,1541.3132165582388,-1584.5121210942227,1944.5437500647176,0.0007570217910563702
456584.0,9,-19127755.76023699,845445.1044447701,18344029.39891809,1584.84903829354,-1734.4747596629375,1716.2042022792743,0.0007570193616369127
457184.0,9,-18169199.056964837,-238463.86771381274,19301863.51289259,1606.5877143072391,-1877.2716723989736,1474.484069452367,0.0007570168810505665
457784.0,9,-17204012.95027161,-1405213.231590352,20111109.07047064,1607.1238031172993,-2010.1772677170018,1221.2365487057057,0.0007570145810783317
458384.0,9,-16244652.876797583,-2648077.2250243304,20765430.978828147,1587.4038137676243,-2130.5778623808137,958.4068322956081,0.0007570120065035571
458984.0,9,-15302901.551149627,-3958816.4648014773,21259687.56950189,1548.7179183206463,-2236.043180926642,688.0242487485796,0.0007570093902179821
459584.0,9,-14389672.171286326,-5327793.5187761495,21589973.84509601,1492.6697100357023,-2324.3533164160317,412.1814928285056,0.0007570067360665474
460184.0,9,-13514828.01911371,-6744113.729772072,21753655.075926255,1421.1486399961152,-2393.542919662329,133.01905402312704,0.0007570040481930194
460784.0,9,-12687021.114643661,-8195788.787237531,21749390.22093796,1336.295595637629,-2441.9369405119933,-147.29206223954424,0.0007570013310078493
461384.0,9,-11913552.918567345,-9669920.261731915,21577144.901668936,1240.463953558099,-2468.1813902383583,-426.5680074278107,0.0007569985891537227
461984.0,9,-11200259.587821506,-11152899.945645086,21238193.746555127,1136.176797821702,-2471.268543182338,-702.6299889978885,0.0007569958274690859
462584.0,9,-10551423.851492546,-12630623.525429334,20735112.02185461,1026.0810715148664,-2450.5560964939286,-973.3222220143892,0.0007569930509499553
463184.0,9,-9969715.096059324,-14088713.855261507,20071756.56722944,912.8994913152856,-2405.7799180695606,-1236.5297561320258,0.0007569902647103398
463784.0,9,-9456158.738521349,-15512749.91502714,19253236.157305557,799.3811007687566,-2337.06013228206,-1490.195999952958,0.0007569874739416203
464384.0,9,-9010135.433180599,-16888497.4210618,18285871.513980884,688.2513666606635,-2244.9004183624074,-1732.3397666540752,0.000756984683871242
464984.0,9,-8629409.85666941,-18202137.244151495,17177145.03043891,582.1596796173362,-2130.176284861804,-1961.0696104778149,0.0007569821292311779
465584.0,9,-8310189.959309578,-19440486.42113724,15935642.090236835,483.6437847482323,-1994.1375379120184,-2174.607830129231,0.0007569793566290506
466184.0,9,-8047212.368845132,-20591210.26140563,14570981.291045481,395.064750775329,-1838.3633791394518,-2371.2921361801323,0.0007569766002023566
466784.0,9,-7833856.098156335,-21643019.39870646,13093737.838402715,318.5773030726616,-1664.7517486720585,-2549.5980055307546,0.0007569738649054096
467384.0,9,-7662280.132355032,-22585849.4793655,11515358.537323227,256.087597857761,-1475.4833667488838,-2708.148672316144,0.0007569711555246868
467984.0,9,-7523583.107788853,-23411020.128040034,9848069.880315678,209.21890093935053,-1272.9847327885363,-2845.726036179457,0.0007569684766410925
468584.0,9,-7407982.066600315,-24111370.41827343,8104779.971884813,179.28244349433135,-1059.8868808620923,-2961.280123168332,0.0007569658325940219
469184.0,9,-7305007.022957524,-24681368.51358482,6298975.179254119,167.25396663219976,-838.9806526433555,-3053.9370228946555,0.0007569632274475254
469784.0,9,-7203707.800935131,-25117193.620180633,4444612.442731922,173.75635646236537,-613.1693091122704,-3123.0052448113615,0.000756960664958852
470384.0,9,-7092869.396101513,-25416788.89990972,2556008.211094359,199.04865461050645,-385.41934567003057,-3167.980455959859,0.0007569581485496232
470984.0,9,-6961231.97664197,-25579884.52140832,647724.9872665902,243.02160822968722,-158.7104012594184,-3188.5485819339874,0.0007569556812798585
471584.0,9,-6797711.577177747,-25607990.567777544,-1265543.522594572,305.19980114904274,64.0148396270207,-3184.5872717139214,0.0007569532658250435
472184.0,9,-6591617.318014815,-25504360.183774643,-3169088.0323318215,384.75032495719324,279.9004087598933,-3156.1705852438895,0.0007569506679385855
472784.0,9,-6332862.739844586,-25273922.970024936,-5048296.81928239,480.4975158421296,486.2221405365463,-3103.547937397021,0.0007569483621866471
473384.0,9,-6012163.841891692,-24923191.966020435,-6888771.3239780385,590.944242844048,680.4364453213918,-3027.1697792658333,0.0007569461137911461
473984.0,9,-5621225.406047366,-24460143.190752342,-8676435.263964241,714.2981518735055,860.2190960452972,-2927.663580798105,0.0007569439237282949
474584.0,9,-5152908.550112257,-23894072.103525244,-10397642.505057046,848.5033250013273,1023.5035065213991,-2805.83253408989,0.0007569417925251511
475184.0,9,-4601378.192567867,-23235428.748569112,-12039280.41526627,991.276350539129,1168.5136197395827,-2662.648133801158,0.0007569397202571393
475784.0,9,-3962227.678928815,-22495634.685671084,-13588868.35303669,1140.1462153965037,1293.7916229437915,-2499.2415523560526,0.0007569377065490583
476384.0,9,-3232578.494331735,-21686884.956206568,-15034650.595112111,1292.4973013981496,1398.2200601190668,-2316.8939119540937,0.0007569357505795195
476984.0,9,-2411153.433221897,-20821938.56029559,-16365683.075355556,1445.6147238649344,1481.03801470897,-2117.0255599255097,0.0007569338510887352
477584.0,9,-1498322.0644508544,-19913901.083977126,-17571913.37391182,1596.7312214782987,1541.8511407794413,-1901.1844567202584,0.0007569320063895503
478184.0,9,-496117.8102478031,-18976003.214120816,-18644253.464951146,1743.074791214325,1580.6354274866649,-1671.0337869718596,0.0007569302143815925
478784.0,9,591773.5580559168,-18021378.9133199,-19574644.799790815,1881.9162606509503,1597.734687745012,-1428.338903800193,0.0007569284725683962
479384.0,9,1760053.5485055223,-17062847.008490484,-20356115.23679242,2010.611214931176,1593.8513045169761,-1174.95403754645,0.0007569270071072721
479984.0,9,3001879.08237316,-16112699.73697368,-20982828.349509664,2126.664165189981,1570.0341800765598,-912.8068020015023,0.0007569253570517433
480584.0,9,4308954.91510944,-15182502.163634863,-21450122.782556523,2227.742730199405,1527.6538460779102,-643.8861301554416,0.0007569237475359762
481184.0,9,5671652.937828746,-14282905.037648909,-21754544.323178098,2311.7362626720574,1468.3801523399275,-370.22590551879694,0.0007569221747013101
481784.0,9,7079153.052016362,-13423474.843776612,-21893868.453981593,2376.787097566067,1394.1507669263951,-93.89060018670085,0.0007569206344171033
482384.0,9,8519604.583287282,-12612543.461217673,-21867114.164396994,2421.3222694728966,1307.1362826612515,183.03961123524573,0.0007569191223118666
482984.0,9,9980305.307553446,-11857079.913554242,-21674548.877351288,2444.0804768906123,1209.701583562614,458.48371676208035,0.0007569176338059937
483584.0,9,11447895.117558291,-11162586.255514672,-21317684.530497782,2444.1338751655057,1104.3641177396319,730.3746293162144,0.0007569161641458579
484184.0,9,12908561.13242868,-10533019.24213291,-20799264.896208614,2420.904363055463,993.7497667201397,996.6737681045321,0.0007569147084390451
484784.0,9,14348250.877909131,-9970739.00315676,-20123244.26731699,2374.174114886605,880.5470342282279,1255.3853844328914,0.0007569132616904852
485384.0,9,15752890.042216713,-9476485.506378792,-19294757.67675353,2304.09020000737,767.4602999083338,1504.5705602221385,0.0007569118188392476
485984.0,9,17108601.243323706,-9049383.144106457,-18320082.85924256,2211.1632225773556,657.1628952925985,1742.3608098712102,0.0007569103747957605
486584.0,9,18401920.41704332,-8686973.31490083,-17206594.17317724,2096.2604552382036,552.2546882809932,1966.9709598619565,0.0007569091541380919
487184.0,9,19620006.053521384,-8385274.5886424035,-15962709.063843185,1960.591150468139,455.2012659148602,2176.7127306579523,0.0007569076923429055
487784.0,9,20750841.16397155,-8138868.762344768,-14597826.358665546,1805.6896682801237,368.3148285796158,2370.005369951749,0.0007569062142861447
488384.0,9,21783419.94440456,-7941012.6478193095,-13122258.524196846,1633.3903299660883,293.6979920403214,2545.387871173804,0.0007569047151372406
488984.0,9,22707919.775398504,-7783772.507145391,-11547156.70634266,1445.7985190718873,233.21102830393852,2701.5293921837347,0.0007569031902210453
489584.0,9,23515854.151206575,-7658179.500078931,-9884429.72228377,1245.257081610317,188.4391037563862,2837.2390911645834,0.0007569016350525522
490184.0,9,24200204.240766954,-7554403.451552331,-8146657.359179505,1034.3087435604548,160.66408849998743,2951.4751082870876,0.0007569000453703734
490784.0,9,24755526.853985015,-7461942.049807096,-6346998.508668604,815.655138428614,150.84141768897325,3043.3526288013536,0.0007568984171687398
491384.0,9,25178036.959750462,-7369822.317954024,-4499094.707775077,592.113095600704,159.58240978077174,3112.1509637520203,0.0007568967467278021
491984.0,9,25465663.30833275,-7266810.9817512315,-2616969.697959758,366.56888934616677,187.14236355618323,3157.319585561213,0.000756895030642011
492584.0,9,25618076.144450992,-7141630.188375704,-714925.6541723518,141.93118770417266,233.41466643567628,3178.483057454723,0.0007568932658463613
493184.0,9,25636686.452218633,-6983174.918529306,1192563.2258022514,-78.91653077790409,297.9310520966144,3175.444798287257,0.0007568914496402967
493784.0,9,25524616.56843344,-6780728.52420489,3090958.793644147,-293.162046150528,379.86931148690064,3148.1859316007026,0.0007568893429890998
494384.0,9,25286642.99097249,-6524171.816655591,4965769.476302825,-498.11577703899894,478.0607947383221,3096.881324630978,0.0007568874176013561
494984.0,9,24929111.17714754,-6204184.236895622,6802658.535483978,-691.2475262545652,591.0165842615952,3021.877421620627,0.0007568854350886282
495584.0,9,24459825.01496765,-5812430.741190266,8587554.495445829,-870.2335382076576,716.9466131005852,2923.705605197701,0.0007568833943924528
496184.0,9,23887911.817918044,-5341733.197469555,10306759.016143087,-1032.9937429091542,853.7905160201035,2803.075740461622,0.0007568812948968564
496784.0,9,23223665.38010097,-4786222.403827522,11947052.895481758,-1177.7263055773424,999.2520644591079,2660.8720103185783,0.0007568791364346077
497384.0,9,22478369.64742117,-4141468.1042205747,13495799.10590747,-1302.9375512495735,1150.8379198098312,2498.1473466690622,0.0007568769192900789
497984.0,9,21664105.960595172,-3404584.601588793,14941042.020530928,-1407.4667125158662,1305.9000707753935,2316.1164631058823,0.0007568746441986475
498584.0,9,20793547.132206574,-2574309.973383514,16271601.994790966,-1490.5050314033983,1461.6812472965548,2116.147508470099,0.0007568723123425928
499184.0,9,19879741.87273302,-1651057.3394666892,17477164.489001855,-1551.6088396000646,1615.3625413203692,1899.7523752340169,0.0007568699253434718
499784.0,9,18935893.273811407,-636937.1102790106,18548362.94528729,-1590.7063432151788,1764.1124150850758,1668.5757120149026,0.0007568674852509906
500384.0,9,17975135.18634606,464250.3540420309,19476854.669489805,-1608.0979474753567,1905.136242009818,1424.382705312115,0.0007568649945284112
500984.0,9,17010310.448852845,1647051.7520004772,20255389.091931034,-1604.4519032244011,2035.7290054789169,1169.0472016101949,0.0007568626851172832
501584.0,9,16053754.566428797,2904426.759265746,20877867.258350614,-1580.7840556303815,2153.3093667351404,904.5315042026813,0.0007568601017418741
502184.0,9,15117089.242181139,4227842.8738341015,21339393.309887957,-1538.4508437595377,2255.4862709101308,632.8794195493687,0.0007568574774149766
502784.0,9,14211028.856216151,5607395.914069248,21636315.520590764,-1479.1162353654424,2340.0881856006713,356.19464670858116,0.0007568548160449448
503384.0,9,13345203.582288094,7031955.793205386,21766257.982922334,-1404.72348550889,2405.2057435998163,76.62524696517929,0.0007568521218325979
503984.0,9,12528002.282282168,8489334.370742239,21728141.949912712,-1317.45974789846,2449.226529524773,-203.65372847586156,0.000756849399238586
504584.0,9,11766437.988767266,9966472.65767793,21522196.685216464,-1219.7162932637252,2470.864762064164,-482.45797210318335,0.0007568466529485036
505184.0,9,11066038.395654213,11449644.149727026,21149959.657649882,-1114.045042549947,2469.1853092732517,-757.6118457457118,0.0007568438878360399
505784.0,9,10430763.330761682,12924670.7566289,20614266.01647429,-1003.1121965014937,2443.6215773824333,-1026.96632350817,0.000756841108924479
506384.0,9,9862950.698471036,14377147.553610383,19919227.3859486,-889.6498020995623,2393.9869267199406,-1288.4167743087592,0.0007568383213468807
506984.0,9,9363291.864818003,15792672.408354426,19070200.1212,-776.4061388727614,2320.479389267129,-1539.9204060433021,0.000756835530305291
507584.0,9,8930836.921250429,17157076.437398285,18073743.270889234,-666.095833211865,2223.679588520125,-1779.5131958268903,0.000756832741029341
508184.0,9,8563029.644434309,18456651.170536194,16937566.492438503,-561.3478866636369,2104.538812786064,-2005.324376443319,0.0007568297223430592
508784.0,9,8255771.942272721,19678368.731396176,15670468.971964268,-464.6691285345089,1964.3755877996725,-2215.5989977492086,0.0007568269525491534
509384.0,9,8003515.477102576,20810090.317123894,14282268.396416524,-378.3818786867578,1804.836265536877,-2408.701384602858,0.0007568241999564402
509984.0,9,7799380.253059405,21840760.380820688,12783722.54587235,-304.59351846551476,1627.8787827170802,-2583.1358299428134,0.0007568214694887615
510584.0,9,7635296.90146844,22760582.329328436,11186442.824032996,-245.15552131192703,1435.7367405589657,-2737.556697617765,0.0007568187658942615
511184.0,9,7502170.470728516,23561172.94207292,9502801.035304213,-201.63013373280296,1230.8814857871944,-2870.7790452814024,0.0007568160937079864
511784.0,9,7390062.6560267275,24235692.785570547,7745830.173824286,-175.2623455027085,1015.9800967541083,-2981.787782792952,0.000756813457216349
512384.0,9,7288389.143773185,24778950.38257893,5929120.123879879,-166.95763919146157,793.8500493039576,-3069.7452936629816,0.0007568108604237521
512984.0,9,7186128.4829838835,25187478.377549984,4066709.2124957596,-177.265897493048,567.4113938514055,-3133.997466395656,0.0007568083070216456
513584.0,9,7072038.702238515,25459580.45283031,2172972.584514288,-206.37172901276767,339.63731500683286,-3174.078102091442,0.0007568058003602619
514184.0,9,6934877.769423823,25595348.282478243,262508.3879408611,-254.09135175745882,113.5039674194332,-3189.7116839961864,0.0007568033434232446
514784.0,9,6763623.943795792,25596648.351870988,-1649977.2372669766,-319.87605119312343,-108.05951378410452,-3180.8145134415954,0.0007568009388053562
515384.0,9,6547691.588555446,25467079.04791017,-3549785.822065028,-402.8234131406564,-322.22040801570773,-3147.4977315208143,0.0007567982959813904
515984.0,9,6277141.79869146,25211898.681816436,-5422339.057627141,-501.68824366937315,-526.2873092275433,-3090.0513144880656,0.0007567960018481401
516584.0,9,5942875.845907371,24837926.444390617,-7253294.87343071,-614.9126104296481,-717.757964221282,-3008.9614133426294,0.0007567937653124228
517184.0,9,5536819.667100333,24353417.33413831,-9028655.149417227,-740.6481005383632,-894.357446795033,-2904.89140422042,0.0007567915872590006
517784.0,9,5052087.121054921,23767914.021908432,-10734873.064751418,-876.7897003411088,-1054.0755169296167,-2778.6789862802625,0.0007567894681226471
518384.0,9,4483123.017177133,23092078.064671718,-12358955.527448358,-1021.0126934672217,-1195.1984999757046,-2631.3285126268947,0.0007567874078863845
518984.0,9,3825823.507842929,22337503.75379775,-13888560.227249093,-1170.8132178062165,-1316.3358547460912,-2464.002170757882,0.0007567859281432524
431984.0,10,-17889123.688574288,-11142686.925967222,16635863.971548388,2042.9284572271372,-54.446447974529065,2163.974039591909,-0.0005884030446920381
432584.0,10,-16617431.17498705,-11199580.17239768,17871016.87833428,2192.8051030990914,-137.58484342481484,1950.6758399190755,-0.0005884000588745735
433184.0,10,-15261682.013311684,-11309919.495131446,18973762.69478042,2322.856872644109,-232.20942874208595,1722.9046150228069,-0.0005883970792126655
433784.0,10,-13834261.053118754,-11479899.592003085,19935903.485274006,2431.5063861791787,-335.9602539240817,1482.287271042942,-0.00058839412172303
434384.0,10,-12348404.533210143,-11714244.321043089,20750244.501176473,2517.4946744155895,-446.30130656834956,1230.5389095924813,-0.0005883912022740586
434984.0,10,-10818002.90179453,-12016113.463092629,21410644.09232936,2579.9007654436255,-560.562238830988,969.453329000225,-0.0005883883364791739
435584.0,10,-9257393.420869332,-12387035.209955072,21912057.802461106,2618.156243032109,-675.9823121481357,700.8931174897978,-0.0005883855395911246
436184.0,10,-7681145.62680718,-12826865.606755486,22250576.4474306,2632.0538094406716,-789.758103360018,426.77662844680884,-0.0005883828694631045
436784.0,10,-6103842.859648354,-13333775.305449016,22423457.73503371,2621.7539498019346,-899.0815288486368,149.07784360800338,-0.000588380254166876
437384.0,10,-4539863.391704751,-13904264.928167019,22429151.430239983,2587.779178281407,-1001.1995095015167,-130.20079408454197,-0.0005883777503422454
437984.0,10,-3003163.8561022603,-14533208.098846959,22267317.68306913,2531.0093381323254,-1093.4520549505005,-409.0296317409018,-0.000588375370776346
438584.0,10,-1507069.0311713386,-15213922.260729738,21938838.068894926,2452.668091140403,-1173.3199539178497,-685.3667166234382,-0.0005883731273968103
439184.0,10,-64070.93234074302,-15938266.341733405,21445819.185235955,2354.3045473198717,-1238.4686459916911,-957.1705981753455,-0.0005883710311815378
439784.0,10,1314359.4830105603,-16696764.057752155,20791588.46126321,2237.769579135558,-1286.7897054506457,-1222.4136297287425,-0.0005883690920730108
440384.0,10,2617944.888476819,-17478751.222303227,19980681.883377228,2105.187070997059,-1316.4392543905567,-1479.0957431415625,-0.0005883673188978359
440984.0,10,3837755.503147221,-18272545.026683263,19018823.358602777,1958.9204367666339,-1325.8726395553979,-1725.2586523263928,-0.0005883657192922121
441584.0,10,4966341.633806281,-19065632.863266155,17912895.467242215,1801.5348214382827,-1313.8747349613107,-1959.0004223740666,-0.0005883642996340723
442184.0,10,5997842.402973649,-19844877.892362755,16670901.398459682,1635.755486733395,-1279.5852717297005,-2178.4903201303187,-0.0005883630649826536
442784.0,10,6928068.542717814,-20596738.20744031,15301917.918202382,1464.422962559318,-1222.5186484745386,-2381.9838401524926,-0.0005883620190262795
443384.0,10,7754557.303833253,-21307496.07692883,13816039.350618688,1290.4482556781309,-1142.5770447784284,-2567.8356601964365,-0.0005883607427977757
443984.0,10,8476599.550515287,-21963493.895142518,12224311.999140395,1116.7530563788123,-1040.0607622395823,-2734.523118230285,-0.000588360079640949
444584.0,10,9095234.135304298,-22551372.09222144,10538661.095150743,946.2352501741259,-915.6642867485916,-2880.6480775614564,-0.0005883596076295662
445184.0,10,9613215.25079802,-23058305.896031875,8771807.121360507,781.7078923872132,-770.4733159955528,-3004.9597540079862,-0.0005883593246367724
445784.0,10,10034947.851703115,-23472236.046059478,6937174.86423998,625.8520749377183,-605.9506817924519,-3106.366108541027,-0.000588359227053183
446384.0,10,10366394.04074682,-23782089.53593321,5048794.283478376,481.1687972297452,-423.91617221815795,-3183.9465069693797,-0.0005883593097990902
446984.0,10,10614951.284163915,-23977986.199574627,3121194.0567521034,349.9334090336688,-226.51958094985275,-3236.9632580365665,-0.0005883595663493651
447584.0,10,10789304.271563092,-24051427.154833112,1169288.5466720802,234.15354665568384,-16.207309962252566,-3264.8717999699393,-0.0005883599887713293
448184.0,10,10899252.781233385,-23995461.35829859,-791740.9223631963,135.53145000565564,204.31700268978022,-3267.3293095562676,-0.0005883605677757225
448784.0,10,10955518.431351844,-23804826.8529417,-2746569.453760545,55.43149144794438,432.1372147175921,-3244.2015186524004,-0.0005883612927807188
449384.0,10,10969533.675869167,-23476063.703752562,-4679855.484600982,-5.146332784284141,664.1740186051522,-3195.5675409643786,-0.0005883621519887714
449984.0,10,10953216.82686704,-23007596.110226754,-6576369.945010779,-45.58630079322734,897.2380091749703,-3121.7225369604616,-0.0005883631324758676
450584.0,10,10918737.583219483,-22399781.423004303,-8421126.842222467,-65.66952738354894,1128.0862789605485,-3023.176010008064,-0.000588363797598235
451184.0,10,10878275.438979443,-21654926.684243683,-10199510.767316984,-65.58001606763924,1353.476783507102,-2900.6579921918287,-0.0005883649777887446
451784.0,10,10843780.49737745,-20777267.328277618,-11897407.14361027,-45.900966599124104,1570.2308826925996,-2755.1022593901007,-0.0005883662347980227
452384.0,10,10826735.093516078,-19772914.157073736,-13501324.678410107,-7.605323558113469,1775.2876901385714,-2587.6475033393062,-0.0005883675523120943
452984.0,10,10837925.266434705,-18649765.0106438,-14998514.72196055,47.96236100825695,1965.7602523748174,-2399.625883392675,-0.0005883689134946784
453584.0,10,10887224.984158712,-17417384.282527648,-16377083.877637595,119.11121033907216,2138.987977880786,-2192.5512629278796,-0.0005883703011314214
454184.0,10,10983397.642687,-16086852.18555515,-17626098.82512025,203.83618093974246,2292.5849266588025,-1968.1052383662616,-0.0005883716977784843
454784.0,10,11133918.777874984,-14670586.579745132,-18735682.094467413,299.85645334116975,2424.4829342317435,-1728.1211476976073,-0.0005883730859137873
455384.0,10,11344823.496402804,-13182140.753861055,-19697097.65825707,404.6592651426988,2532.9686587648916,-1474.5662883977648,-0.0005883744480891631
455984.0,10,11620581.61690088,-11635981.054050682,-20502825.36125079,515.5482683117601,2616.7137799470456,-1209.5226116625643,-0.000588375767081652
456584.0,10,11964002.928599747,-10047248.663763288,-21146623.378195368,629.6953898329831,2674.7977388808367,-935.1661896423583,-0.0005883770260421885
457184.0,10,12376174.338477625,-8431510.148350194,-21623578.075544253,744.1950997340127,2706.7225842748676,-653.7457738446449,-0.0005883782086399809
457784.0,10,12856429.941870915,-6804501.612552237,-21930140.787908338,856.1197610399796,2712.4224530256815,-367.56367479915724,-0.0005883793437908613
458384.0,10,13402354.799254829,-5181871.090893066,-22064151.53767533,962.5761404193715,2692.2509591746234,-78.9420625630218,-0.0005883803276582094
458984.0,10,14009821.261993846,-3578924.9705330767,-22024849.252431214,1060.7585185766623,2646.9883025348445,209.78229029228484,-0.0005883811906172429
459584.0,10,14673057.981975032,-2010381.6648570006,-21812868.87240656,1148.0023325901357,2577.8127869823275,496.2909195164115,-0.0005883819197124801
460184.0,10,15384749.292895969,-490138.41730859224,-21430225.691982184,1221.83319527463,2486.2789660493067,778.3020113678391,-0.0005883825031123053
460784.0,10,16136163.054772098,968945.2026221342,-20880287.35974376,1280.0121638403662,2374.286317910427,1053.5905345701253,-0.0005883829301985722
461384.0,10,16917304.23469337,2355243.217606266,-20167734.19461686,1320.5761166006123,2244.041983769119,1320.007184533883,-0.0005883831916438117
461984.0,10,17717091.08332494,3658535.271551336,-19298508.580188684,1341.8725506016042,2098.0184167645166,1575.495945572263,-0.0005883832794756197
462584.0,10,18523550.395189933,4870151.995192431,-18279754.30160199,1342.588251576931,1938.9068659577486,1818.1101160995254,-0.000588383187127997
463184.0,10,19324028.053523384,5983091.501391275,-17119746.768923048,1321.7714317581258,1769.5676718115574,2046.0266818249713,-0.0005883829094795925
463784.0,10,20105410.85958855,6992105.394587705,-15827815.127657054,1278.84707645266,1592.978376335304,2257.5589613746465,-0.0005883824428789686
464384.0,10,20854355.53152216,7893753.279427158,-14414257.291812142,1213.6253829585557,1412.1806540199625,2451.1674863774406,-0.0005883817851571615
464984.0,10,21557520.69679094,8686425.659238182,-12890248.717492046,1126.3045877420363,1230.2200512953366,2625.46862850843,-0.0005883805130557391
465584.0,10,22201798.000113137,9370333.541526763,-11267747.345838854,1017.4601079842203,1050.1213885571292,2779.243993386353,-0.0005883794720781096
466184.0,10,22774537.699583057,9947469.989865398,-9559392.33568178,888.0422354617622,874.7962007266281,2911.442926489945,-0.0005883782423194418
466784.0,10,23263765.94032132,10421539.006679803,-7778401.972831184,739.3515489490183,707.0220548409222,3021.1888146458355,-0.0005883768274316413
467384.0,10,23658389.37277482,10797857.64920154,-5938468.526977608,573.0173286191828,549.3905001673384,3107.7810620853916,-0.0005883752324388371
467984.0,10,23948384.193480693,11083231.918412851,-4053652.1429911414,390.96900046218514,404.2657961438738,3170.6962435341716,-0.0005883734636853852
468584.0,10,24124966.64390491,11285809.168784153,-2138274.39325572,195.40304707627115,273.74808997639184,3209.5879651950827,-0.0005883715287756437
469184.0,10,24180742.42716621,11414909.85286444,-206812.23965300826,-11.253978259365908,159.64151662877725,3224.285552931162,-0.0005883694365062931
469784.0,10,24109832.896881722,11480841.672387503,1726206.9162271658,-226.38566428131378,63.42759884609018,3214.7916869657665,-0.0005883671967919688
470384.0,10,23907976.283467345,11494699.40815865,3646308.485819823,-447.22849043939425,-13.755768947884917,3181.2790990244803,-0.0005883648205849439
470984.0,10,23572602.643820178,11468153.845620023,5539171.708014045,-670.9164110791362,-71.12956011998926,3124.0864415549486,-0.0005883623197895705
471584.0,10,23102881.64391759,11413233.303507604,7390727.947840187,-894.5265746901168,-108.28297319882995,3043.713430006218,-0.000588359707172154
472184.0,10,22499742.80177132,11342101.240057766,9187255.823219473,-1115.1259232869315,-125.17805714536371,2940.818386209815,-0.000588356574359994
472784.0,10,21765867.582421128,11266833.889961816,10915472.951440774,-1329.8153294782026,-122.1425806993991,2816.2000937811963,-0.0005883537795395978
473384.0,10,20905654.971710164,11199200.418198243,12562623.793388683,-1535.77740579375,-99.86908791564451,2670.809317440402,-0.0005883509154090235
473984.0,10,19925159.699618984,11150450.21828834,14116563.30507966,-1730.3181451895077,-59.3964123603223,2505.7298200757873,-0.000588347997209767
474584.0,10,18832005.258229494,11131109.737534504,15565836.36101933,-1910.908835921672,-2.0919845815665212,2322.1739732958386,-0.0005883450405468177
475184.0,10,17635272.786667977,11150792.216394722,16899752.55296272,-2075.224829937381,70.37204096093842,2121.4750043293725,-0.0005883420612829858
475784.0,10,16345367.641222298,11218023.16013745,18108456.190263845,-2221.181132018586,156.04724757730287,1905.078886519225,-0.0005883390754322785
476384.0,10,14973865.71213868,11340084.171691526,19182991.29609659,-2346.9643340134844,252.74159077304603,1674.53587783776,-0.0005883360990527277
476984.0,10,13533341.818813547,11522877.510156514,20115361.395453695,-2451.0604634578767,358.05574483019586,1431.4917022988175,-0.0005883331481390576
477584.0,10,12037182.757047765,11770813.449644873,20898583.88671495,-2532.278363515641,469.42265987323367,1177.678361156344,-0.0005883302385155813
478184.0,10,10499387.784273699,12086722.200210687,21526738.7796572,-2589.7682714989733,584.1497901401053,914.9045545902432,-0.0005883273857297184
478784.0,10,8934359.509728165,12471791.818681868,21995011.570146848,-2623.0353164000044,699.4634199914765,645.0456903877853,-0.0005883246049465374
479384.0,10,7356688.267337926,12925533.191201499,22299729.99348232,-2631.9467571582964,812.5537509800379,370.03277450885247,-0.0005883214884483336
479984.0,10,5780933.514497042,13445772.736715436,22438394.50966518,-2616.7385612443245,920.6244794016695,91.84416898273976,-0.0005883188950206183
480584.0,10,4221404.527685791,14028673.328660507,22409701.879472222,-2578.0067270714803,1020.9353968791886,-187.50966732138608,-0.0005883164157702702
481184.0,10,2691945.4771976466,14668783.083726937,22213562.093795218,-2516.702760255624,1110.851641931668,-465.995540820296,-0.0005883140633149884
481784.0,10,1205726.6583640166,15359111.763725463,21851107.925542776,-2434.1186678033987,1187.8882813284665,-741.5705308337282,-0.0005883118493940024
482384.0,10,-224954.09500395693,16091233.805014867,21324696.961790774,-2331.867484646743,1249.7537506946726,-1012.1948952193189,-0.0005883097847787227
482984.0,10,-1588856.7370818816,16855416.68652636,20637905.78690857,-2211.8585291846357,1294.3907667735175,-1275.845472268475,-0.0005883078791880776
483584.0,10,-2875967.998375225,17640772.921523742,19795516.02239347,-2076.2676550210444,1320.014031159026,-1530.5295487459268,-0.0005883061412092156
484184.0,10,-4077651.1408594474,18435433.555952996,18803491.94975532,-1927.5028484968955,1325.1440644869472,-1774.299146190711,-0.0005883045782242869
484784.0,10,-5186773.817187595,19226740.667947065,17668949.475007482,-1768.1656052266505,1308.6365400303648,-2005.2656579288534,-0.0005883031963440525
485384.0,10,-6197811.653486329,20001455.995506845,16400116.238329068,-1601.0086023504634,1269.706527473778,-2221.614748092625,-0.0005883020003490836
485984.0,10,-7106925.507118916,20745982.47998987,15006282.731158284,-1428.8902649743554,1207.9471122604195,-2421.621401821107,-0.0005883009936393308
486584.0,10,-7912010.464130122,21446595.11495835,13497744.348381234,-1254.7330562686316,1123.3394338011763,-2603.662565553426,-0.0005882997349809152
487184.0,10,-8612716.914371893,22089677.834068544,11885734.4449543,-1081.4494187784069,1016.2691260178282,-2766.2417797054086,-0.0005882991115248531
487784.0,10,-9210439.085873593,22661961.3531464,10182348.361208737,-911.9279863496056,887.5093707926649,-2907.989254748471,-0.0005882986789016264
488384.0,10,-9708275.67304043,23150759.087906353,8400458.958018545,-748.9588599006443,738.2245092185876,-3027.68566434559,-0.0005882984346768463
488984.0,10,-10110959.34640808,23544196.177872475,6553623.712040368,-595.1901480675233,569.9524555743825,-3124.2731160828994,-0.0005882983749350504
489584.0,10,-10424757.244637538,23831427.668681554,4655984.024301247,-453.0802864981681,384.5831098239264,-3196.867601145253,-0.0005882984942945104
490184.0,10,-10657343.57237509,24002841.91454753,2722157.534568232,-324.85308909456694,184.33009609559508,-3244.7702648666345,-0.000588298807766447
490784.0,10,-10817646.507508826,24050244.027482957,767123.0821561422,-212.45663133109724,-28.30408083425698,-3267.4773290022076,-0.0005882992634680102
491384.0,10,-10915671.245991202,23967018.69168582,-1193897.9463170797,-117.52638529960814,-250.56830429808974,-3264.688285568913,-0.0005882998736688682
491984.0,10,-10962302.961603642,23748265.083098892,-3145566.575872448,-41.354032657876814,-479.50876213808226,-3236.312363128009,-0.0005883006275283217
492584.0,10,-10969092.580829157,23390903.8589314,-5072553.542042206,15.13776897245043,-712.0190863720115,-3182.472910140441,-0.0005883015130073957
493184.0,10,-10948029.435685951,22893752.691457484,-6959668.755382613,51.41386028086049,-944.8940690827231,-3103.5095955186325,-0.0005883025169605969
493784.0,10,-10911305.275373766,22257568.178472534,-8791991.766854553,67.33620556309734,-1174.8866310297947,-2999.9752622028027,-0.000588303521947064
494384.0,10,-10871072.166044865,21485056.221767254,-10554999.34340921,63.174042764188926,-1398.7625556572832,-2872.6454214843084,-0.000588304651194905
494984.0,10,-10839203.820328105,20580841.939468965,-12234695.013343219,39.590114869714625,-1613.3628675695109,-2722.4952279002587,-0.0005883058539333049
495584.0,10,-10827058.347013446,19551410.82756132,-13817730.350219129,-2.3647432166631006,-1815.6578904738326,-2550.7039649812423,-0.0005883071137280921
496184.0,10,-10845252.119451933,18405013.30942163,-15291523.266672378,-61.27268179010275,-2002.8029210716866,-2358.6421504394407,-0.0005883084136522175
496784.0,10,-10903447.201492572,17151537.849673357,-16644369.131684836,-135.37557413561785,-2172.1898961861793,-2147.85930568526,-0.0005883097364310302
497384.0,10,-11010156.885983316,15802354.344884021,-17865543.832781736,-222.60851050381962,-2321.4947018643757,-1920.0695531343504,-0.0005883110645915608
497984.0,10,-11172573.20319748,14370130.727285948,-18945397.54572945,-320.63937401722546,-2448.719119826982,-1677.135237414287,-0.0005883123806141042
498584.0,10,-11396419.805938981,12868626.282575307,-19875438.108522274,-426.913680067153,-2552.2265268989245,-1421.0488084316964,-0.0005883136670843438
499184.0,10,-11685833.10774057,11312465.667040119,-20648403.05291832,-538.7037380052064,-2630.770607593018,-1153.9132398682846,-0.0005883149068442545
499784.0,10,-12043273.95477685,9716897.99994269,-21258319.521151226,-653.1610965504926,-2683.5165042074136,-877.9212847818109,-0.0005883160831400368
500384.0,10,-12469471.467071744,8097545.694519572,-21700551.482795127,-767.3711652728592,-2710.054007253221,-595.3338896673771,-0.0005883171797654055
500984.0,10,-12963399.83583682,6470148.188938614,-21971833.830575347,-878.4111743560431,-2710.4057089146395,-308.45951476467303,-0.0005883186022639001
501584.0,10,-13522289.288640594,4850303.709181135,-22070293.288095795,-983.3966629738982,-2685.0111672524376,-19.626419006149494,-0.0005883194941126971
502184.0,10,-14141668.734983161,3253217.887446526,-21995456.003733832,-1079.5490050742605,-2634.73491177084,268.8316425481643,-0.0005883202622784449
502784.0,10,-14815441.327783044,1693459.3910403466,-21748241.905222926,-1164.2386961413174,-2560.8346116920993,554.6020530047064,-0.0005883208940295371
503384.0,10,-15535989.858475918,184729.84460177552,-21330946.50288446,-1235.0360464495288,-2464.9382839144746,835.4130592982765,-0.0005883213777778337
503984.0,10,-16294310.111094255,-1260348.7452048426,-20747210.43879887,-1289.7555095922153,-2349.0116881485574,1109.0536770895258,-0.0005883217031657488
504584.0,10,-17080169.343053374,-2630425.2626709808,-20001977.4997434,-1326.4949675859586,-2215.319951673313,1373.3923654971213,-0.0005883218611408373
505184.0,10,-17882286.66952163,-3915586.255035625,-19101441.878421582,-1343.669313116878,-2066.384288613155,1626.3942853190779,-0.0005883218440174998
505784.0,10,-18688531.773752768,-5107495.542787383,-18052985.565146744,-1340.037809508845,-1904.9347508512965,1866.1369938875077,-0.0005883216455256126
506384.0,10,-19486138.096085742,-6199504.581062738,-16865106.82699197,-1314.7248536994648,-1733.8599943678405,2090.824469667939,-0.0005883212608460714
506984.0,10,-20261926.471109666,-7186732.079121651,-15547340.783646274,-1267.2339126280717,-1556.1550665794803,2298.799398824626,-0.0005883206866334018
507584.0,10,-21002535.08500375,-8066111.985610772,-14110173.119639175,-1197.45454509016,-1374.8682185987732,2488.553693051984,-0.000588319921025737
508184.0,10,-21694651.51912131,-8836409.442152943,-12564948.074556278,-1105.665857845363,-1193.0393405070095,2658.7380641058953,-0.0005883193599015822
508784.0,10,-22325243.37653829,-9498205.598663846,-10923771.226513706,-992.5161269917131,-1013.6810982515367,2808.165826078201,-0.0005883182114190091
509384.0,10,-22881782.057091102,-10053850.537524518,-9199409.312404454,-859.0315527871037,-839.6786974213303,2935.8229687360717,-0.0005883168747831785
509984.0,10,-23352457.947070755,-10507387.75233771,-7405186.552775949,-706.5821758816769,-673.775164110381,3040.8688335536563,-0.0005883153539339458
510584.0,10,-23726382.057393674,-10864450.405919787,-5554879.448857848,-536.861287185544,-518.5187112984036,3122.6391309945925,-0.0005883136541734402
511184.0,10,-23993771.491517637,-11132132.193143554,-3662610.537523464,-351.855892315495,-376.22233479470015,3180.64681912275,-0.0005883117821122979
511784.0,10,-24146115.819215007,-11318835.27714081,-1742741.9662693758,-153.81276952446296,-248.9279635927378,3214.58171401455,-0.0005883097456078261
512384.0,10,-24176321.895046577,-11434098.170409165,190230.3772302445,54.79923406416049,-138.3756179140962,3224.3089515931424,-0.0005883075536948734
512984.0,10,-24078835.058892347,-11488406.678293752,2121781.516577985,271.3299926423508,-45.97793323346764,3209.866419806385,-0.0005883052165101652
513584.0,10,-23849735.069566883,-11492991.211341558,4037460.2241627187,492.9912846013707,27.199684795976964,3171.461276065606,-0.0005883027452108397
514184.0,10,-23486805.5443223,-11459613.906401016,5922989.516734024,716.9016667778375,80.45310000546601,3109.465658064958,-0.0005883001518878846
514784.0,10,-22989576.100580335,-11400349.076044668,7764364.343959806,940.1323407080313,113.44759188685839,3024.411687040231,-0.0005882974494751408
515384.0,10,-22359336.97266403,-11327360.451939043,9547945.989611294,1159.7542223749124,126.22053735986765,2916.9874208023416,-0.0005882950479588407
515984.0,10,-21599125.238470808,-11252679.264489472,11260553.219970899,1372.880092649776,119.1760182274686,2788.024450783506,-0.0005882921691816818
516584.0,10,-20713685.15164731,-11187985.30357003,12889549.031192595,1576.714933143427,93.0783742405797,2638.5005861411278,-0.0005882892242105262
517184.0,10,-19709400.875711314,-11144396.098937044,14422923.623895666,1768.5953238800848,49.03549435013929,2469.5265932502875,-0.0005882862283720172
517784.0,10,-18594204.469631776,-11132266.10179251,15849372.847598935,1946.031319797092,-11.520634808723344,2282.3402793222513,-0.0005882831973345303
518384.0,10,-17377460.046516556,-11160999.42238762,17158372.028168634,2106.7446068880076,-86.85877378251462,2078.2986652785926,-0.0005882801470022617
518984.0,10,-16069826.017588563,-11238878.858476894,18340244.95424837,2248.70337813814,-174.97778210873958,1858.869804456409,-0.0005882770934084503
431984.0,11,18079426.834385384,-3645028.876847348,-19031775.322189372,-1197.9052084038208,2118.421522514678,-1546.7604293409681,-0.00036302312775679985
432584.0,11,17365755.074110538,-2333403.3249232993,-19885311.705807477,-1177.7311197061322,2251.4372665796163,-1296.6065576891622,-0.00036301591691890924
433184.0,11,16669625.158300169,-946537.389615682,-20585673.404995296,-1139.7240020453564,2368.854529585666,-1036.5160613832795,-0.00036300869275778484
433784.0,11,16001249.797593864,505550.2229799526,-21127503.30359887,-1085.5582072721102,2468.5117007241934,-768.5084326916424,-0.00036300145207575997
434384.0,11,15369753.222205004,2011621.870203584,-21506674.475660954,-1017.1807266564904,2548.5117861600625,-494.6632115284535,-0.00036299419180471333
434984.0,11,14783018.261385255,3559389.8432084275,-21720321.05126094,-936.7750587180577,2607.255578454462,-217.1032086593152,-0.0003629869090299635
435584.0,11,14247556.369288454,5135703.574689213,-21766858.96020567,-846.721000890449,2643.4696254357577,62.022556589260354,-0.00036297960101288045
436184.0,11,13768402.74635034,6726752.575444365,-21645996.535772715,-749.5530330051895,2656.2308527752875,340.557437629802,-0.0003629723289110473
436784.0,11,13349038.790842578,8318277.743291533,-21358734.363764875,-647.9062945330567,2644.973549077122,616.348648554097,-0.0003629650314536084
437384.0,11,12991341.956946496,9895796.578529462,-20907355.854415238,-544.4808515435817,2609.51297279647,887.2729480400619,-0.0003629577018023195
437984.0,11,12695565.440345256,11444826.79446075,-20295406.93995481,-441.98474779179514,2550.039737237149,1151.2474169145635,-0.0003629503381152802
438584.0,11,12460346.714089908,12951112.608566476,-19527666.254680965,-343.08737527672156,2467.1189539093275,1406.2471692906881,-0.00036294293881460944
439184.0,11,12282745.160289237,14400846.817772496,-18610105.74941699,-250.37159604862222,2361.6807136290436,1650.3209730379008,-0.00036293550259811487
439784.0,11,12158307.956229154,15780885.32050498,-17549842.1633719,-166.28754939016585,2235.0043337114575,1881.6061555158692,-0.0003629280284487585
440384.0,11,12081162.96482674,17078950.435050413,-16355079.804279815,-93.10894484955156,2088.696674810857,2098.3426820160707,-0.00036292051564186165
440984.0,11,12044136.914055798,18283819.573306292,-15035045.151471676,-32.89259135393945,1924.6649324189275,2298.886305173112,-0.00036291296375001166
441584.0,11,12038896.718144823,19385496.096918453,-13599913.854526158,12.558150255074906,1745.0844009587831,2481.720694984786,-0.0003629053726456535
442184.0,11,12056111.402115818,20375359.503754586,-12060730.75205556,41.72537804007084,1552.3617913124458,2645.4684708065106,-0.00036289774250136616
442784.0,11,12085631.746952847,21246292.460513387,-10429323.580763727,53.40359369964153,1349.0947542372078,2788.9010685622393,-0.0003628900737878444
443384.0,11,12116684.447640942,21992782.35320282,-8718211.139091203,46.72484913726635,1138.027951352573,2910.9460401097967,-0.00036288195724918683
443984.0,11,12138077.397447981,22610997.29823096,-6940506.054574994,21.159404270484174,922.0083639244408,3010.6998693629585,-0.00036287421375874075
444584.0,11,12138412.932978513,23098831.335592482,-5109815.108640408,-23.4521733176598,703.9365228417582,3087.425843661927,-0.00036286643483969506
445184.0,11,12106304.137983773,23455923.802160338,-3240134.033064297,-86.9108690311864,486.7189864138147,3140.5643617110095,-0.00036285862209246714
445784.0,11,12030591.829305427,23683648.270066734,-1345741.1678900598,-168.6583431563297,273.2202045786935,3169.734983127734,-0.00036285077737294093
446384.0,11,11900557.773852028,23785073.15720875,558910.8941976741,-267.78603141694725,66.21536753824626,3174.7385458917465,-0.00036284290277797433
446984.0,11,11706130.626516616,23764894.472836323,2459304.556706712,-383.05022860111444,-131.65506190227302,3155.557962333208,-0.00036283500062917644
447584.0,11,11438081.072464073,23629341.93437121,4340966.560938775,-512.8928778332527,-317.9283807548169,3112.3577092378277,-0.0003628270734550841
448184.0,11,11088202.852737224,23386060.1325183,6189576.631053283,-655.4676960410338,-490.3595370410501,3045.482035041769,-0.000362819123971875
448784.0,11,10649476.601338869,23043966.831806943,7991074.649464737,-808.6711811280493,-646.957230029254,2955.451913760585,-0.0003628111550627626
449384.0,11,10116213.7201614,22613090.866607197,9731765.610207342,-970.1779694623733,-786.0156356926325,2842.960781279782,-0.000362803169756226
449984.0,11,9484177.859988203,22104392.42279083,11398421.62276961,-1137.4799445224514,-906.1412479452772,2708.8690949856236,-0.00036279517120323
450584.0,11,8750681.32001526,21529568.83300668,12978380.965345258,-1307.9281305443271,-1006.2776125689741,2554.197729983291,-0.00036278675013452994
451184.0,11,7914658.653466459,20900848.95244869,14459639.27663587,-1478.7786231291525,-1085.7084144795567,2380.12048002558,-0.00036277873491708386
451784.0,11,6976706.273507613,20230779.927150443,15830942.88772479,-1647.2366690593576,-1144.0865856684827,2187.955135732777,-0.0003627707164123216
452384.0,11,5939100.732653658,19532009.873156242,17081869.637528263,-1810.5053486295412,-1181.4255193732583,1979.1539963546543,-0.00036276269801881623
452984.0,11,4805785.343909532,18817069.90878217,18202906.959669188,-1965.8323935356723,-1198.1000471399682,1755.2932740319814,-0.00036275468313431183
453584.0,11,3582329.292072499,18098159.399328146,19185522.70242387,-2110.5567529746486,-1194.8381857439877,1518.0616932727573,-0.0003627466751304035
454184.0,11,2275859.2265381496,17386937.96846477,20022228.850937176,-2242.153722339158,-1172.7069566069845,1269.248314335722,-0.0003627386773273961
454784.0,11,894964.4283388285,16694327.76656163,20706637.71860772,-2358.277889805173,-1133.0925117118654,1010.729651433297,-0.00036273069296951425
455384.0,11,-550422.9210159983,16030329.316132426,21233510.218745,-2456.803189927124,-1077.6748913672407,744.4561600567536,-0.00036272272520063495
455984.0,11,-2049170.4304240425,15403854.031432658,21598795.873075265,-2535.8593980352452,-1008.3978258289382,472.4381712541524,-0.0003627147770407102
456584.0,11,-3589108.830505535,14822576.23637068,21799664.26052093,-2593.8644542204756,-927.4340735387508,196.73135437724196,-0.00036270685136304736
457184.0,11,-5157213.281072619,14292807.186248224,21834527.65805207,-2629.5520703255643,-837.1468624291788,-80.57820634465993,-0.00036269895087260695
457784.0,11,-6739799.157772809,13819393.329552,21703054.617229655,-2641.9955709962474,-740.0489923835651,-357.3861711717899,-0.000362690668368598
458384.0,11,-8322732.1675134385,13405639.962609436,21406174.62709523,-2630.6191044570837,-638.7546302039059,-631.5975442452749,-0.00036268282570316466
458984.0,11,-9891642.0532126,13053263.215012804,20946073.193874653,-2595.2169128803584,-535.9389356184452,-901.1240500056681,-0.00036267501511997295
459584.0,11,-11432145.384472705,12762368.9500922,20326177.802494302,-2535.952720228678,-434.2867172733045,-1163.911691661685,-0.00036266723845855775
460184.0,11,-12930067.50315734,12531460.78070105,19551134.649944402,-2453.3597314858025,-336.445876838579,-1417.9531967001053,-0.0003626594973022468
460784.0,11,-14371662.163471678,12357476.390572203,18626776.18073695,-2348.3330706602283,-244.98033805670389,-1661.3032415696025,-0.0003626517929656425
461384.0,11,-15743824.831579655,12235851.733009696,17560079.600251,-2222.1160992900604,-162.3243015949554,-1892.0933558518348,-0.0003626441264840666
461984.0,11,-17034296.03178758,12160612.077889903,16359116.580550503,-2076.2808130795374,-90.73861248911044,-2108.5463920591915,-0.0003626364986050642
462584.0,11,-18231851.27226721,12124488.414326038,15032994.441261942,-1912.702615984977,-32.26999853136431,-2308.990445717602,-0.000362628909782048
463184.0,11,-19326474.289174955,12119057.273192257,13591789.15755371,-1733.5298693802704,11.28610369806529,-2491.8721098961373,-0.0003626213601701523
463784.0,11,-20309510.611561403,12134901.618858265,12046470.617534516,-1541.148707108276,38.41847300670838,-2655.7689489899294,-0.00036261384962434697
464384.0,11,-21173798.767320864,12161790.080582738,10408820.621705696,-1338.1436935043027,47.92818269989857,-2799.401078491911,-0.00036260637769984885
464984.0,11,-21913777.05624355,12188871.47758783,8691344.085050583,-1127.2554670413488,38.94678489259536,-2921.641751611002,-0.00036259853158384167
465584.0,11,-22525562.525397226,12204881.3169951,6907174.858177195,-911.3334532154466,10.971478935386358,-3021.526762179081,-0.0003625911345544063
466184.0,11,-23007004.42733928,12198356.218048973,5069974.421883266,-693.290301514516,-36.15161352614473,-3098.262832257825,-0.0003625837730585288
466784.0,11,-23357706.157006014,12157853.653212445,3193828.10527522,-476.05198363711963,-102.20452165121083,-3151.234463189971,-0.00036257644550136007
467384.0,11,-23579019.003696244,12072171.932816556,1293136.2516818936,-262.50885573589903,-186.60406492778156,-3180.009548658743,-0.0003625691500247516
467984.0,11,-23674006.245082997,11930567.16720792,-617497.2900870612,-55.46704427138707,-288.41030795727715,-3184.3435063682628,-0.0003625618845211835
468584.0,11,-23647378.19516724,11722964.012664726,-2523377.5464259353,142.3984487114801,-406.3418017839706,-3164.1823804801465,-0.00036255411004430127
469184.0,11,-23505400.62199486,11440151.848677004,-4409837.819153,328.5900273117769,-538.7946756490617,-3119.662024894553,-0.0003625468973040384
469784.0,11,-23255774.57706499,11073974.137316264,-6262347.491387122,500.82762908424763,-683.8720666652832,-3051.1104075741437,-0.0003625397068865861
470384.0,11,-22907494.69479439,10617492.797766726,-8066630.761196279,657.0880812250579,-839.4142266275151,-2959.043654787361,-0.0003625325358644551
470984.0,11,-22470684.472054467,10065135.50456316,-9808777.77080018,795.6385252959856,-1003.0357322646778,-2844.1628251896927,-0.0003625253811582207
471584.0,11,-21956413.0965755,9412818.946223583,-11475354.177803138,915.0650338485239,-1172.1663373106312,-2707.348653722071,-0.0003625182395605109
472184.0,11,-21376496.67449342,8658046.88297992,-13053506.591691073,1014.2945949851663,-1344.0915195183904,-2549.652952508204,-0.00036251076824673323
472784.0,11,-20743287.78407692,7799978.882869685,-14531065.796401853,1092.6165174708308,-1516.0141693289713,-2372.2974930414866,-0.0003625036425261633
473384.0,11,-20069456.156864204,6839474.204523909,-15896639.911606869,1149.6859392353156,-1685.0809437767427,-2176.653735705986,-0.00036249651977671404
473984.0,11,-19367765.383423403,5779102.395310367,-17139705.77023281,1185.5330266965666,-1848.446672692276,-1964.2388209824994,-0.0003624893965400051
474584.0,11,-18650849.014606383,4623125.994292746,-18250691.151445583,1200.5591340030658,-2003.3201942854698,-1736.7016176359084,-0.00036248226936148615
475184.0,11,-17930990.166587036,3377453.3795669265,-19221049.71060673,1195.5277609533005,-2147.013038387292,-1495.809390737797,-0.00036247513481758696
475784.0,11,-17219908.507454816,2049562.9167065676,-20043327.586180896,1171.5491264106115,-2276.98636619196,-1243.433483573139,-0.0003624679895426049
476384.0,11,-16528558.375042535,648399.7137452625,-20711221.144609224,1130.058643572243,-2390.895327478307,-981.5341478340711,-0.0003624608302551036
476984.0,11,-15866941.567814836,-815753.225155293,-21219625.407905452,1072.789694713214,-2486.6300452310543,-712.1446645952304,-0.00036245365378360006
477584.0,11,-15243938.078821512,-2331427.202707329,-21564672.795801893,1001.7412062513038,-2562.3525013570274,-437.3549047227028,-0.0003624464570913269
478184.0,11,-14667157.712515675,-3886140.7334983586,-21743761.903518476,919.140618161935,-2616.5286743999304,-159.29448153401006,-0.00036243923729986443
478784.0,11,-14142815.142292213,-5466590.136051598,-21755576.126546867,827.4029231483571,-2647.955369132661,119.88434931622842,-0.0003624319917114504
479384.0,11,-13675630.498544645,-7058854.980508722,-21600092.102898035,729.0882402964194,-2655.7824403565373,398.0255247976721,-0.0003624243056381706
479984.0,11,-13268757.534446876,-8648611.740446365,-21278577.63507403,626.8483198153774,-2639.52316326846,672.9796532668897,-0.00036241700133531166
480584.0,11,-12923739.272389542,-10221359.98792139,-20793579.764049448,523.3890002132333,-2599.0695293427034,942.6311120876436,-0.0003624096644330571
481184.0,11,-12640493.952720683,-11762646.111171845,-20148902.68606347,421.414314422096,-2534.6899147150602,1204.9077569801593,-0.0003624022931457784
481784.0,11,-12417329.516127072,-13258289.262362044,-19349575.87216008,323.579664492176,-2447.0257371865146,1457.7987613936948,-0.00036239488595445865
482384.0,11,-12250987.145472959,-14694602.172271188,-18401812.761197504,232.44422538803747,-2337.0806327380296,1699.370096050755,-0.0003623874416178904
482984.0,11,-12136712.842320275,-16058603.646085318,-17312960.39946519,150.4252025550304,-2206.2034527875903,1927.7792701678065,-0.00036237995918165687
483584.0,11,-12068355.689911129,-17338219.12838536,-16091440.49087573,79.7547343461672,-2056.0654071160106,2141.2892240828546,-0.00036237243798484313
484184.0,11,-12038490.995454822,-18522465.947253842,-14746682.384275446,22.440177478827763,-1888.6317771881024,2338.281273925521,-0.0003623648776644453
484784.0,11,-12038566.080570819,-19601620.12656071,-13289048.581186734,-19.77155158842379,-1706.1287155546834,2517.2670203832477,-0.0003623572781574633
485384.0,11,-12059066.106687356,-20567361.986482847,-11729753.39796274,-45.424982665935886,-1511.0057276929506,2676.8991453431663,-0.00036234963970068265
485984.0,11,-12089696.98826665,-21412898.12885538,-10080775.460666748,-53.381934064281495,-1305.894501821375,2815.9810320288766,-0.00036234196282816823
486584.0,11,-12119582.320711568,-22133057.354614682,-8354765.099910733,-42.84477304436655,-1093.5655735854396,2933.4747375024085,-0.00036233383850511224
487184.0,11,-12137469.870260032,-22724361.711598903,-6564945.229222316,-13.358755614763822,-876.8788347855755,3028.509797897086,-0.00036232608747335587
487784.0,11,-12131946.682279475,-23185064.96088176,-4725011.969044085,35.161672974979865,-658.7409809580718,3100.386509844842,-0.0003623183013446567
488384.0,11,-12091655.352526046,-23515166.319959465,-2849028.447787217,102.44291753269931,-442.0537866713556,3148.582128949191,-0.00036231048177390513
488984.0,11,-12005510.626320688,-23716393.42871174,-951318.0867449145,187.85343453503515,-229.6670968950574,3172.7536196622323,-0.00036230263066843593
489584.0,11,-11862911.40960099,-23792157.136857554,953644.0073973581,290.4140844388503,-24.331959229578615,3172.7395007151413,-0.00036229475017316576
490184.0,11,-11653944.762495035,-23747478.64382207,2851340.3788044862,408.81441796005174,171.34440252854347,3148.560371457923,-0.00036228684265402774
490784.0,11,-11369578.394348279,-23588890.31989171,4727320.488737642,541.4345994785024,354.9410303007952,3100.4181361231126,-0.00036227891067983396
491384.0,11,-11001838.386029342,-23324311.97272815,6567309.12514932,686.3725800034754,524.2623937399421,3028.6939502975342,-0.00036227095700270564
491984.0,11,-10543969.125044417,-22962904.726335928,8357313.186038973,841.476048642043,677.3736352827486,2933.9449204446196,-0.00036226298453721756
492584.0,11,-9990572.74667282,-22514905.044230677,10083726.088561896,1004.3786163755537,812.6313289287468,2816.899593206247,-0.00036225499633840973
493184.0,11,-9337725.72451822,-21991441.74936052,11733429.081501678,1172.5396201331296,928.7092594165466,2678.4522764835315,-0.0003622469955788244
493784.0,11,-8583070.313515559,-21404339.20433022,13293889.171096599,1343.2871865358386,1024.6203263103923,2519.6536141858546,-0.00036223857290802584
494384.0,11,-7725881.429146826,-20765909.897886124,14753250.511373041,1513.8620785376147,1099.7251851223275,2341.7131766100924,-0.0003622305567872819
494984.0,11,-6767102.096480373,-20088739.8285584,16100424.984119507,1681.465795247053,1153.7499937004732,2145.974941574988,-0.0003622225381000214
495584.0,11,-5709354.963396274,-19385470.95635005,17325172.78519282,1843.306794392276,1186.7831099255648,1933.9178284850714,-0.0003622145202461861
496184.0,11,-4556923.274304307,-18668583.54219757,18418178.965338208,1996.6478815682792,1199.273124654898,1707.1423750193142,-0.00036220650661950775
496784.0,11,-3315704.231003776,-17950182.496563613,19371122.817063846,2138.8525420321585,1192.019370269298,1467.3591680330383,-0.0003621985005822154
497384.0,11,-1993135.0243027946,-17241791.226486593,20176740.06965798,2267.4296787634203,1166.1565421230735,1216.3765129210929,-0.00036219050543995863
497984.0,11,-598092.7206898369,-16554156.440723699,20828877.468395345,2380.076018172407,1123.1336861595823,956.0874131669505,-0.00036218252441711814
498584.0,11,859230.3812611764,-15897067.19132289,21322539.358478732,2474.7154809721314,1064.6878964391808,688.4559351990805,-0.00036217456063267434
499184.0,11,2367473.9049386405,-15279191.19624771,21653925.940040607,2549.5348626137843,992.8131518560667,415.50303720925075,-0.00036216661707680293
499784.0,11,3914276.666548915,-14707931.205005364,21820462.907695185,2603.01522474771,909.7248006950763,139.29194427565432,-0.0003621586965883607
500384.0,11,5486461.332273229,-14189303.84169273,21820822.236849245,2633.9584657138716,817.8202737509205,-138.08684402772298,-0.00036215080183342425
500984.0,11,7070232.645481564,-13727843.24646693,21654933.932027023,2641.513028132669,719.6351628480268,-414.5301282806141,-0.00036214252563411694
501584.0,11,8651390.65457929,-13326529.587183302,21323988.535041194,2625.171882533165,617.8041017139942,-687.9401054783644,-0.00036213468984654996
502184.0,11,10215543.9693477,-12986747.797021866,20830430.61874371,2584.8087077970094,515.0061043214242,-956.2361777189997,-0.0003621268865452337
502784.0,11,11748334.264153307,-12708271.67990816,20177942.6338193,2520.6638263808504,413.92225062036835,-1217.372784207327,-0.00036211911751473134
503384.0,11,13235657.6805609,-12489277.980043745,19371419.765710566,2433.345982171452,317.18692748737453,-1469.3542666587143,-0.0003621113842806463
503984.0,11,14663883.45713804,-12326388.520018267,18416935.583162162,2323.823504383621,227.34096655966277,-1710.2500351280673,-0.00036210368809752456
504584.0,11,16020065.463662457,-12214740.041899774,17321698.704214107,2193.409384826515,146.78627203081214,-1938.2093900565708,-0.0003620960299387413
505184.0,11,17292143.05215709,-12148080.625179788,16094000.70819487,2043.74048729826,77.74272031857845,-2151.4758864292758,-0.0003620884104884646
505784.0,11,18469127.7956353,-12118891.095481541,14743155.590553798,1876.7512089566321,22.208082348248126,-2348.401124622008,-0.0003620808301357749
506384.0,11,19541272.903421026,-12118529.400067966,13279431.127000999,1694.6420108727798,-18.078325135049,-2527.4578522108663,-0.0003620732889710045
506984.0,11,20500222.376917798,-12137395.518215131,11713972.583733272,1499.8433268457945,-41.66760993232788,-2687.2522618783137,-0.0003620657867843472
507584.0,11,21339137.2981892,-12165114.104003087,10058719.280710513,1294.975444185342,-47.42831643357272,-2826.53537271864,-0.0003620583230667683
508184.0,11,22052797.200863373,-12190731.763058446,8326314.5325200595,1082.80426479165,-34.56638340523091,-2944.214547962038,-0.0003620509505694876
508784.0,11,22637673.683315903,-12202925.45822896,6530009.993652683,866.1983632568526,-2.647223276931527,-3039.358056885348,-0.0003620435611779642
509384.0,11,23091977.313567396,-12190218.475148542,4683563.9762067655,648.0761405676984,48.40435672923036,-3111.2100976135653,-0.0003620362069839124
509984.0,11,23415674.041918147,-12141200.378832754,2801136.251668087,431.36025383690173,118.29462762851676,-3159.1927774880746,-0.000362028886335855
510584.0,11,23610472.70427076,-12044746.740650438,897178.6910623232,218.9276416371382,206.36586942861618,-3182.9125808877234,-0.0003620215973219517
511184.0,11,23679783.098866183,-11890234.966488698,-1013676.7488818808,13.56112473960502,311.60614888846567,-3182.16419408469,-0.00036201433778436343
511784.0,11,23628645.4074079,-11667752.34356827,-2916731.901689297,-182.0974313587103,432.6653998550057,-3156.9328124808367,-0.00036200710533561747
512384.0,11,23463632.147791773,-11368292.590115234,-4797337.193077153,-365.59155779905984,567.8775499047968,-3107.3948893860324,-0.0003619998973768535
512984.0,11,23192724.338959888,-10983937.380895562,-6641006.412132652,-534.691431244528,715.288325338216,-3033.9173006263786,-0.00036199271111781226
513584.0,11,22825164.02403474,-10508019.576364469,-8433530.48464305,-687.4311873017567,872.6882606869974,-2937.0549152444455,-0.00036198554359841135
514184.0,11,22371285.726582523,-9935265.199560713,-10161089.28183421,-822.1416234878737,1037.6503410309965,-2817.5465791230854,-0.0003619783917117357
514784.0,11,21842329.79797677,-9261911.577231133,-11810360.508993547,-937.4776981471554,1207.5716176727365,-2676.30953525409,-0.00036197125222825726
515384.0,11,21250240.86201992,-8485799.774023132,-13368624.346517332,-1032.4383776363743,1379.7158226173183,-2514.4320375601847,-0.00036196371195983525
515984.0,11,20607455.27616472,-7606437.580399753,-14823865.470109947,-1106.390315315859,1551.269596984893,-2333.1658406778242,-0.00036195658706103436
516584.0,11,19926680.8216542,-6625037.679623146,-16164864.874243438,-1159.0648836860391,1719.3780167970606,-2133.914757376502,-0.0003619494643893787
517184.0,11,19220672.761853594,-5544521.618305527,-17381290.155719217,-1190.5693030524415,1881.2030892211685,-1918.224329540351,-0.0003619423404858711
517784.0,11,18502010.405279696,-4369496.545768057,-18463776.076387122,-1201.3806506439842,2033.9709881006056,-1687.7691408374521,-0.0003619352119011969
518384.0,11,17782877.91867593,-3106202.0498952214,-19403997.80997531,-1192.335481024729,2175.0204461088824,-1444.3392670366436,-0.00036192807522283016
518984.0,11,17074853.310360864,-1762428.523683804,-20194735.7457611,-1164.6131116356025,2301.8492262851096,-1189.8257679264775,-0.00036192092710182793
431984.0,12,17499581.73420274,-10745596.807258235,-17134630.8497823,2102.367522523199,327.0388487652981,1975.2528374333954,-0.0006078997706489781
432584.0,12,18718833.436977338,-10573559.096023431,-15886693.241082478,1958.615322797992,248.52475748255551,2181.944631176258,-0.0006078983721979725
433184.0,12,19846444.73320215,-10445075.823337581,-14519474.738424601,1797.183465683336,182.19054380110674,2372.5685561706373,-0.0006078970787864046
433784.0,12,20872383.89317217,-10352271.562582897,-13043058.695779178,1620.0430689043683,129.88354552143232,2545.6627609154993,-0.0006078958998019904
434384.0,12,21787875.85341557,-10286239.442802692,-11468372.10865728,1429.4076962110098,93.1893643592532,2699.880698914986,-0.0006078948438176967
434984.0,12,22585537.858001474,-10237207.183736386,-9807113.246714521,1227.6994493860343,73.40263457618653,2834.001962172742,-0.000607893918524247
435584.0,12,23259493.634905152,-10194719.35775572,-8071672.866581786,1017.5113552743612,71.502283334107,2946.9426941759134,-0.0006078931306676068
436184.0,12,23805463.957147785,-10147833.109220807,-6275049.378476177,801.5687102251262,88.13749417806139,3037.762464396024,-0.000607892839129545
436784.0,12,24220832.25808017,-10085323.767845938,-4430757.72767561,582.677445679146,123.59025158947156,3105.6856021879867,-0.0006078923424228049
437384.0,12,24504682.930404384,-9995898.156617109,-2552733.8992167534,363.6907465868825,177.8015557359165,3150.0915353867676,-0.0006078919971814088
437984.0,12,24657812.62357402,-9868410.520779802,-655233.5521434512,147.4548545476198,250.34540422280656,3170.5345171628933,-0.0006078918058659491
438584.0,12,24682713.110250838,-9692078.552648364,1247273.1391680564,-63.2361134147792,340.43823545564055,3166.747156590637,-0.0006078917697743508
439184.0,12,24583526.008599613,-9456695.324675592,3140210.359654069,-265.6868686849092,446.94874884128876,3138.6458159332624,-0.0006078918890211479
439784.0,12,24365969.73574431,-9152833.440362008,5009008.389026422,-457.3465279638324,568.4139595669214,3086.3346954636318,-0.0006078921625255845
440384.0,12,24037239.6155311,-8772037.694647366,6839217.356695637,-635.8522407619054,703.0613457275542,3010.1084695726354,-0.0006078925880089646
440984.0,12,23605882.559501592,-8307002.657332634,8616622.095260447,-799.0700506626481,848.8368281692431,2910.4533464059564,-0.0006078931620016124
441584.0,12,23081648.227078557,-7751731.786576112,10327357.0994454,-945.1321960110528,1003.4382042812001,2788.046436147514,-0.0006078938798597228
442184.0,12,22475319.03876964,-7101674.944665105,11958020.535105571,-1072.4700958990468,1164.353538881401,2643.7533304148255,-0.0006078947357922881
442784.0,12,21798521.853675418,-6353841.523307796,13495786.193204686,-1179.8423257996874,1328.903901370278,2478.6238169665576,-0.0006078957228981789
443384.0,12,21063524.567496162,-5506886.72014945,14928512.24091865,-1266.3546459968175,1494.292062684191,2293.883394320289,-0.000607896720477962
443984.0,12,20283020.846000124,-4561169.410949058,16244845.704500014,-1331.4853168123798,1657.6423084189169,2090.934219257971,-0.0006078979450291404
444584.0,12,19469907.77042929,-3518779.3512113206,17434321.17366067,-1375.0812503535394,1816.0656603813386,1871.3315065944357,-0.0006078992739107882
445184.0,12,18637059.063981004,-2383533.848049761,18487453.234491426,-1397.3696224460973,1966.7024837817276,1636.7805754777137,-0.0006079006963512125
445784.0,12,17797099.163231518,-1160943.0010597296,19395820.933540124,-1398.9514536092986,2106.7768839097434,1389.120890187834,-0.0006079022008004842
446384.0,12,16962181.89936248,141855.9419531105,20152143.53220645,-1380.7903506837433,2233.647660378141,1130.3106623346066,-0.0006079037750230786
446984.0,12,16143778.040343521,1516194.1872061873,20750346.55238978,-1344.1943748206822,2344.857170613661,862.4099359955233,-0.000607905406197632
447584.0,12,15352475.734439453,2951995.397304779,21185617.273056667,-1290.791329633819,2438.177106569534,587.5623446122237,-0.0006079070810228657
448184.0,12,14597797.67240332,4437925.956269924,21454448.95944753,-1222.4979106554572,2511.6502410696494,307.9757586628642,-0.000607908785828617
448784.0,12,13888038.477144262,5961568.819082322,21554673.244426005,-1141.4832966591953,2563.6272770553715,25.902068977449066,-0.000607910506690833
449384.0,12,13230125.44168612,7509617.77974819,21485480.23219946,-1050.127890658055,2592.7980326413654,-256.3836288953185,-0.0006079122295493092
449984.0,12,12629505.277403736,9068088.569475368,21247426.055078227,-950.9780295092056,2598.21631479979,-536.604169407673,-0.0006079139403269047
450584.0,12,12090058.883125061,10622542.9937063,20842427.773130998,-846.6972293649784,2579.3174678303503,-812.5014816633152,-0.0006079159779183348
451184.0,12,11614046.546748597,12158320.990505973,20273745.72093759,-740.0170648704968,2535.9312248845117,-1081.8575031830667,-0.0006079176227820256
451784.0,12,11202082.379388992,13660778.695320286,19545953.471089847,-633.6832662643471,2468.2822755721118,-1342.514540474366,-0.000607919214419453
452384.0,12,10853141.32668665,15115524.64119497,18664895.837020725,-530.4055206282858,2376.988240340126,-1592.3948398464354,-0.0006079207398626397
452984.0,12,10564596.210579151,16508652.353168376,17637635.499174774,-432.8062912128862,2263.047968749933,-1829.5190839074846,-0.0006079221867000053
453584.0,12,10332284.839541394,17826963.943143502,16472388.907943461,-343.37200405809017,2127.823287192067,-2052.02360741876,-0.0006079235431779685
454184.0,12,10150605.57095046,19058180.80160457,15178452.289984684,-264.4071500965438,1973.0141551465492,-2258.1761316163293,-0.0006079247982956916
454784.0,12,10012639.315101082,20191137.590681046,13766118.683110211,-197.99217345341822,1800.6277903440034,-2446.3898534603786,-0.0006079259418920964
455384.0,12,9910295.47592878,21215956.11124237,12246587.014035301,-145.9459203456786,1612.9424395862486,-2615.235761528838,-0.0006079269647244127
455984.0,12,9834478.890959974,22124196.049573723,10631864.301778976,-109.79331134365202,1412.4665689307703,-2763.4530867380595,-0.0006079278585376502
456584.0,12,9775274.470631974,22908980.094765596,8934662.11679247,-90.73877649840233,1201.8943226609476,-2889.9578325752736,-0.000607928616124521
457184.0,12,9722145.9508693,23565091.443389867,7168288.45202349,-89.64586183523352,984.0581539846652,-2993.8493649617476,-0.0006079292313754791
457784.0,12,9664144.945240114,24089042.26777947,5346536.246185496,-107.01817258520396,761.8776112783071,-3074.41731050276,-0.0006079300519868606
458384.0,12,9590126.618982648,24479112.197175696,3483569.404845443,-143.0125782125997,538.3166648480166,-3131.1353871621827,-0.0006079303687022303
458984.0,12,9488967.114813812,24735356.853820503,1593807.7206257118,-197.40737686001967,316.32254881673236,-3163.675818002975,-0.000607930531691017
459584.0,12,9349780.427017562,24859586.000968166,-308187.9602600691,-269.62883846333807,98.78343271554195,-3171.8995962026447,-0.0006079305395338388
460184.0,12,9162129.387868702,24855312.829887398,-2207830.002537155,-358.75789152916764,-111.52087888710582,-3155.8563802621834,-0.0006079303920082456
460784.0,12,8916227.824794823,24727675.27388405,-4090616.2888017003,-463.5479518957927,-311.96402803437695,-3115.780657244275,-0.0006079300900793931
461384.0,12,8603130.341183178,24483331.17097888,-5942239.808278221,-582.44821229423,-500.1149344560256,-3052.086561520783,-0.0006079296358817679
461984.0,12,8214906.592438031,24130329.42602942,-7748694.75080481,-713.631878390567,-673.7757387543476,-2965.361489861753,-0.0006079290326924342
462584.0,12,7744797.2597020725,23677959.681519054,-9496378.416046508,-855.0287710253872,-831.0153094920544,-2856.3586549796437,-0.0006079282848963087
463184.0,12,7187349.290044747,23136583.309099317,-11172188.334858136,-1004.3616623927683,-970.1978592641913,-2725.9887173792554,-0.0006079273979440143
463784.0,12,6538528.36536381,22517448.779342055,-12763614.084799405,-1159.1856756064474,-1090.006310099339,-2575.3106300338604,-0.0006079263783028728
464384.0,12,5795806.974522254,21832494.654432435,-14258823.363174548,-1316.9300518621924,-1189.4601438181376,-2405.521822532799,-0.0006079252334016146
464984.0,12,4958227.098261736,21094143.604170382,-15646741.893975737,-1474.9424307200823,-1267.9280332446933,-2217.9489939184305,-0.0006079238588673412
465584.0,12,4026435.62800976,20315090.81011745,-16917127.138876494,-1630.5297945399961,-1325.1322788754446,-2014.0327767337128,-0.000607922489383616
466184.0,12,3002694.4228855157,19508090.23485384,-18060635.294426057,-1781.0082557660305,-1361.1525450997294,-1795.3232880527191,-0.0006079210220577415
466784.0,12,1890862.8159439545,18685742.44057306,-19068881.223284263,-1923.7437732069257,-1376.4186556778338,-1563.4643305153252,-0.0006079194675046581
467384.0,12,696354.1480689738,17860286.96370696,-19934491.780471157,-2056.1961017269687,-1371.7006238848778,-1320.182869795903,-0.000607917836949861
467984.0,12,-573933.0313525777,17043402.67476674,-20651152.02687153,-2175.9601425078527,-1348.0928417300647,-1067.2772890149486,-0.0006079161421481158
468584.0,12,-1911707.8761063302,16246019.158222893,-21213644.367062863,-2280.80497280872,-1306.9932971737176,-806.6055456600832,-0.0006079143952996357
469184.0,12,-3307402.7072133105,15478141.986462377,-21617880.573934212,-2368.7100059607474,-1250.078177899862,-540.0732645923921,-0.0006079126089641756
469784.0,12,-4750309.155907559,14748694.529365279,-21860926.67896725,-2437.897778679602,-1179.2722733023531,-269.6217916903832,-0.0006079107959734844
470384.0,12,-6228732.827394071,14065378.67894262,-21941020.717959635,-2486.8629126656324,-1096.715633843043,2.783774773238761,-0.0006079089693425346
470984.0,12,-7730164.073252529,13434556.580088565,-21857583.32846805,-2514.3968504191016,-1004.7269890142769,275.1665636550873,-0.0006079071421799402
471584.0,12,-9241462.2385716,12861155.146996139,-21611221.198525477,-2519.6080208785925,-905.7644619385405,545.5499138792737,-0.0006079053275979638
472184.0,12,-10749050.063117087,12348595.056407455,-21203723.448873315,-2501.9369994579947,-802.38151005568,811.9706634783072,-0.0006079038915448548
472784.0,12,-12239118.278190626,11898743.830628952,-20638050.50559356,-2461.1672106463825,-697.194526641667,1072.4859555175879,-0.0006079021409496229
473384.0,12,-13697829.802662125,11511897.483208789,-19918316.43695216,-2397.4293730788977,-592.8231141115529,1325.1928745389148,-0.0006079004413961889
473984.0,12,-15111530.193659658,11186786.146881118,-19049763.65987089,-2311.201375115921,-491.8565053250411,1568.2352915529534,-0.0006078988051176875
474584.0,12,-16466953.986945676,10920607.297905924,-18038730.725029387,-2203.302510022992,-396.8071069751418,1799.8170180964178,-0.0006078972439086892
475184.0,12,-17751426.46369588,10709084.758602116,-16892612.967331342,-2074.882401513336,-310.06770091304725,2018.2136258670891,-0.0006078957690411873
475784.0,12,-18953057.23622626,10546552.910458064,-15619816.095896574,-1927.4046993063257,-233.87029823215198,2221.7841648142626,-0.0006078943911830878
476384.0,12,-20060922.564948343,10426064.938211968,-14229702.786275856,-1762.6257242342233,-170.2472838965623,2408.9827358885154,-0.000607893120319676
476984.0,12,-21065233.445553772,10339523.547133815,-12732532.367552003,-1582.5683152635552,-120.99547335304737,2578.3698632542146,-0.0006078919656785601
477584.0,12,-21957486.6761172,10277832.229313845,-11139393.734700646,-1389.491204038984,-87.6436780573083,2728.6235985930703,-0.0006078909356586105
478184.0,12,-22730596.32870029,10231064.805182096,-9462131.662364218,-1185.854315444657,-71.42434355772843,2858.550277534004,-0.0006078900377634349
478784.0,12,-23379003.30883059,10188650.639295556,-7713266.750100263,-974.2804642558184,-73.24978114340752,2967.0948356390645,-0.0006078892785399444
479384.0,12,-23898760.96754785,10139572.689452302,-5905909.352468441,-757.5157160670205,-93.69715892574231,3053.3488236523012,-0.0006078890167201119
479984.0,12,-24287595.278529096,10072574.73276969,-4053667.293801317,-538.3788237708367,-132.98036136719656,3116.566552049055,-0.0006078885504655454
480584.0,12,-24544937.63776516,9976375.973787276,-2170549.73057396,-319.72543627618506,-190.9650729200862,3156.1628360813584,-0.0006078882362542848
481184.0,12,-24671930.5895194,9839886.873763133,-270864.39642424346,-104.39502521032227,-267.15226764673866,3171.7274716240295,-0.0006078880763133479
481784.0,12,-24671404.9021113,9652424.77789223,1630888.1936978276,104.83459036245404,-360.6868436862876,3163.0298040679186,-0.0006078880717022933
482384.0,12,-24547828.60460363,9403924.574052349,3520124.264896709,305.29378571598,-470.36871446718897,3130.023870488246,-0.0006078882222942497
482984.0,12,-24307228.40109724,9085140.810218649,5382288.999999481,494.4663784367806,-594.6701149430082,3072.852201209913,-0.0006078885267658591
483584.0,12,-23957084.486883186,8687837.581227414,7202970.595421665,670.0327599712052,-731.7589569969634,2991.8481459796526,-0.0006078889825965472
484184.0,12,-23506200.28554788,8204962.6319828825,8968015.218945934,829.9100971341508,-879.5279502085616,2887.5365993206215,-0.0006078895860774675
484784.0,12,-22964549.110166095,7630802.332363513,10663641.862807844,972.2888159992591,-1035.6290850363205,2760.633013422373,-0.0006078903323303804
485384.0,12,-22343100.21422227,6961114.458668463,12276556.02565684,1095.6646245105326,-1197.5129579839647,2612.0406051565724,-0.0006078912153366312
485984.0,12,-21653627.127795115,6193236.065313765,13794061.11018777,1198.8653923664947,-1362.4723056056405,2442.845686391083,-0.0006078922279762854
486584.0,12,-20908501.370020982,5326162.716365193,15204167.267833779,1281.0704984191318,-1527.6912320450388,2254.3086854129187,-0.0006078923160172163
487184.0,12,-20120476.15099071,4360605.546203535,16495691.381626496,1341.832742102313,-1690.285937348086,2047.865081001054,-0.000607893562411134
487784.0,12,-19302461.818067174,3299004.8716694415,17658359.539356004,1381.0762394632684,-1847.369501313373,1825.100911968125,-0.0006078949110135197
488384.0,12,-18467299.490174085,2145525.147085163,18682894.81067312,1399.1045711931492,-1996.09506347121,1587.7497552836396,-0.0006078963508889138
488984.0,12,-17627535.59256229,906012.7912222184,19561100.7751958,1396.593441593412,-2133.7099556031326,1337.676350138337,-0.0006078978703418248
489584.0,12,-16795202.000587054,-412075.6300671259,20285935.384763166,1374.578009393024,-2257.606313908753,1076.8608802920842,-0.0006078994570108745
490184.0,12,-15981606.32940787,-1799773.5659679659,20851574.686050892,1334.433345066448,-2365.369390063113,807.3819382122044,-0.0006079020311151188
490784.0,12,-15197133.693399925,-3246739.3732954157,21253467.194829393,1277.8486286072623,-2454.8226154133868,531.3973902236138,-0.0006079037129803683
491384.0,12,-14451070.317067161,-4741403.549525514,21488373.96777085,1206.7948204131003,-2524.0683616203996,251.12579889805423,-0.0006079054220217574
491984.0,12,-13751443.711201973,-6271152.343068958,21554399.825495332,1123.4874141856678,-2571.523748157506,-31.174577491646048,-0.0006079071442792522
492584.0,12,-13104888.907205196,-7822524.400264014,21451010.588200733,1030.3442384208959,-2595.950581772021,-313.2265280352002,-0.0006079088656807334
493184.0,12,-12516540.760765007,-9381424.803366903,21179038.078170743,929.9394574938794,-2596.4788838524223,-592.7550527981216,-0.0006079105721613442
493784.0,12,-11989953.916876337,-10933352.96830965,20740671.976001646,824.9546343120271,-2572.6238297406353,-867.5085715761329,-0.0006079116697005452
494384.0,12,-11527056.953312552,-12463629.470950916,20139441.405390576,718.1279085584182,-2524.2938361606666,-1135.2794455594408,-0.0006079133047917515
494984.0,12,-11128129.203232056,-13957643.7830541,19380180.148450922,612.2021774573318,-2451.7945262589906,-1393.9246507443045,-0.000607914883994166
495584.0,12,-10791816.472965473,-15401083.984939437,18468983.64974629,509.87349005526494,-2355.821955092871,-1641.3848589270228,-0.0006079163944444837
496184.0,12,-10515173.674992539,-16780169.333326872,17413153.114216242,413.74058117075924,-2237.4502663327457,-1875.7027653300509,-0.0006079178238568433
496784.0,12,-10293737.844355207,-18081871.56462222,16221129.340224253,326.2565745127622,-2098.112064422631,-2095.0400204365956,-0.0006079191606231142
497384.0,12,-10121629.242428364,-19294122.498860918,14902416.834727349,249.6837847481031,-1939.5722984105278,-2297.692644454249,-0.0006079203939061367
497984.0,12,-9991678.432764634,-20406004.217637535,13467499.15551008,186.0524711415851,-1763.8962428848572,-2482.104767802131,-0.0006079215137250773
498584.0,12,-9895576.731032109,-21407918.471592136,11927746.510439483,137.1242956832914,-1573.412274106357,-2646.8805766227088,-0.0006079225110321805
499184.0,12,-9824047.012156785,-22291732.417614914,10295316.70791334,104.3611243065086,-1370.6702321939083,-2790.7943788968482,-0.0006079233777803386
499784.0,12,-9767031.51042498,-23050898.280688573,8583050.595635528,88.8996846471889,-1158.3962314979444,-2912.7987431244574,-0.0006079241069810338
500384.0,12,-9713892.978011075,-23680545.067213293,6804363.146730449,91.5324616878022,-939.4448302695869,-3012.030696638591,-0.0006079246927523476
500984.0,12,-9653625.168785343,-24177541.129049666,4973131.098755196,112.68954198723713,-716.7474167905901,-3087.818553788537,-0.0006079254848701654
501584.0,12,-9575069.990670735,-24540526.11143013,3103579.841671836,152.4548787452868,-493.2699422915772,-3139.6741146971317,-0.0006079257706275166
502184.0,12,-9467134.146336932,-24769913.91260694,1210166.7722652818,210.53318298239265,-271.9512078592895,-3167.308605587286,-0.0006079259022803378
502784.0,12,-9319005.632961033,-24867864.58247429,-692532.6900688079,286.2794982647624,-55.661213725408174,-3170.6213655479464,-0.0006079258786518673
503384.0,12,-9120363.133927044,-24838227.867736436,-2589939.203963617,378.70667579137034,152.84777846142003,-3149.699739406818,-0.000607925699761079
503984.0,12,-8861575.935351798,-24686459.065513596,-4467581.33170815,486.50434901801873,350.9857245782804,-3104.814957504712,-0.0006079253668115113
504584.0,12,-8533890.806690807,-24419509.129554614,-6311204.482038528,608.0632708323712,536.3658899533626,-3036.41669912674,-0.0006079248821712386
505184.0,12,-8129602.780809172,-24045691.257181678,-8106876.210823842,741.5044843923345,706.8419345737012,-2945.1264810539997,-0.0006079242493444625
505784.0,12,-7642207.107674253,-23574526.532478493,-9841087.207300648,884.7127356268056,860.5404620439783,-2831.7300132244313,-0.0006079234729352427
506384.0,12,-7066530.028433815,-23016571.492517106,-11500847.380294913,1035.373486246434,995.8885966476784,-2697.1686605594564,-0.0006079225586039176
506984.0,12,-6398836.414597244,-22383230.716965646,-13073776.54340143,1191.0128505392686,1111.6362482925679,-2542.5301441134984,-0.0006079215130167813
507584.0,12,-5636912.7321877275,-21686557.716878727,-14548189.278556976,1349.0397565548512,1206.8728202053237,-2369.038606364732,-0.0006079203437895945
508184.0,12,-4780124.280955663,-20939047.553295337,-15913173.609208124,1506.7884229399554,1281.040917422525,-2178.047287444109,-0.0006079189466154411
508784.0,12,-3829445.734834105,-20153424.481940843,-17158663.265663553,1661.567676933051,1333.9307786996699,-1971.0152389376206,-0.0006079175565583132
509384.0,12,-2787465.1261765854,-19342428.328904264,-18275503.403669078,1810.6982198572537,1365.6958971151612,-1749.5145738033707,-0.0006079160707592294
509984.0,12,-1658361.3193045035,-18518602.91176857,-19255509.176666446,1951.5615574948076,1376.8361210167739,-1515.206814665803,-0.0006079144999626306
510584.0,12,-447855.2694249647,-17694089.78599154,-20091517.62322826,2081.6415372294746,1368.18870209988,-1269.8342851401292,-0.0006079128555072567
511184.0,12,836863.7762891147,-16880430.594467137,-20777432.455448,2198.565274593465,1340.9114498667232,-1015.2083419898772,-0.0006079111492443155
511784.0,12,2187235.900658056,-16088381.037650013,-21308261.762654483,2300.141644400268,1296.4609821843273,-753.1975173786104,-0.0006079093934532056
512384.0,12,3593450.335696976,-15327739.293776762,-21680148.596758842,2384.396796274592,1236.5664417382445,-485.715602819498,-0.000607907600755248
512984.0,12,5044585.545419832,-14607191.47990673,-21890394.42074305,2449.6062014985837,1163.1991001298877,-214.70969770425484,-0.0006079057840258612
513584.0,12,6528767.360019793,-13934176.4767703,-21937475.41171174,2494.322788635496,1078.5383177517983,57.8517618247069,-0.0006079039563055984
514184.0,12,8033342.70159951,-13314772.14704742,-21821051.615661398,2517.400778926424,984.9343685666,329.99098325441656,-0.0006079021307104541
514784.0,12,9545066.226557277,-12753604.660849031,-21541968.953883544,2518.0148886555694,884.8686746617602,599.7328004209235,-0.0006079003203418404
515384.0,12,11050296.777005654,-12253782.396983327,-21102254.09951058,2495.6743670586734,780.9126811830002,865.1156489488279,-0.0006078988912942066
515984.0,12,12535202.119262319,-11816854.908437159,-20505102.140758168,2450.2332342479463,675.6820386268984,1124.207571240998,-0.0006078971501604437
516584.0,12,13985965.29189184,-11442798.929525752,-19754857.192053832,2381.892534411196,571.7965596429597,1375.1120968575776,-0.0006078954625715955
517184.0,12,15388993.888599677,-11130030.023342673,-18856985.812369853,2291.200024052789,471.83343975035154,1615.9842297498476,-0.0006078938406778791
517784.0,12,16731125.902277,-10875440.965863388,-17818043.32731382,2179.0430528363495,378.2842653279397,1845.0413054746107,-0.0006078922961737984
518384.0,12,17999830.089636195,-10674465.93809299,-16645633.051422557,2046.636417599182,293.512497285029,2060.574794178014,-0.0006078908402146076
518984.0,12,19183397.520648945,-10521169.721189262,-15348358.460003993,1895.5050167069683,219.7127377399595,2260.9619941630203,-0.0006078894833353707
431984.0,13,15797580.934913367,1317117.4727899237,21084512.191362046,939.4756523722043,2565.2357390804764,-827.2990464002637,0.0006782393298728041
432584.0,13,16380621.889135059,2825574.716074342,20506500.16918164,1001.4504123814704,2459.8029157767405,-1098.1416504033853,0.0006782370679386142
433184.0,13,16996303.08122471,4264925.090001616,19768618.29399514,1047.917761477563,2335.2199292505384,-1359.849839233364,0.000678234950986844
433784.0,13,17634767.788519256,5624343.641109382,18876958.185146164,1077.08920334102,2193.744160678445,-1610.3952685574031,0.0006782329877348031
434384.0,13,18285177.483264916,6894433.6203532815,17838796.43713676,1087.4865587585919,2037.8733820967539,-1847.8586068315094,0.000678231185647801
434984.0,13,18935906.064599097,8067357.026091439,16662524.970160417,1077.9677113801797,1870.2995727775117,-2070.4440677353214,0.0006782295508902708
435584.0,13,19574747.656770017,9136936.59694219,15357573.153696645,1047.745954530823,1693.8599529809678,-2276.492262233024,0.0006782280882888788
436184.0,13,20189134.08905877,10098728.001569599,13934322.712317735,996.4050623476151,1511.4805037370193,-2464.494012865582,0.0006782261802674344
436784.0,13,20766357.97407733,10950060.533717738,12404016.636849832,923.8955480697317,1326.147048254909,-2633.0889288728345,0.000678225071199285
437384.0,13,21293797.364997506,11690048.52051147,10778662.249611376,830.5492923650319,1140.8198046301773,-2781.089201961708,0.0006782241405393311
437984.0,13,21759138.292798735,12319570.21199986,9070931.215000268,717.0618391511009,958.4053804100326,-2907.4747243889337,0.0006782233876273524
438584.0,13,22150591.012388982,12841217.88342052,7294055.782791192,584.4818203536613,781.7025126501526,-3011.40005154486,0.0006782228104539111
439184.0,13,22457096.517751895,13259219.273737837,5461723.054466912,434.1917941156345,613.3560556403786,-3092.197103325123,0.0006782224056897051
439784.0,13,22668519.91475638,13579332.36919668,3587968.0290653133,267.8837108764243,455.81432176546514,-3149.376399561431,0.0006782221687241249
440384.0,13,22775827.57599499,13808715.729620947,1687066.2834345344,87.52954002808872,311.2903977205267,-3182.6269368138646,0.0006782220937123437
440984.0,13,22771245.340491936,13955776.904238306,-226572.9224785794,-104.65235268374352,181.7279682961953,-3191.8148202391944,0.0006782221736302452
441584.0,13,22648395.390675176,14030001.777978731,-2138512.3923203456,-306.2344428168328,68.77208734617216,-3176.980766795957,0.0006782224003364918
442184.0,13,22402409.831648547,14041767.927287564,-4034390.9378624707,-514.6202344971903,-26.254757648887107,-3138.3365951180667,0.0006782227646410393
442784.0,13,22030019.405936226,14002145.246522857,-5900024.935360282,-727.0867124892222,-102.37103311280316,-3076.2608134331063,0.0006782232563794202
443384.0,13,21529616.52315425,13922686.914785601,-7721506.450571485,-940.8270280914986,-158.95002396062864,-2991.296972308572,0.0006782236817519267
443984.0,13,20901289.83553291,13815216.082423624,-9485300.613537619,-1153.0007380782777,-195.7219875627195,-2884.133552259529,0.0006782243942343954
444584.0,13,20146835.225255795,13691607.011537587,-11178334.077151418,-1360.7709350380337,-212.7823172659496,-2755.61867846077,0.0006782251986337601
445184.0,13,19269736.340899922,13563570.306920882,-12788084.343115374,-1561.3541641355919,-210.58222970905263,-2606.738935990549,0.0006782260817246607
445784.0,13,18275120.36105873,13442441.173609763,-14302662.275031699,-1752.0626361406105,-189.9197706949883,-2438.6153520995904,0.0006782270297432964
446384.0,13,17169687.79278308,13338975.662458487,-15710890.36593481,-1930.3460328852925,-151.92431135759216,-2252.4954308125098,0.0006782280284836192
446984.0,13,15961617.857429901,13263157.763030024,-17002376.068056338,-2093.8310157989217,-98.03598849566379,-2049.7448014337106,0.0006782290633953621
447584.0,13,14660451.015505577,13224020.279173,-18167579.966845386,-2240.3578984273818,-29.98042635781917,-1831.8385087968072,0.0006782301196834598
448184.0,13,13276950.49191264,13229482.20289505,-19197878.596890002,-2368.0139855817824,50.26087091697343,-1600.351962564608,0.0006782311824084426
448784.0,13,11822944.946252918,13286205.052826716,-20085621.706593294,-2475.1631266382165,140.48401958705858,-1356.9515534717643,0.0006782322365873959
449384.0,13,10311154.68782361,13399470.367468031,-20824183.781912047,-2560.471078276175,238.29966958144894,-1103.3849363571258,0.0006782332672950894
449984.0,13,8755004.060152955,13573080.243109634,-21408009.63799491,-2622.926322460087,341.1728119998346,-841.4709733831882,0.0006782342597648806
450584.0,13,7168422.557956038,13809282.528219584,-21832653.910953287,-2661.851528279882,446.46485287978294,-573.0862215603933,0.0006782350183901591
451184.0,13,5565639.044899188,14108721.708839875,-22094814.13210407,-2676.932527921709,551.477540290507,-300.16632486640196,0.0006782358916058595
451784.0,13,3960969.164273776,14470416.621029539,-22192357.27208689,-2668.196690068263,653.4983992285837,-24.676995568061507,0.0006782366842237096
452384.0,13,2368602.475046687,14891765.43663855,-22124339.66773271,-2636.03134639499,749.8457420898064,251.3858694058774,0.000678237383098952
452984.0,13,802390.6066477536,15368577.839306746,-21891019.771991376,-2581.1739596875736,837.9142952387455,526.0109919067189,0.0006782379757322393
453584.0,13,-724359.730094145,15895134.27207787,-21493863.709657364,-2504.701413528769,915.2198083067884,797.1840629313094,0.0006782384503603091
454184.0,13,-2199085.6966472054,16464271.535172159,-20935543.346535314,-2408.01392867614,979.4421868079702,1062.9004905031832,0.0006782387960432539
454784.0,13,-3610156.072792872,17067493.651338343,-20219926.635256037,-2292.813759023385,1028.4664780525213,1321.1785279167507,0.0006782390027478198
455384.0,13,-4947044.7356951665,17695106.517284058,-19352060.01243467,-2161.078896122554,1060.4210485231672,1570.0727520196401,0.0006782390614261324
455984.0,13,-6200486.971442819,18336374.46771468,-18338142.6421105,-2015.0320891793958,1073.7123077288709,1807.6878460349722,0.0006782389640892189
456584.0,13,-7362615.92383847,18979696.498886228,-17185492.33070365,-1857.1055664102944,1067.0553600388728,2032.19262451982,0.0006782387038746668
457184.0,13,-8427076.737731503,19612799.53731837,-15902502.980153028,-1689.9019225990967,1039.5000030622323,2241.8342197747097,0.0006782382751077384
457784.0,13,-9389116.21249426,20222945.814493533,-14498593.56863837,-1516.1564910919024,990.4494026004568,2434.9512055408713,0.0006782370253940398
458384.0,13,-10245646.54148766,20797150.993353967,-12984148.099907005,-1338.6732507948605,919.6841581334227,2609.9922718312246,0.0006782362472820558
458984.0,13,-10995280.445256278,21322409.83448388,-11370448.279847238,-1160.3061454073938,827.3574788793791,2765.5235048513855,0.0006782352912226026
459584.0,13,-11638338.924279349,21785925.222277854,-9669596.394345991,-983.891954047022,714.0075573462165,2900.246493845723,0.0006782341567493133
460184.0,13,-12176829.09727504,22175336.96843832,-7894430.93214722,-812.2062336719462,580.551196927089,3013.0103285564123,0.0006782328447666654
460784.0,13,-12614393.048888544,22478946.28883555,-6058434.315843283,-647.9149915756007,428.273251200391,3102.8239952978543,0.0006782313575575342
461384.0,13,-12956228.009258663,22685931.936647058,-4175633.4078665213,-493.5276422835286,258.8093800279255,3168.86785861802,0.0006782296987797276
461984.0,13,-13208978.894026313,22786554.006099276,-2260493.4043913065,-351.3521346938753,74.12226194892514,3210.504023343134,0.0006782278734510859
462584.0,13,-13380604.766054688,22772341.544270433,-327805.85751266347,-223.45312931840112,-123.52846459204864,3227.285370203948,0.0006782258879228315
463184.0,13,-13480221.303831797,22636260.313356042,1607428.307493908,-111.614079720895,-331.6221229399795,3218.9630621977476,0.000678223749840984
463784.0,13,-13517921.863733053,22372857.33313255,3530119.7913429057,-17.304025569302894,-547.4182397370158,3185.4923288206223,0.0006782214680957907
464384.0,13,-13504580.191019539,21978379.20133843,5425214.834878439,58.3501634072627,-768.0024330001011,3127.0363515819954,0.000678219052759276
464984.0,13,-13451638.517683327,21450861.360086024,7277821.268522735,114.58304587513976,-990.3381250780878,3043.964890607366,0.0006782163338225555
465584.0,13,-13370883.34229391,20790187.881665293,9073333.009930484,151.01512857416037,-1211.3112799560322,2936.8667238927815,0.0006782136859144632
466184.0,13,-13274216.683315488,19998116.388147015,10797557.209198453,167.6466716987768,-1427.7970524681118,2806.5279139727127,0.0006782109409199431
466784.0,13,-13173422.597252466,19078272.258101165,12436835.992930707,164.86770347062816,-1636.7072814955122,2653.939588771315,0.0006782081127886847
467384.0,13,-13079936.461358706,18036108.35541954,13978165.782751404,143.44889472640534,-1835.0478342557485,2480.287503202983,0.0006782052161771674
467984.0,13,-13004620.4156094,16878832.119185526,15409311.296829116,104.52737804460617,-2019.9725858750667,2286.9424811573576,0.0006782022663265619
468584.0,13,-12957549.491123632,15615300.957837643,16718913.091052828,49.585400478648125,-2188.834939300388,2075.4486473493644,0.0006781992789341649
469184.0,13,-12947812.619560158,14255887.764284264,17896587.355864134,-19.577806838010247,-2339.2358085979404,1847.509577952464,0.0006781962700197377
469784.0,13,-12983332.437936,12812318.993831662,18933016.779408593,-100.88040063390042,-2469.06705739486,1604.9725427268095,0.0006781932557882122
470384.0,13,-13070707.431866443,11297488.321215345,19820031.406828642,-191.99785116631801,-2576.5494803645784,1349.811051459198,0.0006781902524903022
470984.0,13,-13215079.50631813,9725249.401220813,20550678.56624763,-290.4076043571149,-2660.264536607752,1084.1059525124595,0.0006781872762825946
471584.0,13,-13420029.548149638,8110191.6858579675,21119281.090639323,-393.43755467068945,-2719.179185926567,810.0253599016023,0.0006781843430887086
472184.0,13,-13687502.892772574,6467403.747311434,21521483.142713007,-498.3174080787334,-2752.666049516703,529.8071042421501,0.0006781812853144672
472784.0,13,-14017766.437853916,4812227.576410007,21754283.69079157,-602.2314916054298,-2760.502278229875,245.72378950276723,0.0006781784840575856
473384.0,13,-14409397.267869646,3160011.4459812175,21816056.517653093,-702.3724417453914,-2742.887804176513,-39.91904053633171,0.0006781757708594129
473984.0,13,-14859303.791225133,1525861.7805536236,21706557.540466197,-795.994539952617,-2700.428478929492,-324.81772453218184,0.0006781731594000069
474584.0,13,-15362778.218685934,-75597.92068179883,21426919.202825397,-880.4652851317591,-2634.1252920925804,-606.688560432867,0.0006781706625005711
475184.0,13,-15913579.337096486,-1630458.1106688334,20979632.30844727,-953.3145050661567,-2545.353609313819,-883.288478706054,0.0006781682920211612
475784.0,13,-16504043.748060413,-3125739.741692622,20368515.762810178,-1012.2799830857622,-2435.835695477407,-1152.4348070677263,0.0006781660587684554
476384.0,13,-17125223.22845696,-4549592.504670269,19598674.82970063,-1055.3487578273814,-2307.607174504722,-1412.023898238029,0.00067816397241432
476984.0,13,-17767045.39823173,-5891471.354063856,18676448.633718744,-1080.7933676722957,-2162.978187584317,-1660.048425969838,0.0006781620414257203
477584.0,13,-18418494.480901938,-7142288.392767718,17609347.743774585,-1087.202437578067,-2004.4900993139354,-1894.6131908391985,0.0006781602730063559
478184.0,13,-19067808.619835466,-8294537.717492113,16405982.755491182,-1073.505140321085,-1834.868665149566,-2113.949314715256,0.0006781586730502333
478784.0,13,-19702689.972343404,-9342391.382687189,15075984.851923984,-1038.9892024793348,-1656.9746135739042,-2316.4267401637217,0.0006781572461072228
479384.0,13,-20310523.678229842,-10281765.64296297,13629919.175472826,-983.3134641839181,-1473.7479824290128,-2500.5666367253616,0.0006781553487869604
479984.0,13,-20878601.575216405,-11110354.205983724,12079193.218183925,-906.5073923950487,-1288.1748990859055,-2665.04381937181,0.0006781542762374149
480584.0,13,-21394346.712339886,-11827634.801011665,10435958.285401141,-808.9773445658055,-1103.208597859956,-2808.703850008108,0.0006781533821088463
481184.0,13,-21845534.954922155,-12434841.073037885,8713009.084974471,-691.4923082186052,-921.7375295626246,-2930.562069431461,0.0006781526654623678
481784.0,13,-22220509.505962107,-12934906.905032046,6923679.415992178,-555.1708973241896,-746.5326245541162,-3029.809157699389,0.0006781521240148361
482384.0,13,-22508384.997570455,-13332382.245127495,5081736.113707105,-401.46105199038266,-580.2019117904317,-3105.8135253378928,0.0006781517541701536
482984.0,13,-22699237.7855364,-13633322.697365474,3201271.954965114,-232.1144699557036,-425.1486256228882,-3158.1222599630205,0.000678151551059642
483584.0,13,-22784279.437849376,-13845155.149615863,1296598.366198295,-49.15631547131875,-283.53340439262615,-3186.46073736173,0.0006781515085908068
484184.0,13,-22756010.753499366,-13976522.050236864,-617861.2891548331,145.14919419760486,-157.2410941399787,-3190.731011654473,0.0006781516195037995
484784.0,13,-22608354.022784792,-14037107.227741655,-2527677.135038443,348.3366830905301,-47.85257787030719,-3171.0091009425805,0.0006781518754348773
485384.0,13,-22336761.636745717,-14037446.374287345,-4418516.279105498,557.7803214111251,43.37804227845436,-3127.5412832349925,0.0006781522669861699
485984.0,13,-21938299.56372759,-13988725.484402098,-6276243.808888981,770.7366536242088,115.54067431066301,-3060.7395129089077,0.0006781527838010796
486584.0,13,-21411704.790734164,-13902570.466788957,-8087020.494139701,984.3872137218093,168.08306051030468,-2971.1804668874393,0.00067815323191527
487184.0,13,-20757415.10333956,-13790832.498094838,-9837398.385902973,1195.8901077877726,200.80721198506444,-2859.5819445740926,0.0006781539646205508
487784.0,13,-19977573.414946523,-13665370.000444101,-11514410.108095199,1402.4151775081982,213.88315327848522,-2726.8224776807797,0.000678154786599452
488384.0,13,-19076003.59257166,-13537833.892997157,-13105656.14629658,1601.1950561691979,207.83398309569952,-2573.9167162482527,0.0006781556845059468
488984.0,13,-18058160.72044761,-13419457.321466787,-14599386.708637899,1789.5667389834227,183.52688235008145,-2402.0121517119787,0.0006781566444750143
489584.0,13,-16931055.803268142,-13320853.873458628,-15984578.99913423,1965.0129638836647,142.15655289483334,-2212.3810714542537,0.0006781576522192623
490184.0,13,-15703156.34799377,-13251827.25721066,-17251009.508116424,2125.2011823526323,85.22366509534481,-2006.4121339330875,0.0006781586931272922
490784.0,13,-14384264.44099247,-13221195.336670399,-18389321.105577886,2268.019589468554,14.508662454430123,-1785.6015899136746,0.0006781597523633703
491384.0,13,-12985374.241823712,-13236631.189838726,-19391084.737469576,2391.609724729326,-67.95867751802518,-1551.5441650082541,0.0006781608149679865
491984.0,13,-11518511.092582453,-13304523.602316268,-20248855.53290211,2494.395200682881,-159.93348047810912,-1305.9236095846463,0.0006781618659588974
492584.0,13,-9996554.690759946,-13429859.126748882,-20956223.132545304,2575.1061647098772,-258.99332246927804,-1050.5029143798774,0.0006781628904322579
493184.0,13,-8433048.992543815,-13616127.533945676,-21507856.04612174,2632.7991503645285,-362.5785609957071,-787.1141840712668,0.0006781638736634468
493784.0,13,-6842001.629227633,-13865252.142049514,-21899539.834463857,2666.8682738186762,-468.03232954249637,-517.6471377982539,0.0006781646200235053
494384.0,13,-5237676.2385640675,-14177546.309258534,-22128209.002873536,2677.070233406288,-572.6546871260214,-244.04214801400076,0.0006781654781666446
494984.0,13,-3634379.9762934214,-14551696.410933476,-22191972.004538286,2663.505801722391,-673.7332942640953,31.726532583049423,0.0006781662529563578
495584.0,13,-2046250.3871399248,-14984772.548764503,-22090129.838192206,2626.634428920698,-768.598403720509,307.65889834554326,0.0006781669313702081
496184.0,13,-487044.3187713921,-15472266.255426953,-21823187.33559028,2567.2639492491244,-854.6658817895013,581.7420464308143,0.0006781675010500974
496784.0,13,1030067.6870470252,-16008155.19271665,-21392857.21302718,2486.538765242972,-929.4815706658173,851.9626095342643,0.0006781679503923031
497384.0,13,2492698.313823943,-16584994.011791047,-20802056.587223936,2385.922683546576,-990.7640371227283,1116.3195838374454,0.0006781682686339968
497984.0,13,3889428.547190476,-17194030.211246543,-20054895.72022789,2267.176570572835,-1036.4450384300376,1372.8375324444662,0.0006781684459356712
498584.0,13,5209977.878400205,-17825343.43078345,-19156658.77116722,2132.33107275294,-1064.7070463153009,1619.5801309735523,0.0006781684734588675
499184.0,13,6445356.771777496,-18468006.22822816,-18113776.354949977,1983.6547243767948,-1074.017188514461,1854.664006415057,0.0006781683434385646
499784.0,13,7587998.748379044,-19110264.011227187,-16933789.740544293,1823.6178451160374,-1063.1569960421136,2076.2728031493098,0.0006781680492495676
500384.0,13,8631869.700317442,-19739731.438146222,-15625306.565351998,1654.8527081319226,-1031.2473836558577,2282.671391512456,0.0006781675854662087
500984.0,13,9572552.317241568,-20343602.297147743,-14197947.99166746,1480.1157678599347,-977.7641850894107,2472.2167372456256,0.0006781663000513668
501584.0,13,10407304.081359904,-20908869.3658999,-12662287.391505465,1302.2213510903712,-902.5690912530196,2643.38559264799,0.0006781654857283811
502184.0,13,11135087.279095277,-21422551.241878655,-11029780.299762111,1124.0251865466446,-805.8914126821422,2794.768101815975,0.0006781644932160583
502784.0,13,11756570.126139484,-21871921.49475907,-9312686.43980288,948.3554982864164,-688.3472207718046,2925.094927961995,0.0006781633223267413
503384.0,13,12274098.858819686,-22244736.95966372,-7523983.51224805,777.9693534043984,-550.929584662762,3033.246829626444,0.0006781619742463126
503984.0,13,12691640.668080516,-22529460.837057397,-5677273.410092057,615.5045253764636,-394.99664046872294,3118.2668862276964,0.0006781604515395392
504584.0,13,13014698.13246461,-22715476.629301865,-3786681.323346632,463.43282234419394,-222.25299537629326,3179.3717677457944,0.0006781587581443063
505184.0,13,13250196.287474332,-22793288.946818564,-1866748.3718401573,324.0157664716228,-34.72463289639563,3215.9618426314382,0.0006781568993543383
505784.0,13,13406344.000532102,-22754707.356424812,67681.46764147234,199.26350060317054,165.27238062340598,3227.629917515437,0.0006781548817901184
506384.0,13,13492471.841101337,-22593009.66613488,2001579.247869998,90.89776849836971,375.168952296209,3214.1684074369937,0.0006781527133578502
506984.0,13,13518849.131767323,-22303081.344683193,3919852.73906936,0.3197638860938241,592.1852116566158,3175.57474654639,0.0006781504031964382
507584.0,13,13496483.325159512,-21881528.157981426,5807470.795148273,-71.41642891425158,813.377253482757,3112.0548667964904,0.0006781479616126277
508184.0,13,13436905.260425443,-21326759.5638864,7649589.177952918,-123.62417365196029,1035.687556762144,3024.0245960039642,0.0006781454000046065
508784.0,13,13351944.199003696,-20639040.933596287,9431676.539245706,-155.99788444636397,1255.9981571450248,2912.108856553638,0.0006781427307745413
509384.0,13,13253496.811125934,-19820513.252732363,11139639.200907383,-168.61950749591824,1471.1855633576292,2777.1385813767215,0.0006781399672306992
509984.0,13,13153294.471816896,-18875179.585324705,12759943.338367851,-161.95764438697256,1678.1763429862194,2620.1453038176483,0.000678137123479973
510584.0,13,13062673.320235053,-17808858.245038886,14279733.162766071,-136.85923700234662,1874.0022629742248,2442.3534215203,0.0006781342143117969
511184.0,13,12992351.533519484,-16629103.293984074,15686943.715283997,-94.5338989141676,2055.8538575294433,2245.170180198253,0.0006781312550745903
511784.0,13,12952218.163276363,-15345093.663122613,16970406.933051616,-36.53114529911045,2221.1313124278886,2030.1734696255253,0.0006781282615460046
512384.0,13,12951137.679845534,-13967492.842002198,18119949.719582938,35.28906227812536,2367.4916003945364,1799.0975698148998,0.0006781252497983651
512984.0,13,12996774.070080768,-12508281.701776037,19126482.852521043,118.79188360089938,2492.890876694846,1553.8170285391323,0.000678122236060789
513584.0,13,13095437.94519204,-10980567.577637052,19982079.685276005,211.60856425159193,2595.6212455164878,1296.3288905531995,0.0006781192365795287
514184.0,13,13251959.645704351,-9398373.229785174,20680043.743844043,311.18195549227255,2674.341133320286,1028.7335326900845,0.0006781162674781201
514784.0,13,13469590.792839177,-7776409.712838768,21214964.481921352,414.81564453199064,2728.0986512996205,753.2143862372706,0.0006781133446189217
515384.0,13,13749936.143720564,-6129837.501767297,21582760.632069632,519.7256713065791,2756.347490830366,472.01684774030963,0.0006781104834676026
515984.0,13,14092916.977410963,-4474020.440458557,21780710.773509804,623.0937562392286,2758.9550681702785,187.42669102719765,0.0006781076989620818
516584.0,13,14496766.586498357,-2824277.1925883773,21807470.923328448,722.1209401644201,2736.2028122026186,-98.25170344723323,0.0006781050053873317
517184.0,13,14958057.791699206,-1195634.8824320766,21663079.142740935,814.0805428077482,2688.778666169245,-382.71699077308057,0.0006781024162573545
517784.0,13,15471761.751337303,397410.4822947951,21348947.329057164,896.3693789928467,2617.762045742787,-663.6920768490916,0.0006780999442055041
518384.0,13,16031336.719359575,1941122.4075422008,20867840.533025213,966.5562301980895,2524.6016565025247,-938.9446281207178,0.0006780976008841753
518984.0,13,16628844.829117754,3422737.0168262087,20223844.296689488,1022.4266504856755,2411.0867195758165,-1206.3066230596742,0.0006780953968747263
431984.0,14,15068481.385476895,13151847.237634683,17716986.818921395,-2228.2840028869336,131.73685694942515,1776.305716657825,0.0007442863682754438
432584.0,14,13694615.755506014,13253427.282215048,18714812.01509146,-2348.030950488001,208.66497714495972,1547.6605110969954,0.0007442882800527739
433184.0,14,12254874.17011411,13403758.089401796,19571789.469824392,-2447.674973127574,293.84811810793315,1307.11663090636,0.0007442901205376055
433784.0,14,10761694.655192541,13607106.054645043,20281304.941629972,-2526.0140540592793,384.9690815357959,1056.4308857575359,0.0007442918814351254
434384.0,14,9228141.376419999,13866307.209494576,20837823.164054655,-2582.16409090278,479.5841623404152,797.4415468204542,0.0007442935550216602
434984.0,14,7667709.13374013,14182703.757342791,21236933.106584907,-2615.5740472099233,575.1649891753385,532.0566956914656,0.000744295134203333
435584.0,14,6094120.364529159,14556106.259295583,21475386.053126287,-2626.035846220834,669.1420982865511,262.241874034707,0.0007442966125710458
436184.0,14,4521117.818886537,14984782.309118511,21551126.08345149,-2613.6867898616892,758.9486052706307,-9.992833681494036,0.0007442978280885542
436784.0,14,2962256.5794290053,15465472.106042583,21463312.65218906,-2579.016366171634,842.0689444822399,-282.6069937556907,0.0007442990887675095
437384.0,14,1430697.9563919976,15993431.006753985,21212334.70034195,-2522.8472355458434,916.078053951031,-553.5430886846698,0.0007443002339976017
437984.0,14,-60990.21841828432,16562498.469469484,20799816.218359787,-2446.330785761305,978.6884138975365,-820.7420539392872,0.0007443012605686935
438584.0,14,-1501024.350286482,17165192.636792306,20228612.819995917,-2350.9269700602363,1027.7908672071253,-1082.1582667547914,0.0007443021661601337
439184.0,14,-2878583.3278590115,17792829.176418494,19502799.12221024,-2238.380853031496,1061.4937083297225,-1335.775109725804,0.0007443029493647213
439784.0,14,-4183971.1970134517,18435662.6299504,18627646.743135348,-2110.6941262488135,1078.1584769982214,-1579.6207774934755,0.0007443036097061026
440384.0,14,-5408761.365822389,19083048.093802005,17609592.80025812,-1970.091995064654,1076.4317801953514,-1811.784201612665,0.0007443041476492692
440984.0,14,-6545919.710245362,19723620.66385983,16456198.868521664,-1818.9859304243498,1055.2725150012352,-2030.4309533610653,0.0007443045646038707
441584.0,14,-7589904.270323871,20345489.716320954,15176100.44517444,-1659.9328675304064,1013.9739282320207,-2233.8189700616117,0.0007443048629201029
442184.0,14,-8536739.597680096,20936444.779421117,13778947.064150937,-1495.5915144224355,952.1800259299005,-2420.313938027019,0.0007443050458769951
442784.0,14,-9384064.232535757,21484169.482870616,12275333.306415437,-1328.6765057324096,869.8959361721074,-2588.404155097971,0.0007443051176629865
443384.0,14,-10131150.358906785,21976459.883724593,10676720.976166997,-1161.9134604270416,767.4889879695266,-2736.7116542386257,0.0007443049271166928
443984.0,14,-10778894.30893936,22401443.186139606,8995353.518439317,-997.9823001293373,645.6981002478384,-2864.017641631422,0.000744304792664626
444584.0,14,-11329779.958524728,22747793.150865175,7244161.5333483135,-839.4832027289804,505.6066906389898,-2969.256356306409,0.0007443045647512719
445184.0,14,-11787812.414903222,23004937.97609981,5436662.668632669,-688.8816973847211,348.639216587081,-3051.5382566333774,0.0007443042508544597
445784.0,14,-12158425.502443995,23163256.9728542,3586854.591033894,-548.4668638644855,176.5362118633675,-3110.156419406,0.0007443038591504017
446384.0,14,-12448363.509856798,23214262.263549987,1709102.8522075904,-420.3103471593354,-8.673590363785138,-3144.5944200066856,0.0007443033984502866
446984.0,14,-12665539.42519188,23150762.04887161,-181975.49486596748,-306.22918145766107,-204.70665150035313,-3154.532468203066,0.0007443028781307645
447584.0,14,-12818872.171165401,22967002.292222694,-2071631.434174077,-207.7531754220945,-409.06295640339397,-3139.851677888389,0.0007443023080589145
448184.0,14,-12918105.783026604,22658784.05658852,-3945105.517261747,-126.09752781209818,-619.0685837536862,-3100.636374906576,0.0007443016985123681
448784.0,14,-12973613.845669113,22223554.17763953,-5787750.173528412,-62.141242318757804,-831.9217268604135,-3037.1743761499083,0.0007443010600953352
449384.0,14,-12996192.81602158,21660467.460184455,-7585151.556708228,-16.411795223890977,-1044.7412928346666,-2949.9552046573335,0.0007443004036513434
449984.0,14,-12996848.092498984,20970419.13150972,-9323249.673611397,10.923618069877875,-1254.6171463197402,-2839.6662386314524,0.0007442997401735529
450584.0,14,-12986576.828921191,20156046.926826026,-10988455.486552343,20.05902054478247,-1458.6619739019716,-2707.186897905146,0.0007442989243925387
451184.0,14,-12976151.612108648,19221702.506895807,-12567764.022566222,11.548932900056798,-1654.0579690644624,-2553.580537994684,0.0007442982798835595
451784.0,14,-12975909.253165334,18173392.71360167,-14048862.167534767,-13.709215538813396,-1838.1121442192452,-2380.085048569913,0.0007442976613037804
452384.0,14,-12995548.070601515,17018692.432342697,-15420229.592156142,-54.48917874954304,-2008.2992148448495,-2188.1012001244426,0.0007442970793322258
452984.0,14,-13043938.163619831,15766629.717610173,-16671232.71240024,-109.26099500915484,-2162.3065038635373,-1979.179631600963,0.0007442965443448747
453584.0,14,-13128947.81028537,14427545.916915834,-17792210.213323046,-176.2207349396324,-2298.073778494988,-1755.0063884369315,0.0007442960663296993
454184.0,14,-13257289.25661709,13012933.3187244,-18774549.488954257,-253.32524743763668,-2413.828335112378,-1517.387250460468,0.0007442956548055873
454784.0,14,-13434386.684809059,11535253.380138002,-19610753.34711215,-338.3311950512474,-2508.114693801229,-1268.23106199341,0.0007442953187459104
455384.0,14,-13664268.698115716,10007738.9345136,-20294496.459916875,-428.8375912312873,-2579.818383107225,-1009.5322858556448,0.0007442950665074357
455984.0,14,-13949487.168110017,8444184.049135603,-20820671.175751235,-522.3309921617358,-2628.1834234024927,-743.3530072269916,0.0007442949057651919
456584.0,14,-14291063.769002207,6858725.394450961,-21185422.443425674,-616.2324564568291,-2652.8232508051615,-471.8046126300765,0.0007442948434538196
457184.0,14,-14688464.985759065,5265619.097249292,-21386171.73151641,-707.9453671304598,-2653.7249590633346,-197.02936393484785,0.0007442948857158419
457784.0,14,-15139605.682860952,3679017.439150745,-21421630.002092388,-794.9050525332725,-2631.248618717779,78.81818496112089,0.0007442948810994859
458384.0,14,-15640881.835096385,2112747.3660158194,-21291799.579178143,-874.6183950824868,-2586.111242236271,353.5880258045577,0.0007442951473737208
458984.0,14,-16187229.54765061,580099.0870189928,-20997965.855920095,-944.7196057604956,-2519.382299323875,625.1542199634787,0.0007442955314932907
459584.0,14,-16772211.536149532,-906376.6957230447,-20542678.238182068,-1003.0057281370163,-2432.4553463011125,891.430308523008,0.0007442960360647612
460184.0,14,-17388127.696098454,-2335056.3835443743,-19929721.485854052,-1047.4775974294867,-2327.0233243565144,1150.3858248436657,0.0007442966627564851
460784.0,14,-18026148.142947704,-3695413.81814768,-19164077.637918886,-1076.3751411209444,-2205.0471625741857,1400.0614923308924,0.0007442974122924225
461384.0,14,-18676466.123212256,-4978170.51371613,-18251879.14315408,-1088.2081917404587,-2068.720154458974,1638.5834178004227,0.0007442982844534407
461984.0,14,-19328467.96555844,-6175423.455900111,-17200353.812049747,-1081.7823501939345,-1920.4287970814305,1864.1762035151016,0.0007442992780858715
462584.0,14,-19970916.992404766,-7280748.563045248,-16017762.24459243,-1056.219536901375,-1762.7108237651382,2075.17492148209,0.0007443003911170514
463184.0,14,-20592148.123720203,-8289278.349469308,-14713328.41654928,-1010.9729687860084,-1598.211188207977,2270.035912789045,0.0007443016205775244
463784.0,14,-21180269.775987353,-9197752.787314575,-13297164.12466668,-945.8364008272786,-1429.6367706535752,2447.3463922506135,0.0007443029626295495
464384.0,14,-21723369.590268858,-10004542.824351138,-11780187.999795852,-860.9475696232721,-1259.710576050576,2605.8328541507835,0.0007443044126015276
464984.0,14,-22209720.51511021,-10709646.244449724,-10174040.000784542,-756.7884694506948,-1091.1239268096745,2744.3711864118977,0.0007443058085229305
465584.0,14,-22627983.791294836,-11314657.595949734,-8490990.907396207,-634.16689591003,-926.5008376508424,2861.981092367699,0.000744307457151773
466184.0,14,-22967405.568287093,-11822709.630287297,-6743850.326533688,-494.2189413760285,-768.3417994514675,2957.8484982731625,0.000744309195107765
466784.0,14,-23218003.866732452,-12238391.769667815,-4945870.35518419,-338.3797432449768,-618.9920462165926,3031.317631875979,0.0007443110148322963
467384.0,14,-23370742.98116886,-12567644.095385717,-3110648.008162658,-168.36284838878225,-480.60174972739014,3081.8967039250765,0.0007443129081791716
467984.0,14,-23417692.518170584,-12817629.947684295,-1252026.1432037528,13.867500520841077,-355.09189438015096,3109.25962025952,0.0007443148664756789
468584.0,14,-23352168.587271955,-12996589.197166247,616006.3709364975,206.1279776634974,-244.12412872237314,3113.246713454214,0.000744316880586601
469184.0,14,-23168854.95358168,-13113674.703351913,2479414.658140781,406.0511640876098,-149.07501507194252,3093.864535664874,0.0007443189409807516
469784.0,14,-22863902.28804437,-13178774.710207382,4324217.448529783,611.1233542300755,-71.01502980554937,3051.2847519237794,0.0007443210377996335
470384.0,14,-22435003.999915667,-13202324.120377485,6136585.762470901,818.724586651128,-10.692595819350572,2985.84216967468,0.0007443231609278179
470984.0,14,-21881447.501376174,-13195107.738183135,7902940.14608595,1026.1702829596163,31.476643971611793,2898.031936073844,0.0007443253000646594
471584.0,14,-21204140.13156264,-13168058.675390396,9610045.957864262,1230.753862679584,55.41517678227956,2788.505929802872,0.0007443274447969598
472184.0,14,-20405609.45278255,-13132055.125692219,11245106.170732087,1429.7903989922843,61.38204790222244,2658.0674485138566,0.0007443294283623406
472784.0,14,-19489977.271392617,-13097719.109872289,12795851.573061498,1620.656368776131,49.973218653534104,2507.6697122495652,0.0007443315529338257
473384.0,14,-18462909.479503755,-13075219.461964406,14250626.896792611,1800.8357833539148,22.10200598212191,2338.404482888684,0.0007443336519181521
473984.0,14,-17331540.105411887,-13074083.673754122,15598473.951776959,1967.9572944221109,-21.011211294922532,2151.499032796264,0.0007443357151846435
474584.0,14,-16104372.537247349,-13103020.445628345,16829210.034891613,2119.832913178178,-77.86140115818512,1948.3078360060765,0.0007443377328545294
475184.0,14,-14791158.673048235,-13169756.342429714,17933501.740909234,2254.493201565188,-146.6845227517665,1730.3044242945994,0.0007443396953714298
475784.0,14,-13402757.94828194,-13280889.151326701,18902933.63599001,2370.2191592598833,-225.487462732003,1499.0725042467259,0.000744341593570147
476384.0,14,-11950978.3843336,-13441760.389232308,19730071.359373488,2465.570298823618,-312.08183598616813,1256.296336873481,0.0007443434187433635
476984.0,14,-10448404.394267913,-13656348.481057689,20408518.022600174,2539.4081090408154,-404.1222904977466,1003.7497781683446,0.0007443450808565222
477584.0,14,-8908200.107722603,-13927188.464900825,20932967.857655074,2590.9165020260884,-499.1420262899318,743.2875774012356,0.0007443467360155461
478184.0,14,-7343926.218935657,-14255309.512835655,21299245.27152636,2619.6139571672043,-594.6017580582148,476.8300695700934,0.0007443482954013205
478784.0,14,-5769326.317182047,-14640205.409428187,21504344.773610637,2625.363581819634,-687.9290990128789,206.35299311180918,0.00074434975274876
479384.0,14,-4198121.555334425,-15079827.98207801,21546458.960025005,2608.37606298907,-776.5644419694927,-66.12623612712186,0.0007443511025382997
479984.0,14,-2643802.666040088,-15570608.233058576,21424999.35016475,2569.2072864743095,-858.0059387883299,-338.5623065131442,0.0007443523400412647
480584.0,14,-1119425.0885708174,-16107504.315996,21140608.80637533,2508.749148401035,-929.8546560756337,-608.897024684674,0.0007443533868143795
481184.0,14,362589.3892687652,-16684075.986359075,20695165.256653957,2428.2202580544417,-989.8549315063901,-875.071607306541,0.0007443543889802645
481784.0,14,1790640.5949472534,-17292583.96801859,20091776.450659174,2329.140124147475,-1035.9399513969813,-1135.0457353966265,0.0007443552697935367
482384.0,14,3154125.809726227,-17924113.868205056,19334765.36156829,2213.3089956292724,-1066.2672286377503,-1386.8107297525787,0.0007443560280348558
482984.0,14,4443598.688072881,-18568721.800322335,18429646.252956368,2082.7773098185835,-1079.2544009148883,-1628.405990763014,0.0007443566634185258
483584.0,14,5650909.334195905,-19215599.933634117,17383091.214427724,1939.8116874459706,-1073.6101573022947,-1857.9349305269832,0.0007443571766015561
484184.0,14,6769322.777137312,-19853259.232899375,16202887.159694714,1786.8569052062142,-1048.3604443423346,-2073.580852344233,0.0007443575691854842
484784.0,14,7793613.60645444,-20469726.39154962,14897883.35309883,1626.494444925636,-1002.8694022653905,-2273.62262041142,0.0007443578437107309
485384.0,14,8720134.911477368,-21052751.653918553,13477929.628196923,1461.3982980169383,-936.85456193218,-2456.4499505264243,0.0007443580036433265
485984.0,14,9546860.093368933,-21590023.965413332,11953805.567053115,1294.2887739442215,-850.3959260905877,-2620.5781430175193,0.0007443580533539117
486584.0,14,10273396.71341069,-22069389.67754685,10337140.856416436,1127.8851297954216,-743.9375051593223,-2764.6603637273583,0.0007443578418182979
487184.0,14,10900971.243983649,-22479070.993484497,8640328.191553947,964.857812166771,-618.2880505300895,-2887.507579215974,0.0007443576877628317
487784.0,14,11432386.089084784,-22807880.038981277,6876427.471270773,807.7813463867419,-474.6038348530308,-2988.0901052793206,0.0007443574416972717
488384.0,14,11871948.24530106,-23045424.837737083,5059064.006665056,659.0885400882867,-314.37622391130515,-3065.5552325095578,0.0007443571112465493
488984.0,14,12225371.182913763,-23182303.18124003,3202320.4563696706,521.0270631057417,-139.4074095683145,-3119.234627720588,0.0007443567047216847
489584.0,14,12499651.581741925,-23210280.81423528,1320623.730806471,395.6191790389221,48.21864236069348,-3148.6518662354993,0.0007443562310550938
490184.0,14,12702923.032980548,-23122450.512872428,-571372.1332715845,284.62544657559124,246.17065130402761,-3153.528192633821,0.0007443556997298967
490784.0,14,12844289.311956495,-22913368.978678875,-2458906.01777505,189.51312699245068,451.9092821866428,-3133.786393347423,0.0007443551207038396
491384.0,14,12933640.245917045,-22579168.870737575,-4327231.513534479,111.42994763742831,662.7304920063166,-3089.5526910526114,0.0007443545043285181
491984.0,14,12981453.562803455,-22117643.759466793,-6161739.235288387,51.183767707336074,875.812153551884,-3021.1566004382976,0.0007443538612646616
492584.0,14,12998586.401744854,-21528304.29849442,-7948078.4141816115,9.228574598650312,1088.2630698691069,-2929.1287168832373,0.0007443532023943027
493184.0,14,12996060.385717738,-20812404.464852866,-9672276.51457207,-14.342890600156124,1297.1734355863346,-2814.1964429855966,0.0007443525387307022
493784.0,14,12984844.423992708,-19972937.15205339,-11320855.79527586,-19.800666129503497,1499.6659443900917,-2677.2784328912226,0.0007443517250461444
494384.0,14,12975638.55785534,-19014600.024659093,-12880944.680549266,-7.767562430675071,1692.9455032750516,-2519.473399551409,0.0007443510848810938
494984.0,14,12978664.842968037,-17943730.099207483,-14340385.050897134,20.78807800490199,1874.3491155025338,-2342.0544167772637,0.0007443504728337132
495584.0,14,13003466.688190412,-16768211.042049292,-15687831.528455714,64.57546794039104,2041.3916911218976,-2146.4541928318818,0.0007443498995288585
496184.0,14,13058722.201728003,-15497352.9380472,-16912843.78236149,122.00577008333903,2191.809282520687,-1934.2524393529818,0.0007443493752708117
496784.0,14,13152074.319975743,-14141747.567075673,-18005970.243932225,191.22292498438946,2323.59800306737,-1707.161143775027,0.0007443489099590425
497384.0,14,13289980.934470251,-12713101.800452948,-18958822.592946663,270.1393388034768,2435.0480535176375,-1467.008674385119,0.0007443485130080105
497984.0,14,13477587.716638505,-11224052.249738667,-19764140.390731506,356.4757047154184,2524.7722413850834,-1215.7229327025489,0.0007443481932717628
498584.0,14,13718625.879916972,-9687964.629872084,-20415845.36859769,447.8041564767801,2591.728499434478,-955.3137761492604,0.0007443479589740047
499184.0,14,14015336.619962994,-8118721.552655121,-20909085.0154107,541.5938970780159,2635.2360388342013,-687.854937192773,0.0007443478176442413
499784.0,14,14368423.448152594,-6530502.641473422,-21240265.242734596,635.258410212811,2654.984906698415,-415.46566345094345,0.0007443477760604974
500384.0,14,14777033.09362054,-4937560.952398553,-21407072.03728448,726.2033476091574,2651.0388531859767,-140.29229696663106,0.0007443478401990369
500984.0,14,15238765.103276523,-3353999.7453714656,-21408482.133919924,811.8739710472247,2623.8335203617,135.50894035744219,0.0007443473928197103
501584.0,14,15749709.768440777,-1793553.2525449465,-21244762.832013927,889.8026823348617,2574.158290424926,409.79400956976576,0.0007443476827703107
502184.0,14,16304513.377870485,-269376.0280354256,-20917461.391143695,957.6520377647774,2503.151623320241,680.4424293221729,0.0007443480911729583
502784.0,14,16896469.52794484,1206156.6653013807,-20429384.019696314,1013.2578224970733,2412.2709186501897,945.3779431116752,0.0007443486204445188
503384.0,14,17517634.550464842,2621633.182869073,-19784565.21440006,1054.667206868975,2303.266896217784,1202.5834894943598,0.0007443492720617646
503984.0,14,18158964.852212332,3966771.920886266,-18988227.82680016,1080.1731688774203,2178.1512770092677,1450.1162016925653,0.0007443500465567299
504584.0,14,18810473.567984596,5232567.121908508,-18046734.457441106,1088.3443259568126,2039.1603747482764,1686.1213852704343,0.0007443509435195048
505184.0,14,19461403.64007129,6411411.819703239,-16967530.802462988,1078.0497344176083,1888.7152969904291,1908.8454012050454,0.0007443519616082351
505784.0,14,20100414.200848274,7497196.108585363,-15759081.614071907,1048.4783143654795,1729.379493466293,2116.6474019575703,0.000744353098566044
506384.0,14,20715776.958618157,8485379.370044272,-14430799.962169923,999.1526588618572,1563.81441338081,2308.009887021187,0.0007443543512445453
506984.0,14,21295579.17044299,9373035.547775427,-12992970.500239285,929.9370865172029,1394.7340432815201,2481.548061535042,0.000744355715633586
507584.0,14,21827929.728804242,10158871.023043346,-11456667.4454164,841.0398948626606,1224.859093803166,2636.01799664312,0.0007443571868968271
508184.0,14,22301164.871241003,10843215.144832516,-9833667.963301154,733.0113393779752,1056.8697276674225,2770.3250750958123,0.0007443586030172867
508784.0,14,22704050.20488538,11427983.612803604,-8136361.738716709,606.7285277072315,893.3686673240834,2883.523901701956,0.0007443602704461147
509384.0,14,23025975.474957693,11916616.147661094,-6377657.303352097,463.3901173624031,736.8277199382594,2974.8318466724872,0.0007443620257171279
509984.0,14,23257139.27519944,12313989.098746857,-4570885.835749941,304.49051422520427,589.5550656371367,3043.626696261759,0.0007443638611470531
510584.0,14,23388720.48828395,12626305.026133265,-2729703.128199413,131.79718544966545,453.65650626385195,3089.450659700556,0.0007443657684771863
511184.0,14,23413033.8525617,12860961.134646883,-867990.3048398264,-52.67789676763255,331.00211864073685,3112.0118751599257,0.0007443677389350967
511784.0,14,23323667.20550857,13026398.8747173,1000246.0940557426,-246.71060678474157,223.1969768432093,3111.18494374713,0.0007443697632991869
512384.0,14,23115598.278048802,13131937.277317608,2860974.0811991612,-447.9002820863125,131.5563509606418,3087.010532845507,0.0007443718319656958
512984.0,14,22785289.245826535,13187592.815912487,4700235.687666645,-653.7080368120758,57.08572046808058,3039.694087484741,0.0007443739350177406
513584.0,14,22330757.595968783,13203888.771344298,6504245.389434038,-861.4971744075922,0.4658688576005261,2969.6036847825535,0.0007443760622960016
514184.0,14,21751622.23609843,13191657.214818161,8259486.9802271165,-1068.575079401975,-37.95674670852395,2877.2670621083544,0.0007443782034706628
514784.0,14,21049124.15159725,13161836.818873517,9952808.393928658,-1272.2359536350095,-58.17423063934871,2763.3678447623465,0.0007443803481142257
515384.0,14,20226121.25601163,13125269.792214122,11571514.072853161,-1469.8042050893791,-60.51616827672842,2628.741722288432,0.0007443823293870681
515984.0,14,19287057.756706182,13092501.013167985,13103453.9628472,-1658.6751248280186,-45.64247197216446,2474.3682346225173,0.0007443844496023223
516584.0,14,18237908.008467894,13073582.977747533,14537109.739645762,-1836.3590711590396,-14.532300457814927,2301.369032705395,0.0007443865421513695
517184.0,14,17086096.187181864,13077889.31358628,15861676.532093333,-2000.5193391710052,31.533617363906842,2110.998187660687,0.0007443885969489191
517784.0,14,15840392.746348143,13113940.065339046,17067140.53594084,-2149.0100565123057,90.99479487660051,1904.6353512604817,0.0007443906041760515
518384.0,14,14510789.274334883,13189241.566744287,18144351.80073172,-2279.9107387722192,162.0375458566814,1683.7774601192366,0.0007443925543503897
518984.0,14,13108353.644542923,13310143.538462505,19085091.789958086,-2391.5574329231767,242.6257517520711,1450.029701386444,0.0007443944383944977
431984.0,15,11779878.312335052,-9817406.589430062,21142492.710472323,1800.9992418282804,2170.981176949854,9.307947445836872,0.0004057247526034839
432584.0,15,12879639.271528028,-8533911.64021902,21063009.37612463,1862.099882061119,2104.412460138683,-274.100757280234,0.0004057232960150188
433184.0,15,14010787.39231813,-7295732.025563655,20814082.84740986,1905.2915821700244,2020.2894362698676,-555.1177719209207,0.00040572193709340586
433784.0,15,15162078.494132113,-6112769.237938658,20397858.21285577,1928.9630616966665,1920.7535415611849,-831.378978862481,0.00040572064987410287
434384.0,15,16321400.349466745,-4993565.862070373,19817883.611321557,1931.8372542585128,1808.1847312232092,-1100.573703241009,0.00040571946048095927
434984.0,15,17475980.616193093,-3945177.0207434837,19079071.043929957,1912.996071130423,1685.1537047925497,-1360.4688145557702,0.0004057183941416734
435584.0,15,18612607.7319374,-2973071.2220037514,18187643.141231336,1871.8976831740006,1554.3707106098552,-1608.9314081363336,0.000405717474963486
436184.0,15,19717859.85160315,-2081062.392561216,17151066.873060107,1808.3863529662028,1418.6281160850424,-1843.9510044357023,0.0004057167895770378
436784.0,15,20778337.395669043,-1271275.6141431034,15977975.489726057,1722.6927111195093,1280.7620665642967,-2063.652898910997,0.0004057162317060324
437384.0,15,21780894.192625426,-544142.4284715876,14678079.400021395,1615.4304198494024,1143.5740045948335,-2266.32263244785,0.00040571588458376845
437984.0,15,22712862.72007031,101568.20526380278,13262068.763334539,1487.580781596465,1009.7940923380888,-2450.4143727048286,0.0004057157659189768
438584.0,15,23562269.527807362,668689.9219385423,11741508.016557299,1340.4730861316425,882.0267781000034,-2614.5634658015,0.00040571589144096316
439184.0,15,24318036.533256456,1161569.3277149238,10128724.567949496,1175.75808471041,762.7039173430414,-2757.5949534267975,0.00040571627479131186
439784.0,15,24970164.71258634,1585949.5109738,8436693.120318104,995.3759207443168,654.0422276018735,-2878.5294602733843,0.00040571692743842215
440384.0,15,25509897.09337192,1948829.5042109936,6678917.174421231,801.5193448643354,558.0057975681673,-2976.5865465871507,0.0004057178586147723
440984.0,15,25929858.470816627,2258302.902863631,4869309.195265389,596.5931027237452,476.2742191878888,-3051.185670553698,0.0004057190752764515
441584.0,15,26224169.81474112,2523379.1439803843,3022070.8280935604,383.17041647867234,410.21675703283177,-3101.9449457265496,0.000405720582084188
442184.0,15,26388535.89228428,2753791.152328827,1151574.4329772822,163.94748752118022,360.8728168537714,-3128.677909214878,0.0004057223814048411
442784.0,15,26420305.186597362,2959793.176458412,-727752.9271328116,-58.30306852694105,328.9388297110936,-3131.388536882074,0.00040572447333211525
443384.0,15,26318501.86913057,3151952.3753931886,-2601541.6292510573,-280.7787721728022,314.75499110767737,-3110.2754518096185,0.0004057268136576176
443984.0,15,26083829.19621658,3340939.5851351297,-4455589.242190173,-500.6942599642982,318.33095724898453,-3065.6814508471452,0.0004057294818044946
444584.0,15,25718646.661044512,3537319.3237643447,-6275962.115253835,-715.324749941288,339.3121468638351,-2998.1487668011073,0.0004057324296696372
445184.0,15,25226919.89819429,3751346.698596814,-8049093.950396754,-922.0495676228225,377.01714473877655,-2908.366864694748,0.00040573564879778693
445784.0,15,24614146.142183334,3992771.9607254197,-9761877.528481316,-1118.3919379585102,430.447633533307,-2797.1730047756178,0.0004057391288006976
446384.0,15,23887256.52124549,4270656.515000103,-11401750.332286716,-1302.0558004005493,498.3096709026215,-2665.541764504565,0.0004057428574616824
446984.0,15,23054497.3206189,4593203.0158390235,-12956773.772747936,-1470.9589952409779,579.0392465942616,-2514.5743570614595,0.000405746820848877
447584.0,15,22125292.514232043,4967601.95510391,-14415705.940171672,-1623.2624636832527,670.8315766051676,-2345.487889860272,0.00040575100343590373
448184.0,15,21110090.054319013,5399896.815151162,-15768067.882925624,-1757.395181006705,771.6735733144869,-2159.6046802704564,0.00040575538822873317
448784.0,15,20020194.553719305,5894869.519458919,-17004203.48082874,-1872.074614435904,879.3789224601699,-1958.3417196596906,0.00040575995689766365
449384.0,15,18867589.098566826,6455947.5705775395,-18115333.029410094,-1966.3225642699072,991.6251981568996,-1743.2003516984778,0.00040576468991346476
449984.0,15,17664748.993190583,7085133.925158915,-19093600.685008977,-2039.4763081605925,1105.9924541732557,-1515.7562071457155,0.00040576956668685526
450584.0,15,16424450.65671837,7782959.810425776,-19932115.67213821,-2091.1922333015873,1220.002021956835,-1277.6483818446345,0.0004057745762232523
451184.0,15,15159575.948753085,8548464.142931726,-20624989.12088901,-2121.4588576055694,1331.1591440050747,-1030.5739361358408,0.0004057796754366143
451784.0,15,13882921.603758559,9379191.011776393,-21167362.26567056,-2130.576792575168,1436.9889175561436,-776.2727987370841,0.0004057848517113502
452384.0,15,12607006.725999143,10271216.963615656,-21555432.36044648,-2119.16290170383,1535.077864264007,-516.522548381297,0.00040579008165528236
452984.0,15,11343888.729237096,11219198.35106418,-21786471.60000821,-2088.1356099483023,1623.1114533641698,-253.12864618942714,0.00040579534154243266
453584.0,15,10104987.06674786,12216441.6964133,-21858841.14955762,-2038.6989632585542,1698.9106350590605,12.084267613963362,0.00040580060746110637
454184.0,15,8900917.733602334,13254995.3894041,-21772000.00894969,-1972.3227326545675,1760.4663965450566,277.28100518136523,0.0004058058554622443
454784.0,15,7741340.833889628,14325761.411916357,-21526508.73838014,-1890.7188132521933,1805.9719299867843,540.6244555779991,0.00040581106170782793
455384.0,15,6634823.3463589,15418625.543672249,-21124028.030799277,-1795.8141996222755,1833.8520230738757,800.2842690333507,0.0004058162026191262
455984.0,15,5588719.044640089,16522604.276926426,-20567312.074479423,-1689.7208497434392,1842.7893045157975,1054.4456667273823,0.0004058212550245592
456584.0,15,4609067.332649622,17626006.454863377,-19860196.60863693,-1574.7027810176348,1831.7469994106987,1301.3184384114886,0.00040582619630692213
457184.0,15,3700512.5416086493,18716607.448679935,-19007581.53751311,-1453.1407736471688,1799.9878734803474,1539.1461839371343,0.0004058310045496656
457784.0,15,2866244.7290401775,19781833.827624425,-18015407.729120206,-1327.4952012774745,1747.0874303665191,1766.2153827176592,0.0004058356701130016
458384.0,15,2107964.4383624755,20808954.184488654,-16890628.910451174,-1200.2667604183287,1672.9509262909685,1980.8672117530723,0.0004058401501299508
458984.0,15,1425869.4240645822,21785277.429021884,-15641176.075941777,-1073.9572376375072,1577.8094442655863,2181.504636494377,0.00040584443699776516
459584.0,15,818666.4908934757,22698351.19354185,-14275916.8090773,-951.0286221197637,1462.2274679951195,2366.605171816314,0.0004058485130311486
460184.0,15,283607.4536247337,23536160.15009451,-12804607.71793736,-833.8627344140189,1327.0973749448258,2534.7311915161217,0.00040585236194666627
460784.0,15,-183450.78430802468,24287320.42720199,-11237840.286078362,-724.7213007006937,1173.6305065914426,2684.5411155043,0.00040585596899232474
461384.0,15,-587962.5130763706,24941267.16705004,-9586979.906617638,-625.7071747778464,1003.3431493494453,2814.8008294169376,0.0004058593210715134
461984.0,15,-936586.728461233,25488432.166402824,-7864097.979378289,-538.7273271948645,818.0374497906446,2924.3952472053516,0.0004058624068601667
462584.0,15,-1237059.119652045,25920408.578436997,-6081897.014860689,-465.45823601212555,619.7773612366233,3012.3398997997483,0.0004058652169158861
463184.0,15,-1498044.1629716791,26230099.73351216,-4253628.769788303,-407.31431991955196,410.85980005158154,3077.7924050063825,0.0004058677437776527
463784.0,15,-1728969.3366288305,26411849.269330032,-2393005.5369255715,-365.4200498203677,193.78127839123513,3120.0636462705843,0.00040586998205467077
464384.0,15,-1939843.8501611724,26461549.949103244,-514104.826081374,-340.5863573849822,-28.799625341888543,3138.628461869815,0.0004058719285028134
464984.0,15,-2141064.867569222,26376728.69772227,1368732.459711315,-333.29983084134733,-254.10371847519568,3133.126823945967,0.0004058735930115644
465584.0,15,-2343213.2242692807,26156606.2786754,3241008.6310308953,-343.67782226012605,-479.2745110737501,3103.40802243128,0.0004058749551551423
466184.0,15,-2556844.082116192,25802128.90583617,5088181.935669843,-371.50845133064195,-701.4268911806158,3049.485765699426,0.0004058760291608509
466784.0,15,-2792274.489831988,25315971.640073203,6895783.428213195,-416.21786827496635,-917.6943249314079,2971.5796829332935,0.00040587682083143435
467384.0,15,-3059372.1645971383,24702512.05803363,8649536.736816611,-476.8835814519723,-1125.2786967710401,2870.111139412122,0.0004058773382583682
467984.0,15,-3367349.6103684446,23967774.21699317,10335480.140399095,-552.2465854095999,-1321.4997187199572,2745.7058631927334,0.0004058775917923202
468584.0,15,-3724567.542035315,23119343.19686238,11940089.527317923,-640.7302108439578,-1503.843316916582,2599.1943532273376,0.00040587759399169406
469184.0,15,-4138351.616140196,22166251.148178108,13450400.83298904,-740.4655599939479,-1670.0079787204813,2431.609866355985,0.0004058773595486332
469784.0,15,-4614826.336940098,21118836.39207954,14854130.447451135,-849.3232289472937,-1817.9480314623695,2244.183821216572,0.00040587690519219475
470384.0,15,-5158769.775743285,19988577.733209625,16139792.005443593,-964.9508517411664,-1945.9128403257102,2038.3385076260654,0.0004058762495687816
470984.0,15,-5773492.410910786,18787906.7411182,17296807.926477488,-1084.8158357647255,-2052.480960275254,1815.6770492904295,0.00040587541310032574
471584.0,15,-6460742.968555293,17530001.310971312,18315614.065073643,-1206.2525001814352,-2136.58835663994,1577.970634092787,0.00040587441782114685
472184.0,15,-7220644.339625823,16228563.797011688,19187756.18447063,-1326.5141349281532,-2197.5522662859025,1327.144414332627,0.000405873298100543
472784.0,15,-8051656.939360443,14897591.056443192,19905974.746878576,-1442.820398673108,-2235.075812262061,1065.2544389203758,0.0004058720565719088
473384.0,15,-8950581.799255272,13551133.21746188,20464281.669657726,-1552.4197948952192,-2249.2690020407513,794.4751071202452,0.0004058707300922434
473984.0,15,-9912588.798597462,12203056.096967306,20858020.962263267,-1652.6387421549753,-2240.6371095359573,517.0720394606263,0.00040586934514606787
474584.0,15,-10931280.85476731,10866804.695292506,21083917.321288012,-1740.9360031091287,-2210.0733702617736,235.37960243975152,0.00040586792875693596
475184.0,15,-11998788.611636495,9555175.496628087,21140109.83168717,-1814.953426665238,-2158.841160551745,-48.22399323467559,0.00040586650823900097
475784.0,15,-13105894.534401597,8280101.794808131,21026170.536006078,-1872.5630955558292,-2088.5485473471667,-331.34233157253846,0.0004058651109446119
476384.0,15,-14242183.93009155,7052456.4490855085,20743107.57592221,-1911.9097900615875,-2001.1157744797729,-611.5866955685661,0.0004058637640113869
476984.0,15,-15396219.79682098,5881876.077731275,20293352.89150256,-1931.4478024310179,-1898.7364393086739,-886.6017578181655,0.00040586249411222347
477584.0,15,-16555737.87131154,4776610.195956422,19680734.74404178,-1929.9712904210437,-1783.8332772033893,-1154.090587526161,0.00040586132721163223
478184.0,15,-17707857.80936475,3743398.2150296317,18910435.599051762,-1906.6375360520892,-1659.0096044910802,-1411.8385286565838,0.00040586028833161956
478784.0,15,-18839306.109920703,2787376.561044791,17988936.158305924,-1860.982669840569,-1526.9975684487063,-1657.7355429931054,0.0004058594013301089
479384.0,15,-19936646.064919397,1912017.5258072093,16923946.629656974,-1792.9288210168083,-1390.6026736157116,-1889.796179221685,0.0004058586997134112
479984.0,15,-20986510.762433536,1119100.4574782662,15724326.079125889,-1702.7872936550239,-1252.6563656395047,-2106.179766918826,0.0004058581825268473
480584.0,15,-21975832.865715813,408715.5284860134,14399991.916778168,-1591.246796451919,-1115.9512323016236,-2305.2033962546843,0.0004058578798321932
481184.0,15,-22892068.586378008,-220700.20421330445,12961820.405749395,-1459.3613273869498,-983.1958630962365,-2485.3571274515907,0.00040585780895093724
481784.0,15,-23723410.44377187,-772296.3605957003,11421539.958135609,-1308.5279707324873,-856.9632844976275,-2645.314154060982,0.00040585798520127
482384.0,15,-24458985.25892955,-1250713.941851372,9791618.809097145,-1140.4591775574386,-739.6448950335032,-2783.938781570329,0.0004058584217943691
482984.0,15,-25089033.873603377,-1661963.704279406,8085148.63889507,-957.1496647421177,-633.4088931333918,-2900.291790456191,0.0004058591297535301
483584.0,15,-25605069.60191772,-2013281.1066668984,6315725.682700656,-760.8387751741639,-540.1638878290296,-2993.6332894306233,0.00040586011785596226
484184.0,15,-26000012.945719417,-2312961.1053216923,4497330.7937009,-553.9691964727983,-461.5282298058303,-3063.4232127374735,0.000405861392596723
484784.0,15,-26268300.653805904,-2570176.3490761705,2644209.8241687673,-339.14296268589777,-398.8054457198032,-3109.3196538533607,0.00040586295817396237
485384.0,15,-26405967.76370494,-2794782.5127166556,770755.5674674452,-119.07566504174923,-352.96600734985645,-3131.1752564237986,0.00040586481649439887
485984.0,15,-26410701.817910343,-2997114.6044972907,-1108607.632731484,103.45022309571684,-324.635523493949,-3129.031901804295,0.00040586696719774806
486584.0,15,-26281869.075144026,-3187778.0274656406,-2979535.5288038887,325.6320054416133,-314.0824859275192,-3103.1240686955443,0.0004058689527687412
487184.0,15,-26020512.45961701,-3377438.395421006,-4827871.446496749,544.69286784328,-321.24633452307626,-3053.8304276762383,0.0004058716779735853
487784.0,15,-25629322.995516855,-3576613.8219115734,-6639748.867684957,757.925903044274,-345.7032751537474,-2981.7254737713715,0.00040587468137990803
488384.0,15,-25112584.67423156,-3795472.207168389,-8401687.398339232,962.7365573664715,-386.70589353789865,-2887.529498245719,0.0004058779541337832
488984.0,15,-24476095.025333792,-4043638.1313581597,-10100683.608655887,1156.6819476394626,-443.1938295878358,-2772.108481595262,0.00040588148546843615
489584.0,15,-23727062.95231055,-4330011.518497826,-11724295.366481708,1337.5069698871398,-513.8159690049254,-2636.4635612115785,0.00040588526281067256
490184.0,15,-22873985.98819715,-4662600.902858953,-13260719.750798175,1503.1767000202924,-596.9568063002705,-2481.720327120017,0.0004058892718957498
490784.0,15,-21926509.312668927,-5048373.637230084,-14698864.484856086,1651.9047450494752,-690.7664317105834,-2309.1180839147896,0.00040589349688939643
491384.0,15,-20895269.053282883,-5493125.047206152,-16028412.906016026,1782.177279339232,-793.1935785208789,-2119.9991906863393,0.00040589792051580226
491984.0,15,-19791722.529888738,-6001368.194130359,-17239882.550804503,1892.7725716237271,-902.0211611114055,-1915.798564780445,0.0004059025241905224
492584.0,15,-18627968.19597312,-6576245.566850292,-18324677.479455605,1982.7758743020427,-1014.903735874831,-1698.0334103081732,0.0004059072881573688
493184.0,15,-17416558.087337524,-7219463.683458998,-19275134.495006856,2051.589606701718,-1129.4063253362358,-1468.2932089574986,0.0004059121916284826
493784.0,15,-16170306.157663368,-7931250.605128487,-20084563.11613245,2098.9369832349894,-1243.042240209911,-1228.2301909598684,0.00040591722345951933
494384.0,15,-14902091.977490775,-8710340.631108623,-20747281.39945418,2124.870312390641,-1353.3201392009628,-979.5490085605677,0.0004059223403552407
494984.0,15,-13624671.012688823,-9553976.296360351,-21258642.908199336,2129.7556307976038,-1457.7732465983556,-723.9989195208684,0.00040592752963782214
495584.0,15,-12350482.994562468,-10457940.468163762,-21615061.504987843,2114.2722607602946,-1554.0051811811709,-463.36384786598757,0.0004059327678338766
496184.0,15,-11091469.339358866,-11416608.34949479,-21814029.23944751,2079.398171713748,-1639.7260841772277,-199.45382774531066,0.00040593803116601123
496784.0,15,-9858898.87970868,-12423022.277536415,-21854129.328335594,2026.3932162769147,-1712.7887844040454,65.90367986318226,0.0004059432957009929
497384.0,15,-8663204.846523192,-13468987.610400729,-21735043.979551695,1956.77845927227,-1771.2229007596525,330.8724117950134,0.00040594853749813763
497984.0,15,-7513835.363089148,-14545188.34536379,-21457557.078253407,1872.3118564113279,-1813.266475658902,593.615934109533,0.00040595373275771016
498584.0,15,-6419119.550250287,-15641320.875684353,-21023551.711578228,1774.9605702795336,-1837.3947543838394,852.3063469402355,0.00040595885796912244
499184.0,15,-5386151.160593165,-16746244.069486346,-20436002.466772627,1666.8702421832056,-1842.3457471700751,1105.1331280576799,0.0004059638900586997
499784.0,15,-4420691.460261352,-17848143.643576317,-19698962.39751347,1550.331569755725,-1827.1422336836727,1350.3121763396548,0.0004059688065367509
500384.0,15,-3527092.858990309,-18934708.608145747,-18817544.516582776,1427.7445722132395,-1791.1098939978328,1586.0951095526857,0.0004059735856436262
500984.0,15,-2708244.4015952246,-19993317.616366718,-17797897.44192676,1301.581355525689,-1733.8881827011794,1810.7766553916572,0.0004059782179195861
501584.0,15,-1965540.9498369657,-21011231.250154827,-16647176.185416186,1174.3455108823275,-1655.452217648738,2022.7135428519782,0.00040598266083365954
502184.0,15,-1298874.964416748,-21975790.853178702,-15373504.96273499,1048.5342384498135,-1556.0992200960911,2220.321112749349,0.0004059869069093413
502784.0,15,-706653.392215889,-22874616.906899095,-13985935.562907923,926.596463961567,-1436.4608586588986,2402.0932149423925,0.00040599093873075443
503384.0,15,-185838.48650881927,-23695806.879852574,-12494398.354376517,810.8927557745569,-1297.4952822866492,2566.610804333957,0.00040599474031051543
503984.0,15,267987.2523001451,-24428128.49296104,-10909646.7691673,703.6555841175716,-1140.4771557698682,2712.5531805505125,0.0004059982972182821
504584.0,15,660532.6441412,-25061205.50315741,-9243194.941568254,606.9508525461622,-966.9826054384537,2838.709443893516,0.0004060015967034424
505184.0,15,998686.8496203609,-25585692.95207008,-7507248.39268142,522.641324684253,-778.8691130291643,2943.990072642773,0.00040600462781078037
505784.0,15,1290387.166936209,-25993438.869539857,-5714627.719578189,452.3525827509677,-578.2504707651183,3027.4384991906304,0.0004060073814878333
506384.0,15,1544467.313838726,-26277629.51267669,-3878685.332243319,397.4421585753878,-367.4669934514793,3088.242534572706,0.0004060098506825529
506984.0,15,1770488.287400816,-26432915.3645995,-2013215.382832485,358.9724706988982,-149.05127314367283,3125.7454636562197,0.0004060120304297932
507584.0,15,1978554.270635535,-26455515.316915765,-132357.14914581488,337.68818067252914,74.31014253629985,3139.456607629636,0.00040601391792508554
508184.0,15,2179116.432728007,-26343296.65274265,1749507.791535683,334.0077228970317,299.8188095735586,3129.0506827362833,0.0004060155235507512
508784.0,15,2382767.755246875,-26095829.207215752,3617863.8534330814,347.9744965213413,524.608523604909,3094.4183417515073,0.00040601682730243395
509384.0,15,2600032.1764647234,-25714411.232988317,5458174.639449948,379.3057145788439,745.7941098566032,3035.61112584003,0.0004060178438633547
509984.0,15,2841152.3315641927,-25202066.84477966,7256000.550883172,427.3559303650036,960.5190046667406,2952.889211444611,0.0004060185794986191
510584.0,15,3115879.0722172875,-24563513.64964707,8997119.144568149,491.1329791221797,1166.0051398999121,2846.715201727881,0.00040601904275815425
511184.0,15,3433267.151400673,-23805100.689134587,10667647.490779096,569.3114755961224,1359.6022216530698,2717.7563232587236,0.0004060192444428266
511784.0,15,3801481.0328400554,-22934717.09963218,12254165.139945026,660.2530181456798,1538.835782246941,2566.8843609895944,0.0004060191975484881
512384.0,15,4227614.806693875,-21961672.5440777,13743836.272411285,762.0329307496033,1701.4529843602315,2395.1731362584424,0.00040601891718739284
512984.0,15,4717530.041379067,-20896551.086147267,15124529.504110703,872.4732108829962,1845.4651494860143,2203.893375170785,0.00040601842048676565
513584.0,15,5275715.1504030125,-19751040.790363155,16384933.748773783,989.1811844167194,1969.1860053701948,1994.5048670758692,0.00040601772646469
514184.0,15,5905169.502620253,-18537741.919745065,17514668.49939915,1109.5932043256614,2071.264700950858,1768.645873714061,0.00040601685588389456
514784.0,15,6607315.058091826,-17269957.147556823,18504386.89232711,1231.0225745339187,2150.712723509793,1528.1198171665849,0.00040601583108444895
515384.0,15,7381937.844608076,-15961467.813198525,19345869.855015203,1350.7134189292935,2206.925137131608,1274.8787327834648,0.0004060138083813016
515984.0,15,8227160.313665438,-14626299.898985643,20032110.458704785,1465.8834990318392,2239.6883116644753,1011.0074068950266,0.0004060125473286993
516584.0,15,9139447.473042227,-13278485.50808607,20557385.508031294,1573.7942406370726,2249.19237114389,738.6989243540166,0.00040601120658525114
517184.0,15,10113643.981483946,-11931823.55318432,20917315.273539223,1671.794675306397,2236.022493773346,460.2348257003015,0.00040600981276673785
517784.0,15,11143044.272135533,-10599645.027810045,21108908.760521203,1757.3767362713565,2201.148834509084,177.96044956386845,0.0004060083929785782
518384.0,15,12219493.392873835,-9294587.582534056,21130594.390815407,1828.2253655711247,2145.907119762619,-105.74015682079003,0.00040600697456628703
518984.0,15,13333517.168115027,-8028383.56564435,20982235.508543998,1882.2647926178247,2071.9716943856815,-388.4700653267324,0.00040600646343975835
431984.0,16,-26679866.988978993,-1162486.4447862967,1805728.555950279,-249.32617039186988,-278.1493058281244,-3131.287960184462,0.0002505619203453601
432584.0,16,-26762242.072353404,-1321353.4563989723,-77555.35824924806,-24.91981406499201,-254.62370151671666,-3142.06079512207,0.0002505677970142955
433184.0,16,-26709712.758676294,-1471589.971132168,-1960268.0593969335,199.84476097462448,-249.40420113499863,-3129.4104727886097,0.0002505738805728016
433784.0,16,-26522896.11222913,-1624180.8082154673,-3828414.422545659,422.2007285930339,-262.4372978147237,-3093.56910406102,0.00025058015661449874
434384.0,16,-26204056.315440223,-1789975.6656353613,-5668185.333488135,639.4337649183017,-293.3272282684791,-3034.9229886030407,0.0002505866094311022
434984.0,16,-25757060.695815004,-1979486.4491744256,-7466048.592799208,848.9230925553736,-341.34581082716386,-2954.0066816047392,0.00025059322213267994
435584.0,16,-25187311.671630103,-2202692.008569114,-9208836.122100186,1048.1805153161422,-405.44722762080573,-2851.4966981615944,0.00025059997677204346
436184.0,16,-24501656.113346998,-2468852.9836525954,-10883827.11101249,1234.8880843390937,-484.2842598729178,-2728.2079185398366,0.00025060686183135493
436784.0,16,-23708273.02443858,-2786340.380184657,-12478827.84220178,1406.927327269736,-576.2445843763146,-2585.07498378088,0.00025061384286382296
437384.0,16,-22816543.00687541,-3162478.1204497274,-13982246.20460224,1562.4159851736097,-679.4592807396036,-2423.163038739701,0.00025062090693960844
437984.0,16,-21836899.841981344,-3603404.3147895085,-15383162.828155043,1699.7304723824454,-791.8464098506668,-2243.648969159419,0.0002506280331852539
438584.0,16,-20780667.562890463,-4113951.5454089763,-16671397.663860375,1817.5296156764043,-911.1417337585958,-2047.8171851656673,0.0002506352003309605
439184.0,16,-19659885.115797583,-4697548.328283486,-17837572.242468994,1914.773182503899,-1034.935110519276,-1837.0523847524744,0.00025064238684706754
439784.0,16,-18487121.23656372,-5356143.042551445,-18873167.530597538,1990.7360223107703,-1160.7089150978518,-1612.832203395285,0.00025064957108108653
440384.0,16,-17275282.228435166,-6090151.390794488,-19770577.31550442,2045.0176637159677,-1285.8779926629047,-1376.7197222854718,0.0002506567313949917
440984.0,16,-16037415.405925523,-6898428.154173962,-20523157.0308677,2077.547253630481,-1407.830639904072,-1130.3557964083864,0.00025066384630247995
441584.0,16,-14786511.02308926,-7778263.701493114,-21125267.910434853,2088.5837678915855,-1523.9701008393426,-875.451154426581,0.0002506708946059142
442184.0,16,-13535305.53144561,-8725405.401679793,-21572316.325556394,2078.7114670970054,-1631.756055794639,-613.7782152679279,0.00025067785553264536
442784.0,16,-12296089.013245836,-9734103.77574211,-21860788.127753656,2048.8306166201596,-1728.745575875875,-347.1625616298933,0.00025068470887037927
443384.0,16,-11080519.835324634,-10797182.773575747,-21988277.739563074,2000.1424157688468,-1812.6333286086742,-77.47366523956924,0.0002506909765479204
443984.0,16,-9899447.876504136,-11906134.205357771,-21953511.995469723,1934.1349500945762,-1881.288560895497,193.3831961131262,0.00025069755702915395
444584.0,16,-8762752.624007527,-13051233.112109287,-21756367.766821124,1852.553647431041,-1932.7932475917453,463.47875660555445,0.0002507039739784355
445184.0,16,-7679193.813811034,-14221675.428213907,-21397883.97398694,1757.3786336362687,-1965.4742075769868,730.8690391282279,0.0002507102107445232
445784.0,16,-6656280.699481304,-15405734.123297095,-20880266.923902523,1650.792687684061,-1977.9337427757598,993.6067643985974,0.00025071625188350467
446384.0,16,-5700160.720512423,-16590932.565710615,-20206888.87061149,1535.1467463531194,-1969.0762274880467,1249.7531093356517,0.00025072208327807887
446984.0,16,-4815529.816861703,-17764232.61907213,-19382279.35929016,1412.9222606170158,-1938.1305088239628,1497.3901217251987,0.00025072769225166974
447584.0,16,-4005566.1396347666,-18912234.8271684,-18412108.95539307,1286.6908681841396,-1884.6676585295186,1734.6337828670075,0.00025073306767641243
448184.0,16,-3271888.611774939,-20021387.776927844,-17303164.97020089,1159.071910703755,-1808.6136547837873,1959.647686837998,0.0002507382000739589
448784.0,16,-2614541.458320584,-21078203.488987006,-16063318.8187963,1032.6883872153096,-1710.2566214767876,2170.657279063415,0.000250743081707967
449384.0,16,-2032005.4542660695,-22069475.477360133,-14701484.688085888,910.1219957024184,-1590.2483130615863,2365.9645685011405,0.00025074770666706336
449984.0,16,-1521236.2314263321,-22982495.951217942,-13227569.252344921,793.8679700084003,-1449.5996060606622,2543.9631975287693,0.00025075207093701817
450584.0,16,-1077729.5815622443,-23805268.622831162,-11652412.157372575,686.2978483640802,-1289.667996584572,2703.1498043688293,0.00025075571420186103
451184.0,16,-695612.94787292,-24526712.749459248,-9987717.729659708,589.5866657198455,-1112.1485364707203,2842.155055363224,0.0002507595528262075
451784.0,16,-367762.79570669215,-25136856.262513593,-8245976.694088784,505.71618800464944,-919.0385349117535,2959.735115075883,0.0002507631306334106
452384.0,16,-85945.16383648384,-25627012.385644022,-6440379.581276253,436.4072190255213,-712.617195526606,3054.8022127802315,0.0002507664516593289
452984.0,16,159021.65097420476,-25989937.548380923,-4584721.135016073,383.092699762532,-495.40872570056797,3126.4347130205615,0.0002507695219911482
453584.0,16,377085.23832464265,-26219966.852730516,-2693296.5611508093,346.8880105856995,-270.14247953755086,3173.8902142047255,0.0002507723497485702
454184.0,16,578760.9557327867,-26313124.175483752,-780790.2289875959,328.5666171505345,-39.708454898365055,3196.6174049411047,0.0002507749450462301
454784.0,16,774920.958872622,-26267204.313253675,1137842.3331545969,328.5417253719868,192.89114418484127,3194.2663838876288,0.00025077731993676815
455384.0,16,976574.1643687848,-26081825.044870846,3047498.128066942,346.8545122213686,424.59344157906776,3166.697154450971,0.0002507794883342383
455984.0,16,1194641.2348658442,-25758447.52699248,4933054.873671363,383.1693773725806,652.3285671996493,3113.9860213194415,0.00025078146591783366
456584.0,16,1439728.901824057,-25300364.044218253,6779502.331091515,436.77651784473755,873.0744304924509,3036.429641967794,0.00025078327001622805
457184.0,16,1721908.0752467094,-24712652.79197836,8572075.288883975,506.60196683766276,1083.9114672638498,2934.546522896405,0.00025078491947317754
457784.0,16,2050500.3520298256,-24002099.983294576,10296386.705110319,591.2299852377553,1282.0752484129973,2809.071890172808,0.00025078644192762147
458384.0,16,2433876.452704346,-23177090.87345977,11938558.69067269,688.9080795997029,1465.0112023017298,2660.969217712267,0.00025078784393064513
458984.0,16,2879273.2046387354,-22247470.13274404,13485351.27893562,797.6079671746477,1630.4172742952578,2491.399997467029,0.0002507891553107048
459584.0,16,3392629.563486452,-21224375.94694628,14924284.915857486,915.0436667240242,1776.290026341183,2301.7294641803733,0.00025079039929526886
460184.0,16,3978447.8708130764,-20120049.46836256,16243756.830614325,1038.719594344819,1900.9612615593037,2093.5101939329456,0.00025079159972075314
460784.0,16,4639682.2625195095,-18947623.90790846,17433148.90766681,1165.9783234539148,2003.1288276831015,1868.4669694681481,0.000250792780818351
461384.0,16,5377656.841207684,-17720897.331958845,18482925.707450382,1294.0518773719916,2081.880144832094,1628.4792733710306,0.0002507939669947281
461984.0,16,6192015.38952318,-16454093.714199457,19384721.308718972,1420.1154221099582,2136.707903901714,1375.5616967268447,0.00025079518261042304
462584.0,16,7080703.701537221,-15161617.062063497,20131413.836899556,1541.342162260673,2167.5175800503807,1111.8426026250827,0.0002507964517588526
463184.0,16,8039984.882034892,-13857803.583632208,20717186.760691937,1654.9582143850764,2174.626615170466,839.5414248486961,0.00025079779804880204
463784.0,16,9064487.23116574,-12556676.880228177,21137576.27651545,1758.2962408667463,2158.755336047574,560.9450106537296,0.00025079924439320084
464384.0,16,10147283.616127435,-11271711.043129733,21389504.349472284,1848.846672110056,2121.0098832359104,278.38343170558636,0.000250800812806835
464984.0,16,11280001.914283527,-10015604.742255889,21471297.395859998,1924.3069183074797,2062.8581731292174,-5.794882104310602,0.00025080171283981077
465584.0,16,12452955.781477662,-8800080.169893904,21382689.543584645,1982.6186357756906,1986.0961535735096,-289.24472440846955,0.0002508035867852696
466184.0,16,13655314.169521056,-7635686.369611304,21124814.007536735,2022.014536462146,1892.8138335288734,-569.6512091567245,0.00025080564161799267
466784.0,16,14875276.977929577,-6531643.394340126,20700178.237241603,2041.0442991889213,1785.3501561173132,-844.7493429005101,0.000250807893996712
467384.0,16,16100275.495966267,-5495704.810255976,20112627.657402895,2038.601336282893,1666.246844200518,-1112.3456023998997,0.00025081035888021165
467984.0,16,17317184.411375042,-4534050.94701523,19367297.064730193,2013.9411483466786,1538.198562470373,-1370.3371931073232,0.00025081304941966596
468584.0,16,18512541.58524884,-3651214.1708278954,18470551.82499363,1966.6926730774335,1404.0011780580323,-1616.7292659221623,0.0002508163297499841
469184.0,16,19672778.270506777,-2850027.9061232507,17429915.423062805,1896.8619735635425,1266.498978023903,-1849.651250572118,0.0002508195034033973
469784.0,16,20784437.9888481,-2131622.4319718685,16253995.678018339,1804.8299552432125,1128.5324994165126,-2067.3689150920527,0.0002508229305379719
470384.0,16,21834403.535961237,-1495436.4725421043,14952396.497713739,1691.3423675172367,992.887214644202,-2268.2965462751026,0.00025082661638944583
470984.0,16,22810110.362245236,-939266.5388772674,13535626.854556395,1557.4939752001799,862.2445597139426,-2451.0059082384696,0.0002508305641396802
471584.0,16,23699749.869181838,-459343.26322444994,12015004.18370358,1404.7068295800461,739.135924993896,-2614.2333833184607,0.00025083477492301656
472184.0,16,24492458.54982236,-50433.12351251952,10402552.922718868,1234.7052577127906,625.8913460339186,-2756.890086792657,0.00025083843655545777
472784.0,16,25178487.187407926,294029.99447092414,8710906.132428873,1049.4761615193022,524.6376878941117,-2878.0454518599136,0.0002508431688691716
473384.0,16,25749355.053223033,581803.6743856436,6953193.979938509,851.2466906288921,437.21131192725943,-2976.9586582546813,0.00025084815563730667
473984.0,16,26197976.449457306,821665.3722771928,5142943.487805781,642.4365979760751,365.1663888438827,-3053.058832055326,0.00025085339017984275
474584.0,16,26518766.342090826,1023231.9908684618,3293972.5427460396,425.6197963734972,309.7434624589889,-3105.9488266644494,0.00025085886402497517
475184.0,16,26707720.28263261,1196766.4124110565,1420286.1989093937,203.4818451490861,271.8527278803733,-3135.402805206201,0.0002508645669961947
475784.0,16,26762468.470667046,1352975.7028901961,-464025.2778183395,-21.223498842207135,252.06303297104228,-3141.3628027778436,0.0002508704873083834
476384.0,16,26682303.599837456,1502804.4209914326,-2344886.0511872303,-245.71797632569272,250.59657729033256,-3123.9344310261304,0.00025087661167174567
476984.0,16,26468182.536212,1657226.4258278145,-4208331.562325984,-467.2421123005678,267.32920179506345,-3083.381876689131,0.00025088292540247043
477584.0,16,26122702.261458777,1827038.4918596428,-6040602.191792691,-683.0974806088459,301.7960912941262,-3020.122331901543,0.000250889412539111
478184.0,16,25650050.87075544,2022658.9134636167,-7828233.422689526,-890.6873775395806,353.2026498027915,-2934.719977982172,0.00025089605596376153
478784.0,16,25055934.74475187,2253934.1207895093,-9558142.260801533,-1087.5553830110166,420.4402560401743,-2827.879626822593,0.0002509028375272064
479384.0,16,24347483.46984499,2529955.906711002,-11217709.537410513,-1271.422460628433,502.1050421260254,-2700.4425677079835,0.00025090916711490173
479984.0,16,23533133.28113792,2858893.33180253,-12794859.109569123,-1440.2154473646938,596.5284674041702,-2553.3699599575266,0.0002509161669256596
480584.0,16,22622493.170492247,3247837.9498791983,-14278130.955786875,-1592.10333033819,701.7963362896896,-2387.7505233140896,0.00025092324553610735
481184.0,16,21626192.989904158,3702669.5356790936,-15656751.963121658,-1725.5186644013706,815.7865322368298,-2204.7837628023008,0.00025093038197991397
481784.0,16,20555717.854834404,4227940.395332722,-16920701.45801978,-1839.1805576172446,936.2019057159575,-2005.7752310347446,0.00025093755492235174
482384.0,16,19423230.58819642,4826781.329293528,-18060772.566920158,-1932.1123156186218,1060.607123130058,-1792.1292701893005,0.0002509447427969174
482984.0,16,18241384.922062036,5500830.3041645065,-19068629.16123844,-2003.6546634649656,1186.4674416167009,-1565.3416356001337,0.0002509519239424454
483584.0,16,17023132.161152575,6250184.835966262,-19936858.31475758,-2053.474396646733,1311.1889137777555,-1326.991970978425,0.0002509590767404173
484184.0,16,15781524.086114947,7073378.7867843155,-20659018.18111604,-2081.56835621793,1432.1595160153356,-1078.7360943991216,0.00025096617975218355
484784.0,16,14529514.922414735,7967383.970857338,-21229681.17240952,-2088.262666588649,1546.7906852751414,-822.2980453596723,0.00025097321185580675
485384.0,16,13279765.22231622,8927636.65575984,-21644472.288123745,-2074.2072188078505,1652.558741493421,-559.4618366227835,0.0002509801523822191
485984.0,16,12044450.502334774,9948088.73023394,-21900102.40810375,-2040.365427761144,1747.0456669871182,-292.06285037281367,0.0002509869812503502
486584.0,16,10835077.520112295,11021282.925036553,-21994396.260032643,-1987.9968424568353,1827.9799321205298,-21.977327193026948,0.0002509936862123532
487184.0,16,9662310.260023138,12138451.812735897,-21926315.1817272,-1918.6476317584677,1893.269414208806,248.88129898610197,0.000251000234618654
487784.0,16,8535810.604929507,13289637.438038658,-21695973.429641195,-1834.1120699614544,1941.0446305976857,518.581012919562,0.0002510066159794891
488384.0,16,7464092.305904573,14463833.370769748,-21304648.996127915,-1736.414430844744,1969.686465101115,785.1762274205714,0.00025101281388091465
488984.0,16,6454394.154634807,15649144.405818276,-20754787.543730598,-1627.774855284502,1977.8570497617989,1046.7204085826609,0.0002510188131411976
489584.0,16,5512572.92701125,16832963.147673015,-20049999.516712207,-1510.5741763933459,1964.5255357297642,1301.2779687810746,0.00025102459992911444
490184.0,16,4643018.354059388,18002160.808732774,-19195049.95385698,-1387.3156861695177,1928.9895783392874,1546.9368159979285,0.0002510301618768925
490784.0,16,3848591.812656327,19143289.520400863,-18195840.605236135,-1260.5843212530133,1870.8920836895695,1781.8215466617064,0.00025103548818681496
491384.0,16,3130590.124499404,20242793.19510182,-17059383.96823468,-1133.0038093753178,1790.2328044222322,2004.107245516657,0.00025104056973041894
491984.0,16,2488735.5097255334,21287223.74324701,-15793768.886206342,-1007.1923807370747,1687.3744236377763,2212.033829556283,0.0002510453991391338
492584.0,16,1921192.3626255672,22263459.24869737,-14408117.398347748,-885.717708011103,1563.0428289755282,2403.920844242162,0.0002510499708851384
493184.0,16,1424611.1034522662,23158920.54686806,-12912532.593092222,-771.051792769134,1418.321354474634,2578.1825897376575,0.00025105428135116563
493784.0,16,994198.7262670482,23961782.73510335,-11318037.034811199,-665.533182730403,1254.6374909616245,2733.340483632665,0.00025105787060594
494384.0,16,623816.3047242677,24661176.79310498,-9636503.041359263,-571.2975651768488,1073.7505747272592,2868.0501556059266,0.00025106165544786283
494984.0,16,306100.65813822113,25247380.072516426,-7880572.269878676,-490.2770341218975,877.7183065972463,2981.098735161945,0.0002510651801264253
495584.0,16,32609.766452437267,25711989.267181892,-6063567.220024846,-424.13610033007853,668.8731016888586,3071.431385005745,0.0002510684490993163
496184.0,16,-206010.3770525693,26048073.968686253,-4199393.981114172,-374.2449264896825,449.78462452519125,3138.16217897147,0.0002510714688732396
496784.0,16,-419840.3195470085,26250307.16789804,-2302436.8704612707,-341.65066545729906,223.21892758049225,3180.5869694662974,0.00025107424798130807
497384.0,16,-619486.1051836822,26315069.825781453,-387445.6830826652,-327.0542855666654,-7.906921063969875,3198.1949521001497,0.0002510767969415286
497984.0,16,-815866.1270352541,26240527.010184977,1530583.568550093,-330.79353009538363,-240.57398282205318,3190.6786336803984,0.0002510791281958535
498584.0,16,-1019989.7269775874,26026673.57868224,3436533.368435078,-352.8325544871932,-471.7135036460359,3157.941917347379,0.0002510812560295387
499184.0,16,-1242731.6864719815,25675347.94283523,5315293.639131712,-392.7586586682696,-698.2609051913757,3100.106036417167,0.0002510831964708528
499784.0,16,-1494606.958948466,25190213.066381995,7151893.5321293725,-449.7863849200421,-917.2106462991486,3017.5130968239064,0.00025108496717150483
500384.0,16,-1785550.1080311388,24576704.51550297,8931634.553541338,-522.7690876099225,-1125.6708211134614,2910.727026770434,0.00025108658726850734
500984.0,16,-2124704.302878366,23841945.90291275,10640223.833767703,-610.2210219376589,-1320.9161856630712,2780.529985333101,0.00025108761901157273
501584.0,16,-2520222.0119674923,22994633.920094993,12263903.384280693,-710.331015462069,-1500.4390848656637,2627.9248811029083,0.00025108900041416417
502184.0,16,-2979086.9714522157,22044892.72026149,13789579.42115091,-821.0139239131026,-1661.9958771087822,2454.117166417455,0.00025109029590004306
502784.0,16,-3506954.4278624905,21004102.80909067,15204942.896055477,-939.9371415492133,-1803.6489514900222,2260.5115901864956,0.0002510915288398561
503384.0,16,-4108017.8400100367,19884705.999079358,16498584.397038799,-1064.5679010434374,-1923.8028110411149,2048.6973439208045,0.0002510927231697967
503984.0,16,-4784903.205134618,18699990.806157537,17660100.116782133,-1192.2218453683586,-2021.2334397198642,1820.43241996287,0.00025109390317614377
504584.0,16,-5538593.568401404,17463862.455641434,18680187.682554845,-1320.1149072810113,-2095.1102648436395,1577.625652017399,0.00025109509327524095
505184.0,16,-6368385.352615436,16190602.112929702,19550730.557737637,-1445.417347884989,-2145.010200618108,1322.316736993429,0.0002510963177917745
505784.0,16,-7271877.437675068,14894620.198919611,20264869.922174133,-1565.3087483104323,-2170.923459526484,1056.6545868496794,0.00025109760073825047
506384.0,16,-8244993.1891760435,13590208.770514466,20817063.16112669,-1677.0327276290272,-2173.2510290940304,782.8743976678352,0.000251098965598542
506984.0,16,-9282034.904803947,12291297.939788487,21203128.33305244,-1777.9501762719144,-2152.793924072816,503.2738490463003,0.0002511004351182805
507584.0,16,-10375769.43739007,11011221.17315975,21420274.23689952,-1865.5898463224394,-2110.734530532308,220.18885925229867,0.00025110203110470405
508184.0,16,-11517543.213659123,9762493.861845968,21467115.973217867,-1937.6951275155564,-2048.613153204625,-64.02893674120112,0.0002511033155998427
508784.0,16,-12697423.246532219,8556610.717869254,21343675.958942246,-1992.2667389952098,-1968.2848581673907,-347.0428795842574,0.00025110522511037506
509384.0,16,-13904363.593792953,7403862.145070458,21051371.255560774,-2027.5985362368424,-1871.896380818078,-626.5443840909273,0.00025110731907083717
509984.0,16,-15126390.050987735,6313178.029290498,20592986.949565765,-2042.3087590041096,-1761.83215033576,-900.2814582742016,0.00025110961380151706
510584.0,16,-16350802.288998721,5291997.465625499,19972637.08058681,-2035.3637148860125,-1640.6693808625469,-1166.0776670096657,0.00025111212389898466
511184.0,16,-17564388.03492617,4346168.156823038,19195713.69882295,-2006.0946868646913,-1511.1277452562838,-1421.8510314270616,0.0002511148621324108
511784.0,16,-18753645.293279596,3479876.5462465025,18268825.162611756,-1954.2077093278451,-1376.0173328501853,-1665.6310672870188,0.000251117839359497
512384.0,16,-19905008.33072917,2695609.384797788,17199724.82255262,-1879.7862259229723,-1238.1859860869806,-1895.573825067064,0.00025112106446211445
512984.0,16,-21005073.199550305,1994146.7874509655,15997231.30358059,-1783.286796446347,-1100.4670724805467,-2109.974849996259,0.0002511245443014437
513584.0,16,-22040818.714348935,1374586.2212243034,14671141.629997758,-1665.5281585871355,-965.6286859047093,-2307.2800329098454,0.00025112828369213287
514184.0,16,-22999819.014015343,834396.2954570912,13232138.442823447,-1527.6740710382503,-836.32518900328,-2486.0943709264775,0.0002511322853947573
514784.0,16,-23870444.12508107,369498.7075832533,11691692.536819955,-1371.2104655074718,-715.0519111039252,-2645.1886993395697,0.0002511365501256653
515384.0,16,-24642045.145009626,-25623.659383479506,10061962.089725042,-1197.9187002696915,-604.0966427464864,-2783.507444814089,0.00025114108388477334
515984.0,16,-25305121.99501894,-357795.4926956184,8355688.671096494,-1009.8380743886208,-505.5309422060684,-2900.1597905502063,0.00025114586894410535
516584.0,16,-25851469.330814384,-634996.4675380392,6586093.308790656,-809.2380890977133,-421.13558696142763,-2994.4387961972225,0.00025115090724968624
517184.0,16,-26274301.04752717,-866191.3233351512,4766771.081039796,-598.5734764519523,-352.4021668145285,-3065.809347554238,0.0002511561917464748
517784.0,16,-26568350.148653936,-1061145.4778686976,2911586.562083884,-380.4445303871572,-300.5047534208761,-3113.9096529945946,0.00025116171360465526
518384.0,16,-26729943.421328433,-1230229.5734598637,1034570.431889148,-157.5543438350856,-266.2843485786011,-3138.548602475766,0.0002511674623086744
518984.0,16,-26757050.145085014,-1384216.3983379658,-850182.0475521134,67.33474593915841,-250.2390576189066,-3139.7021403650815,0.00025117342575504595
431984.0,17,12742748.00327317,23054591.249256436,-1560074.6064943871,-172.1922309012898,358.453101489382,3179.6761558461476,-0.0001198517660782831
432584.0,17,12609663.865128094,23206972.467729684,351439.30474301,-274.3302919317464,150.9272411970827,3187.5417472935483,-0.00011985822725359256
433184.0,17,12410520.668860557,23237589.246727247,2260224.408338689,-392.11823347312065,-46.95247527287688,3170.6148627403268,-0.0001198644869316267
433784.0,17,12136407.747203173,23152988.48079893,4151477.3492003996,-523.9111810748582,-232.69486735253145,3129.179563493107,-0.000119870537911036
434384.0,17,11779485.988968818,22961139.674625527,6010624.0240114955,-667.7889892219737,-404.05751890438944,3063.713748233709,-0.00011987637467139542
434984.0,17,11333142.39082405,22671274.84914251,7823433.508954128,-821.5921634217314,-559.0816975269887,2974.8804218341998,-0.00011988199339649461
435584.0,17,10792121.880441856,22293709.161277,9576126.294467216,-982.9614807737396,-696.1215562671855,2863.517598829998,-0.0001198873919828097
436184.0,17,10152635.098406337,21839645.82496937,11255475.246737273,-1149.3731163733664,-813.8723046147023,2730.6295601190473,-0.00011989301182805019
436784.0,17,9412436.776082203,21320968.940682422,12848903.639098043,-1318.2128499978858,-911.3674284912996,2577.364812771741,-0.00011989797036121185
437384.0,17,8570883.381654728,20750028.14473324,14344567.351471696,-1486.776943294764,-988.017760925361,2405.018118002509,-0.00011990271260163366
437984.0,17,7628956.87813516,20139419.03948114,15731437.485916812,-1652.3483380981918,-1043.5970299058386,2215.00733709039,-0.0001199072431107062
438584.0,17,6589264.025166229,19501762.948714,16999370.72827863,-1812.2347724896808,-1078.2442215175536,2008.862323918325,-0.00011991156800770388
439184.0,17,5456007.971102321,18849489.827047475,18139172.315911017,-1963.8133323662983,-1092.4554417400936,1788.2112331036833,-0.00011991569490558568
439784.0,17,4234932.865375209,18194627.537318528,19142651.23761268,-2104.5732113716845,-1087.0701315629967,1554.76675882521,-0.00011991902711718303
440384.0,17,2933247.477063056,17548602.364709597,20002664.828271016,-2232.1558726347484,-1063.2517891187679,1310.3129685569718,-0.0001199227864567229
440984.0,17,1559517.745672606,16922049.93959894,20713160.273872405,-2344.392537697944,-1022.4642435421364,1056.6914771940824,-0.0001199263788289748
441584.0,17,123545.78056279011,16324644.41883625,21269203.16209669,-2439.3378654970256,-966.4431569479162,795.7888199518663,-0.00011992981701657482
442184.0,17,-1363774.1150681833,15764944.619966786,21667000.961954813,-2515.299905983151,-897.1639163386329,529.5237493863237,-0.00011993311486042132
442784.0,17,-2890615.3157405993,15250260.70711224,21903918.546977386,-2570.86577934072,-816.8062169043922,259.83501370864576,-0.00011993628715573837
443384.0,17,-4444391.9002622515,14786543.295178456,21978486.459505428,-2604.9224900873833,-727.7175803314257,-11.329184144812407,-0.00011993932589497152
443984.0,17,-6011947.243285175,14378294.500428695,21890402.712095357,-2616.6748178995495,-632.3667386321417,-282.02761842609107,-0.00011994229476194956
444584.0,17,-7579742.74246525,14028506.580817044,21640526.863502163,-2605.654592173686,-533.3114729437161,-550.3295923074564,-0.00011994518709844696
445184.0,17,-9134059.894557247,13738623.042615438,21230868.777699046,-2571.728867148061,-433.14969849731335,-814.3304923726682,-0.00011994802040958502
445784.0,17,-10661201.063457888,13508526.783847885,20664570.541379116,-2515.101112248324,-334.4781045163505,-1072.1608629751956,-0.00011995081258908413
446384.0,17,-12147690.460573645,13336553.672925021,19945882.46002161,-2436.307847414363,-239.84949046796044,-1321.9963916865945,-0.00011995358180058416
446984.0,17,-13580471.661763117,13219531.495853735,19080133.1728514,-2336.2103929062855,-151.73093183921208,-1562.0676232351873,-0.00011995634635813644
447584.0,17,-14947098.772122638,13152843.610047827,18073694.03086318,-2215.9818648961623,-72.46332809175442,-1790.6694375517184,-0.00011995912460624262
448184.0,17,-16235918.441539017,13130516.317260753,16933937.860464443,-2077.0895977409064,-4.2228676526372055,-2006.1703243939276,-0.00011996193479980229
448784.0,17,-17436240.05467198,13145328.65372191,15669192.21675351,-1921.2732220760804,51.01507563917221,-2207.0214815828926,-0.00011996479498432942
449384.0,17,-18538491.56828551,13188942.993760653,14288687.216350405,-1750.518675057688,91.50912342378138,-2391.7657562971813,-0.00011996772287680442
449984.0,17,-19534358.646209843,13252054.575785477,12802498.031284636,-1567.0284654203804,115.78168610863463,-2559.0464393007765,-0.00011997073574754757
450584.0,17,-20416904.83588514,13324557.871647593,11221482.269592917,-1373.188123337622,122.64130739522193,-2707.612473047909,-0.00011997354610127374
451184.0,17,-21180671.61656797,13395726.893882506,9557211.451383661,-1171.5319629358428,111.21891161240342,-2836.340753897155,-0.00011997677825759988
451784.0,17,-21821754.6372085,13454407.978691183,7821898.849516225,-964.7016120846371,80.96320576024755,-2944.223578846734,-0.00011998014337045441
452384.0,17,-22337857.689331673,13489220.695786959,6028320.997592347,-755.4074385297599,31.66744152420756,-3030.390679087308,-0.0001199836557788168
452984.0,17,-22728321.05788722,13488764.89731561,4189735.072273222,-546.3859656209005,-36.52714234241671,-3094.1134625804043,-0.00011998732881556423
453584.0,17,-22994124.486078013,13441830.348485008,2319791.561760248,-340.35692670888,-123.12964005356525,-3134.812401212391,-0.00011999117470568203
454184.0,17,-23137864.23323822,13337605.705561804,432442.6018649595,-139.98004327655246,-227.30334497064337,-3152.063953090714,-0.00011999520446939162
454784.0,17,-23163704.245082505,13165883.478896413,-1458153.7027928063,52.18783080532569,-347.8752455442316,-3145.606911780745,-0.00011999942783098195
455384.0,17,-23077301.850683097,12917257.590992576,-3337732.5836376008,233.73453287242876,-483.351158159526,-3115.3480599354166,-0.00012000385313418662
455984.0,17,-22885708.80786115,12583310.160577083,-5192025.071317354,402.4327008121335,-631.9364206145624,-3061.3669922655927,-0.0001200084872649991
456584.0,17,-22597248.933118105,12156784.217177797,-7006863.064389568,556.2774791244636,-791.5619801443713,-2983.9199628000397,-0.00012001333558285757
457184.0,17,-22221373.9676148,11631739.180426635,-8768286.361213434,693.521136484473,-959.9156146042017,-2883.4426045755245,-0.00012001840186115857
457784.0,17,-21768499.72556229,11003686.14259783,-10462650.856501568,812.6984613788356,-1134.4835731689968,-2760.5485258421513,-0.00012002352513376023
458384.0,17,-21249825.008807637,10269700.09608721,-12076737.477562714,912.6746853130197,-1312.5680872743912,-2616.0406491270473,-0.00012002903223103183
458984.0,17,-20677136.19512759,9428507.109673638,-13597859.920045648,992.6353551408138,-1491.3659082817367,-2450.8926554451423,-0.00012003475865272537
459584.0,17,-20062600.378782608,8480543.721629865,-15013971.58071177,1052.1229561644818,-1667.9922450319661,-2266.2569886910296,-0.00012004070145212643
460184.0,17,-19418550.860687092,7427987.5338803325,-16313769.563257579,1091.0418107516116,-1839.5360639637881,-2063.4569048051785,-0.00012004685597212202
460784.0,17,-18757268.524600044,6274757.604438038,-17486795.0566693,1109.6617066452159,-2003.111023238076,-1843.9794186623508,-0.00012005321586089819
461384.0,17,-18090763.025740337,5026484.079081456,-18523528.845420312,1108.6149312865248,-2155.9069736167194,-1609.4662645236224,-0.0001200597731027037
461984.0,17,-17430557.797419872,3690447.021412839,-19415480.758484922,1088.8865829169713,-2295.2410552327633,-1361.7028435260402,-0.00012006651806405299
462584.0,17,-16787482.916352566,2275484.9934827574,-20155271.862933576,1051.7981647261677,-2418.6073826222478,-1102.605171995493,-0.00012007343955554928
463184.0,17,-16171479.81815656,791874.5466967588,-20736708.23130155,998.9846128807849,-2523.724296207638,-834.2048885217702,-0.00012008052490929447
463784.0,17,-15591421.717089476,-748817.6094492506,-21154845.161715757,932.3650592477,-2608.5781693947793,-558.6324244745634,-0.00012008776007161825
464384.0,17,-15054953.356471693,-2333907.4005569043,-21406040.80688732,854.1077807321092,-2671.462798399115,-278.09849045899864,-0.0001200951297106131
464984.0,17,-14568353.295173667,-3949788.5994225633,-21487998.30572195,766.5898443069138,-2711.011001897661,5.126860109605978,-0.00012010245301390171
465584.0,17,-14136422.278352503,-5582144.730942826,-21399795.45858555,672.3528627267988,-2726.232393706004,288.73184574540943,-0.00012011004092164994
466184.0,17,-13762398.489211863,-7216179.495178,-21141901.552181177,574.0536900970357,-2716.519739360878,570.390379686295,-0.00012011771092690593
466784.0,17,-13447903.75826987,-8836853.933816565,-20716180.658466514,474.41420059115774,-2681.672482225308,847.781554181691,-0.00012012544392566586
467384.0,17,-13192920.33788691,-10429131.315665485,-20125881.185602676,376.168471355395,-2621.900242971273,1118.613559703926,-0.00012013322025984703
467984.0,17,-12995799.532532599,-11978222.887317648,-19375611.617941257,282.0097115997107,-2537.8207965096253,1380.6467311529573,-0.00012014101988906629
468584.0,17,-12853302.024605349,-13469830.046906576,-18471302.584698286,194.5378427870387,-2430.4500600315496,1631.7161508363913,-0.00012014882256705278
469184.0,17,-12760669.167693228,-14890378.200927464,-17420155.62091584,116.20885886159431,-2301.1842684546787,1869.7534413816009,-0.00012015660802057016
469784.0,17,-12711723.852611015,-16227237.723219804,-16230579.19826701,49.28705828615557,-2151.7747035096463,2092.807396011109,-0.00012016435612866792
470384.0,17,-12698998.916030394,-17468927.705156274,-14912112.806755912,-4.198828422402585,-1984.2955231174394,2299.063118280971,-0.0001201720471000751
470984.0,17,-12713890.4749004,-18605298.55969821,-13475340.055511119,-42.494688729419295,-1801.1054023930205,2486.8593775527816,-0.00012017966164658962
471584.0,17,-12746833.048377894,-19627690.008580595,-11931791.926322818,-64.1544507766555,-1604.8038410330776,2654.703928815268,-0.00012018718115040306
472184.0,17,-12787492.82303162,-20529061.58842529,-10293841.471506517,-68.06855733544535,-1398.1852213923594,2801.2905611635333,-0.00012019395888504583
472784.0,17,-12824975.632769486,-21304092.776280686,-8574591.442298688,-53.47910743303896,-1184.1791323467398,2925.4938147488324,-0.00012020123621510544
473384.0,17,-12848043.884641878,-21949253.15483094,-6787755.448321392,-20.00062417697586,-965.8091147556985,3026.401348596015,-0.00012020836820851359
473984.0,17,-12845340.620280921,-22462837.959080886,-4947536.120336702,32.37890556208686,-746.1300251235516,3103.3033909375986,-0.00012021534041488851
474584.0,17,-12805614.148447895,-22844972.15163549,-3068499.7159009627,103.29820843321727,-528.1755370511861,3155.7000323686607,-0.00012022213973889559
475184.0,17,-12717939.883201651,-23097581.765565153,-1165449.7044845195,192.03119730553703,-314.90485155697843,3183.3019877569436,-0.0001202287545374953
475784.0,17,-12571935.030704962,-23224333.848999295,746699.4334922754,297.502231695835,-109.15163638331171,3186.029038740121,-0.00012023517470199886
476384.0,17,-12357962.177554961,-23230546.634439643,2653046.8323740307,418.3077063497253,86.42385678852395,3164.0063093235813,-0.00012024139172459133
476984.0,17,-12067318.146597495,-23123072.098302275,4538827.030944928,552.7433911673354,269.3786536953006,3117.5585589056604,-0.00012024739874922039
477584.0,17,-11692404.863991749,-22910153.550723366,6389527.783708064,698.8368492962782,437.52617350937567,3047.202701068121,-0.00012025319060696923
478184.0,17,-11226879.410798866,-22601261.294758923,8191002.882927624,854.3841857875198,588.97000470082,2953.6387725530485,-0.00012025876383623188
478784.0,17,-10665780.900081124,-22206909.713240556,9929579.12031295,1016.9903268828803,722.1318799405108,2837.7395852148115,-0.00012026411668818326
479384.0,17,-10005632.7285852,-21738459.34094245,11592156.21698154,1184.1069383411825,835.7764385380874,2700.5405271279856,-0.00012026908541559178
479984.0,17,-9244516.465725314,-21207907.95332598,13166301.720206214,1353.0976346843386,929.0154674882353,2543.2223549801242,-0.00012027399884350054
480584.0,17,-8382122.058910694,-20627673.68593168,14640334.262899136,1521.253103024108,1001.3334188375412,2367.105636337237,-0.00012027869677440138
481184.0,17,-7419767.249702967,-20010375.210248373,16003402.52954625,1685.8577819089057,1052.579639183588,2173.632495430702,-0.0001202831840975141
481784.0,17,-6360390.861755852,-19368611.823236547,17245554.475369286,1844.2301982574234,1082.967525763379,1964.3542268518347,-0.00012028746724755644
482384.0,17,-5208518.910715567,-18714747.450046744,18357798.590545528,1993.7671965190154,1093.0651899343134,1740.917597252182,-0.00012029155413862524
482984.0,17,-3970204.7548201317,-18060701.977399487,19332156.92997118,2131.986213093697,1083.7805104638956,1505.0511954947146,-0.00012029545408942161
483584.0,17,-2652944.6495413883,-17417753.166593265,20161709.983919285,2256.5649897657268,1056.3409766194004,1258.5519460412604,-0.00012029917774076206
484184.0,17,-1265570.41138436,-16796352.13518166,20840633.527163778,2365.378186757121,1012.268778461905,1003.2718768768298,-0.00012030273696628039
484784.0,17,181878.80340152327,-16205955.105923725,21364227.63180154,2456.530425085707,953.3516476428158,741.105210668627,-0.00012030614477717907
485384.0,17,1678303.3406069442,-15654873.807418445,21728938.06287049,2528.3853576678384,881.6099872676701,473.9758267016326,-0.00012030941522183312
485984.0,17,3211706.0285501843,-15150146.578997126,21932370.297034957,2579.59043780091,799.2608550793839,203.82512186950035,-0.0001203125632809905
486584.0,17,4769368.413905168,-14697431.96056238,21973296.44246455,2609.0976837709827,708.6777142270578,-67.40125532579012,-0.00012031544088893433
487184.0,17,6338038.762036024,-14300925.72134129,21851655.165584277,2616.176793752429,612.3565287391468,-337.75856314801814,-0.00012031839231097796
487784.0,17,7904125.849108843,-13963303.238031732,21568545.15580573,2600.429280639377,512.8638687239683,-605.3231809166591,-0.00012032127078495166
488384.0,17,9453899.384064348,-13685686.806304123,21126212.06552675,2561.7915588652763,412.80082524780653,-868.1969470652098,-0.00012032409390758748
488984.0,17,10973691.501786169,-13467638.86147966,20528029.2893933,2500.536157753424,314.75843382441474,-1124.5189526542488,-0.00012032687963974762
489584.0,17,12450097.263933903,-13307180.821945854,19778472.727255624,2417.26734101896,221.27513696616847,-1372.4754673278244,-0.0001203296461875325
490184.0,17,13870171.094314381,-13200837.190799635,18883089.69796061,2312.9118639432745,134.79519162920667,-1610.3096008333782,-0.00012033241188263978
490784.0,17,15221616.276733007,-13143704.18571256,17848462.143799797,2188.705009976799,57.62857069926963,-1836.3307353041419,-0.00012033519506234587
491384.0,17,16492964.7410514,-13129541.843720214,16682164.244305858,2046.1720977915475,-8.087110694875719,-2048.9237598967934,-0.00012033801394947073
491984.0,17,17673744.489887442,-13150888.235749431,15392714.540314764,1887.1056977816402,-60.42213426607623,-2246.558133502841,-0.00012034088653268638
492584.0,17,18754632.173499938,-13199194.126800433,13989522.656129133,1713.538843974947,-97.6871971016019,-2427.796793257765,-0.00012034383044753924
493184.0,17,19727588.503526606,-13264976.133564498,12482830.700449035,1527.7145734651049,-118.46245063703168,-2591.3049166265837,-0.00012034686285857657
493784.0,17,20585974.278217476,-13337986.286718667,10883649.553093012,1332.051430702659,-121.62199013255781,-2735.856991424858,-0.00012034937080269252
494384.0,17,21324646.06800522,-13407394.715417422,9203689.264492821,1129.1097567399677,-106.35720457858542,-2860.351478692309,-0.0001203526291305839
494984.0,17,21940027.33655412,-13461985.006440707,7455286.079386815,921.5483391639092,-72.18923748167367,-2963.809648569642,-0.00012035602347123221
495584.0,17,22430157.67448436,-13490356.129754528,5651322.687862563,712.0863163400111,-18.98261885401348,-3045.3899079877265,-0.00012035956796487243
496184.0,17,22794715.839100584,-13481130.411276877,3805144.7281235806,503.46019015027036,53.049352259851275,-3104.3938931674948,-0.00012036327572412403
496784.0,17,23035017.399721198,-13423163.294568855,1930472.5396330445,298.3807749623169,143.34405927949456,-3140.2737686362943,-0.00012036715873315037
497384.0,17,23153986.44970688,-13305751.761904737,41308.64453155995,99.49000027423165,250.9945885415134,-3152.639040698341,-0.00012037122775189359
497984.0,17,23156101.484675016,-13118838.043132871,-1848158.711257809,-90.6817852836424,374.7603872089521,-3141.2627740776734,-0.00012037549222618322
498584.0,17,23047315.944261786,-12853205.222754963,-3723655.5528951483,-269.7573386958942,513.0835492299395,-3106.087086407167,-0.00012037996020457162
499184.0,17,22834954.323980503,-12500661.38708373,-5570925.222822723,-435.5521918214173,664.1106351687558,-3047.227783168296,-0.00012038463826279788
499784.0,17,22527585.178828903,-12054209.038157765,-7375833.907500695,-586.1117760482562,825.719840709741,-2964.9779862643486,-0.00012038953143681873
500384.0,17,22134872.75497056,-11508196.642686848,-9124477.983746417,-719.7453194311221,995.553232359973,-2859.810603323782,-0.00012039464316536915
500984.0,17,21667409.42423363,-10858449.269854208,-10803292.554037394,-835.0510251119738,1171.059179140493,-2732.376595273994,-0.0001204001547310504
501584.0,17,21136531.212848,-10102376.126764756,-12399159.772185415,-930.9604921845645,1349.511269981514,-2583.516164973585,-0.00012040563920862984
502184.0,17,20554120.05112506,-9239052.051323863,-13899516.882452998,-1006.7312248204648,1528.0865986448239,-2414.2396531019995,-0.00012041134255903738
502784.0,17,19932394.906429045,-8269270.9719780395,-15292462.623533368,-1061.9796107990528,1703.8909198341369,-2225.7352904400727,-0.00012041726148063744
503384.0,17,19283696.140061706,-7195570.421403909,-16566860.535613105,-1096.6851446499272,1874.0141478473229,-2019.360830705433,-0.00012042339096328542
503984.0,17,18620266.52347678,-6022225.621079747,-17712438.433986165,-1111.1927158992005,2035.581485418565,-1796.6360905936049,-0.00012042972430710515
504584.0,17,17954032.884588663,-4755212.748784871,-18719882.768403247,-1106.2082659463176,2185.804923373327,-1559.2334942300533,-0.00012043625315642568
505184.0,17,17296392.40382636,-3402141.4686282,-19580926.672699463,-1082.7877112861572,2322.034130797572,-1308.9666035146695,-0.0001204429675492131
505784.0,17,16658007.597757332,-1972157.4004002828,-20288430.513020545,-1042.3191684612302,2441.8057230693216,-1047.7766570744564,-0.00012044985598213551
506384.0,17,16048613.961019173,-475815.8139156299,-20836453.771809123,-986.4986621710823,2542.8898859284154,-777.7171853748393,-0.0001204569054911808
506984.0,17,15476844.081283942,1075071.5599335404,-21220317.16019413,-917.2996485828952,2623.3333501986153,-500.9368166616029,-0.00012046410174750969
507584.0,17,14950071.79579762,2667614.1220780164,-21436653.934333507,-836.93683667963,2681.497755477455,-219.66043625886724,-0.00012047142916797838
508184.0,17,14474279.50268214,4288041.85252585,-21483449.49444898,-747.8249319663826,2716.0906845261507,63.831557267625115,-0.00012047905984783382
508784.0,17,14053952.08055207,5921920.430134311,-21360068.526290186,-652.5331819464294,2726.1995321132486,347.2229930094801,-0.00012048659831948144
509384.0,17,13691998.390018877,7554383.876527478,-21067268.971620675,-553.7361043384017,2711.300190210466,628.1866253155225,-0.00012049421499022431
509984.0,17,13389703.541416729,9170373.8775633,-20607202.577068098,-454.16236155757997,2671.2764685350276,904.4056558543233,-0.00012050189062551801
510584.0,17,13146712.270622995,10754885.095891558,-19983401.549108453,-356.5418861537024,2606.422587546528,1173.597178673533,-0.00012050960547180539
511184.0,17,12961044.126454797,12293210.57432531,-19200751.43913345,-263.5528512749016,2517.4395011189217,1433.5351657622596,-0.00012051733942944505
511784.0,17,12829140.259000905,13771182.575523507,-18265450.414050814,-177.76952673240578,2405.423250906875,1682.0729321254162,-0.000120525072229841
512384.0,17,12745940.94149864,15175404.141458055,-17184955.321486555,-101.61214455051618,2271.845568552363,1917.16471562075,-0.00012053278361463297
512984.0,17,12704992.29668167,16493466.838710222,-15967915.170934968,-37.299854175886594,2118.527130370898,2136.8860233388154,-0.00012054045351476183
513584.0,17,12698580.071696222,17714150.447857626,-14624092.85272086,13.192226740439764,1947.6040467830035,2339.452423077048,-0.00012054806222722692
514184.0,17,12717887.731290746,18827600.749143254,-13164276.099604614,48.17096239153216,1761.488329430015,2523.2364944802707,-0.00012055559058740288
514784.0,17,12753175.632848721,19825482.04088841,-11600178.85608261,66.25737281949455,1562.8232172801295,2686.782698278907,-0.00012056302013487885
515384.0,17,12793977.436129615,20701101.92683558,-9944334.062272001,66.4138022431539,1354.43572085703,2828.823720983958,-0.00012057052266720595
515984.0,17,12829310.912663147,21449504.04391909,-8209981.047667393,47.957313475549654,1139.2793412552128,2948.27557529149,-0.00012057770304745875
516584.0,17,12847895.965011578,22067532.811964855,-6410944.452690667,10.579497679351789,920.3881949897369,3044.2680609847043,-0.00012058473497813472
517184.0,17,12838379.496850966,22553861.635916524,-4561512.288373077,-45.65440835786853,700.8171229906351,3116.134659148874,-0.00012059160428005801
517784.0,17,12789559.758989256,22908990.326577324,-2676310.074469881,-120.30706722162381,483.5886628820633,3163.4190613743745,-0.00012059829815059456
518384.0,17,12690607.041236147,23135209.863466993,-770174.3559221177,-212.5789432546369,271.6401395783445,3185.87544040904,-0.00012060480525779649
518984.0,17,12531276.377592891,23236536.048258837,1141973.2767587453,-321.32490807823933,67.77318827246938,3183.466430356557,-0.000120611115819262
431984.0,18,2281904.7137893084,-22266841.685214523,14131665.631255174,1112.2843765237906,-1423.6067227640872,-2458.019699183476,-0.00036929943370945216
432584.0,18,2905673.296585758,-23083345.069331188,12604067.180964524,967.9429353241096,-1294.3209905215701,-2630.601606549707,-0.0003692945538704851
433184.0,18,3444664.1091971034,-23816131.72740842,10978891.644649893,830.1199510639995,-1144.7749604194096,-2783.0145489532306,-0.0003692897543893685
433784.0,18,3903545.5387941785,-24453492.656054974,9268621.203334356,701.3136207026037,-976.526988613131,-2914.0159404930455,-0.00036928502920601647
434384.0,18,4288427.69213619,-24984753.887180746,7486434.782780361,583.8242815044448,-791.464172915191,-3022.5302945581298,-0.0003692803716633793
434984.0,18,4606731.062281007,-25400465.112239443,5646104.542767653,479.71274185761536,-591.7720328394503,-3107.659757593925,-0.0003692757745586812
435584.0,18,4867031.40105098,-25692568.40159467,3761886.443697157,390.7628124212979,-379.8985935337429,-3168.6931192192837,-0.00036927123019971536
436184.0,18,5078883.664482972,-25854543.896855555,1848405.7269415532,318.45226312459886,-158.51371479557707,-3205.1157459182073,-0.0003692667963742108
436784.0,18,5252627.439125024,-25881529.233273443,-79460.9246781642,263.911996309007,69.53655250018306,-3216.604790431818,-0.0003692623331143936
437384.0,18,5399179.306127666,-25770411.673226193,-2006707.1400742782,227.92609132028815,301.2782732068524,-3203.0484190808384,-0.00036925789720983757
437984.0,18,5529813.410804851,-25519889.296117038,-3918319.257395759,210.90376132023835,533.6604846446667,-3164.5371604245893,-0.0003692534796546378
438584.0,18,5655936.167006611,-25130501.48658777,-5799399.6094145775,212.87549337782707,763.6079365477897,-3101.3662434721487,-0.00036924907129256033
439184.0,18,5788858.56012926,-24604627.49586912,-7635288.955845543,233.492775054488,988.0742416704584,-3014.0333271021354,-0.00036924466289199614
439784.0,18,5939570.405142477,-23946453.154792015,-9411686.927572617,272.034877977969,1204.0945598333708,-2903.2342400704165,-0.0003692402452216516
440384.0,18,6118520.767432207,-23161906.329871565,-11114769.290147223,327.4225706462614,1408.8368082898312,-2769.8567793450848,-0.0003692358091262367
440984.0,18,6335408.633703306,-22258562.31317641,-12731300.8742901,398.2384908710503,1599.650421767865,-2614.9726438290927,-0.0003692313456014093
441584.0,18,6598987.715802546,-21245520.91012468,-14248743.079287505,482.75377282609156,1774.1117379286384,-2439.8276081480553,-0.0003692268458672459
442184.0,18,6916888.987205334,-20133257.523981728,-15655354.92960726,578.9603980354748,1930.0651567949294,-2245.8300663818477,-0.00036922230143953235
442784.0,18,7295464.1971031595,-18933451.019941986,-16940286.753822085,684.6086269106036,2065.6593138699586,-2034.5380977832344,-0.00036921770419819886
443384.0,18,7739653.3767897645,-17658791.338215712,-18093665.75161119,797.2430863923378,2179.375616899808,-1807.6442212848387,-0.0003692126456994548
443984.0,18,8252877.635309071,-16322771.803271046,-19106672.220802046,914.2705703205986,2270.0610347729016,-1566.9639092590114,-0.0003692079198461299
444584.0,18,8836961.536784928,-14939466.642436441,-19971606.910564806,1032.9745477750619,2336.932573152896,-1314.4136991654843,-0.0003692031196401082
445184.0,18,9492083.398570646,-13523301.932115633,-20681947.89594526,1150.5868678003094,2379.597527619273,-1051.9977669820912,-0.00036919823902710795
445784.0,18,10216756.24826708,-12088821.214173563,-21232397.22102149,1264.3327319665013,2398.0550009108283,-781.7895316949948,-0.00036919327259596146
446384.0,18,11007838.916351607,-10650451.037683845,-21618916.92356969,1371.4809632936615,2392.6928879561306,-505.91380456784526,-0.00036918821561856787
446984.0,18,11860576.992658773,-9222270.405276604,-21838754.333650086,1469.393194989256,2364.278027566329,-226.52881842729613,-0.0003691830640838106
447584.0,18,12768672.732653717,-7817788.140665557,-21890456.64104017,1555.5710974401163,2313.9397863873455,54.19167498149302,-0.0003691778147252575
448184.0,18,13724382.488248836,-6449731.997459143,-21773874.832873244,1627.7008164098925,2243.147457811373,334.0760632732466,-0.0003691724650425308
448784.0,18,14718639.763709772,-5129853.066978795,-21490157.201062318,1683.693864328261,2153.681964206538,610.9721251171785,-0.00036916701331630015
449384.0,18,15741201.567754421,-3868748.7218912505,-21041732.70813471,1721.7237876939475,2047.6024433741359,882.7637289756914,-0.0003691614586169172
449984.0,18,16780815.354704674,-2675706.96115885,-20432284.579340108,1740.2580245944525,1927.2083783733892,1147.3868495675677,-0.0003691558008067675
450584.0,18,17825403.522657484,-1558574.6278269878,-19666714.671628628,1738.0871392777258,1795.0017036009144,1402.8460117829184,-0.0003691501064065465
451184.0,18,18862262.1284651,-523651.48958360404,-18751098.44135209,1714.3353039983922,1653.627292393864,1647.2235302266554,-0.00036914424548604405
451784.0,18,19878270.631791163,424388.51147259213,-17692632.707562182,1668.490362007752,1505.8487944048175,1878.700849344036,-0.000369138285720578
452384.0,18,20860108.394410595,1282547.1009741146,-16499574.659113856,1600.4028189600704,1354.485411590245,2095.565356130932,-0.00036913223004121556
452984.0,18,21794474.89210411,2049522.8368306458,-15181174.256812172,1510.2908132018506,1202.3671190306143,2296.223100033975,-0.0003691260820947562
453584.0,18,22668309.603472926,2725703.1034850823,-13747600.085481685,1398.7365520266649,1052.2863631374742,2479.2089776146813,-0.00036911984621260606
454184.0,18,23469007.97674546,3313127.4267993122,-12209859.399902627,1266.6767257505608,906.9508402310082,2643.195804522033,-0.00036911352737507895
454784.0,18,24184629.919893317,3815422.9785061805,-10579713.025835752,1115.3871277396145,768.9381097370238,2787.0022692535836,-0.000369107131171468
455384.0,18,24804097.42006231,4237713.578861552,-8869585.780373834,946.4617942286775,640.6527517701752,2909.5997724397184,-0.00036910066375624124
455984.0,18,25317378.108735163,4586503.917100701,-7092473.074197896,761.787055924488,524.2867255801302,3010.1181628335007,-0.0003690941318017224
456584.0,18,25715651.844603255,4869541.086535355,-5261844.352856951,563.5109633871274,421.7835244937553,3087.850386868466,-0.00036908754244761903
457184.0,18,25991457.681897365,5095655.870294804,-3391544.0257835547,354.0086096115465,334.8066558090152,3142.2560726438355,-0.00036908090324776313
457784.0,18,26138818.82335439,5274586.348802834,-1495690.6647576448,135.84478021910326,264.7076226953791,3172.9602812967332,-0.0003690738219318824
458384.0,18,26153344.197289802,5416787.9234208,411425.9354957789,-88.27113023995213,212.52537578898932,3179.7701980162847,-0.00036906710658026436
458984.0,18,26032303.70214556,5533229.8397825,2315446.19602241,-315.521691203121,178.93879481452063,3162.652880493756,-0.0003690603659661513
459584.0,18,25774677.74235975,5635186.134523755,4202044.703086852,-543.0314517466275,164.27707939966308,3121.75004361647,-0.00036905360872786227
460184.0,18,25381179.06923953,5734020.742576197,6057032.218288629,-767.9113518090737,168.5099473683615,3057.3728501192522,-0.000369046843622271
460784.0,18,24854247.073442463,5840971.862964464,7866456.859629729,-987.3047091299475,191.2488792622146,2969.9995886137153,-0.0003690400794623141
461384.0,18,24198014.572264925,5966938.826785479,9616703.5895726,-1198.4326742453786,231.75419914806025,2860.27243622178,-0.00036903332505419114
461984.0,18,23418247.62695103,6122274.943213846,11294591.456148732,-1398.6384587386228,288.94787834023873,2728.9933188763534,-0.00036902658913460113
462584.0,18,22522259.33942376,6316589.705994409,12887468.042320188,-1585.4296593571885,361.43186791035737,2577.1188797157292,-0.0003690198803083622
463184.0,18,21518798.978483286,6558563.6013352955,14383300.586879924,-1756.5180261605788,447.5116872996987,2405.75456377784,-0.00036901320698675923
463784.0,18,20417917.308395486,6855779.116157914,15770764.334185041,-1909.8577450898545,545.2255776390975,2216.1482335198857,-0.0003690064022777822
464384.0,18,19230815.36131102,7214567.485811774,17039321.01218654,-2043.671423274443,652.3749461487989,2009.68091478018,-0.0003689998242556834
464984.0,18,17969666.22552351,7639881.915962881,18179303.468444668,-2156.4890897655437,766.5650209083005,1787.860601575329,-0.0003689933052148539
465584.0,18,16647429.651448837,8135188.645740447,19181983.812381994,-2247.164952936152,885.2429224961982,1552.3113433320505,-0.00036898685220175737
466184.0,18,15277649.699689101,8702385.82112212,20039641.187110055,-2314.8978409247384,1005.7414957765536,1304.7633884778684,-0.0003689804717842916
466784.0,18,13874243.710650243,9341748.479488589,20745622.034687035,-2359.2443590828693,1125.3247533898966,1047.0421208750477,-0.00036897417000194394
467384.0,18,12451285.30090686,10051901.300887574,21294393.56446207,-2380.1277245326337,1241.2356547215804,781.0567493165723,-0.0003689681924847707
467984.0,18,11022783.992753478,10829819.490071153,21681589.412721675,-2377.833421495333,1350.7404046569645,508.7854838684375,-0.0003689620638876106
468584.0,18,9602467.09078439,11670858.949104164,21904048.4642608,-2353.0134727312507,1451.1809722422754,232.26525726205398,-0.0003689560284242763
469184.0,18,8203565.049573424,12568813.955178088,21959844.45841862,-2306.669890797191,1540.0187340457946,-46.42436786685275,-0.00036895008959114396
469784.0,18,6838605.424570596,13516002.965668365,21848307.49582486,-2240.139684596732,1614.8804674425614,-325.1754522384075,-0.0003689442501626137
470384.0,18,5519218.398875259,14503380.76046108,21570036.47319525,-2155.0726258732375,1673.6012043846335,-601.8669756345538,-0.00036893851216597475
470984.0,18,4255957.294357277,15520675.388608184,21126902.240854215,-2053.4035827384137,1714.263959918573,-874.3806089378659,-0.00036893287686154885
471584.0,18,3058137.2043856345,16556547.833007444,20522041.226179413,-1937.3198131063475,1735.2356132025782,-1140.616861129211,-0.00036892734472839303
472184.0,18,1933694.8227493465,17598771.738245215,19759839.290541977,-1809.2248971049419,1735.196637889206,-1398.5087439465551,-0.0003689215157800698
472784.0,18,889070.8292445019,18634431.172918156,18845905.919399295,-1671.6927945470075,1713.1738916933302,-1646.04932024099,-0.00036891618819906587
473384.0,18,-70880.05677623488,19650131.16504308,17787038.153168134,-1527.4302974226366,1668.5512239863442,-1881.2916225774013,-0.0003689109604810084
473984.0,18,-942953.3544306792,20632219.93575974,16591174.999283066,-1379.2253020022274,1601.0905995663447,-2102.3761245717883,-0.0003689058299564954
474584.0,18,-1725629.4375170413,21567017.406909324,15267341.99107593,-1229.8990723962015,1510.9383567412424,-2307.5439539511744,-0.00036890079319404904
475184.0,18,-2419078.6869184496,22441046.596999086,13825586.295441939,-1082.256446991783,1398.6264472864775,-2495.1523891123034,-0.00036889584602287545
475784.0,18,-3025136.73479654,23241263.75340236,12276902.697175145,-939.0360224450324,1265.0668454000242,-2663.6896621352366,-0.0003688909835619373
476384.0,18,-3547250.0525693325,23955283.113861162,10633150.919423828,-802.8612263261209,1111.5391340183132,-2811.788885623034,-0.0003688862002552115
476984.0,18,-3990392.682301908,24571592.23145901,8906964.851432575,-676.1931914006325,939.6714081235149,-2938.24092210839,-0.0003688814899129334
477584.0,18,-4360955.455007446,25079753.91812551,7111654.36520633,-561.2863273815715,751.4147673381624,-3042.0060199801633,-0.00036887684575855837
478184.0,18,-4666609.567817813,25470591.0626055,5261100.509377381,-460.147449298247,549.0118010330815,-3122.2240490843037,-0.0003688722604811
478784.0,18,-4916146.893156936,25736350.85786537,3369644.968729708,-374.4992654335251,334.95959508379576,-3178.2231823608604,-0.0003688677262924336
479384.0,18,-5119299.8166247215,25870845.393042713,1451974.8253504056,-305.75436198412626,111.96731073486438,-3209.5287999658935,-0.0003688633006823758
479984.0,18,-5286543.900083926,25869565.538452998,-476996.429058388,-254.96792783728665,-117.08683046990654,-3215.86102557017,-0.0003688588440927526
480584.0,18,-5428887.345341883,25729766.81925831,-2402250.878411683,-222.8505547292889,-349.209785170795,-3197.149494777545,-0.0003688544129972782
481184.0,18,-5557649.952711112,25450524.45352099,-4308788.579847796,-209.7340145743799,-581.3412338320279,-3153.5270015203105,-0.0003688499983507262
481784.0,18,-5684237.045866558,25032757.28612975,-6181750.90941578,-215.5707183107595,-810.4074826816613,-3085.3307486515505,-0.0003688455909730807
482384.0,18,-5819911.831217888,24479219.785997868,-8006542.68906931,-239.93489614468922,-1033.374604170566,-2993.099664927372,-0.0003688411816247207
482984.0,18,-5975570.582770483,23794462.26570345,-9768952.078024462,-282.03082061718624,-1247.3009024056937,-2877.5697391748854,-0.0003688367610821876
483584.0,18,-6161524.842597385,22984760.039498985,-11455267.042282175,-340.70791523348225,-1449.387700649087,-2739.667425554044,-0.00036883232021379437
484184.0,18,-6387294.688967973,22058012.83079486,-13052387.260210998,-414.48245054549466,-1637.0274830555377,-2580.5012029067725,-0.0003688278500543373
484784.0,18,-6661416.903142955,21023616.306803882,-14547930.383720146,-501.5653958435971,-1807.848479575944,-2401.35139841109,-0.00036882334187818397
485384.0,18,-6991271.567336987,19892308.143303994,-15930331.652132541,-599.8958713674426,-1959.7548597728764,-2203.658410421172,-0.00036881878727003603
485984.0,18,-7382930.2578266915,18675991.4949737,-17188935.947353456,-707.179536195916,-2090.9617959860225,-1989.0094868754345,-0.00036881417819269966
486584.0,18,-7841028.423434481,17387539.279138595,-18314081.25421751,-820.9287190824966,-2200.02159651099,-1759.1220350920894,-0.000368809106766303
487184.0,18,-8368665.022852549,16040582.253402656,-19297174.19109447,-938.5178554769204,-2285.859675596133,-1515.8366904880809,-0.0003688043660963205
487784.0,18,-8967329.279874388,14649286.113534931,-20130753.699962128,-1057.2178734560314,-2347.7711561216283,-1261.0881047959613,-0.00036879954973794354
488384.0,18,-9636857.961693881,13228120.270671034,-20808546.69212775,-1174.2551793538596,-2385.4438202941715,-996.8961773146623,-0.00036879465176638856
488984.0,18,-10375422.395431954,11791623.267859355,-21325512.341671236,-1286.8599099416283,-2398.957200900308,-725.346377726331,-0.0003687896669089961
489584.0,18,-11179545.749067212,10354168.794343587,-21677875.899553083,-1392.3160514236956,-2388.778143304834,-448.5718551329556,-0.00036878459058394865
490184.0,18,-12044150.02999324,8929736.443634452,-21863151.772242863,-1488.010293075541,-2355.74957915953,-168.73546741029946,-0.00036877941893290786
490784.0,18,-12962631.779395292,7531691.196834495,-21880155.88259334,-1571.4787440618015,-2301.0728024736295,111.98808335524538,-0.00036877414884740287
491384.0,18,-13926964.936478563,6172575.402086993,-21729007.435454484,-1640.450699631829,-2226.283653550324,391.42983589754886,-0.0003687687779888718
491984.0,18,-14927828.881103545,4863916.745994028,-21411120.3068463,-1692.8887145166946,-2133.2231193194493,667.4437163360053,-0.0003687633048023235
492584.0,18,-15954759.244086184,3616055.3809415326,-20929184.362497624,-1727.024324687246,-2024.0029482287355,937.9231034988987,-0.00036875772852365
493184.0,18,-16996318.70745009,2437992.991748076,-20287137.088650674,-1741.3888513074762,-1900.966952980457,1200.816687467449,-0.0003687520491806777
493784.0,18,-18040284.63661254,1337266.4403670216,-19490126.198876962,-1734.8426237836884,-1766.6498727548142,1454.147037979641,-0.0003687463330096909
494384.0,18,-19073850.557396658,319846.3859791942,-18544462.53919741,-1706.579610293785,-1623.7276005155761,1696.0104571945237,-0.00036874045108572384
494984.0,18,-20083837.301585764,-609934.3403518926,-17457566.499186706,-1656.1634040540623,-1474.9773525924027,1924.6118902837902,-0.0003687344708503263
495584.0,18,-21056910.708450165,-1449425.4153612219,-16237905.431684915,-1583.5200169017437,-1323.22446658044,2138.2623258739413,-0.0003687283953877402
496184.0,18,-21979802.042480208,-2197674.0374246407,-14894924.675696028,-1488.9428501113011,-1171.2950763837607,2335.393593023775,-0.0003687222284919528
496784.0,18,-22839527.366738595,-2855410.978704268,-13438972.164907742,-1373.087880755664,-1021.9679717060162,2514.568316713546,-0.0003687159746345756
497384.0,18,-23623602.254236713,-3425008.101073537,-11881217.366032152,-1236.962865830356,-877.9276958088201,2674.488759285679,-0.0003687096389282213
497984.0,18,-24320248.311606493,-3910408.29699942,-10233565.208881183,-1081.9108103235965,-741.7196272967867,2814.004544353817,-0.00036870322708572307
498584.0,18,-24918588.160516776,-4317029.250724798,-8508565.672095764,-909.5880296147172,-615.7077453289683,2932.119268544685,-0.00036869674537555317
499184.0,18,-25408825.74227225,-4651642.819466352,-6719319.685975486,-721.9372131020215,-502.03572275228544,3027.996013486916,-0.0003686902005738017
499784.0,18,-25782409.075180575,-4922232.20405282,-4879382.007783034,-521.1559642388406,-402.59192945069185,3100.961775762435,-0.0003686835999130791
500384.0,18,-26032172.89759607,-5137829.409300036,-3002661.716049159,-309.66135180430905,-318.9788599088861,3150.5108361856014,-0.0003686769510287069
500984.0,18,-26152458.847370453,-5308335.512623126,-1103321.2489251415,-90.0527390077147,-252.48197445658116,3176.3041650431965,-0.00036866986211151994
501584.0,18,-26139211.971581064,-5444328.568726498,804327.334117883,134.93710826869295,-204.07091507768428,3178.182447951591,-0.00036866314056092643
502184.0,18,-25990050.61046105,-5556857.468918121,2705922.874902917,362.4740592488174,-174.35217094226323,3156.14883897954,-0.00036865639553828363
502784.0,18,-25704310.324752297,-5657232.183929892,4587159.671023552,589.6761301037175,-163.58128130535056,3110.3800690833355,-0.0003686496357134342
503384.0,18,-25283060.095546346,-5756808.252915153,6433889.1343575325,813.6571788043502,-171.65408444994864,3041.2219185969575,-0.0003686428698617592
503984.0,18,-24729090.944422517,-5866771.379631521,8232220.672525013,1031.572840971211,-198.10916563223327,2949.186706575787,-0.0003686361068015833
504584.0,18,-24046877.12348347,-5997925.249731994,9968620.762609212,1240.665790263791,-242.13612480860115,2834.949867216865,-0.00036862935533134246
505184.0,18,-23242510.496432725,-6160486.029868565,11630009.664902415,1438.3096312937403,-302.58953407254126,2699.3456258438428,-0.0003686226241668621
505784.0,18,-22323609.143719483,-6363886.905927984,13203855.233385466,1622.0507521438042,-378.0083743485359,2543.361784405439,-0.0003686159218790892
506384.0,18,-21299201.622074567,-6616595.866469007,14678263.287574084,1789.647490787554,-466.64066283927446,2368.133624357718,-0.00036860925683262656
506984.0,18,-20179588.68655756,-6925949.74004579,16042064.01747014,1939.1060048738218,-566.4729076486681,2174.9369334037915,-0.0003686026371254174
507584.0,18,-18976184.63676235,-7298007.253765576,17284893.899934534,2068.7122772959074,-675.263954571263,1965.180162057908,-0.00036859607052993357
508184.0,18,-17701340.5182959,-7737423.911565319,18397273.017797716,2177.061994135861,-790.5849026145581,1740.394384525351,-0.000368589628898042
508784.0,18,-16368153.500915896,-8247349.023573377,19370674.88713638,2263.074133771572,-909.8516097859494,1502.2291035669948,-0.00036858319043514147
509384.0,18,-14990261.621522423,-8829351.061396211,20197594.03408982,2326.0225688643027,-1030.3810644451921,1252.433746508066,-0.00036857682589685244
509984.0,18,-13581632.198471803,-9483367.310341412,20871603.595076967,2365.5385274402815,-1149.4289416181878,992.8518563762168,-0.0003685705412068364
510584.0,18,-12156343.593381979,-10207682.583781062,21387407.494501032,2381.6192064945285,-1264.2387568454558,725.4076899686437,-0.0003685643417042703
511184.0,18,-10728365.31766871,-10998936.205504946,21740884.90310664,2374.628003037144,-1372.089575719044,452.09340459156783,-0.0003685582321016181
511784.0,18,-9311339.841172231,-11852157.580440594,21929126.80948446,2345.288713169626,-1470.3435351613011,174.955509953308,-0.00036855221644643024
512384.0,18,-7918369.712469637,-12760830.006880583,21950464.288090646,2294.673721208945,-1556.492394864174,-103.9193643246874,-0.00036854629808752204
512984.0,18,-6561813.556912065,-13716981.915394492,21804488.078901105,2224.1862971899136,-1628.2023353861314,-382.41932301190946,-0.00036854047964586897
513584.0,18,-5253094.417202223,-14711304.254089538,21492059.132621143,2135.537219295564,-1683.3562296641212,-658.4226056257843,-0.00036853476299054255
514184.0,18,-4002523.7417721637,-15733292.284135755,21015309.82195267,2030.716036450354,-1720.092637853065,-929.813443066218,-0.0003685291492199862
514784.0,18,-2819144.108529145,-16771409.611186128,20377635.57436928,1911.9573838250826,-1736.840812003198,-1194.4982662597295,-0.0003685236386489064
515384.0,18,-1710593.595836183,-17813271.692700572,19583676.71276502,1781.7027212163582,-1732.3512188896868,-1450.4203976750534,-0.0003685178314481058
515984.0,18,-682993.4814319871,-18845846.954416677,18639290.44778897,1642.5588807458462,-1705.719937465226,-1695.5836635698115,-0.0003685125249997668
516584.0,18,259136.05286870897,-19855669.30309345,17551513.25820828,1497.252211407,-1656.4090556112264,-1928.0581714579914,-0.00036850731794450646
517184.0,18,1112934.7489727773,-20829062.543666452,16328512.846151223,1348.5814919912932,-1584.2590742462094,-2146.0038227963614,-0.0003685022074513516
517784.0,18,1877230.697323827,-21752369.63862,14979530.849306563,1199.3686857428781,-1489.495675970153,-2347.684408575657,-0.000368497189931295
518384.0,18,2552539.3510181624,-22612184.178726114,13514816.036125025,1052.409069076753,-1372.7295683870013,-2531.4829780276905,-0.00036849226106138713
518984.0,18,3141032.638969414,-23395579.746522013,11945548.46312256,910.421523885899,-1234.9494876390904,-2695.916476655706,-0.00036848741581512156
431984.0,19,16664600.341206199,17698591.43817704,-11385575.43690465,387.4289552016853,1378.681474040459,2673.405517833192,0.0006979545331436071
432584.0,19,16885556.879376408,18466544.76664639,-9741257.334501738,345.62179038397176,1180.5910308302082,2804.0385612358273,0.0006979573563710571
433184.0,19,17075674.500008404,19114961.661135964,-8024767.442619647,284.65600899877245,980.6913740134928,2913.8022474223226,0.000697960232777814
433784.0,19,17223513.698125396,19643571.68019429,-6248862.962301878,204.7787934401099,781.7019747163881,3001.939402372427,0.0006979631460834518
434384.0,19,17317884.788580604,20053723.402382877,-4426712.431385768,106.57405915505456,586.2922359221873,3067.838525323451,0.0006979660797617586
434984.0,19,17348047.739967115,20348342.051892955,-2571807.3304005214,-9.045986327838591,397.04023052930893,3111.0366977583976,0.000697969017151068
435584.0,19,17303905.433599893,20531862.762865413,-697872.0747641755,-140.85426613031905,216.3929346872494,3131.221956262315,0.0006979719415650589
436184.0,19,17176187.491833497,20610140.347559474,1181227.068419485,-287.3260446610475,46.629269801649116,3128.2335254097734,0.0006979745665144748
436784.0,19,16956621.1450228,20590338.16057224,3051575.3304434735,-446.6657411154845,-110.1782812112042,3102.0695878862907,0.000697977415497232
437384.0,19,16638088.849466247,20480794.522366352,4899300.326775153,-616.8277869322185,-252.19083729469105,3052.878417967772,0.0006979802024089477
437984.0,19,16214766.355579695,20290873.189317167,6710666.8514680825,-795.5516786215126,-377.83518065140686,2980.9650490963845,0.0006979829115676853
438584.0,19,15682242.36026666,20030796.55090622,8472169.591712892,-980.3953513138747,-485.8275836116684,2886.789302058107,0.0006979855278143136
439184.0,19,15037616.269039685,19711465.511743523,10170625.853938203,-1168.7726578119884,-575.1942056342382,2770.96478758698,0.0006979880366178437
439784.0,19,14279572.649328612,19344268.503778517,11793267.455956623,-1357.993420521881,-645.2868360534435,2634.257219117283,0.0006979904241783052
440384.0,19,13408430.994076714,18940882.5184993,13327831.347233938,-1545.3055233182442,-695.7936896383399,2477.5819737631055,0.0006979926775266312
440984.0,19,12426169.748703858,18513069.208415017,14762648.482339146,-1727.938469576673,-726.7450165716762,2302.000833146418,0.0006979947846209767
441584.0,19,11336423.911587296,18072469.231645092,16086730.432625057,-1903.1477952602247,-738.5133488293475,2108.717831324648,0.000697996734438847
442184.0,19,10144455.895873182,17630398.099513646,17289853.179432355,-2068.2596930033997,-731.808271334738,1899.0741351610147,0.0006979985170643663
442784.0,19,8857099.735622732,17197646.83113736,18362637.49004723,-2220.7151756913777,-707.66567870996,1674.5418833976928,0.000698000123769974
443384.0,19,7482678.394524396,16784290.735005237,19296625.474558342,-2358.107537961927,-667.4313091892739,1436.712485798559,0.0006980012787389768
443984.0,19,6030899.421255293,16399509.470801162,20084351.263816133,-2478.245799699564,-612.7405681240114,1187.3055811692532,0.0006980025130975091
444584.0,19,4512719.793616673,16051421.774364023,20719408.39621551,-2579.1597116991047,-545.489102186732,928.1337412966941,0.0006980035531900298
445184.0,19,2940195.0401914255,15746937.559827842,21196509.052005358,-2659.1575743686935,-467.80348536537986,661.1083096244996,0.000698004395716462
445784.0,19,1326305.400382245,15491630.367098155,21511537.242545113,-2716.851965247067,-382.0045652742432,388.22307899252917,0.0006980050388626006
446384.0,19,-315234.92352576973,15289632.60882477,21661594.162476245,-2751.1865296247893,-290.56753001099185,111.54081375348179,0.0006980054823317382
446984.0,19,-1970183.0299966251,15143555.817063743,21645035.11477312,-2761.4575873955237,-196.07861572842768,-166.82146761102558,0.0006980057273651371
447584.0,19,-3623983.8334165043,15054437.70345943,21461497.289876755,-2747.330026023641,-101.18913055416527,-444.7083885652917,0.0006980057767506312
448184.0,19,-5261994.274304069,15021717.417428717,21111917.723252077,-2708.8470305843293,-8.56755267306113,-719.9431970059278,0.0006980056348187279
448784.0,19,-6869711.428316761,15043239.911320034,20598540.817716982,-2646.433298714874,79.14946738052367,-990.3457088334685,0.000698005307425682
449384.0,19,-8433000.539789647,15115289.806577679,19924914.89863422,-2560.891500199603,159.40631098518088,-1253.7510536485954,0.0006980048019231357
449984.0,19,-9938318.89774043,15232654.609116558,19095877.37180351,-2453.391866302645,229.77686992512577,-1508.029030534138,0.0006980041271140686
450584.0,19,-11372931.536145642,15388716.566539466,18117528.118267953,-2325.4546609790364,288.0056191867852,-1751.099552972326,0.000698003024275627
451184.0,19,-12725114.047078308,15575571.84421766,16997191.364945542,-2178.9275288559948,332.0746813542563,-1980.9697992049153,0.0006980020428766422
451784.0,19,-13984340.45874146,15784175.142299123,15743364.829060031,-2015.9529465903204,360.20998547830493,-2195.7278911397134,0.0006980009266382335
452384.0,19,-15141449.676674858,16004507.4630619,14365658.088020297,-1838.9337230925023,370.9403644476447,-2393.579690703312,0.0006979996894544609
452984.0,19,-16188789.474529466,16225763.935823299,12874719.03646874,-1650.4910329921713,363.1225997207363,-2572.8629623469296,0.0006979983462487621
453584.0,19,-17120334.047270276,16436558.39454673,11282149.573644497,-1453.418394549261,335.96621051800616,-2732.064900243807,0.0006979969128527478
454184.0,19,-17931772.83513015,16625140.886581866,9600411.118480487,-1250.6319870375914,289.0516142750115,-2869.8383116632567,0.0006979954058748746
454784.0,19,-18620568.697955795,16779623.984307177,7842720.837124952,-1045.1182860809438,222.34118912835265,-2985.0161697962544,0.0006979938425603157
455384.0,19,-19185984.131243445,16888213.533548504,6022939.637041803,-839.8800770595449,136.18292513464485,-3076.6242725625716,0.0006979922406435162
455984.0,19,-19629074.869247448,16939439.332638554,4155453.1352593824,-637.8819617233096,31.306519345765764,-3143.891775560077,0.0006979906181950662
456584.0,19,-19952650.90020546,16922381.200120274,2255046.940546589,-441.9964988631557,-91.18805437376818,-3186.2594064717923,0.00069798899346464
457184.0,19,-20161205.60570388,16826885.96032637,336777.6957506237,-254.9521147212606,-229.8492924290365,-3203.3852137054096,0.0006979873847218286
457784.0,19,-20260814.56887329,16643771.007122686,-1584158.6570413674,-79.28426967778296,-382.90129405585594,-3195.1497184032737,0.0006979850755150654
458384.0,19,-20259005.030644245,16365010.953462543,-3492559.181567344,82.71123991053264,-548.2698886954884,-3161.648660855443,0.0006979835526398289
458984.0,19,-20164601.546995267,15983901.801954236,-5373347.608411339,229.01695628334107,-723.6295467574228,-3103.202694634521,0.000697982099095932
459584.0,19,-19987546.709502738,15495202.81955637,-7211703.5504009295,357.92960775173015,-906.439781586979,-3020.3450423818,0.0006979807316657924
460184.0,19,-19738704.056224167,14895250.421335917,-8993189.774117475,468.0883862661376,-1093.9933353985564,-2913.816479072601,0.0006979794663891689
460784.0,19,-19429645.633659657,14182043.383402277,-10703874.203801878,558.4965824396822,-1283.4657186358584,-2784.5561100219197,0.0006979783184294927
461384.0,19,-19072428.714931622,13355297.684947953,-12330445.714861032,628.5360114925318,-1471.966643955901,-2633.6900930296315,0.0006979773019500078
461984.0,19,-18679366.073957406,12416470.173647145,-13860322.546968322,677.9740465478206,-1656.5922828522525,-2462.518538290721,0.0006979764300009003
462584.0,19,-18262794.27339288,11368750.892422827,-15281752.319060914,706.9632456819289,-1834.4772813372658,-2272.5008446438633,0.0006979757144183899
463184.0,19,-17834844.3809341,10217024.535172129,-16583902.7932605,716.033722894673,-2002.8455062109465,-2065.239747290331,0.0006979751657365538
463784.0,19,-17407219.389568247,8967802.099092357,-17756942.70648395,706.0785660729226,-2159.058552681604,-1842.4643602465662,0.0006979747931124349
464384.0,19,-16990982.39058924,7629124.358274116,-18792112.162000407,678.3327431736687,-2300.661124186133,-1606.0124968146786,0.0006979746042647814
464984.0,19,-16596359.238646282,6210439.978998147,-19681782.006734475,634.3470572080814,-2425.4247598268594,-1357.8157184504726,0.0006979743355611254
465584.0,19,-16232559.116957935,4722456.825707758,-20419503.384741873,575.9516797979084,-2531.3756058279982,-1099.8685250228596,0.0006979745311773952
466184.0,19,-15907615.870257465,3176978.9083593497,-21000044.236654464,505.22569739533276,-2616.8397765724876,-834.228541238186,0.0006979749246974462
466784.0,19,-15628252.671280954,1586720.418617838,-21419416.772075813,424.4520409695855,-2680.460299029896,-562.9864565342256,0.000697975517749995
467384.0,19,-15399771.997514103,-34891.610955832526,-21674893.54959641,336.0750992874347,-2721.219583171018,-288.2514877142582,0.0006979763104223238
467984.0,19,-15225972.38688165,-1673925.3304875453,-21765013.394176345,242.65512033420862,-2738.453487853757,-12.134499080915184,0.0006979773012778446
468584.0,19,-15109092.955099776,-3316158.6644382766,-21689577.45348254,146.82140420935835,-2731.859205871774,263.2681163713517,0.0006979784873850063
469184.0,19,-15049786.145097818,-4947296.780238932,-21449635.88461959,51.2251205148155,-2701.4970059944953,535.8896920206762,0.000697979864356786
469784.0,19,-15047118.689637994,-6553188.796832468,-21047465.712462433,-41.507448828132965,-2647.785971639531,803.7076046066862,0.0006979814263999672
470384.0,19,-15098600.301989943,-8120040.207231922,-20486540.434299886,-128.82048427740398,-2571.493967500911,1064.7566052516645,0.0006979831663733815
470984.0,19,-15200239.17243705,-9634617.651362507,-19771491.96424658,-208.27231717746974,-2473.722146316898,1317.1411405683257,0.0006979850758542858
471584.0,19,-15346622.94534302,-11084442.882137798,-18908065.516658995,-277.57658895695374,-2355.884377743626,1559.0466609349926,0.0006979871452120573
472184.0,19,-15531023.515332246,-12457972.950411696,-17903068.12424323,-334.6440306494826,-2219.682989646302,1788.7540783087502,0.0006979890945903234
472784.0,19,-15745523.47797892,-13744764.227870006,-16764310.860666282,-377.6020558431626,-2067.0755231373355,2004.632401127943,0.000697991450206584
473384.0,19,-15981162.221299827,-14935617.655766487,-15500546.314850565,-404.8473402683139,-1900.2477183241404,2205.1724168727965,0.0006979939303912586
473984.0,19,-16228098.869927652,-16022703.038295984,-14121400.923757337,-415.05702734672695,-1721.5734060260265,2388.977224237881,0.0006979965215397027
474584.0,19,-16475789.418790812,-16999661.26741618,-12637303.077520315,-407.2136675180079,-1533.5770213869162,2554.773232912503,0.0006979992092910104
475184.0,19,-16713175.167551965,-17861682.76275898,-11059407.408065556,-380.62153360656123,-1338.893179740962,2701.416099895504,0.0006980019786302125
475784.0,19,-16928879.434111763,-18605561.250905633,-9399515.697060449,-334.91783996174047,-1140.2249536795935,2827.8959486642734,0.0006980048139930634
476384.0,19,-17111409.456557732,-19229722.274956055,-7669994.814780982,-270.0787732601025,-940.3014495665859,2933.341922084321,0.0006980076993729148
476984.0,19,-17249360.355348695,-19734226.18334605,-5883692.074885818,-186.42030611261634,-741.835277525659,3017.0261145942236,0.0006980106184292133
477584.0,19,-17331618.02741683,-20120745.70159149,-4053848.367245082,-84.59382555700722,-547.4805001535033,3078.3669220579295,0.0006980135545971894
478184.0,19,-17347557.8799812,-20392518.53940552,-2194009.4127495894,34.42333276842123,-359.7916323383231,3116.931839048929,0.0006980164911983304
478784.0,19,-17287236.383018456,-20554275.825961486,-317935.47109888244,169.3422973149975,-181.18424789965025,3132.4397235256984,0.0006980194115512459
479384.0,19,-17141572.749513745,-20612147.238982975,1560489.83004295,318.5819565507884,-13.899675792772541,3124.760852528235,0.0006980220291165929
479984.0,19,-16902516.485543195,-20573545.829951394,3427353.3753130496,480.2920124064194,140.0373950535179,3093.924865998927,0.0006980248675257892
480584.0,19,-16563202.19619201,-20447030.35845046,5268803.2679598695,652.3817574191803,278.8386736721676,3040.1113690329175,0.0006980276407369911
481184.0,19,-16118083.579763854,-20242152.353565097,7071143.596540148,832.5510546333176,400.98793462463175,2963.6567546838173,0.0006980303331599189
481784.0,19,-15563048.872408215,-19969286.374808528,8820927.141989006,1018.3255918491625,505.2629301204571,2865.052042197489,0.0006980329297480388
482384.0,19,-14895513.999482479,-19639447.471309457,10505047.961639613,1207.0949212136973,590.7548659270765,2744.941745246923,0.0006980354161034717
482984.0,19,-14114492.113639593,-19264098.344598934,12110833.05398662,1396.1529667110642,656.8831599982748,2604.122038623168,0.0006980377785793427
483584.0,19,-13220638.204693813,-18854949.139435835,13626132.65917642,1582.7404581729859,703.4052015288956,2443.538159931662,0.0006980400043790284
484184.0,19,-12216267.805095132,-18423752.93978755,15039408.712444488,1764.0887102376087,730.4208838226007,2264.280976782188,0.0006980420816517202
484784.0,19,-11105349.176264288,-17982100.164103724,16339820.927210623,1937.464128140754,738.3717459224619,2067.5826460687786,0.0006980439995836674
485384.0,19,-9893468.742484827,-17541215.13188858,17517309.942569014,2100.2127902878656,728.0346255642925,1854.8112905851797,0.0006980457484844268
485984.0,19,-8587769.93733339,-17111758.108757578,18562676.92795821,2249.8044313616097,700.5097996648666,1627.4646197690486,0.0006980473198673898
486584.0,19,-7196865.705205162,-16703636.117426181,19467659.101997092,2383.8706633853335,657.2003712907789,1387.156069682117,0.0006980484381229168
487184.0,19,-5730727.5091842655,-16325825.807767292,20224999.953455385,2500.2635098540823,599.8031059302923,1135.6311751117667,0.000698049634721978
487784.0,19,-4200548.095159373,-15986211.349284103,20828514.47494007,2597.0666352123335,530.2600562160503,874.7205944473943,0.0006980506362594642
488384.0,19,-2618584.6818192224,-15691440.549721515,21273147.731121425,2672.6477457318074,450.74017003250884,606.3532844475701,0.0006980514397236728
488984.0,19,-997981.7813197481,-15446801.720259903,21555026.380889893,2725.684631114801,363.5988562013355,332.5380256016625,0.0006980520435960798
489584.0,19,647422.7300836006,-15256123.83636905,21671502.383427907,2755.190947416165,271.33732233534636,55.349691295991114,0.0006980524478808431
490184.0,19,2303305.4192322977,-15121702.09659597,21621188.13008415,2760.5367033076045,176.55868379818133,-223.085712457394,0.0006980526541230013
490784.0,19,3955075.654161939,-15044250.609748222,21403982.29069406,2741.4629348333738,81.9215366354062,-500.60716969259744,0.0006980526654146723
491384.0,19,5588100.903838971,-15022883.501860265,21021085.70984878,2698.090138114496,-9.908232269866517,-775.0358406845115,0.0006980524863886347
491984.0,19,7187935.142402515,-15055125.250335976,20475006.754544646,2630.92012945821,-96.30655474992062,-1044.193179561567,0.0006980521231987896
492584.0,19,8740546.356404116,-15136950.530832117,19769555.600397427,2540.831117073678,-174.7403113967908,-1305.9198176423633,0.0006980515834871228
493184.0,19,10232539.06095029,-15262853.311701763,18909827.049314186,2429.0658964474424,-242.81554342817594,-1558.0950140171988,0.0006980508763369434
493784.0,19,11651367.963157129,-15425944.371941,17902171.455729216,2297.2125342295067,-298.32140722839404,-1798.6545739237638,0.0006980492775746563
494384.0,19,12985537.293600524,-15618075.765571687,16754154.455326065,2147.18191351726,-339.2831782853765,-2025.6182734121624,0.0006980482683387968
494984.0,19,14224785.397138666,-15829990.44739401,15474503.490120789,1981.1718988836801,-363.9877562774217,-2237.098073440585,0.0006980471268863961
495584.0,19,15360246.57781452,-16051494.2526724,14073043.926743215,1801.6329343889724,-371.02823678555774,-2431.32503442866,0.0006980458673253821
496184.0,19,16384589.974085743,-16271647.433440898,12560623.267511053,1611.2248286172503,-359.3311855760504,-2606.665739473873,0.000698044504770275
496784.0,19,17292131.465242494,-16478972.170413442,10949024.726245191,1412.7699204587773,-328.1801286903087,-2761.6395731140706,0.0006980430552188739
497384.0,19,18078916.414352365,-16661672.202301523,9250870.796868512,1209.202775224932,-277.2323075177562,-2894.934597461225,0.0006980415354190642
497984.0,19,18742771.4474032,-16807860.388954245,7479517.734577001,1003.5174078961209,-206.52825998763956,-3005.4217430847916,0.0006980399627270993
498584.0,19,19283324.089746293,-16905789.80606514,5648942.035948024,798.7131067875828,-116.49394780979924,-3092.1670569852236,0.0006980383549588775
499184.0,19,19701989.74150077,-16944083.84990298,3773620.153806706,597.7399801758543,-7.935319987013372,-3154.4417831855612,0.0006980367302358688
499784.0,19,20001926.15610094,-16911960.816210777,1868402.8099632245,403.4453679895187,117.97462065409195,-3191.730091955305,0.0006980351068274631
500384.0,19,20187956.272190634,-16799448.51032987,-51614.63032831812,218.5222491887812,259.71600409816597,-3203.734320181313,0.000698033502991576
500984.0,19,20266461.319174632,-16597584.21544123,-1971224.0745020483,45.45973181738532,415.4491859113007,-3190.3803090446136,0.0006980315615581593
501584.0,19,20245243.936665162,-16298598.746643864,-3875237.958344209,-113.49729085014019,583.0477136921763,-3151.8067984475774,0.0006980299824335095
502184.0,19,20133370.112895235,-15896074.11774578,-5748620.848779652,-256.39372831031153,760.1377000216148,-3088.3788548559546,0.0006980284760038898
502784.0,19,19940985.133491583,-15385081.266953256,-7576619.551350842,-381.59369271376636,944.1409349749179,-3000.6722047170906,0.0006980270589191368
503384.0,19,19679113.228001792,-14762287.974466927,-9344889.086213479,-487.8087018519458,1132.3222713383948,-2889.468455845725,0.0006980257470592955
503984.0,19,19359442.588544033,-14026038.015236015,-11039613.54849439,-574.117878445377,1321.83963583625,-2755.74544531468,0.0006980245554027566
504584.0,19,18994100.184002377,-13176399.991474856,-12647620.764317758,-639.9808646311295,1509.7957389984604,-2600.665558038035,0.0006980240135798466
505184.0,19,18595422.25522685,-12215183.565734092,-14156488.062012713,-685.2434434614419,1693.2902890818532,-2425.5623590765817,0.0006980231712728121
505784.0,19,18175721.249463856,-11145927.07512901,-15554642.07150615,-710.1355531695475,1869.471961449498,-2231.9255445457843,0.000698022487533276
506384.0,19,17747058.561421454,-9973851.759969348,-16831446.468127906,-715.2622977884206,2035.5886849821006,-2021.3848287384849,0.000698021972631418
506984.0,19,17321023.561911497,-8705787.818105344,-17977281.012070067,-701.5879884883095,2189.035609571457,-1795.6927996944376,0.0006980216354470273
507584.0,19,16908524.418237787,-7350072.401868391,-18983609.791904785,-670.4137946089329,2327.399754935669,-1556.7071247401218,0.0006980214834109393
508184.0,19,16519594.203653254,-5916422.119619488,-19843038.358510993,-623.3512700503182,2448.502831103984,-1306.375934177201,0.0006980206805421155
508784.0,19,16163215.07654635,-4415782.176413434,-20549361.290467504,-562.2821214165243,2550.428154543979,-1046.7054026424873,0.0006980208465997685
509384.0,19,15847164.823097356,-2860156.6197867454,-21097596.015521824,-489.3310633228138,2631.5646210429604,-779.7624036725582,0.000698021211031809
509984.0,19,15577886.013376802,-1262420.8759911014,-21484008.57902171,-406.81735368249707,2690.622708994946,-507.64287533433384,0.0006980217751631015
510584.0,19,15360381.441559585,363878.31148546305,-21706127.45813898,-317.2125949243488,2726.655650452712,-232.45781049040227,0.0006980225387793812
511184.0,19,15198136.452533381,2004732.5498273985,-21762747.44404771,-223.09481926005233,2739.072243534044,43.6834835622485,0.0006980235001471112
511784.0,19,15093069.167828297,3645887.28095717,-21653923.754569873,-127.10153651566776,2727.6434818624293,318.68934067546553,0.0006980246560445407
512384.0,19,15045508.98032685,5273059.396001534,-21380956.88067493,-31.88257233109988,2692.5030604727062,590.5008096617462,0.0006980260018031938
512984.0,19,15054203.201885747,6872153.360640591,-20946368.716694154,59.946510173255774,2634.1419175037404,857.1057774105989,0.0006980275313589852
513584.0,19,15116351.2870787,8429472.354046972,-20353870.554556966,145.84965820316495,2553.3970605652275,1116.5520984153732,0.0006980292373121379
514184.0,19,15227665.625667617,9931921.096044894,-19608323.538355142,223.41355456196106,2451.4350053038797,1366.9597112523495,0.0006980311109950753
514784.0,19,15382457.50070862,11367197.252254114,-18715692.178911164,290.38819023905137,2329.7302212302648,1606.5317430001226,0.0006980331425474729
515384.0,19,15573746.464042777,12723968.739035072,-17682991.4603307,344.72721482350175,2190.0395297509804,1833.5677621723914,0.000698035854012523
515984.0,19,15793390.96700444,13992033.323720831,-16518228.431599494,384.609627901585,2034.3699038118095,2046.4602863722528,0.0006980381672442318
516584.0,19,16032238.133044235,15162460.635196969,-15230338.185502883,408.4872115236345,1864.9480482571869,2243.7220925553524,0.0006980406024498098
517184.0,19,16280289.741719596,16227711.78513111,-13829115.423360175,415.09761441090495,1684.1815597094435,2423.980770979334,0.0006980431458656478
517784.0,19,16526881.919217244,17181736.86002881,-12325141.733928384,403.48760532086646,1494.6205486405427,2585.9884949742354,0.0006980457829916627
518384.0,19,16760875.496939173,18020048.409307495,-10729709.155909918,373.0283616579113,1298.916902437669,2728.6278047439732,0.000698048498694062
518984.0,19,16970854.024786048,18739770.11940971,-9054740.447661377,323.4256379655667,1099.7823721548148,2850.9166844782003,0.0006980512773105942
431984.0,20,16087499.517923262,-1878165.12746936,21109056.897914447,1311.2375414860678,2322.5697983330856,-798.2151101222568,0.0001228004545826283
432584.0,20,16887713.807397928,-515470.31347889453,20550395.27399786,1353.2427959269799,2217.1891259062727,-1062.9025556528627,0.0001228118516722573
433184.0,20,17707909.304468792,779221.4950018935,19835223.502180006,1377.5437059124688,2096.2533807421396,-1319.5828383602066,0.00012282322625654723
433784.0,20,18537022.619983364,1997255.4724505823,18968932.35068211,1382.724094673147,1962.0535477191347,-1566.303927174595,0.0001228345758572342
434384.0,20,19363234.217756044,3131408.580990644,17958062.8098729,1367.685020540118,1817.0658705144094,-1801.1857087170167,0.00012284589818373944
434984.0,20,20174165.342767633,4175988.1607697727,16810258.860265214,1331.6658382057483,1663.9095517096735,-2022.434110623131,0.00012285719115069955
435584.0,20,20957085.93044341,5126904.406014883,15534211.91750668,1274.2595923277506,1505.3020129963998,-2228.3547060049173,0.00012286845289403414
436184.0,20,21699130.04088035,5981715.557943523,14139597.160708647,1195.4201832456326,1344.005475385656,-2417.363332535681,0.00012287932653929
436784.0,20,22387515.098193377,6739644.651791857,12637002.870300295,1095.47414013953,1182.8075397350538,-2588.0080157190837,0.00012289052178472644
437384.0,20,23009761.123358015,7401568.120695412,11037851.397262232,975.1059071854091,1024.4317738210382,-2738.9656409156332,0.00012290168166395257
437984.0,20,23553906.74485096,7969976.004224499,9354314.666211994,835.3559205523636,871.5188537930119,-2869.0625607601114,0.00012291280532084062
438584.0,20,24008717.5963109,8448904.385167368,7599223.044011099,677.6037055909455,726.5742431568874,-2977.28155824792,0.00012292389217500403
439184.0,20,24363883.87032041,8843841.299499039,5785968.869044033,503.5467541615577,591.9251205295213,-3062.770286016103,0.00012293494192682823
439784.0,20,24610203.648762133,9161607.159878604,3928405.6644395078,315.17391446280647,469.68055981716407,-3124.84869931472,0.0001229460454787088
440384.0,20,24739747.989897892,9410214.693081971,2040741.0868604798,114.733388311069,361.69422282106257,-3163.0143669901577,0.00012295702124037752
440984.0,20,24746006.78284642,9598703.33463541,137431.14395728658,-95.30337330260102,269.5338168445496,-3176.9481720163767,0.0001229679607041915
441584.0,20,24624010.28621927,9736960.88050339,-1766932.5359541415,-312.2822337394962,194.45309961273733,-3166.5169119672273,0.00012297886470119513
442184.0,20,24370425.928830497,9835527.986629665,-3657734.712240435,-533.4100489284295,137.37051370441554,-3131.77530888202,0.0001229897343359903
442784.0,20,23983627.917278092,9905391.929041514,-5520449.658517394,-755.8009622769576,98.85342392442317,-3072.966368129652,0.000123000570978767
443384.0,20,23463738.57282179,9957772.645017227,-7340753.8944667075,-976.5253024115118,79.11112507841108,-2990.5218717907906,0.00012301092837258066
443984.0,20,22812639.698825505,10003905.330721047,-9104638.562018769,-1192.6551179076912,77.98116097627235,-2885.0531638128587,0.0001230217039226159
444584.0,20,22033956.128048338,10054822.033759497,-10798517.908864092,-1401.3188855275002,94.94792158509995,-2757.356729995398,0.00012303245207870986
445184.0,20,21133008.102950335,10121138.105391635,-12409336.725251323,-1599.7459188874423,129.14199645461485,-2608.402008557499,0.00012304317515430386
445784.0,20,20116736.0375924,10212845.712550702,-13924672.817373708,-1785.314143621512,179.35848679459468,-2439.325835120257,0.0001230538756584327
446384.0,20,18993597.739475224,10339118.763542768,-15332834.915675428,-1955.5943694199639,244.07878681262946,-2251.4238433817577,0.00012306455627640568
446984.0,20,17773440.015345983,10508132.618938543,-16622954.961974388,-2108.391310901164,321.49798296206313,-2046.1405017070376,0.0001230752198490302
447584.0,20,16467346.848237645,10726901.820008516,-17785073.98446459,-2241.7806200520713,409.55739617848644,-1825.0578634766584,0.00012308586935054386
448184.0,20,15087466.753466794,11001138.751330135,-18810220.82385117,-2354.141262580118,505.9816962223374,-1589.88312354571,0.00012309650786543325
448784.0,20,13646822.295169918,11335135.784251712,-19690483.035948247,-2444.182653215228,608.3199315571854,-1342.4350867502867,0.00012310713856433043
449384.0,20,12159105.065029975,11731673.030572763,-20419069.36521794,-2510.9660592186574,713.9897445882941,-1084.6296668110756,0.000123117764679186
449984.0,20,10638459.685016664,12191953.37892715,-20990363.259044394,-2553.919885260488,820.3239821202562,-818.4645449955684,0.00012312838947792682
450584.0,20,9099260.1394886,12715566.188310808,-21399966.97736566,-2572.8440780318447,924.6160894352433,-546.0014934111974,0.00012313912600305188
451184.0,20,7555884.881989293,13300479.271296313,-21644735.94387687,-2567.9306177242324,1024.1797626563684,-269.35605521979153,0.00012314975842998645
451784.0,20,6022488.75773957,13943061.627661927,-21722802.919721227,-2539.7317187623066,1116.3819358403941,9.328470098460809,0.00012316039929554986
452384.0,20,4512782.731872983,14638133.927115744,-21633592.187117025,-2489.167654852369,1198.7005544148867,287.8925373662695,0.00012317105175199802
452984.0,20,3039820.6216449183,15379047.47889275,-21377823.20256213,-2417.5049872054774,1268.7678418480746,564.1790619625839,0.00012318171886071728
453584.0,20,1615798.1042907704,16157789.78693456,-20957503.96333035,-2326.333503196287,1324.413297908607,836.050688833608,0.0001231924035683128
454184.0,20,251867.2413401967,16965114.89450831,-20375914.11984432,-2217.5375863568675,1363.7032087523157,1101.4068375846557,0.0001232031086836569
454784.0,20,-1042030.301166622,17790696.219012972,-19637578.008313127,-2093.262541070454,1384.9759704501917,1358.200372436627,0.00012321383685608533
455384.0,20,-2257308.496093396,18623299.181969326,-18748227.864108194,-1955.876484541495,1386.872606218021,1604.4537517404947,0.00012322459055491756
455984.0,20,-3386858.210258687,19450970.593300328,-17714757.55900906,-1807.9284957628781,1368.3619472726357,1838.2745192806433,0.00012323537205046373
456584.0,20,-4425142.449709333,20261241.459042907,-16545167.283919584,-1652.1037749192626,1328.760046047471,2057.870008586385,0.0001232461833966664
457184.0,20,-5368264.038369271,21041339.652550552,-15248499.672225825,-1491.1766158991752,1267.7434964255488,2261.5611417137125,0.00012325702641550917
457784.0,20,-6214004.75293402,21778408.84548281,-13834767.899883112,-1327.967190647617,1185.3576952185008,2447.7986669590923,0.00012326754590090514
458384.0,20,-6961834.750890264,22459729.113741785,-12314876.56563152,-1165.2720457092391,1082.012947917429,2615.1608670370483,0.000123278456223848
458984.0,20,-7612893.895537029,23072937.354191795,-10700535.548844546,-1005.8465039594494,958.4846894220776,2762.3852627656815,0.00012328940217244894
459584.0,20,-8169943.077255671,23606240.99778653,-9004168.274171403,-852.3367788228097,815.8979057120916,2888.363513123866,0.000123300384527805
460184.0,20,-8637288.355527226,24048623.342250727,-7238814.5716495495,-707.2398346947916,655.7098043170697,2992.152956844929,0.00012331140379091544
460784.0,20,-9020678.597053457,24390036.175993457,-5418029.193880693,-572.8609080201641,479.6860309473617,3072.983166040907,0.00012332246017944656
461384.0,20,-9327178.631525032,24621576.520888444,-3555776.76995097,-451.27454763098444,289.8716284047056,3130.261111339683,0.00012333355362668927
461984.0,20,-9565020.2318604,24735644.481597368,-1666324.0409780275,-344.2898271594463,88.55726086908805,3163.5749211881403,0.0001233446837826981
462584.0,20,-9743433.59690495,24726079.527740896,235869.76835339738,-253.4203048850061,-121.75869607453899,3172.6962300236187,0.00012335585001758362
463184.0,20,-9872462.336534249,24588272.917654015,2136263.5860810503,-179.85922006510486,-338.41153340784695,3157.581121413891,0.00012336705142691455
463784.0,20,-9962765.226823326,24319254.391460497,4020345.286438329,-124.46032132154255,-558.6143347502561,3118.3696829168025,0.00012337828683917066
464384.0,20,-10025408.212480495,23917751.70900132,5873741.802394416,-87.7246237643958,-779.5040899004651,3055.384199243538,0.0001233895548251735
464984.0,20,-10071650.339236468,23384222.02578934,7682327.807859642,-69.79166346330226,-998.188553911463,2969.125313268234,0.0001234004974298692
465584.0,20,-10112727.001618095,22720854.9568623,9432331.779430723,-70.44503565639411,-1211.7959078914628,2860.270416010607,0.00012341182542327113
466184.0,20,-10159635.005259238,21931546.491577994,11110439.592629926,-89.1081065777039,-1417.5189337326262,2729.663817180453,0.0001234231802762446
466784.0,20,-10222922.189239495,21021845.403265063,12703893.809525074,-124.86170836115934,-1612.663349153654,2578.312697237488,0.00012343455965869727
467384.0,20,-10312485.854752911,19998872.245901037,14200588.712883167,-176.4598086469921,-1794.691367340046,2407.3784828022876,0.0001234459610563186
467984.0,20,-10437383.191012032,18871212.68828575,15589160.1781633,-242.35229604065626,-1961.263159348497,2218.1678682684214,0.00012345738178969406
468584.0,20,-10605656.949831273,17648786.96146542,16859069.817792356,-320.71291519282477,-2110.2749494923223,2012.1228642793674,0.0001234688190345805
469184.0,20,-10824179.316352144,16342697.639978057,18000682.84167597,-409.4718684134848,-2239.89312301454,1790.8099478700642,0.00012348026984319404
469784.0,20,-11098516.609655999,14965058.328171466,19005339.12627148,-506.35252732205777,-2348.5837931394467,1555.908391921684,0.0001234917311663577
470384.0,20,-11432817.09235554,13528806.129709432,19865417.033939987,-608.9116339095195,-2435.137350419237,1309.1978539746947,0.0001235031998763522
470984.0,20,-11829723.778605971,12047501.037161315,20574389.574324537,-714.5823163356748,-2498.6875999463937,1052.5453064801316,0.00012351467279030944
471584.0,20,-12290313.711636733,10535115.585783944,21126872.549892753,-820.7192014456786,-2538.725180219584,787.8913923299807,0.0001235261466939862
472184.0,20,-12814064.572924513,9005818.618264832,21518664.306229874,-924.6476442125934,-2555.108230227712,517.2384761808987,0.00012353760354822044
472784.0,20,-13398850.18202458,7473754.550849891,21746777.200082533,-1023.699924390066,-2548.0509198540276,242.62754217168134,0.00012354900122257513
473384.0,20,-14040962.641417908,5952827.501334868,21809459.82398774,-1115.2779655644215,-2518.1384510310018,-33.86407650225688,0.00012356039030724693
473984.0,20,-14735163.744103827,4456486.038475722,21706210.623665135,-1196.8888440162013,-2466.303146987513,-310.1459746240253,0.00012357176770463858
474584.0,20,-15474762.739975732,2997518.086885307,21437782.356716156,-1266.1914217388878,-2393.8113659634228,-584.1278792928766,0.00012358313040447926
475184.0,20,-16251719.974964794,1587856.9833444143,21006177.469777208,-1321.0379797711237,-2302.241488749545,-853.7348998190888,0.00012359447550640452
475784.0,20,-17056774.591446552,238402.30698093213,20414634.38135027,-1359.5126776282682,-2193.4567042068784,-1116.922725125656,0.0001236058002417733
476384.0,20,-17879594.194755528,-1041141.5322822491,19667604.725280944,-1379.9661902936296,-2069.573033651265,-1371.6926734249757,0.00012361710199456635
476984.0,20,-18708944.019083027,-2242406.2490055645,18770721.664708763,-1381.045933255652,-1932.923113793626,-1616.1064976032453,0.00012362837832121548
477584.0,20,-19532872.792141035,-3358477.814297593,17730759.44243116,-1361.721354724031,-1786.0163292923346,-1848.300848558781,0.00012363962696921736
478184.0,20,-20338912.20727557,-4383989.768882405,16555584.391034475,-1321.3038515882076,-1631.4959487612923,-2066.5012977940423,0.0001236508458943931
478784.0,20,-21114286.669245273,-5315190.127386864,15254097.684782254,-1259.4609509243,-1472.0939712108839,-2269.0358199635243,0.00012366203327666034
479384.0,20,-21846129.830187697,-6149980.964074993,13836169.926681364,-1176.2213376146324,-1310.5793071252056,-2454.344020097188,0.00012367318499869988
479984.0,20,-22521704.12769424,-6887928.667931762,12312569.374342805,-1071.9889602315243,-1149.7308635773134,-2621.003888261652,0.00012368430534776513
480584.0,20,-23128619.61120694,-7530247.441393702,10694881.04790943,-947.5214421562106,-992.2592876293679,-2767.720780881395,0.0001236953901585606
481184.0,20,-23655048.731142387,-8079753.317962492,8995421.104290111,-803.9307168993777,-840.7809757618436,-2893.352845020382,0.00012370643862712156
481784.0,20,-24089932.760361977,-8540791.071996253,7227144.501845778,-642.6639024652012,-697.7679973725396,-2996.9164982347343,0.000123717450226251
482384.0,20,-24423176.649588954,-8919134.819194105,5403547.487347577,-465.48100277233993,-565.5055859850806,-3077.5946268540047,0.00012372842471014995
482984.0,20,-24645828.836637,-9221864.009031367,3538565.4723317474,-274.42714368702195,-446.0527914979398,-3134.7435876211916,0.00012373936211692026
483584.0,20,-24750242.84823152,-9457216.912387846,1646467.0452412819,-71.79978849043948,-341.20698785308696,-3167.898936129503,0.00012375026276890188
484184.0,20,-24730217.82856144,-9634424.108794216,-258255.0877425254,139.88853131748647,-252.4728698904089,-3176.779813402513,0.0001237611272708223
484784.0,20,-24581115.477258567,-9763524.838919371,-2160995.3994201478,357.9513508931358,-181.03650047545307,-3161.2919311769315,0.00012377195650575435
485384.0,20,-24299951.275822382,-9855169.40201847,-4047148.2078368706,579.5725802522625,-127.74488525803235,-3121.529106936278,0.0001237827516288938
485984.0,20,-23885458.31911622,-9920411.038555901,-5902220.817304738,801.8532313992649,-93.09145891105618,-3057.7733114447,0.0001237935140591892
486584.0,20,-23338122.42315398,-9970491.05094653,-7711946.351222685,1021.8602559737659,-77.20930866348499,-2970.4954808789944,0.0001238047070036698
487184.0,20,-22660188.44141601,-10016620.241983574,-9462394.546564864,1236.6734948095632,-79.86311429016405,-2860.3434700556636,0.00012381540908854054
487784.0,20,-21855636.12824216,-10069762.335508006,-11140081.644510914,1443.4382474875697,-100.46267543809358,-2728.1510769144556,0.0001238260842105934
488384.0,20,-20930127.59626672,-10140420.750997799,-12732075.703538213,1639.4108175863335,-138.06780364415613,-2574.923050374579,0.0001238367347208603
488984.0,20,-19890926.06334934,-10238434.393035144,-14226098.49581107,1822.0054825780649,-191.40684479068614,-2401.8298604928887,0.00012384736316236296
489584.0,20,-18746787.633021593,-10372785.353202304,-15610622.31252842,1988.8381564180575,-258.8996533808315,-2210.1988136273435,0.00012385797225051307
490184.0,20,-17507827.874719456,-10551422.087204142,-16874960.981892675,2137.7666444057113,-338.6860947992934,-2001.5038185714836,0.00012386856485208594
490784.0,20,-16185365.48092111,-10781101.239109008,-18009354.319368742,2266.926766303013,-428.65958019382174,-1777.3538844117652,0.00012387914396293584
491384.0,20,-14791745.689789085,-11067250.957222424,-19005045.285692103,2374.763696073207,-526.505044610921,-1539.4804452007156,0.00012388971268463377
491984.0,20,-13340146.525249222,-11413858.165828492,-19854349.19160389,2460.0579517715432,-629.7406956727971,-1289.7236199134616,0.0001239002742002203
492584.0,20,-11844371.214656705,-11823381.83090375,-20550714.358710505,2521.9455654595354,-735.7627891548681,-1030.017528315775,0.000123910831749274
493184.0,20,-10318630.391419988,-12296693.79393391,-21088773.722268242,2559.932068641086,-841.8926308157731,-762.3747940953306,0.00012392138860250454
493784.0,20,-8777317.67233394,-12833048.338625133,-21464386.899316683,2573.896605896958,-945.4202687038512,-488.87069996626775,0.00012393194489932833
494384.0,20,-7234783.699619878,-13430080.581142964,-21674672.670231845,2564.106955656058,-1043.6718615388477,-211.6250109852571,0.00012394251057533997
494984.0,20,-5705109.680735046,-14083834.843173575,-21718030.798287295,2531.1924209171275,-1134.0309662663517,67.21256923561283,0.0001239530852907441
495584.0,20,-4201888.081658671,-14788821.154905822,-21594154.194381822,2476.1463795459013,-1214.0037165783933,345.4815658612333,0.00012396367218163072
496184.0,20,-2738011.6177889043,-15538099.844498985,-21304030.420887914,2400.3042187100796,-1281.2596525858712,621.0275458073047,0.00012397427428865063
496784.0,20,-1325475.1876155222,-16323392.379625786,-20849932.930086743,2305.319086993743,-1333.6740608941511,891.7193546384829,0.00012398489453327712
497384.0,20,24805.99673194159,-17135216.559705228,-20235402.076497287,2193.132177457616,-1369.36667653141,1155.4660982691305,0.000123995535695064
497984.0,20,1303158.9678080827,-17963043.674163017,-19465216.09513827,2065.938084293029,-1386.7360634467345,1410.233719205882,0.0001240062003900851
498584.0,20,2501293.4855014673,-18795474.85592474,-18545352.323284023,1926.1458626149038,-1384.4890713649543,1654.0610233159414,0.00012401689105072974
499184.0,20,3612418.077257963,-19620433.524415888,-17482939.025227547,1776.3364954641986,-1361.664858512204,1885.0750209520456,0.00012402760990701345
499784.0,20,4631329.7074282365,-20425370.534464963,-16286198.257190028,1619.2175329380277,-1317.6530702019077,2101.5054555328434,0.00012403835896954924
500384.0,20,5554475.617874572,-21197478.431414988,-14964380.282111168,1457.5757145414075,-1252.2058704382587,2301.6984031654574,0.00012404914001430838
500984.0,20,6379986.494436027,-21923911.17325765,-13527690.098050252,1294.2333766152794,-1165.4431140545605,2484.1301154797293,0.00012406041652242818
501584.0,20,7107679.545114914,-22592004.768563557,-11987206.999976343,1131.9798146697162,-1057.8541496295488,2647.4132309108186,0.0001240712654959612
502184.0,20,7739034.62639396,-23189496.91516737,-10354796.60578287,973.5524915763617,-930.2862687204545,2790.315041848375,0.00012408215025183845
502784.0,20,8277138.940202264,-23704739.064280283,-8643018.515386244,821.5704656534595,-783.93478407522,2911.760961856183,0.00012409307151712532
503384.0,20,8726605.842096329,-24126899.47832326,-6865028.023520552,678.4945146200603,-620.3227722184632,3010.8435652578687,0.0001241040297381172
503984.0,20,9093467.251801282,-24446152.838617414,-5034473.826208423,546.5853254433846,-441.2761641717258,3086.8288545461796,0.00012411502507752873
504584.0,20,9385042.024651773,-24653853.32411934,-3165392.337622303,427.86534440319247,-248.8936796438487,3139.1611344196317,0.00012412605741387374
505184.0,20,9609782.671198605,-24742688.21476198,-1272099.4648592635,324.0849250232129,-45.51214468068565,3167.4664777068297,0.00012413712634302162
505784.0,20,9777103.173739485,-24706809.421195734,630919.3039568232,236.69333208508124,166.33219224149457,3171.554780367229,0.00012414823118189915
506384.0,20,9897190.959695376,-24541940.73332403,2529119.6425438467,166.8150719947073,383.94566727522715,3151.4204140071447,0.00012415937097429064
506984.0,20,9980806.347783903,-24245459.005634535,4408009.111606992,115.23192501866401,604.521802006364,3107.241494831287,0.00012417054449867518
507584.0,20,10039072.980086278,-23816447.95010078,6253257.031464374,82.37095511304165,825.1877306015045,3039.377797597464,0.00012418175027802507
508184.0,20,10083262.70524439,-23255723.816196576,8050802.39168318,68.29877131906642,1043.0512668427177,2948.3653112332595,0.00012419298311440457
508784.0,20,10124579.650430566,-22565831.9218989,9786960.647295455,72.72146701761676,1255.2502260693843,2834.9197037274557,0.00012420424814721135
509384.0,20,10173944.94690679,-21751015.35202965,11448525.005314505,94.99189329583214,1458.9970375147905,2699.9182351106283,0.00012421553959411085
509984.0,20,10241788.376650462,-20817155.393080864,13022865.596700868,134.12175254416275,1651.6262237798524,2544.400812688424,0.00012422685508890055
510584.0,20,10337848.918275222,-19771685.127344836,14498023.376211792,188.8001462540833,1830.6376144120136,2369.559810295983,0.00012423819208482514
511184.0,20,10470988.06719762,-18623477.669284444,15862798.854309434,257.41746055762565,1993.7371662837113,2176.730882591728,0.00012424954787391924
511784.0,20,10649019.037079131,-17382710.943050686,17106834.983030956,338.0943080017985,2138.874283854802,1967.3828215307494,0.00012426091960748227
512384.0,20,10878554.728834815,-16060711.297221214,18220693.64963635,428.71502664110176,2264.2750319178717,1743.1065303410396,0.00012427230431753637
512984.0,20,11164877.030923003,-14669778.594877996,19195925.280370235,526.9651659630629,2368.4707029300903,1505.6031930763957,0.00012428369893911418
513584.0,20,11511829.652296318,-13222995.714458188,20025131.106134567,630.3723270441387,2450.321278338979,1256.6717201458064,0.00012429510033321815
514184.0,20,11921736.29331597,-11734025.64529111,20702017.691922422,736.3496724263907,2509.033407190604,998.1955522098975,0.00012430650531029174
514784.0,20,12395345.536489656,-10216899.558040757,21221443.382257402,842.2413801195893,2544.1726144956674,732.1289065759217,0.00012431791065403868
515384.0,20,12931803.108771592,-8685799.968751816,21579456.291699994,945.373527585695,2555.6718972562567,460.4828341393347,0.00012432930864647698
515984.0,20,13528653.619832942,-7154839.116047412,21773324.004327588,1043.084412828839,2543.8222439657093,185.30963780665093,0.0001243407047721787
516584.0,20,14181868.032780955,-5637844.524745878,21801553.86660898,1132.7960160078019,2509.281617027963,-91.3108440347351,0.00012435209170412906
517184.0,20,14885900.951507496,-4148144.907755143,21663904.76757915,1212.0432596534224,2453.052935281671,-367.2869501695821,0.00012436346636080244
517784.0,20,15633773.801017616,-2698367.183931512,21361389.712232295,1278.5216865815241,2376.469051449939,-640.5303209666389,0.0001243748257524074
518384.0,20,16417183.594634004,-1300245.3291306105,20896269.30744057,1330.12849294558,2281.1696319021607,-908.9711464687477,0.0001243861670033243
518984.0,20,17226635.361494046,35555.36087564193,20272036.15985509,1365.0002487209929,2169.0729185203827,-1170.5733423009497,0.00012439748737374991
431984.0,21,26495897.600725796,1636304.2336211305,-1414812.2409638732,-186.50075134548592,264.630558040639,-3172.134992749465,0.0004148990682570313
432584.0,21,26315278.737385176,1797084.0885366942,-3310366.18288412,-415.0706789459682,274.59943289561875,-3142.037507515311,0.0004148995060951841
433184.0,21,25998566.089128688,1969347.6640263705,-5180643.271309986,-639.615258263554,302.8349235281901,-3087.9492632330125,0.00041489993918883883
433784.0,21,25549036.490619663,2163880.702841056,-7011359.755461661,-857.2826472765768,348.6970992599772,-3010.278438040655,0.0004149003663141478
434384.0,21,24971647.92261961,2390980.451291119,-8788531.154067863,-1065.3306424986504,411.19994213293603,-2909.6121928331586,0.0004149007862925106
434984.0,21,24272959.952875834,2660252.855671242,-10498578.554339286,-1261.1717634157499,489.02850056690136,-2786.7123955947986,0.00041490119799953025
435584.0,21,23461027.841785766,2980421.7908818703,-12128431.913281571,-1442.4157401022585,580.5617506884071,-2642.5100469666627,0.00041490160037357027
436184.0,21,22545272.03320651,3359153.878757392,-13665629.89423097,-1606.9104584638817,683.901411074655,-2478.0985665584362,0.00041490197865441507
436784.0,21,21536325.64880437,3802900.5525885504,-15098413.7139842,-1752.7699665351868,796.902539475903,-2294.725262606554,0.0004149023593619668
437384.0,21,20445861.536492735,4316763.405259607,-16415818.468965312,-1878.4159539353486,917.2143976428863,-2093.78278884175,0.00041490272800127903
437984.0,21,19286403.191123124,4904381.141051174,-17607756.12861466,-1982.595927949332,1042.319161723824,-1876.7983736219408,0.00041490308383800446
438584.0,21,18071121.685226418,5567842.897582758,-18665093.01923444,-2064.405003347545,1169.5764270495383,-1645.4225573986996,0.00041490342623525
439184.0,21,16813622.500892382,6307628.4882953465,-19579719.991608888,-2123.2999539115067,1296.2693825731933,-1401.4168651991824,0.000414903754658505
439784.0,21,15527725.804445956,7122576.8058785265,-20344614.90884315,-2159.1071233187963,1419.65241773125,-1146.6406051090707,0.0004149040686798008
440384.0,21,14227243.897376662,8009882.998076869,-20953896.970098708,-2172.024052129939,1536.999348125,-883.036885329954,0.0004149043679810666
440984.0,21,12925759.62787927,8965124.535936866,-21402872.443830907,-2162.61478421679,1645.6514333249286,-612.6179492844782,0.0004149046523566544
441584.0,21,11636409.53418485,9982315.800003918,-21688071.445161834,-2131.798923710444,1743.0643609607716,-337.44993461216797,0.00041490492171501097
442184.0,21,10371675.413678015,11053990.320506569,-21807275.455844685,-2080.8346206273013,1826.853386173659,-59.63716766029293,0.00041490517607947985
442784.0,21,9143187.871728368,12171309.331358572,-21759535.351599168,-2011.2957679410958,1894.8358443401899,218.69388985203784,0.0004149054155882261
443384.0,21,7961545.3346219715,13324194.660441983,-21545179.69718691,-1925.042430309144,1945.0714718085692,495.41024898534647,0.00041490562504198244
443984.0,21,6836150.566046016,14501484.984910786,-21165813.535918746,-1824.1931024842108,1975.8927423178432,768.3915230049458,0.00041490583573505654
444584.0,21,5775070.827206066,15691109.312818835,-20624307.13673765,-1711.079193146445,1985.9425225048046,1035.5420760582665,0.000414906032668588
445184.0,21,4784918.6496772375,16880279.980705433,-19924775.071444865,-1588.2091003918388,1974.194420524308,1294.8100872782798,0.000414906216421494
445784.0,21,3870760.0337302675,18055697.59301804,-19072545.724659037,-1458.2226603580066,1939.9735835164279,1544.2027504059033,0.0004149063876740585
446384.0,21,3036049.480845905,19203766.269094512,-18074121.37514513,-1323.8446578471817,1882.9702533555214,1781.8017868401996,0.00041490654720277375
446984.0,21,2282593.3685333095,20310815.190100744,-16937129.13989448,-1187.83688965593,1803.2470628731644,2005.7784215633749,0.0004149066958744294
447584.0,21,1610542.2892495878,21363322.646513168,-15670263.127793988,-1052.94961274551,1701.2399311302393,2214.407698353947,0.0004149068346394924
448184.0,21,1018412.4732572492,22348138.732369415,-14283218.222415244,-921.873222540808,1577.7525278222427,2406.0820149286783,0.00041490696452482875
448784.0,21,503135.9093453698,23252702.845211737,-12786615.984143054,-797.1910048818775,1433.9443895079078,2579.323764096339,0.00041490708662582284
449384.0,21,60138.27634334285,24065252.23073008,-11191923.229780298,-681.3337883758397,1271.3128820251184,2732.7969736448113,0.0004149072020979548
449984.0,21,-316556.68879725225,24775017.957673386,-9511363.912105901,-576.537292292529,1091.6693121605597,2865.317845477983,0.000414907312147902
450584.0,21,-634198.6807662733,25372405.137745995,-7757824.469812655,-484.8018726467908,897.1074366310588,2975.8626351329185,0.00041490693874814404
451184.0,21,-901157.7465223363,25849153.01003583,-5944756.408979288,-407.86171530154706,689.977659239391,3063.581630387698,0.000414907041913563
451784.0,21,-1126755.8577135415,26198474.998297155,-4086069.590343241,-347.1480060665381,472.83597283990434,3127.7969729813963,0.0004149071434807953
452384.0,21,-1321077.7889519648,26415172.794172943,-2196026.33134777,-303.76830103247653,248.40976197125087,3168.0139865617743,0.0004149072447639855
452984.0,21,-1494770.5246992575,26495724.78536781,-289130.64115541446,-278.486100374982,19.55057709484514,3183.923549467433,0.0004149073470794743
453584.0,21,-1658832.5361251847,26438346.501236085,1619984.0851054136,-271.7076055055352,-210.81326843246023,3175.404502708748,0.0004149074517356214
454184.0,21,-1824396.9848314445,26243022.12870174,3516668.382622601,-283.4747740237767,-439.72543243249834,3142.5245588986754,0.00041490756002269223
454784.0,21,-2002512.6780701731,25911506.551328953,5386370.128705075,-313.46479249998583,-664.2507597431112,3085.539705736527,0.0004149076732028886
455384.0,21,-2203926.63829378,25447297.880710132,7214747.135183048,-360.99597324486854,-881.5241224625403,3004.8921110953147,0.0004149077925006028
455984.0,21,-2438872.1190547957,24855580.965812333,8987778.015500564,-425.0399673795482,-1088.7980346468535,2901.206550074349,0.0004149079190929717
456584.0,21,-2716865.8001326732,24143142.8729895,10691870.438378362,-504.24007482606453,-1283.4882142058977,2775.2853873892814,0.0004149080541008068
457184.0,21,-3046517.72930058,23318261.817722276,12313965.906119792,-596.9353243692692,-1463.2163022626933,2628.102161025137,0.0004149081985799697
457784.0,21,-3435357.323130384,22390571.48704912,13841640.150675233,-701.1916966532754,-1625.849306189507,2460.7959899850357,0.0004149083383135106
458384.0,21,-3889678.6212387457,21370903.08868625,15263198.796665924,-814.8291963310621,-1769.5330757781667,2274.6539593213056,0.0004149085043909462
458984.0,21,-4414407.2016950175,20271108.077433072,16567766.58019886,-935.4710090663525,-1892.724740545274,2071.113672083959,0.00041490868264603016
459584.0,21,-5012991.411626305,19103864.207752675,17745370.570562553,-1060.578407854862,-1994.2155785888942,1851.743475019862,0.0004149088738013497
460184.0,21,-5687319.623537418,17882468.699743837,18787016.045215853,-1187.497311638695,-2073.150411002856,1618.2322256823973,0.0004149090784802486
460784.0,21,-6437665.01235062,16620621.882078081,19684754.69732027,-1313.5051001192974,-2129.040404934796,1372.3760601490894,0.00041490929720211343
461384.0,21,-7262658.808695068,15332205.076544082,20431744.646822043,-1435.8586290004005,-2161.7695797681326,1116.0643698121596,0.0004149095303784697
461984.0,21,-8159292.494227696,14031056.536911456,21022301.827925555,-1551.8426108792373,-2171.594920093504,851.2651030112235,0.0004149097783099152
462584.0,21,-9122948.903618908,12730749.276164297,21451942.39652563,-1658.8175235302688,-2159.140110115737,580.0095111811037,0.0004149100411839117
463184.0,21,-10147461.699449178,11444374.571468495,21717415.873006497,-1754.2662184230571,-2125.3830141837675,304.37646196420235,0.00041491031907344903
463784.0,21,-11225202.199109733,10184334.82688215,21816728.808163736,-1835.8384276371492,-2071.6371353330705,26.476443415445782,0.00041491061193658875
464384.0,21,-12347192.06504367,8962149.302206093,21749158.83233528,-1901.3924062929036,-1999.5273862772328,-251.56461595029745,0.0004149109196168875
464984.0,21,-13503240.001677543,7788275.905704837,21515259.059253868,-1949.0322179770783,-1910.961764484689,-527.6215359463785,0.00041491076203689306
465584.0,21,-14682099.636555118,6671952.626131152,21116852.652049582,-1977.1447615198417,-1808.0925158629136,-799.586234439789,0.0004149110984026816
466184.0,21,-15871647.222306907,5621059.547005462,20557018.00653751,-1984.4239572809065,-1693.284647996515,-1065.383500895026,0.0004149114484436522
466784.0,21,-17059074.208053455,4642006.3474896895,19840064.3156917,-1969.8978068364445,-1569.06953122225,-1322.9868110602913,0.00041491181156705955
467384.0,21,-18231092.936174937,3739644.95402673,18971497.921055786,-1932.9456299685096,-1438.101443851308,-1570.4335736000564,0.0004149121870805405
467984.0,21,-19374151.32100881,2917209.723898098,17957979.671745937,-1873.3101557538466,-1303.110999103134,-1805.839878987399,0.000414912574197458
468584.0,21,-20474652.96973172,2176285.942179597,16807273.63109012,-1791.1034291783335,-1166.8573867630357,-2027.4146183705855,0.00041491297204294996
469184.0,21,-21519179.004872736,1516807.1014722064,15528187.526154837,-1686.8064393341044,-1032.0802458870292,-2233.472873462298,0.0004149133796606356
469784.0,21,-22494707.820468653,937080.9439627994,14130505.392975584,-1561.2624813515179,-901.4519889840856,-2422.4484845664892,0.000414913796019928
470384.0,21,-23388829.03980519,433843.75662657805,12624912.92496749,-1415.6643697217894,-777.5313885505034,-2592.9057103500154,0.0004149142200238968
470984.0,21,-24189948.041377455,2341.930765690282,11022916.083446832,-1251.5357238726301,-662.7192138419719,-2743.549899833334,0.00041491465051762144
471584.0,21,-24887477.57952805,-363560.66550255567,9336753.577116642,-1070.7066461114591,-559.2166697807424,-2873.2371042709965,0.0004149150862969733
472184.0,21,-25472013.111067764,-671251.2007331112,7579304.13626989,-875.2849340013177,-468.98671922233393,-2980.981886565615,0.00041491551107106185
472784.0,21,-25935489.635321066,-929215.7771762754,5763987.520151185,-667.6188845490651,-393.7226412507248,-3065.9673489227757,0.0004149159537187821
473384.0,21,-26271315.461636636,-1146866.2369034975,3904664.5943993456,-450.26355411650104,-334.815192219623,-3127.5470971058994,0.0004149163978406597
473984.0,21,-26474483.10423701,-1334353.189569156,2015530.830267483,-225.93585043537445,-293.331045605639,-3165.252800344832,0.0004149168421292903
474584.0,21,-26541653.631804675,-1502365.1871994098,111008.95571541556,2.5292273428064647,-269.9938509164215,-3178.7969944883184,0.00041491728527600627
475184.0,21,-26471213.709029596,-1661918.8737304602,-1794360.4580276394,232.22515212444512,-265.17181927141155,-3168.075249582182,0.0004149177259807901
475784.0,21,-26263304.246434096,-1824143.5135650844,-3686029.320988303,460.2216575759687,-278.8714522568289,-3133.1669925488663,0.00041491816296212363
476384.0,21,-25919820.162262905,-2000063.62706768,-5549552.43788682,683.612945950797,-310.73752187424316,-3074.3349779690507,0.00041491859496670217
476984.0,21,-25444381.250281088,-2200383.4943396193,-7370697.186678883,899.5655014382723,-360.0593042592038,-2992.023408717301,0.0004149190207789405
477584.0,21,-24842274.637754362,-2435277.258226897,-9135551.642887156,1105.3647013899465,-425.7829645417987,-2886.8547170047036,0.0004149194392302021
478184.0,21,-24120369.80035851,-2714188.2637712937,-10830630.341000045,1298.4594371302092,-506.52988646348877,-2759.6250252062623,0.00041491984920768164
478784.0,21,-23287007.567072943,-3045641.115762326,-12442976.880801376,1476.5039885236854,-600.6206398452234,-2611.29831467068,0.0004149202496628763
479384.0,21,-22351865.477267906,-3437069.14623297,-13960262.216172554,1637.3979180172303,-706.1020452313439,-2442.9994699625113,0.00041491957732588613
479984.0,21,-21325799.022645533,-3894663.661402804,-15370880.270566788,1779.3145945884016,-820.7896973358002,-2256.005486845648,0.00041491988771490276
480584.0,21,-20220667.89748066,-4423239.362447526,-16664034.097822376,1900.739293597447,-942.2931821209129,-2051.736737554759,0.00041492018589194305
481184.0,21,-19049142.157038473,-5026129.142157531,-17829820.20324201,2000.488071655709,-1068.0663420892522,-1831.7459633816156,0.00041492047113978224
481784.0,21,-17824497.23534682,-5705102.053283307,-18859304.01305312,2077.727898478622,-1195.4495771632696,-1597.706823873904,0.0004149207428396268
482384.0,21,-16560399.166786,-6460309.143843293,-19744588.547012497,2131.9894878533105,-1321.716370850757,-1351.4013900124398,0.00041492100047590746
482984.0,21,-15270683.995187456,-7290257.615217518,-20478875.311765533,2163.173951224097,-1444.1210868571645,-1094.7067816322278,0.00041492124364029555
483584.0,21,-13969135.118905235,-8191813.8163371645,-21056516.942048974,2171.5531519452566,-1559.9472189099533,-829.5810429272067,0.0004149214720349112
484184.0,21,-12669262.358377429,-9160235.094646547,-21473061.175290164,2157.7637451755863,-1666.5552662427147,-558.0483566676211,0.00041492168547469513
484784.0,21,-11384086.506621592,-10189230.030354673,-21725285.8066583,2122.7949960991664,-1761.4294108543918,-282.1837040127349,0.00041492188388892365
485384.0,21,-10125933.033194479,-11271046.093053082,-21811224.33586926,2067.9705758496793,-1842.222190363599,-4.097082441656311,0.0004149220673218524
485984.0,21,-8906238.45971681,-12396583.28721423,-21730182.083749037,1994.9246383813709,-1906.7963918426385,274.0826007288458,0.00041492223593248034
486584.0,21,-7735372.9560530465,-13555531.590338571,-21482742.640923604,1905.5732700811336,-1953.2644031013947,550.2222368181924,0.0004149227219544158
487184.0,21,-6622480.679895022,-14736531.741823494,-21070764.41728137,1802.0776279522286,-1980.0186055720321,822.2072623510418,0.0004149228617755668
487784.0,21,-5575344.448919196,-15927352.15345611,-20497367.803636655,1686.8099067615394,-1985.7664288084682,1087.9485280467352,0.00041492298793191165
488384.0,21,-4600271.849025381,-17115084.772991665,-19766912.108435743,1562.3085585394404,-1969.5507749167703,1345.404718787752,0.0004149231010220844
488984.0,21,-3702008.661461561,-18286352.398077875,-18884963.238267403,1431.2342768249446,-1930.7693101586005,1592.5966539543497,0.0004149232017452203
489584.0,21,-2883679.522738044,-19427525.49404406,-17858251.94160398,1296.3231513298165,-1869.1867801100552,1827.6227044503923,0.0004149232908956504
490184.0,21,-2146757.0908965254,-20524944.556683745,-16694622.977721618,1160.3385404649862,-1784.9410278630378,2048.6736483020027,0.0004149233693568506
490784.0,21,-1491060.2400667695,-21565144.20422783,-15402975.571724594,1026.0224976701327,-1678.5425959111599,2254.046841870055,0.00041492343809469093
491384.0,21,-914781.3017960135,-22535075.141597446,-13993195.589046843,896.0475977128117,-1550.8679042721894,2442.1595881552385,0.00041492349815003575
491984.0,21,-414541.865976478,-23422320.166159745,-12476079.933128564,772.970004385058,-1403.1461100166446,2611.56158933537,0.00041492355063075246
492584.0,21,14523.844785964116,-24215300.47767318,-10863253.737381313,659.1846012802139,-1236.9398646591576,2760.9463775370155,0.00041492359670319053
493184.0,21,378659.49690390565,-24903468.714761343,-9167080.986238694,556.8829728195903,-1054.1202937843022,2889.1616258646586,0.00041492363758319667
493784.0,21,685353.1422407366,-25477485.45752468,-7400569.044331128,468.01397239276844,-856.8342291668907,2995.2150676778347,0.0004149240136910319
494384.0,21,943181.0425869306,-25929375.60310854,-5577269.272180272,394.25365282344546,-647.4783927734454,3078.2950891577702,0.00041492404827434107
494984.0,21,1161634.3037886918,-26252663.08657675,-3711170.613246775,336.96970033661296,-428.64620981349134,3137.7579438607413,0.00041492408150584103
495584.0,21,1350927.4593010717,-26442480.11507954,-1816592.5946197782,297.2017733038108,-203.093817620299,3173.145694048434,0.0004149241147006361
496184.0,21,1521795.500036009,-26495650.05651955,91925.83095922717,275.64230827542383,26.30786917007613,3184.1865632605877,0.00041492414917411436
496784.0,21,1685281.6242308072,-26410742.136095855,1999738.8679302211,272.6245289975609,256.6208989039942,3170.7970461227155,0.0004149241862317783
497384.0,21,1852519.6771261336,-26188097.051137567,3892207.2896202793,288.1167867078177,484.8891846209294,3133.0825163359978,0.0004149242271591541
497984.0,21,2034515.1183848423,-25829823.06036364,5754811.762949673,321.72332891869064,708.1877149244001,3071.3363292032786,0.00041492427321185993
498584.0,21,2241928.37953273,-25339762.620896444,7573265.172126182,372.69147983932953,923.6712168083955,2986.037428502174,0.0004149243256059123
499184.0,21,2484864.429046787,-24723430.16175155,9333623.038106134,439.92510198963214,1128.621423765759,2877.846480797132,0.0004149243855083468
499784.0,21,2772672.250035393,-23987922.086617008,11022391.150103087,522.0040975438187,1320.4921282661826,2747.6005732227277,0.00041492445402822805
500384.0,21,3113757.7570023322,-23141800.582283538,12626629.553265715,617.2096015596151,1496.9512381434217,2596.3065232152107,0.00041492453220811834
500984.0,21,3515413.185397746,-22194953.45968662,14134051.855146965,723.558263185198,1655.9191103814205,2425.133237372056,0.0004149249589520897
501584.0,21,3983667.3123362605,-21158431.39536099,15533120.256236097,838.82207290778,1795.6022003436021,2235.400988452905,0.00041492505906600726
502184.0,21,4523156.161175539,-20044267.779809825,16813133.0215027,960.5904733944865,1914.5229764511714,2028.5730395825904,0.0004149251714962144
502784.0,21,5137019.751273645,-18865281.5928779,17964306.470934045,1086.2977865301364,2011.5425222676727,1806.2427912277128,0.0004149252969469324
503384.0,21,5826824.730281938,-17634868.403053787,18977849.36593503,1213.2722636507074,2085.8785377743566,1570.1215793463778,0.0004149254360222282
503984.0,21,6592514.819078453,-16366782.551139764,19846029.518454865,1338.7832079983582,2137.116887409094,1322.025277715897,0.00041492558922145046
504584.0,21,7432389.866442868,-15074914.33778343,20562232.11418086,1460.0891306772012,2165.2168233732273,1063.8601324162169,0.00041492575693548154
505184.0,21,8343113.8787307935,-13773066.036845354,21121009.336683035,1574.4861035736562,2170.5098102222823,797.607944967599,0.0004149259394438309
505784.0,21,9319751.888599882,-12474730.564610004,21518120.950286105,1679.3554721674918,2153.6919876513257,525.3107242804223,0.0004149261369125893
506384.0,21,10355835.030110661,-11192876.577072842,21750565.571328323,1772.2101051288182,2115.81041795717,249.0549301231956,0.00041492634939325747
506984.0,21,11443452.70366712,-9939743.645527024,21816602.42975499,1850.7383856788622,2058.243371025601,-29.04456771557538,0.00041492657682245415
507584.0,21,12573370.25136605,-8726650.977029594,21715763.49518524,1912.8451912553392,1982.6750010619521,-306.8606899622353,0.0004149268190225037
508184.0,21,13735170.03827878,-7563823.064920405,21448855.948796395,1956.6902590689388,1891.0638992735658,-582.272085793678,0.0004149274143605456
508784.0,21,14917413.99090701,-6460234.351419957,21017954.891792182,1980.716698478422,1785.6117889410034,-853.1724565331258,0.0004149276850996892
509384.0,21,16107823.912350882,-5423477.258713354,20426386.458423134,1983.6856751609353,1668.718780809941,-1117.496783652814,0.00041492796940742287
509984.0,21,17293477.33500374,-4459653.953407696,19678701.669792358,1964.6945803816136,1542.9446250522528,-1373.230048806722,0.00041492826667211826
510584.0,21,18461015.245567065,-3573294.5868638624,18780640.927866753,1923.1950572148721,1410.9627455668383,-1618.4241481846457,0.0004149285761834985
511184.0,21,19596858.163236607,-2767303.112777723,17739089.621778056,1859.0038613600213,1275.5133632284062,-1851.21252583905,0.00041492889713811603
511784.0,21,20687426.913222477,-2042931.5518231792,16562025.154634627,1772.307509656819,1139.3555967560942,-2069.824157194468,0.0004149292286455269
512384.0,21,21719364.344181087,-1399783.074654663,15258455.797636922,1663.6606435521464,1005.2193594760947,-2272.5967848233668,0.00041492956973511333
512984.0,21,22679754.223414302,-835843.7842965322,13838351.835379817,1533.9781409119519,875.7578716375558,-2457.9893147066664,0.00041492991936350153
513584.0,21,23556333.592306133,-347542.59138354287,12312569.520360336,1384.521114788864,753.5015956863215,-2624.5932877568175,0.0004149302764225192
514184.0,21,24337694.975615393,70161.90114712808,10692768.4055775,1216.8770403424426,640.8143762774992,-2771.143348317892,0.0004149306397476322
514784.0,21,25013475.010096163,423669.04556417745,8991322.671374846,1032.9343494198417,539.8525282855478,-2896.5266386258345,0.0004149310081267969
515384.0,21,25574526.10618186,720599.9366492005,7221227.516423492,834.853361036363,452.5257666548109,-2999.7923700969163,0.000414931718099085
515984.0,21,26013069.301400643,969641.9830546649,5395998.763309534,625.0253678823925,380.4713611836273,-3080.1536225102905,0.00041493209278789056
516584.0,21,26322823.05997132,1180371.1777503816,3529572.932915655,406.04240423701117,325.01528411676986,-3137.0010808846805,0.00041493246870721233
517184.0,21,26499109.27355144,1363062.970982282,1636199.735744581,180.64887248831906,287.15643169620716,-3169.9022857437685,0.00041493284454957396
517784.0,21,26538932.146076605,1528489.1355192459,-269665.5976005509,-48.30197200587398,267.5476854117751,-3178.606194739711,0.0004149332190080821
518384.0,21,26441029.58189153,1687706.4857238303,-2173471.9829431362,-277.8948977253731,266.48472086789707,-3163.045081096705,0.0004149335907863262
518984.0,21,26205896.041918315,1851840.7206027647,-4060682.89524552,-505.2006375185207,283.9009903692088,-3123.3350845800683,0.0004149339586082017
431984.0,22,19338589.39245222,11719561.69738871,13998217.040223537,-1750.704732400768,71.31467963871955,2446.5874868970636,-1.3767217028952334e-05
432584.0,22,18236252.70566528,11776273.47576052,15411021.500208665,-1921.0767649528104,120.45491199636672,2259.793594952487,-1.3763098606155852e-05
433184.0,22,17036564.215895157,11866749.639646357,16706686.210197484,-2074.8892730933485,183.56219126464225,2056.4225487323934,-1.3758775350474953e-05
433784.0,22,15750046.56945257,11998814.495274447,17875749.83357696,-2210.2386162215657,258.7394017628635,1838.1009979947207,-1.3754252213964194e-05
434384.0,22,14388278.136360595,12179085.779413939,18909755.131949466,-2325.51182385583,343.86816487600186,1606.5457189993342,-1.3749535614727346e-05
434984.0,22,12963711.42718454,12412853.495959494,19801298.59852659,-2419.409443638842,436.64794640944876,1363.5493806724342,-1.3744633372862888e-05
435584.0,22,11489479.45570284,12703982.965602761,20544071.593218632,-2490.962985104641,534.6375308024556,1110.9664929486858,-1.3739554638179424e-05
436184.0,22,9979193.505823517,13054843.173212348,21132893.097899713,-2539.547721256022,635.2974557360612,850.7013277993916,-1.3734626699291182e-05
436784.0,22,8446734.66447107,13466261.857030487,21563734.446131315,-2564.8855233254635,736.0368272847322,584.6878382291878,-1.3729227418154929e-05
437384.0,22,6906044.609954819,13937506.114675628,21833736.033866752,-2567.0509273965995,834.2535122347475,314.88650470736775,-1.372368624030118e-05
437984.0,22,5370916.42369549,14466290.393905455,21941216.37197276,-2546.4630785231498,927.3807882328462,43.26531327023753,-1.3718016776347201e-05
438584.0,22,3854790.1907960046,15048810.157284703,21885673.865619306,-2503.8767952567205,1012.929510139175,-228.21074372401642,-1.3712233511152106e-05
439184.0,22,2370555.926893776,15679800.845818127,21667781.489047986,-2440.367787330199,1088.5293217492049,-497.5912930825641,-1.3706351699166696e-05
439784.0,22,930366.7916244362,16352620.93080342,21289374.663977798,-2357.3131888602625,1151.9676703243376,-762.9517497667629,-1.3700387256778188e-05
440384.0,22,-454534.71022931114,17059357.583736546,20753432.607989322,-2256.3677501246666,1201.2261125188663,-1022.4040490814458,-1.3694356652193686e-05
440984.0,22,-1773975.0560439108,17790953.201717015,20064053.402855977,-2139.4360725417273,1234.5134456496535,-1274.1069688328525,-1.3688276793359432e-05
441584.0,22,-3018990.317430244,18537350.760660313,19226423.01328185,-2008.64130804233,1250.2952450064229,-1516.276072628125,-1.3682164914372066e-05
442184.0,22,-4181947.0738219563,19287655.731387556,18246778.465531666,-1866.2907761110528,1247.319435690568,-1747.193307301742,-1.3676038460804316e-05
442784.0,22,-5256641.922639953,20030312.08486505,17132365.374596126,-1714.838979863324,1224.637576120958,-1965.2162867794002,-1.3669914974341826e-05
443384.0,22,-6238378.05008183,20753289.717638716,15891390.087986205,-1556.8474385175105,1181.6209870777375,-2168.786685667897,-1.3664128260453317e-05
443984.0,22,-7124018.511151064,21444280.598666124,14532966.04423173,-1394.9483913804308,1117.9749780578848,-2356.441455294895,-1.365806303218238e-05
444584.0,22,-7912013.587855515,22090900.41938483,13067055.762940846,-1231.7966008256778,1033.742517174428,-2526.8175287661106,-1.3652052819162546e-05
445184.0,22,-8602404.148149278,22680893.163428288,11504407.057430197,-1070.031571990679,929.3082623416082,-2678.6626568873107,-1.364611439410097e-05
445784.0,22,-9196799.211064009,23202335.18065124,9856484.654374277,-912.234439965988,805.3948194667396,-2810.842772640401,-1.3640264051862572e-05
446384.0,22,-9698328.572289541,23643835.819677547,8135396.97975483,-760.8866334998606,663.0543661780347,-2922.3497577618855,-1.3634517497995565e-05
446984.0,22,-10111570.976359725,23994731.51237956,6353818.327364703,-618.3298104156506,503.6551824784144,-3012.3089264022474,-1.3628889739384295e-05
447584.0,22,-10442458.767329661,24245270.277405016,4524906.591150571,-486.7276478178255,328.8632014895328,-3079.9861830566533,-1.362339497754176e-05
448184.0,22,-10698160.299391864,24386783.69593062,2662216.7752322294,-368.0300643157018,140.61875714404107,-3124.794797269851,-1.36180465051024e-05
448784.0,22,-10886941.733475361,24411843.538406532,779610.5368237463,-263.94043953220876,-58.89122832579699,-3146.301722802562,-1.3612856606128011e-05
449384.0,22,-11018010.1814533,24314400.387512393,-1108837.9326813598,-175.8863772007801,-267.2653062858543,-3144.233374434841,-1.3607836460893668e-05
449984.0,22,-11101340.48150579,24089901.810934134,-2988939.324979235,-104.99453126597155,-481.92343276330325,-3118.4807618551754,-1.3602996055874475e-05
450584.0,22,-11147488.19128251,23735387.888482742,-4846489.501351423,-52.06997868772851,-700.1463184155897,-3069.1038676704757,-1.3598344099705224e-05
451184.0,22,-11167391.664064331,23249562.191499762,-6667372.147264296,-17.580577272842902,-919.1176775463124,-2996.3351460394892,-1.359388794593129e-05
451784.0,22,-11172166.32101262,22632836.64762331,-8437663.217002716,-1.6466911236902888,-1135.9687885076257,-2900.582010377377,-1.3589633523407238e-05
452384.0,22,-11172894.443331242,21887349.099081866,-10143736.510101639,-4.036599714505883,-1347.8247134649137,-2782.4281736108164,-1.3585585275227181e-05
452984.0,22,-11180413.975110412,21016952.774894424,-11772369.640009912,-24.167828970694245,-1551.8514664759753,-2642.6337031792336,-1.3581746107084544e-05
453584.0,22,-11205109.944167273,20027177.342608795,-13310849.57527277,-61.11455418217997,-1745.3033672796682,-2482.1336559399524,-1.3578117345956219e-05
454184.0,22,-11256997.820167467,18925372.748859566,-14747479.840641223,-113.6624123282395,-1925.4797583491577,-2302.0912019557136,-1.3574279270407624e-05
454784.0,22,-11344406.89782616,17719828.080378044,-16070109.923687324,-180.1606954553015,-2090.1152832062435,-2103.675346971635,-1.35710729345482e-05
455384.0,22,-11475459.12134081,16420751.481936604,-17268538.11941526,-258.8023933523348,-2236.9275894488856,-1888.3740097463324,-1.3568070619716105e-05
455984.0,22,-11656822.388133634,15039435.90936928,-18333104.491074417,-347.48334766962626,-2363.9731800836853,-1657.7762328157505,-1.3565267130648315e-05
456584.0,22,-11893834.969882559,13588251.795764985,-19255146.2744293,-443.88204167473,-2469.6075932956232,-1413.6139511013898,-1.356265567554922e-05
457184.0,22,-12190387.147981908,12080457.985047882,-20027079.943234824,-545.5004997256416,-2552.5164768599134,-1157.7500576801278,-1.3560227903009409e-05
457784.0,22,-12548828.612488326,10529995.681114158,-20642475.544427756,-649.7091563777165,-2611.741172362315,-892.1646164491829,-1.355797395354241e-05
458384.0,22,-12969903.774730437,8951268.90479729,-21096122.22420118,-753.794919409643,-2646.6981693048147,-618.9392917257167,-1.3555882525786877e-05
458984.0,22,-13452716.648304421,7358915.300477218,-21384083.921328552,-855.0115509809357,-2657.1918942334746,-340.2401081991998,-1.3553940957215144e-05
459584.0,22,-13994726.40293328,5767571.41474905,-21503744.284508914,-950.6314072093394,-2643.4204249018276,-58.298698771355205,-1.3552135318968199e-05
460184.0,22,-14591774.10138935,4191636.770332426,-21453839.976112857,-1037.9975125907524,-2605.9738618810734,224.60775888491523,-1.3550450524207636e-05
460784.0,22,-15238140.504288912,2645041.1700550173,-21234481.654641874,-1114.5749053552533,-2545.8252467290204,506.17767540574846,-1.3548870449142513e-05
461384.0,22,-15926634.185821667,1141019.6811449518,-20847162.08067694,-1178.0001758982796,-2464.314082752472,784.1069741865709,-1.3547378065660263e-05
461984.0,22,-16648708.561576873,-308100.3353558015,-20294750.963365477,-1226.1281348333487,-2363.1226867257456,1056.1114981269855,-1.3545955584272411e-05
462584.0,22,-17394605.804666527,-1691095.9731149226,-19581476.352976937,-1257.0745909537418,-2244.2457722865875,1319.9495660954756,-1.3544584605885048e-05
463184.0,22,-18153525.03570623,-2998025.418747754,-18712892.585349176,-1269.254292299625,-2109.953832417329,1573.4443315882427,-1.3543246280727163e-05
463784.0,22,-18913811.632892206,-4220380.9762100335,-17695834.991095506,-1261.4131842335964,-1962.7510436720706,1814.5055905695501,-1.3541921472623377e-05
464384.0,22,-19663164.058674708,-5351215.552178385,-16538361.817142008,-1232.6546209375445,-1805.3289629292394,2041.1517877944505,-1.3540907234968314e-05
464984.0,22,-20388854.038121667,-6385239.369279281,-15249683.91888391,-1182.4568686427613,-1640.514550160378,2251.525240086364,-1.3539551828997428e-05
465584.0,22,-21077956.19513881,-7318887.205513513,-13840082.965332372,-1110.6865897558434,-1471.2196582308109,2443.917041857259,-1.3538152496016816e-05
466184.0,22,-21717581.987225525,-8150351.674380375,-12320819.57218754,-1017.6014416990223,-1300.385063262039,2616.7787973201434,-1.3536690634591473e-05
466784.0,22,-22295113.908458266,-8879584.72471179,-10704031.981212681,-903.8465992498452,-1130.9262038515403,2768.7380386309615,-1.3535148189406242e-05
467384.0,22,-22798435.1227221,-9508266.355830017,-9002626.856491623,-770.4434303383874,-965.6793894731641,2898.6102396523493,-1.3533507806146073e-05
467984.0,22,-23216148.802935544,-10039742.65178634,-7230161.396483268,-618.7706692044421,-807.3499872261091,3005.408703661784,-1.3532318643806111e-05
468584.0,22,-23537790.72987867,-10478928.318293357,-5400730.837763075,-450.54014913479136,-658.4636833011148,3088.3506937226784,-1.3530433853572992e-05
469184.0,22,-23754012.242177714,-10832191.6419287,-3528831.677299323,-267.7638108349305,-521.3216981688779,3146.8636785604212,-1.3528404685622183e-05
469784.0,22,-23856754.885049153,-11107203.439010825,-1629243.148599633,-72.71780840572251,-397.9608940872499,3180.586473563755,-1.3526217952684997e-05
470384.0,22,-23839395.495198395,-11312768.949767906,283101.9507998119,132.09917387877545,-290.119447488524,3189.3693042016894,-1.3523861792026048e-05
470984.0,22,-23696866.405432414,-11458639.87250736,2193243.6681071343,344.01102017867095,-199.20866893586776,3173.271317146378,-1.3521325751925742e-05
471584.0,22,-23425747.6885044,-11555311.416546993,4086319.169607086,560.211969834317,-126.2913904822351,3132.5559584150274,-1.3518600863782232e-05
472184.0,22,-23024330.235451393,-11613808.326903248,5947683.473074813,777.8149215382875,-72.06184727323284,3067.6884550423392,-1.3515530291305107e-05
472784.0,22,-22492648.36347783,-11645464.467031412,7763026.423138301,993.9065660642179,-36.859100672765635,2979.311345164422,-1.3512407031434965e-05
473384.0,22,-21832482.99250449,-11661699.137414474,9518482.951184355,1205.5896689296724,-20.63433306182469,2868.258822624468,-1.3509077420081023e-05
473984.0,22,-21047334.64924843,-11673795.361678263,11200737.935603354,1410.0371780797382,-22.977747525783343,2735.5295419551107,-1.35055388500133e-05
474584.0,22,-20142367.86341481,-11692683.421440355,12797123.703641094,1604.5376467885417,-43.125541445175486,2582.278467808125,-1.350179034033932e-05
475184.0,22,-19124328.266016982,-11728733.590435637,14295709.960832525,1786.5392498943534,-79.9781626564095,2409.8038867326413,-1.3497832523935539e-05
475784.0,22,-18001434.290713854,-11791561.517828267,15685385.686683105,1953.6903342824166,-132.12409152401938,2219.5338135756124,-1.3493667622548173e-05
476384.0,22,-16783245.75155605,-11889849.408100747,16955932.69959888,2103.8759126701425,-197.86857349895377,2013.0119952578925,-1.3489299410362337e-05
476984.0,22,-15480511.894025646,-12031185.779489314,18098090.71306687,2235.24960846423,-275.2666682220065,1791.8836960449999,-1.3484733166892113e-05
477584.0,22,-14105001.779301025,-12221926.187616475,19103613.811466556,2346.260659425468,-362.15993914006117,1557.8814272700808,-1.347997562007529e-05
478184.0,22,-12669320.064476918,-12467076.88547333,19965318.366333496,2435.675686702116,-456.21608089572067,1312.8107617516187,-1.3475034880467566e-05
478784.0,22,-11186711.385557389,-12770202.964163007,20677122.49168973,2502.595031510905,-554.9707690650872,1058.5363497816454,-1.3469920367424328e-05
479384.0,22,-9670856.979310473,-13133361.86172093,21234077.198343452,2546.4651538962908,-655.873462536267,796.9684694937654,-1.3464594070947653e-05
479984.0,22,-8135664.760171242,-13557064.321718002,21632389.44771689,2567.0773243810154,-756.3218847267907,530.0488517868849,-1.3459165285153256e-05
480584.0,22,-6595061.577063989,-14040259.541476747,21869437.421130363,2564.577388908378,-853.7206557783742,259.7388865242955,-1.3453597991548335e-05
481184.0,22,-5062783.590099862,-14580349.106343996,21943778.132860452,2539.4533011027615,-945.515553629893,-11.993455593521753,-1.3447905974448447e-05
481784.0,22,-3552173.4477559594,-15173225.67443022,21855147.78649329,2492.5260493093338,-1029.2384227421223,-283.1854950394651,-1.3442103866725038e-05
482384.0,22,-2075985.0868246965,-15813336.917381587,21604455.10601259,2424.933914852296,-1102.547982968776,-551.8913761020825,-1.3436207044682254e-05
482984.0,22,-646199.3740569483,-16493773.276165765,21193767.924142636,2338.112110593402,-1163.2683365326916,-816.1931491490687,-1.3430231520057493e-05
483584.0,22,726146.7506330283,-17206378.00163929,20626293.289801244,2233.7681511159053,-1209.4246703796723,-1074.2114236058849,-1.3424193829677791e-05
484184.0,22,2031115.1913390048,-17941877.662517868,19906351.339536216,2113.853346488131,-1239.275696764492,-1324.1156192214044,-1.3418110923258867e-05
484784.0,22,3260003.4799055783,-18690031.04356765,19039343.15806299,1980.530847304443,-1251.3424218364341,-1564.133847026428,-1.3412000049794587e-05
485384.0,22,4405461.496514984,-19439794.12501625,18031712.832145844,1836.1407000781978,-1244.4328799207192,-1792.5624526603272,-1.3405878642952811e-05
485984.0,22,5461586.478988395,-20179498.630884945,16890903.88164428,1683.1623995330433,-1217.66251999268,-2007.7752535554152,-1.3399764205869897e-05
486584.0,22,6423994.825799525,-20897040.942413498,15625311.491744827,1524.1723076915891,-1170.4715034651472,-2208.2333164220427,-1.3393324843158859e-05
487184.0,22,7289870.691759052,-21580081.760596313,14244223.040366933,1361.8152161597093,-1102.6293577628053,-2392.4904593714778,-1.3387276415706138e-05
487784.0,22,8057987.566756034,-22216245.241310675,12757766.480524583,1198.7439736692374,-1014.250702109412,-2559.206411111151,-1.338128673276031e-05
488384.0,22,8728707.26093368,-22793326.10122467,11176840.44429278,1037.589606020556,-905.7893953985666,-2707.151972275362,-1.3375372425404579e-05
488984.0,22,9303952.135685803,-23299492.643096983,9513046.163638268,880.916325253153,-778.0359931785234,-2835.217751226421,-1.336954962233952e-05
489584.0,22,9787152.717212446,-23723486.325990632,7778613.283438183,731.180395024872,-632.1083286310422,-2942.4218875203283,-1.3363833839117173e-05
490184.0,22,10183171.3359254,-24054814.07496044,5986319.848021814,590.6904780424222,-469.43683155737597,-3027.9174263396703,-1.3358905636259058e-05
490784.0,22,10498200.907812672,-24283930.733486615,4149414.1141539467,461.5695071013729,-291.74581878499396,-3090.99962496863,-1.3353447447405859e-05
491384.0,22,10739644.788861914,-24402407.951554697,2281519.6651372327,345.7199845768864,-101.02817475359723,-3131.1123464970524,-1.334813807518298e-05
491984.0,22,10915973.471813053,-24403087.388586625,396549.1951847092,244.7915344374203,100.48262413289274,-3147.854466029259,-1.3342989527848907e-05
492584.0,22,11036564.472211724,-24280215.389166374,-1491391.6160853768,160.15252704486784,310.34558707887186,-3140.985482081049,-1.3338012691508887e-05
493184.0,22,11111526.073330238,-24029556.711737134,-3368102.1767290286,92.86578890106284,525.9488864253618,-3110.4305039055994,-1.3333217241653693e-05
493784.0,22,11151507.215252003,-23648485.78436786,-5219387.175074891,43.67376801475871,744.5510921102413,-3056.280595776497,-1.3328262354701996e-05
494384.0,22,11167500.276719213,-23136050.041845255,-7031162.539757771,12.964790724911609,963.3188474803949,-2978.8114752838383,-1.3323853429093878e-05
494984.0,22,11170630.208910204,-22493013.05080772,-8789555.40424416,0.792549648526574,1179.3797038217504,-2878.4627150551214,-1.3319646865417197e-05
495584.0,22,11171946.55618148,-21721863.82306723,-10481013.397145338,6.853697869528105,1389.8632150722765,-2755.854169508641,-1.331564674786008e-05
496184.0,22,11182211.799671043,-20826801.11708584,-12092409.634975426,30.49514748880324,1591.9495960357963,-2611.7819025270046,-1.3311855616882253e-05
496784.0,22,11211693.763916349,-19813688.66949628,-13611148.070848435,70.7227254710615,1782.9170197606077,-2447.216502172995,-1.3308274430543593e-05
497384.0,22,11269965.060587136,-18689982.232505996,-15025267.319022866,126.21595011593558,1960.1881250520485,-2263.29982284399,-1.330490253719482e-05
497984.0,22,11365713.224847674,-17464629.153802495,-16323541.976245904,195.34884725953248,2121.3748955382216,-2061.340044378007,-1.3301737660342216e-05
498584.0,22,11506565.114939708,-16147941.743445773,-17495580.403453104,276.2166080835955,2264.3210599896975,-1842.8049569551922,-1.3298775896425463e-05
499184.0,22,11698928.988676645,-14751446.181079997,-18531917.887241844,366.66776814437867,2387.141169076779,-1609.3134053625781,-1.3296011726150217e-05
499784.0,22,11947857.439635208,-13287709.215705812,-19424104.07259642,464.34146272218936,2488.255528333104,-1362.624856105035,-1.3293438039894155e-05
500384.0,22,12256934.070731832,-11770145.387381101,-20164783.549330167,566.7091901181818,2566.4202122461934,-1104.6270855054527,-1.3291046177557335e-05
500984.0,22,12628186.608070254,-10212807.57559118,-20747768.560978793,671.1199406212563,2620.7504428576763,-837.3211514712359,-1.3288410973333812e-05
501584.0,22,13062027.315971753,-8630166.50793259,-21168102.366853002,774.8506084574987,2650.7427898911437,-562.8088542803176,-1.3286350759598343e-05
502184.0,22,13557225.135888606,-7036878.417838668,-21422113.106342196,875.1540492715367,2656.2804075639315,-283.27029991546317,-1.3284437707517479e-05
502784.0,22,14110906.918573292,-5447550.628154894,-21507456.32765753,969.3127426560973,2637.6414122500505,-0.9479878130117356,-1.3282657646121074e-05
503384.0,22,14718590.637890877,-3876505.7447172534,-21423145.853675365,1054.6903659927516,2595.4946980075156,281.8742377160978,-1.3280995269770426e-05
503984.0,22,15374249.437513992,-2337550.162235608,-21169572.19641722,1128.7828603974453,2530.8893425202887,562.8925038401703,-1.3279434261612478e-05
504584.0,22,16070405.756564688,-843751.1474241195,-20748508.002793904,1189.2674717434263,2445.236648027092,839.8049568309256,-1.3277957428396345e-05
505184.0,22,16798254.006512575,592773.1655550338,-20163100.18564584,1234.048709759342,2340.2850807235345,1110.334226500983,-1.3276546845320924e-05
505784.0,22,17547809.652191166,1961046.7408699598,-19417848.58538914,1261.3002179061352,2218.0885438073783,1372.2499711251396,-1.3275184009385815e-05
506384.0,22,18308081.968178123,3251407.7502997518,-18518571.209684573,1269.5016254346817,2080.9685841775563,1623.3911534063413,-1.3273849999546587e-05
506984.0,22,19067267.214836814,4455656.41158233,-17472356.30631509,1257.4695591038114,1931.4712850545945,1861.6876945421316,-1.3272525641835496e-05
507584.0,22,19812958.52164197,5567175.630330047,-16287501.732281975,1224.3821226977784,1772.3197310091266,2085.181159983951,-1.3271191677505018e-05
508184.0,22,20532368.480775595,6581022.377196117,-14973442.138673488,1169.7951639662297,1606.3644295641457,2292.0434145428258,-1.327014538254267e-05
508784.0,22,21212559.560349572,7493986.223293799,-13540665.701424895,1093.656869665832,1436.524515472129,2480.597309892368,-1.3268734973088243e-05
509384.0,22,21840679.117170133,8304618.668562389,-12000619.269323517,996.3030153193332,1265.7413746815275,2649.3282739078577,-1.326725835672058e-05
509984.0,22,22404192.653851476,9013226.513044916,-10365605.924831932,878.4564261466536,1096.9186829937905,2796.901004099723,-1.3265697606773113e-05
510584.0,22,22891112.07560442,9621834.33888978,-8648674.20594614,741.212931841668,932.8702630909268,2922.1702906409837,-1.3264035527779605e-05
511184.0,22,23290214.01038969,10134115.206355646,-6863501.191546909,586.0213931432146,776.2688129863197,3024.1901552892896,-1.326225580034668e-05
511784.0,22,23591244.12093243,10555291.499283724,-5024270.7870589625,414.6570786796626,629.5978801276115,3102.2205144038353,-1.3260343115998547e-05
512384.0,22,23785103.592276663,10892008.147476355,-3145548.708781405,229.1890335419913,495.1080240621659,3155.731346814565,-1.3258283300662112e-05
512984.0,22,23864014.401320208,11152180.987294825,-1242155.6650399645,31.942201543580154,374.7779925751804,3184.404399102209,-1.3256063425676122e-05
513584.0,22,23821660.463712443,11344823.479778202,670959.7987146754,-174.54484074698564,270.2816010114259,3188.1325089554966,-1.325367190543517e-05
514184.0,22,23653302.29328196,11479855.378577037,2578847.3831373774,-387.56561004026184,182.9608572278994,3167.0166702176075,-1.3251098581011835e-05
514784.0,22,23355863.38368532,11567897.222029604,4466678.723270519,-604.2939308155046,113.80572054684967,3121.360999866143,-1.324833478933088e-05
515384.0,22,22927987.14555285,11620054.744461428,6319867.436298613,-821.8325985630448,63.434573756607506,3051.67074794343,-1.3245223897313402e-05
515984.0,22,22370063.72303921,11647697.125616163,8124184.501736778,-1037.2680250486744,32.1123184761982,2958.6239227074916,-1.3242059479875657e-05
516584.0,22,21684226.56659795,11662233.956461255,9865868.120989414,-1247.71311107259,19.714171206747324,2843.0907001197666,-1.3238688056074902e-05
517184.0,22,20874319.83871405,11674893.876302423,11531726.68354222,-1450.3605291818872,25.75715181481496,2706.1024460671947,-1.323510734573736e-05
517784.0,22,19945837.045332965,11696509.77329381,13109234.892842857,-1642.5277594815684,49.40750603463516,2548.844264999626,-1.3231316693525455e-05
518384.0,22,18905832.80243471,11737313.81421109,14586622.098970061,-1821.7004549548383,89.50012891800543,2372.6418712477266,-1.3227317053831745e-05
518984.0,22,17762809.637819253,11806745.791573888,15952952.526949363,-1985.5722128323646,144.56340299325552,2178.9478974972867,-1.3223110963497294e-05
431984.0,23,-4743455.31886724,-14367486.45796681,21935918.74643068,2755.00741383313,-60.653508568725385,531.7976670330986,0.0006396841443499483
432584.0,23,-3081129.5268145325,-14435672.763637893,22171429.147617858,2782.0672882428344,-166.9697015187168,252.70104648145713,0.0006396874166076964
433184.0,23,-1410082.0823273975,-14567822.105954992,22238688.37243077,2784.06641001182,-273.3509240039524,-28.709942926553754,0.0006396905944851884
433784.0,23,254647.47523474786,-14763129.311252018,22136942.19594393,2761.051515991208,-376.98365485522015,-310.3181531105945,0.0006396936739120253
434384.0,23,1898162.9214291186,-15019108.818414578,21866710.93781736,2713.45311142504,-475.089021381091,-589.9924092895232,0.0006396966515499758
434984.0,23,3505940.099449988,-15331630.26966476,21429793.26866062,2642.079936993907,-564.972128262777,-865.6030160780817,0.0006396995248224006
435584.0,23,5064050.451738797,-15694983.437997036,20829260.642011438,2548.10706920162,-644.0704013981338,-1135.037648291262,0.0006397022919383992
436184.0,23,6559375.607125476,-16101971.745326277,20069442.13207417,2433.0599111778292,-710.0003222380274,-1396.2184231382416,0.0006397046936198062
436784.0,23,7979809.000327035,-16544032.472863209,19155899.625287496,2298.7813934213737,-760.6006745244614,-1647.1145699629878,0.0006397072460899218
437384.0,23,9314441.775749402,-17011383.280259736,18095393.08471019,2147.414922693959,-793.9736477332702,-1885.7643904321908,0.0006397096919026912
437984.0,23,10553728.740070768,-17493190.829626173,16895836.175739013,1981.3605934921509,-808.520824151691,-2110.287709790966,0.0006397120325371944
438584.0,23,11689631.948016316,-17977760.18707185,15566242.143133586,1803.237359037052,-802.9745252928321,-2318.9028214489917,0.0006397142702899394
439184.0,23,12715739.054091293,-18452741.32889398,14116660.22965313,1615.8389457505157,-776.423600532211,-2509.9420254540337,0.0006397164082619498
439784.0,23,13627354.19422765,-18905349.344953842,12558102.921663592,1422.086378358967,-728.3331252719667,-2681.866553203289,0.000639718450339191
440384.0,23,14421559.593438294,-19322594.544852827,10902464.431734651,1224.9779234329303,-658.5575603950283,-2833.280699017421,0.0006397204011663541
440984.0,23,15097246.599180907,-19691518.43424309,9162430.938891765,1027.5373266274705,-567.3470379159321,-2962.94497775446,0.0006397222661140775
441584.0,23,15655115.380643351,-19999431.361662883,7351383.218376752,832.7612709238115,-455.3465619494316,-3069.788129825369,0.0006397240512397685
442184.0,23,16097643.101773065,-20234147.546925165,5483292.40202838,643.5670177046811,-323.58804708440255,-3152.917801048231,0.0006397257632422555
442784.0,23,16429020.959530175,-20384213.195030708,3572609.715070807,462.74120779120085,-173.47525522010346,-3211.6297348879434,0.0006397274094105784
443384.0,23,16655061.090274228,-20439123.429860916,1634151.0708287726,292.8900618000823,-6.76222925971183,-3245.413729276446,0.0006397282736393926
443984.0,23,16783074.82549536,-20389524.22083488,-317022.21532623074,136.39623350968873,174.47692162954968,-3253.9658270951973,0.0006397298122253905
444584.0,23,16821724.41356974,-20227395.093973916,-2265725.675559874,-4.627329561955094,367.8798888761494,-3237.182616508818,0.0006397313097928546
445184.0,23,16780851.125939786,-19946209.47249435,-4196776.027956148,-128.37194568010204,570.8381418164663,-3195.1696181496286,0.0006397327753761841
445784.0,23,16671282.422129862,-19541069.495817468,-6095115.781558312,-233.3655081174179,780.5412039670109,-3128.2396149288916,0.0006397342182719597
446384.0,23,16504621.965033395,-19008812.695366696,-7945937.2645298485,-318.497978851831,994.0253364962134,-3036.9105550739005,0.0006397356479630315
446984.0,23,16293026.301851602,-18348088.474655654,-9734804.751407294,-383.04019589087784,1208.2252022856615,-2921.9014197585966,0.0006397370740407746
447584.0,23,16048972.351075312,-17559402.904125437,-11447773.465546172,-426.65561889525907,1420.02752561566,-2784.126091657507,0.0006397385061262752
448184.0,23,15785020.01839057,-16645130.94986049,-13071504.2671708,-449.4047822434525,1626.3257186187063,-2624.685291827468,0.0006397399537912231
448784.0,23,15513574.357419532,-15609495.882639548,-14593372.890746988,-451.742374750365,1824.0744250660957,-2444.8566821626305,0.0006397414264792924
449384.0,23,15246651.692682516,-14458516.245328832,-16001572.666399658,-434.50701702635126,2010.3429353371546,-2246.0832584688246,0.0006397429334287827
449984.0,23,14995654.032465616,-13199921.377888441,-17285209.747040074,-398.9039570006969,2182.3664533855444,-2029.960184225238,0.0006397444835972781
450584.0,23,14771155.991048735,-11843037.000809422,-18434390.09050219,-346.4823804259928,2337.5976164901576,-1798.2230508919884,0.0006397458274583778
451184.0,23,14582707.700093912,-10398643.58501799,-19440296.671196826,-279.09962575332213,2473.7371029464684,-1552.7210490372552,0.0006397474891221541
451784.0,23,14438658.232646309,-8878808.767863885,-20295258.128138375,-198.8939822680024,2588.7933001898527,-1295.4165830771326,0.0006397492184863785
452384.0,23,14346001.475840783,-7296698.755724222,-20992805.993804183,-108.2379835284724,2681.1024676800507,-1028.3569886566943,0.0006397510226996595
452984.0,23,14310247.952282201,-5666370.882525848,-21527721.714645743,-9.69517318446617,2749.359824787738,-753.6590844189175,0.0006397529083071054
453584.0,23,14335324.480477292,-4002551.6468135286,-21896072.635959283,94.02786966130844,2792.640659376195,-473.4907205829214,0.0006397548812005307
454184.0,23,14423503.344209991,-2320404.177211265,-22095236.89705064,200.13176499797726,2810.4145548572724,-190.05218700876736,0.0006397569465746069
454784.0,23,14575362.037335727,-635289.3057850668,-22123917.22400693,305.77587262204946,2802.5525563761666,94.44231595013773,0.0006397591088892474
455384.0,23,14789774.07676896,1037475.5074682967,-21982143.7227481,408.13017895872815,2769.327234929907,377.7829520960099,0.0006397613718384421
455984.0,23,15063930.805238847,2682855.172952042,-21671265.88213585,504.42658328800655,2711.4057427747557,657.7820922658544,0.0006397637383256789
456584.0,23,15393393.547920763,4286329.761507104,-21193934.094511233,592.0086684603789,2629.8360815906904,932.2915648653835,0.0006397662104460228
457184.0,23,15772174.953658443,5834117.123159435,-20554071.088232115,668.3790897346273,2526.0269240825246,1199.2191718165361,0.0006397687894748464
457784.0,23,16192847.751600003,7313381.483384846,-19756833.674099375,731.2456124471144,2401.718590797539,1456.543228117156,0.0006397712168784406
458384.0,23,16646679.37094642,8712425.538062267,-18808565.588169668,778.5538121910862,2258.962694988426,1702.3318482902916,0.0006397740104955765
458984.0,23,17123788.526561357,10020860.014641516,-17716741.851670578,808.534586417927,2100.068947880064,1934.7495393567024,0.0006397769099177746
459584.0,23,17613322.554213982,11229752.72157851,-16489904.913940346,819.7266942196496,1927.5756210556233,2152.07457287514,0.0006397799131567447
460184.0,23,18103651.16023314,12331750.722063582,-15137593.932763329,811.0039387954982,1744.2028369531909,2352.709142479742,0.0006397830174438105
460784.0,23,18582573.554806598,13321175.67711211,-13670267.46308664,781.594373518237,1552.8059946727433,2535.1895698993108,0.0006397862192554021
461384.0,23,19037535.302169707,14194090.694410834,-12099220.349745186,731.0933818202079,1356.3274035388195,2698.195310880104,0.0006397895143437446
461984.0,23,19455851.165307492,14948337.842722183,-10436495.537011128,659.4704978710627,1157.7469423286032,2840.556758990562,0.0006397928977724019
462584.0,23,19824930.171778966,15583545.981066769,-8694791.508398179,567.0699376590187,960.0325585406122,2961.2618563187975,0.0006397963639563188
463184.0,23,20132499.13706657,16101109.036398243,-6887366.065059625,454.60490924712985,766.0914063759535,3059.4615290645347,0.0006397999067059934
463784.0,23,20366820.950181093,16504135.336021755,-5027937.141329564,323.14586544108363,578.7223952688016,3134.4739729948096,0.000639803519275405
464384.0,23,20516904.05014482,16797369.05511077,-3130581.3424684275,174.10295087791792,400.570883930038,3185.7878187518845,0.0006398071944133227
464984.0,23,20572699.618681766,16987085.55618174,-1209630.442335461,9.203246445563082,234.08308909782977,3213.063821237658,0.0006398106671337588
465584.0,23,20525283.819725193,17080960.854527984,720430.9561949617,-169.53860414076303,81.4794917721074,3216.1374349788766,0.0006398144440553556
466184.0,23,20367020.872490987,17087921.373333916,2645072.160224123,-359.85080351128136,-55.298606405349574,3195.0165074618703,0.000639818259307563
466784.0,23,20091706.168838345,17017971.75807655,4549819.018054879,-559.2428535631441,-174.60725145331844,3149.881848287099,0.0006398221041847637
467384.0,23,19694685.77399254,16882006.888990983,6420357.436802847,-765.045243956919,-275.12828002064794,3081.0849128311593,0.0006398259697702871
467984.0,23,19172951.00110009,16691610.048652466,8242635.1251132535,-974.4524580093266,-355.8893727581492,2989.1449504849647,0.0006398298470001626
468584.0,23,18525206.465026256,16458840.72147646,10002961.326380404,-1184.5681389976353,-416.2784673089666,2874.745254555607,0.000639833726727676
469184.0,23,17751910.531074002,16196015.482169073,11688104.001522843,-1392.451723197856,-456.05232663571996,2738.728535625198,0.0006398375997883725
469784.0,23,16855287.49882806,15915485.528013539,13285383.934705423,-1595.1658276727464,-475.33914072147036,2582.091436649077,0.0006398414570651567
470384.0,23,15839311.293840295,15629414.457345085,14782765.248088304,-1789.8236709321195,-474.63512309808823,2405.9782048645834,0.0006398452895531363
470984.0,23,14709660.875146197,15349559.893286396,16168941.822817355,-1973.6358031354291,-454.79514754610557,2211.673532913492,0.0006398490884238562
471584.0,23,13473649.102132602,15087062.350520147,17433418.535464145,-2143.95470536483,-417.0168508395727,2000.5946367145689,0.0006398529756588802
472184.0,23,12140119.535861367,14852245.642818552,18566590.458356354,-2298.3208960535776,-362.82266192886505,1774.2822235622527,0.0006398566818683187
472784.0,23,10719329.079041924,14654430.048290296,19559810.370782778,-2434.4990363851,-294.02935706115017,1534.3912831728496,0.0006398603296622022
473384.0,23,9222796.486040901,14501763.981888402,20405456.458362874,-2550.5178116856514,-212.719869678779,1282.6804424396673,0.0006398639115351979
473984.0,23,7663135.328233877,14401075.082303066,21096990.411856145,-2644.70218826756,-121.20696496539358,1021.0008790094996,0.0006398674204578839
474584.0,23,6053867.484860935,14357744.00541172,21629009.237323485,-2715.7018053669008,-21.993664899272062,751.2844102658938,0.0006398708499297494
475184.0,23,4409221.194030352,14375602.950069958,21997289.69604117,-2762.513844610512,82.26954210421309,475.5308386411606,0.0006398742704492764
475784.0,23,2743916.521287477,14456861.14120042,22198825.063634012,-2784.502645288535,188.83108349339628,195.7946476383899,0.0006398775239160114
476384.0,23,1072942.4364568966,14602057.733488947,22231853.528705046,-2781.4089498769226,294.88508668868127,-85.82902046986412,0.0006398806820835481
476984.0,23,-588671.9638808221,14810044.415453155,22095878.252111897,-2753.3575724622206,397.6210124296047,-367.21895903245735,0.0006398837410276324
477584.0,23,-2226087.5865679956,15077997.295610592,21791678.454429533,-2700.8564883513286,494.2730318008254,-646.2430265113809,0.0006398866975628221
478184.0,23,-3824883.3433130705,15401458.497493297,21321311.350456953,-2624.7900069039033,582.1692234769209,-920.7737375964274,0.0006398895492708646
478784.0,23,-5371278.1596907955,15774406.9625672,20688104.66308801,-2526.4055906647236,658.7796169269016,-1188.704219973458,0.0006398922945237335
479384.0,23,-6852343.298963594,16189357.612574387,19896639.55408294,-2407.2968318153544,721.7586066430322,-1447.9633417027712,0.0006398946746647924
479984.0,23,-8256200.731954648,16637486.915751588,18952723.770541254,-2269.368696035835,769.0029749280494,-1696.536372472459,0.00063989720523559
480584.0,23,-9572206.015403967,17108784.183084253,17863354.849816915,-2114.82027402359,798.6690621500808,-1932.474939654048,0.000639899629349653
481184.0,23,-10791109.234131623,17592224.652564764,16636673.928748742,-1946.0995245555569,809.2232680923488,-2153.9174715217628,0.0006399019486541701
481784.0,23,-11905193.886764694,18075962.625407383,15281909.636964884,-1765.8646314713892,799.4684506250445,-2359.1040493686373,0.0006399041656119306
482384.0,23,-12908389.832617428,18547541.054373488,13809312.633809404,-1576.9391672170327,768.5685203067006,-2546.3918396264635,0.0006399062834870501
482984.0,23,-13796358.363342214,18994114.082684904,12230081.044196483,-1382.2640240519795,716.066844452907,-2714.26987631812,0.0006399083063240334
483584.0,23,-14566547.693686975,19402678.68506117,10556277.225422364,-1184.8469356514045,641.898034235081,-2861.3730136698414,0.0006399102389202003
484184.0,23,-15218217.677569594,19760311.337884083,8800736.40805827,-987.7104764138257,546.3928039697048,-2986.494867973312,0.0006399120867915764
484784.0,23,-15752433.10260848,20054405.49371255,6976967.865213264,-793.8394744841144,430.2757180107013,-3088.599570757775,0.0006399138561324206
485384.0,23,-16172025.48819444,20272905.562294208,5099049.373160135,-606.128805297114,294.65577514656616,-3166.8321622471767,0.0006399155537686381
485984.0,23,-16481523.89782254,20404533.110253498,3181515.8298912356,-427.3325436843338,141.00992029731196,-3220.5274650525275,0.0006399171871054033
486584.0,23,-16687055.72321484,20439001.09069325,1239243.2402905573,-260.0172646102185,-28.840860814062808,-3249.2154228007917,0.0006399180396647541
487184.0,23,-16796219.878087703,20367212.104955137,-712672.2850829663,-106.50951217789907,-212.75896233393883,-3252.6340086349906,0.0006399195686861269
487784.0,23,-16817932.961865544,20181436.837505355,-2659036.164401821,31.134413537670753,-408.3295989659073,-3230.7214907914454,0.0006399210585005106
488384.0,23,-16762252.967493365,19875469.50261044,-4584680.316072632,151.1718452027485,-612.8993429000873,-3183.625503589438,0.0006399225182056812
488984.0,23,-16640182.675946184,19444757.115228586,-6474587.695667197,252.20240389452852,-823.6224305227645,-3111.700692624125,0.0006399239571463245
489584.0,23,-16463456.63169625,18886500.179371078,-8314016.043478187,333.19217096868215,-1037.5101309944307,-3015.506201666888,0.0006399253848376554
490184.0,23,-16244315.60634159,18199722.82870611,-10088619.480771098,393.491085373508,-1251.4828995220885,-2895.8011288452026,0.000639926810887359
490784.0,23,-15995272.735176675,17385311.051407825,-11784566.736093882,432.8432198765513,-1462.4243195214337,-2753.5379949212233,0.0006399282449166198
491384.0,23,-15728875.676077055,16446018.244911984,-13388654.82126674,451.3897356114977,-1667.235798665974,-2589.854297371947,0.0006399296964810171
491984.0,23,-15457469.214551657,15386437.97565954,-14888417.03370529,449.6644651049751,-1862.890968105706,-2406.062253448506,0.0006399311749920687
492584.0,23,-15192962.721624868,14212944.449575527,-16272224.236145608,428.5822255867753,-2046.4887423073583,-2203.636862663372,0.0006399326896401933
493184.0,23,-14946606.763197359,12933601.816504769,-17529378.45477821,389.4201129931539,-2215.3040286865335,-1984.2024435046378,0.000639934249319841
493784.0,23,-14728783.024567192,11558044.15288245,-18650198.01451013,333.79290090683037,-2366.8388530441916,-1749.5197137863845,0.0006399356046804868
494384.0,23,-14548811.00773699,10097327.870082181,-19626092.94376348,263.61842891904524,-2498.8506042340186,-1501.4624434434652,0.0006399372792353229
494984.0,23,-14414775.896251151,8563759.84748641,-20449631.56544236,181.0858457166923,-2609.412856640258,-1242.0112978578663,0.0006399390230272039
495584.0,23,-14333379.4189773,6970704.837795607,-21114595.40053544,88.61030545086385,-2696.932803081053,-973.2291827085813,0.0006399408430880914
496184.0,23,-14309817.200469255,5332374.661695836,-21616024.07050547,-11.211554759314708,-2760.181433165231,-697.2447627894683,0.0006399427458355385
496784.0,23,-14347684.308517369,3663603.7638115715,-21950249.039086964,-115.65012557160424,-2798.313263517205,-416.23396678719917,0.0006399447370240681
497384.0,23,-14448910.573551515,1979615.0375795262,-22114916.253371436,-221.89340350799162,-2810.8791391509685,-132.40139354674056,0.0006399468217025639
497984.0,23,-14613726.630029626,295780.1178291987,-22108997.69535473,-327.0986798063723,-2797.831954857104,152.0381791090525,0.0006399490041779494
498584.0,23,-14840661.05588274,-1372621.612998208,-21932791.968832992,-428.44438120587535,-2759.5252830860654,434.8779941317368,0.0006399512879853528
499184.0,23,-15126568.416858831,-3010641.092267384,-21587914.151726525,-523.1811210432454,-2696.7050282353957,713.9370496143351,0.0006399536758648821
499784.0,23,-15466687.469275136,-4603890.615613122,-21077275.239412274,-608.6810543508925,-2610.49435371494,987.0772108585887,0.0006399561697450644
500384.0,23,-15854728.24738103,-6138763.92606554,-20405051.589644738,-682.4846823404727,-2502.3722452925904,1252.219561780178,0.0006399587707329332
500984.0,23,-16282986.122166498,-7602641.085405788,-19576645.006374165,-742.3482169924677,-2374.1442079488215,1507.3602584767395,0.0006399612199376319
501584.0,23,-16742481.462412685,-8984078.3917494,-18598633.037527546,-786.2672222536543,-2227.917323383803,1750.5835276816083,0.000639964035285742
502184.0,23,-17223120.291419875,-10272971.244104745,-17478712.630721744,-812.5352940476735,-2066.0515550084683,1980.0773161953327,0.0006399669561379873
502784.0,23,-17713875.428675614,-11460699.356299471,-16225634.265107784,-819.7574615578093,-1891.1258138676349,2194.144132515043,0.000639969980344457
503384.0,23,-18202983.209836226,-12540243.326853376,-14849129.960749716,-806.8781938083315,-1705.89158067917,2391.2125720720046,0.0006399731049793216
503984.0,23,-18678152.89506264,-13506274.282802805,-13359834.736742718,-773.1993760167061,-1513.2259009803913,2569.847281709424,0.0006399763263674235
504584.0,23,-19126785.04463465,-14355214.81910891,-11769202.416747445,-718.3921240998204,-1316.0827537060825,2728.7577227098886,0.0006399796401159961
505184.0,23,-19536195.123987447,-15085270.492786957,-10089416.495275307,-642.5023253547979,-1117.443611458501,2866.8057326427297,0.0006399830411511675
505784.0,23,-19893838.561786085,-15696431.619897598,-8333296.77751696,-545.9498953953539,-920.26800466695,2983.011896927391,0.0006399865237588916
506384.0,23,-20187533.5065316,-16190445.606186053,-6514202.499465906,-429.52183974301147,-727.4448838011381,3076.5607495995237,0.0006399900816299322
506984.0,23,-20405677.607079785,-16570760.511479279,-4645932.624549143,-294.35930187959923,-541.7455448473365,3146.8048293514707,0.00063999370790853
507584.0,23,-20537455.27722959,-16842440.997631334,-2742623.998921439,-141.93886710335437,-365.7788444806033,3193.2676215819624,0.0006399973952443711
508184.0,23,-20573032.09429963,-17012058.34201112,-818647.790704854,25.950816008054744,-201.94586541521085,3215.6442778186133,0.0006400008785171247
508784.0,23,-20503733.246159587,-17087555.88019049,1111493.6466549211,207.24120494354452,-52.415658182245124,3213.8069915583487,0.0006400046644376458
509384.0,23,-20322202.949179042,-17078093.57497189,3033272.676520563,399.6123384923894,80.92960440219599,3187.7979762419677,0.0006400084869494861
509984.0,23,-20022542.801858015,-16993872.735696197,4932239.298456967,600.5339583826667,196.5103187830116,3137.832841210522,0.000640012337295098
510584.0,23,-19600426.386776306,-16845944.87339931,6794124.340196646,807.3053348771809,293.077196388032,3064.2973343335234,0.0006400162065187187
511184.0,23,-19053188.55901632,-16646007.486825194,8604940.835573617,1017.098766817553,369.7301900846978,2967.7443046914655,0.0006400200855303425
511784.0,23,-18379887.95984073,-16406190.173146116,10351083.281464137,1227.0051024813233,425.93173203166396,2848.8897717328127,0.0006400239651704225
512384.0,23,-17581341.756934863,-16138834.544326104,12019424.235894503,1434.0805831798505,461.51409534250445,2708.6081220817478,0.0006400278362749479
512984.0,23,-16660132.039077267,-15856271.517685674,13597407.733526763,1635.3942949624684,476.68077457562674,2547.9264516958597,0.0006400316897405463
513584.0,23,-15620583.726554338,-15570599.586367253,15073139.0071382,1828.0755056463597,472.00186362346415,2368.018067939035,0.0006400355165892579
514184.0,23,-14468714.293787085,-15293467.661761496,16435470.01458959,2009.3601646907728,448.4034934716865,2170.1951635852947,0.0006400393080326277
514784.0,23,-13212156.032287484,-15035866.015677359,17674080.28038252,2176.635852219884,407.15147591282425,1955.900673029298,0.0006400430555347623
515384.0,23,-11860052.240258599,-14807928.66567731,18779552.412286837,2327.484801415418,349.8257618834232,1726.697834522095,0.0006400464921077445
515984.0,23,-10422927.407468317,-14618750.858024314,19743442.779066987,2459.722258870119,278.30764685121034,1484.2663261043708,0.0006400501274287201
516584.0,23,-8912537.244071726,-14476223.727842031,20558344.46255039,2571.4350568648933,194.7262907764288,1230.3829686335675,0.0006400536953271298
517184.0,23,-7341695.498260748,-14386890.115970757,21217945.25695751,2661.0119992492732,101.43647578076184,966.9162230576193,0.0006400571888745295
517784.0,23,-5724084.33699537,-14355823.19034856,21717077.869374458,2727.171718474402,0.9747620648190605,695.8126869593733,0.0006400606016820283
518384.0,23,-4074049.580898577,-14386530.312961072,22051762.8352574,2768.984906094377,-103.98409001773712,419.08431137893734,0.0006400639279494426
518984.0,23,-2406384.293765694,-14480883.865380438,22219243.58200406,2785.8909650994638,-210.6732999368483,138.7949278077772,0.0006400671625108201
431984.0,24,14861856.661147218,-20360541.79512269,7215411.602629339,-55.48223658382881,1069.84326756933,2952.3325780269097,-2.183730748054532e-05
432584.0,24,14813461.936976472,-19655741.679226775,8955813.938660815,-102.56509207862928,1279.071822053624,2844.794174696204,-2.1829241697787466e-05
433184.0,24,14742267.635366622,-18826339.824719332,10624716.12081786,-131.47175608092698,1484.6706980322294,2714.181440681736,-2.1821386023773043e-05
433784.0,24,14659138.572730586,-17875413.677296393,12208548.931645824,-142.40437226760378,1683.6566643447954,2561.451498707399,-2.1813717686368772e-05
434384.0,24,14574709.409705061,-16807813.63641213,13694382.297389675,-135.92746646800606,1873.112501564119,2387.773979306007,-2.1806212217005614e-05
434984.0,24,14499169.559992198,-15630106.632322084,15070050.36409555,-112.95866510200335,2050.2422564154476,2194.522454399297,-2.179884365802136e-05
435584.0,24,14442055.917831311,-14350486.992499636,16324270.449851386,-74.75196530885864,2212.424835173417,1983.2627894042232,-2.1791584789700444e-05
436184.0,24,14412057.867493413,-12978655.973282734,17446753.9524021,-22.872331020457068,2357.2650173401166,1755.739497937343,-2.17847500910916e-05
436784.0,24,14416838.342662413,-11525672.251396183,18428308.061571658,40.82922724603213,2482.638466123969,1513.8544419502334,-2.1777625222325093e-05
437384.0,24,14462876.189804638,-10003775.730684603,19260925.443114102,114.26101388970301,2586.7353167364013,1259.6527017426286,-2.1770523313719524e-05
437984.0,24,14555331.072932856,-8426188.97130464,19937861.86380083,195.12721478007677,2668.093402525138,995.2966400439727,-2.1763414660518007e-05
438584.0,24,14697935.717323016,-6806899.585537266,20453699.839793786,280.97577739127195,2725.6264464573505,723.0430026233739,-2.1756269621265486e-05
439184.0,24,14892916.953472784,-5160428.405865285,20804397.588544663,369.24819742050136,2758.6439992384194,445.21775705368356,-2.1749058895612503e-05
439784.0,24,15140947.323096156,-3501588.1939587053,20987322.65001896,457.33140930807934,2766.863124513637,164.1901179607405,-2.1741753797296986e-05
440384.0,24,15441128.142977182,-1845237.9064414336,21001269.852528214,542.6105611582566,2750.411617284084,-117.65373443036948,-2.1734326518507113e-05
440984.0,24,15791004.187708626,-206037.58945597056,20846463.598712813,622.5214463982214,2709.8227731873967,-397.93673776267644,-2.1726750382054292e-05
441584.0,24,16186609.424796032,1401791.106092506,20524544.740322832,694.6013958952151,2646.021952135996,-674.3163479179498,-2.1719000078098965e-05
442184.0,24,16622542.538128804,2964694.00692615,20038542.58675977,756.5375026804561,2560.305391132633,-944.5088067674567,-2.171105188256045e-05
442784.0,24,17092070.329220317,4469998.644970228,19392832.84334702,806.2111527110062,2454.3119101564316,-1206.3118771367742,-2.170288385478846e-05
443384.0,24,17587256.5148099,5906109.774696119,18593082.644142155,841.7393358320198,2329.9898475101013,-1457.6289499147836,-2.169481737172399e-05
443984.0,24,18099112.94658897,7262681.370266651,17646183.141760085,861.503820431786,2189.5509975968926,-1696.4745540950717,-2.1686152069454538e-05
444584.0,24,18617769.726114873,8530766.327095376,16560172.363886505,864.1878659112812,2035.4354049717365,-1921.0108975661753,-2.1677213444960714e-05
445184.0,24,19132660.84183459,9702934.901145233,15344148.568068415,848.7932509800042,1870.2577264314457,-2129.5480836832244,-2.166798819434577e-05
445784.0,24,19632721.160429135,10773366.084843904,14008176.023391409,814.6573341839122,1696.7590000968971,-2320.558967584542,-2.1658465424411178e-05
446384.0,24,20106590.90342918,11737908.315550502,12563184.717752747,761.4621320518597,1517.755824650431,-2492.6880170196737,-2.164863670279286e-05
446984.0,24,20542823.602323223,12594109.655039921,11020865.44760182,689.2368022124015,1336.08951038829,-2644.757728132177,-2.1638496084015736e-05
447584.0,24,20930093.627333485,13341217.710789897,9393561.717214305,598.3537420203255,1154.576185044121,-2775.772717072252,-2.16280401126235e-05
448184.0,24,21257399.546932045,13980150.13514673,7694159.792753551,489.5186336400275,975.9587528688417,-2884.9216495434935,-2.1617267804792407e-05
448784.0,24,21514259.803998344,14513437.049473384,5935978.152724706,363.7548673991655,802.8615068094118,-2971.577201691449,-2.1606180610027293e-05
449384.0,24,21690897.47840274,14945137.189977769,4132657.456651505,222.3828559006871,637.7480858185568,-3035.29426720113,-2.1594782354666017e-05
449984.0,24,21778411.23269829,15280729.95576246,2298052.0234623076,66.99481213509853,482.88335696594754,-3075.8066375868457,-2.1583079168989188e-05
450584.0,24,21768930.12468988,15526985.282420523,446124.42466193833,-100.56706198449365,340.2929379220368,-3093.030052689272,-2.157095679386664e-05
451184.0,24,21655748.74193033,15691817.477576079,-1409160.4918796513,-278.27260741882014,211.76094874372689,-3087.0258609461853,-2.155867094126809e-05
451784.0,24,21433444.290750522,15784117.74579945,-3253930.949104653,-463.89394229507593,98.76632811299532,-3058.0404658229268,-2.1546111428449485e-05
452384.0,24,21097969.793024123,15813578.841538057,-5074505.944288975,-655.0726541999979,2.490235514899041,-3006.4674595287424,-2.153329260718048e-05
452984.0,24,20646725.6586914,15790507.721893657,-6857485.4939007275,-849.3505962400609,-76.20403672077782,-2932.84764183514,-2.1520230584696198e-05
453584.0,24,20078607.72702569,15725631.996041149,-8589836.70172472,-1044.2090358648406,-136.77944350923826,-2837.86105110638,-2.1506943088431724e-05
454184.0,24,19394031.71594117,15629902.88574077,-10258974.958199456,-1237.1079738311223,-179.02843162972204,-2722.3188226765196,-2.1493449325415307e-05
454784.0,24,18594934.14855675,15514297.745177325,-11852840.1977988,-1425.5250885677508,-203.07118698700197,-2587.15498694676,-2.1479769837391936e-05
455384.0,24,17684750.143346403,15389625.089291917,-13359968.203523304,-1606.9937976798649,-209.3490728215777,-2433.4182951795074,-2.1465926352598808e-05
455984.0,24,16668368.74848335,15266334.952707842,-14769556.995312095,-1779.1399661573953,-198.61348930420672,-2262.2641371346613,-2.14519416349694e-05
456584.0,24,15552066.771928795,15154337.250967793,-16071528.37282633,-1939.7168289187246,-171.91042001557628,-2074.946591913431,-2.1437839331407434e-05
457184.0,24,14343422.306560554,15062830.646122897,-17256584.70324813,-2086.637732801729,-130.56095990087306,-1872.8106320136123,-2.1423643817648545e-05
457784.0,24,13051208.027955832,15000144.8414238,-18316261.627263427,-2218.005724634422,-76.13830180610398,-1657.2816851258813,-2.1409433686694434e-05
458384.0,24,11685273.94984584,14973594.835352184,-19242973.27938289,-2332.143385617654,-10.44064949558458,-1429.8692374146715,-2.1395126876058573e-05
458984.0,24,10256401.364657007,14989357.838637635,-20030058.93331313,-2427.6132229658915,64.53761316336204,-1192.1428701091786,-2.1380802808584874e-05
459584.0,24,8776156.634774227,15052363.035751613,-20671819.28143122,-2503.2410145361237,146.63846485253907,-945.7358880129271,-2.1366487219227493e-05
460184.0,24,7256726.996563898,15166204.141689658,-21163551.288172226,-2558.1322930634615,233.57458772890357,-692.3352384671882,-2.1352205791354567e-05
460784.0,24,5710748.57633409,15333072.619309917,-21501578.03188901,-2591.68564570161,322.9656159460964,-433.6740916310864,-2.133798400017653e-05
461384.0,24,4151129.1089067687,15553712.606455795,-21683274.18823265,-2603.6020035357915,412.3758549539848,-171.52444207844425,-2.1324134364922584e-05
461984.0,24,2590859.0210110405,15827401.20282418,-21707086.471422072,-2593.8898288355804,499.3527537621598,92.31133929957493,-2.13101066584654e-05
462584.0,24,1042835.3377717216,16151947.181311501,-21572550.08269221,-2562.8659608723087,581.4663846232004,356.0076012140205,-2.1296212203637892e-05
463184.0,24,-480328.2855860265,16523718.267189981,-21280299.692246847,-2511.152256389328,656.3485408632503,617.7245451568539,-2.1282474084145145e-05
463784.0,24,-1966480.8699581372,16937689.349269904,-20832075.408622555,-2439.66781085205,721.7316560311284,875.6169890022305,-2.1268914399946895e-05
464384.0,24,-3404108.9242285127,17387514.278379776,-20230723.257143162,-2349.6168450401588,775.4867761607625,1127.843821729038,-2.125555411573109e-05
464984.0,24,-4782503.701075169,17865620.248567037,-19480189.22749851,-2242.4724755138004,815.6614630374268,1372.577695252664,-2.124246825876516e-05
465584.0,24,-6091912.632726222,18363322.469061274,-18585510.031951483,-2119.955248127728,840.5091007453293,1608.017144480152,-2.1229564401668203e-05
466184.0,24,-7323686.2176185865,18870961.286553692,-17552791.889761858,-1984.0098686605372,848.5288959918511,1832.3956383029986,-2.1216914545200968e-05
466784.0,24,-8470400.31505913,19378055.164166197,-16389187.370383067,-1836.7756597013063,838.4898331242665,2043.9951240562848,-2.1204533656105538e-05
467384.0,24,-9525964.457696926,19873471.467923842,-15102862.503381066,-1680.5547365708137,809.4575210802626,2241.158250834497,-2.119243486007732e-05
467984.0,24,-10485709.122985728,20345611.136326704,-13702956.56840889,-1517.7766734078946,760.8156849972072,2422.301587264699,-2.1180629318120755e-05
468584.0,24,-11346450.961452302,20782604.91641407,-12199533.778958688,-1350.9603457251899,692.2830711053931,2585.929356001477,-2.1169126111816435e-05
469184.0,24,-12106534.424543943,21172518.27026458,-10603526.57201447,-1182.6734356456357,603.925291566918,2730.64757362951,-2.115793213908781e-05
469784.0,24,-12765848.547531368,21503561.783073865,-8926670.294132758,-1015.4901610097377,496.16118291035366,2855.178449549037,-2.114705202216101e-05
470384.0,24,-13325818.000797324,21764303.663808066,-7181429.174858012,-851.9478629353523,369.7633141449917,2958.3748616677335,-2.1136488029488104e-05
470984.0,24,-13789367.924177218,21943880.73178446,-5380913.60069116,-694.5031554951786,225.85235958891815,3039.2346915967764,-2.112624001344516e-05
471584.0,24,-14160862.500402123,22032204.13768975,-3538788.846148288,-545.4884028177657,65.88514740475057,3096.9147690398513,-2.1116305365613972e-05
472184.0,24,-14446018.143939905,22020155.839694735,-1669174.9845804188,-407.0758134655912,-108.3707042273054,3130.736147369968,-2.110684168556178e-05
472784.0,24,-14651789.748841327,21899772.826323137,213458.23835668585,-281.21139380384216,-294.83321839573273,3140.228406101812,-2.1097515920290008e-05
473384.0,24,-14786237.081005938,21664413.364483166,2094408.1742335032,-169.61561061924772,-491.179637513374,3125.092612897944,-2.1088480795150785e-05
473984.0,24,-14858366.783181552,21308904.11803543,3958858.463558809,-73.72435097391758,-694.8543917908626,3085.2427968963625,-2.107972382243037e-05
474584.0,24,-14877956.51212423,20829663.03225092,5792004.732879715,5.3340293965172805,-903.1182956644752,3020.8053551958064,-2.1071230150130597e-05
475184.0,24,-14855362.941871047,20224795.67811291,7579183.884214422,66.76256660675699,-1113.0951543468016,2932.124250615175,-2.1062982653720027e-05
475784.0,24,-14801317.215145314,19494162.397747923,9306005.735342195,110.11349407918169,-1321.8221923660576,2819.763682707972,-2.1054962053362452e-05
476384.0,24,-14726711.6649802,18639414.244050577,10958485.408237685,135.2994032626409,-1526.3033442783753,2684.507995499469,-2.1047147056365258e-05
476984.0,24,-14642381.943101015,17663996.32532331,12523174.739012334,142.5973074544636,-1723.564324490116,2527.358639476121,-2.1039514524102282e-05
477584.0,24,-14558888.915532513,16573117.849548537,13987290.895747138,132.6453177301869,-1910.7082954569662,2349.5280706588073,-2.1032039662158186e-05
478184.0,24,-14486304.806397285,15373688.895133866,15338840.346500661,106.43182036458188,-2084.9708875880206,2152.4305441494125,-2.1024696231930314e-05
478784.0,24,-14434008.078229332,14074224.694676762,16566736.322987903,65.27723890301093,-2243.773295067913,1937.6698406776654,-2.10174567814279e-05
479384.0,24,-14410491.482636932,12684718.733600207,17660907.959003564,10.808428595847545,-2384.772608534302,1707.0264819762845,-2.101017012606211e-05
479984.0,24,-14423187.020782687,11216488.241147414,18612399.540065967,-55.07246491299702,-2505.905586656221,1462.4300789010686,-2.100305279617014e-05
480584.0,24,-14478312.77017718,9681992.471237019,19413457.91797046,-130.2272159111817,-2605.4312990148774,1205.953439833217,-2.0995952337204842e-05
481184.0,24,-14580743.223070752,8094629.947552375,20057607.403831653,-212.3239223607103,-2681.962827682569,939.7804176906086,-2.098883903129651e-05
481784.0,24,-14733907.2483248,6468517.587071858,20539710.40360164,-298.8844432282531,-2734.493913705205,666.1841556731022,-2.098168328114013e-05
482384.0,24,-14939715.306611115,4818256.511563949,20856013.250197306,-387.33471724384066,-2762.417226533933,387.5017156259655,-2.0974455887162255e-05
482984.0,24,-15198517.472494218,3158689.4211668056,21004176.61207532,-475.0569374341433,-2765.534317137026,106.10799692312537,-2.0967128319071485e-05
483584.0,24,-15509093.00863628,1504654.5691024873,20983290.21590157,-559.4423568723062,-2744.057088667349,-175.61054621253024,-2.0959672978033666e-05
484184.0,24,-15868671.50207202,-129258.59570498159,20793871.920625094,-637.9435011942164,-2698.6008496927107,-455.28188686815173,-2.095206344595787e-05
484784.0,24,-16272984.84928818,-1728947.159045186,20437851.470677167,-708.1246027242973,-2630.169238551269,-730.5736280588729,-2.0944274718709503e-05
485384.0,24,-16716348.688197166,-3281021.121674477,19918539.52773653,-767.7091466595456,-2540.131514722716,-999.2169854508726,-2.0936283420468885e-05
485984.0,24,-17191771.241298623,-4773014.058313706,19240582.82529597,-814.6235271714875,-2430.192896751405,-1259.029161721728,-2.092806799690987e-05
486584.0,24,-17691087.013505828,-6193574.802124587,18409906.40064187,-847.035549395288,-2302.360321841772,-1507.9358540211933,-2.091995009489305e-05
487184.0,24,-18205112.094220463,-7532632.595502139,17433644.804029748,-863.3894813774035,-2158.8954210232223,-1743.9810500594986,-2.0911230047741002e-05
487784.0,24,-18723817.864908785,-8781543.72106972,16320061.813843118,-862.4309332532464,-2002.2784503045275,-1965.3558341413884,-2.090223372507533e-05
488384.0,24,-19236519.27578475,-9933202.721417017,15078462.747665057,-843.2295780950004,-1835.154234131673,-2170.4029883101944,-2.089294831181273e-05
488984.0,24,-19732073.699982155,-10982127.887104563,13719098.721367504,-805.1930852222251,-1660.2835811086086,-2357.6300799892,-2.0883363416121913e-05
489584.0,24,-20199086.452193607,-11924515.693977218,12253065.282470047,-748.0748319382606,-1480.492372724333,-2525.7178111601784,-2.087347111453228e-05
490184.0,24,-20626118.97358983,-12758264.717944399,10692196.725780964,-671.9750526733545,-1298.62083216481,-2673.5259435464945,-2.0863265973172306e-05
490784.0,24,-21001895.80539857,-13482969.418337062,9048957.503630152,-577.3356623571816,-1117.4739401967877,-2800.0969299895823,-2.085274504635165e-05
491384.0,24,-21315506.65011392,-14099884.735823486,7336332.056201871,-464.92910733637916,-939.7738773045671,-2904.657421399679,-2.0841907853940325e-05
491984.0,24,-21556600.060434688,-14611862.949751716,5567714.280017643,-335.8416938898015,-768.1152703348348,-2986.6178479068362,-2.0830756339174452e-05
492584.0,24,-21715565.58973018,-15023264.676127916,3756797.7302019345,-191.45192092601349,-604.9239127997055,-3045.57029231266,-2.0819294808634266e-05
493184.0,24,-21783701.572107516,-15339846.257459242,1917467.5203005192,-33.40440021604422,-452.4195152176774,-3081.284884222138,-2.0807529856199446e-05
493784.0,24,-21753366.161773298,-15568625.696843183,63695.19189419553,136.41284445007068,-312.5765215616084,-3093.7127971165633,-2.0795813446616188e-05
494384.0,24,-21618108.934228864,-15717732.239484154,-1790565.3219963135,315.93032237810144,-187.12150802266387,-3082.9489786592967,-2.0783470183328304e-05
494984.0,24,-21372782.91789249,-15796237.125501476,-3631474.017918322,502.88884312258233,-77.47258489640512,-3049.272544259852,-2.0770856032111464e-05
495584.0,24,-21013633.612906348,-15813975.23555195,-5445400.497062067,694.9062944079008,15.253481423257654,-2993.10807411828,-2.075798571722536e-05
496184.0,24,-20538365.71601597,-15781356.303539969,-7219013.518327814,889.5088353642211,90.25994442008619,-2915.0257349434787,-2.0744875691242128e-05
496784.0,24,-19946186.322171673,-15709170.39202553,-8939366.072678506,1084.170127360924,147.07739297991338,-2815.733264464996,-2.073154399857717e-05
497384.0,24,-19237824.520920724,-15608390.512275577,-10593975.567346403,1276.3506200688955,185.56595519861412,-2696.0678083820076,-2.0718010133911465e-05
497984.0,24,-18415527.523874193,-15489975.419474557,-12170899.060719399,1463.5363552962133,205.91253962219344,-2556.987717093533,-2.070429489654608e-05
498584.0,24,-17483033.772060122,-15364675.508351168,-13658803.547982907,1643.276788006728,208.62331153654668,-2399.5643852330504,-2.069042024158011e-05
499184.0,24,-16445523.761496652,-15242844.602229374,-15047031.34240834,1813.2211618950055,194.51164252338128,-2224.974193385333,-2.0676409128660065e-05
499784.0,24,-15309549.591480292,-15134260.27381834,-16325660.628007924,1971.1530149051116,164.68180525039566,-2034.4905888523142,-2.066228536891554e-05
500384.0,24,-14082944.483125262,-15047955.16281802,-17485561.276817884,2115.022427375795,120.50871346622489,-1829.4763213044967,-2.0648073470575506e-05
500984.0,24,-12774713.740976343,-14992061.605346441,-18518446.16237398,2242.9747917986824,63.61695402377961,-1611.3749704066536,-2.06336737155229e-05
501584.0,24,-11394908.8921517,-14973671.486399386,-19416917.284035765,2353.381164590011,-4.157939450751769,-1381.7068878100192,-2.0619360932404526e-05
502184.0,24,-9954486.414450431,-14998713.40663526,-20174508.649894487,2444.856083991109,-80.78249708932753,-1142.0566943705637,-2.0605036170777094e-05
502784.0,24,-8465154.00162303,-15071848.734220577,-20785723.583957452,2516.281559510264,-164.0692186183511,-894.0693313033166,-2.059072516991617e-05
503384.0,24,-6939205.534162231,-15196387.853820182,-21246068.174897637,2566.8224095775804,-251.70862131049716,-639.4418567061562,-2.0576453585358144e-05
503984.0,24,-5389347.511248532,-15374227.873994717,-21552080.20079378,2595.938750251714,-341.3058155280024,-379.91600280880726,-2.056224683234755e-05
504584.0,24,-3828519.2176800165,-15605812.696922716,-21701353.56528315,2603.394449260986,-430.41841505249164,-117.27057352049886,-2.0548129929512398e-05
505184.0,24,-2269709.081775643,-15890116.119434593,-21692558.131581344,2589.2614147708264,-516.5953464240093,146.6863969006849,-2.0534127342951325e-05
505784.0,24,-725769.7478769072,-16224648.369154507,-21525454.791420735,2553.9196202419635,-597.4161055386512,410.12580441769995,-2.05202628309682e-05
506384.0,24,790765.5646526152,-16605486.204776648,-21200905.55641222,2498.052800812896,-670.529993312096,671.2060337807436,-2.0506559289760487e-05
506984.0,24,2267862.8165513612,-17027326.424868405,-20720878.41143267,2422.639793556993,-733.6948456627076,928.0819892775454,-2.0493038600457403e-05
507584.0,24,3694160.413731589,-17483562.335076354,-20088446.625294585,2328.9415344437666,-784.8147570008848,1178.914664135289,-2.047972147800995e-05
508184.0,24,5059133.040735715,-17966382.316440497,-19307782.24887417,2218.4858321988163,-821.9755307786256,1421.878694882318,-2.046650466468303e-05
508784.0,24,6353245.73356552,-18466889.966812953,-18384142.93725819,2093.037660823385,-843.4820326054923,1655.1836351524937,-2.0453651482859663e-05
509384.0,24,7568090.13532768,-18975243.307766065,-17323853.036200084,1954.5860043215398,-847.8846481112193,1877.0696439241904,-2.0441055538450872e-05
509984.0,24,8696508.064560372,-19480812.54136945,-16134276.595012989,1805.3063806808016,-834.0113345432757,2085.8301446249493,-2.0428731431846217e-05
510584.0,24,9732694.661467023,-19972353.6374681,-14823783.47609233,1647.5300913425535,-800.9914400739183,2279.8219298900876,-2.0416691896231642e-05
511184.0,24,10672281.270697352,-20438195.60252478,-13401707.508862251,1483.7082721378158,-748.2762940263481,2457.4784922672575,-2.040494767564012e-05
511784.0,24,11512395.938523127,-20866438.74410109,-11878296.473013815,1316.3732144048379,-675.655110239495,2617.3238519109086,-2.0393507412230027e-05
512384.0,24,12251700.027564336,-21245160.976769447,-10264653.637184007,1148.097457830719,-583.2657386278463,2757.986762863106,-2.038237754440317e-05
512984.0,24,12890399.77420173,-21562628.948309936,-8572670.662128545,981.4512314249873,-471.59985002242786,2878.215144161371,-2.0371562217474506e-05
513584.0,24,13430231.980746482,-21807510.532724377,-6814951.782395438,818.9588917953697,-341.50220512014266,2976.890546256738,-2.036106320867575e-05
514184.0,24,13874423.444332656,-21969085.048858643,-5004729.307303016,663.0550757433625,-194.1637407875511,3053.0424283820234,-2.0350879868307682e-05
514784.0,24,14227624.173512155,-22037447.430643104,-3155770.629530284,516.0413439158351,-31.108306418478378,3105.8619901163815,-2.0341009078843882e-05
515384.0,24,14495815.196408387,-22003702.43285287,-1282276.6918058686,380.0515674400772,145.83490252189426,3134.7055388473736,-2.03317860334754e-05
515984.0,24,14686190.42284732,-21860145.56884134,601225.1836785378,256.9826293346707,334.5254632534011,3139.145499054624,-2.0322520908683863e-05
516584.0,24,14807017.866590474,-21600425.508116838,2479999.0749575496,148.50136398833297,532.5919960132858,3118.9226436336166,-2.0313544082806783e-05
517184.0,24,14867477.705590904,-21219686.671988472,4339220.695678127,55.982717159838785,737.4375808829207,3073.994146298399,-2.0304842575956943e-05
517784.0,24,14877482.88293124,-20714686.842214912,6164104.068184672,-19.511261302558978,946.2908989504406,3004.530813245254,-2.0296401060498434e-05
518384.0,24,14847484.237607492,-20083887.70100043,7940031.41932657,-77.25408892122687,1156.2536965920983,2910.921784253298,-2.028820195802713e-05
518984.0,24,14788263.83880944,-19327515.713059224,9652685.110743131,-116.8713359543774,1364.3518860116487,2793.7766543801768,-2.028022556181688e-05
431984.0,25,3697991.859588904,-15569482.326974912,-21558216.530467853,2655.9888065679665,3.2775052113213405,486.24153778366144,0.000427846381834345
432584.0,25,5279214.992086834,-15594061.73294863,-21186915.87170582,2611.1848621922254,-84.37536291403802,750.7620593855315,0.00042784676537049074
433184.0,25,6826938.433504776,-15669643.781012438,-20658323.30151067,2544.422518642136,-166.289773070396,1010.235691458156,0.0004278470158074887
433784.0,25,8328235.610719372,-15792063.692500481,-19976035.73109049,2456.578969147571,-240.08090198802586,1262.7649862908604,0.00042784711831100316
434384.0,25,9770800.169076236,-15955763.62674115,-19144779.70740461,2348.8436050220134,-303.4973964025081,1506.4828098537757,0.00042784705905259373
434984.0,25,11143128.525303043,-16153884.675984398,-18170389.73085457,2222.7015425042136,-354.46081123498607,1739.5645137632239,0.0004278468253145775
435584.0,25,12434691.12451705,-16378381.907914078,-17059779.177302137,2079.91235516509,-391.10287906440624,1960.2404686425325,0.00042784640559010573
436184.0,25,13636089.45651105,-16620161.070262525,-15820903.6623169,1922.4856533282139,-411.79530597994494,2166.8061386821023,0.0004278457645359133
436784.0,25,14739196.955371179,-16869234.54632315,-14462716.357119309,1752.6453022340058,-415.1997816776907,2357.646368297255,0.0004278449436012637
437384.0,25,15737279.172640668,-17114895.705175035,-12995115.81984095,1572.803365897176,-400.26649570383245,2531.2318149101625,0.0004278439103339063
437984.0,25,16625093.890087932,-17345907.393296514,-11428885.412733167,1385.5171667238046,-366.27596897969636,2686.143612848801,0.00042784265894664367
438584.0,25,17398966.912306853,-17550702.87862552,-9775624.85047989,1193.4497729584566,-312.8517556963325,2821.0838219519665,0.0004278411852620451
439184.0,25,18056842.79666074,-17717595.65147149,-8047673.7590191765,999.3267604490934,-239.9724991006699,2934.888506589163,0.0004278394867653269
439784.0,25,18598309.065808136,-17834994.723141715,-6258027.449730196,805.8911596343605,-147.97810136250064,3026.540422796965,0.0004278375626459492
440384.0,25,19024593.01669102,-17891621.78941288,-4420245.199824672,615.8573092602878,-37.569703505912,3095.1811177270024,0.00042783541382695415
440984.0,25,19338530.691419486,-17876726.470569212,-2548351.4556636238,431.86439731568817,90.19673097475629,3140.1222289976567,0.00042783304298112123
441584.0,25,19544508.059971053,-17780295.747460652,-656730.5104289168,256.43051728040336,233.92332431326236,3160.8557592300344,0.0004278304545330922
442184.0,25,19648374.97424641,-17593253.69164948,1239984.6520039034,91.90810115051659,391.88965729395295,3157.0630940531837,0.00042782765464672776
442784.0,25,19657332.97827801,-17307647.643778116,3127028.512759286,-59.55839291933626,562.0784471639045,3128.6225311250996,0.00042782465119709277
443384.0,25,19579798.62572847,-16916817.08042729,4989623.174832498,-196.06571794763045,742.2121135686427,3075.610064596078,0.0004278218937276674
443984.0,25,19425244.184906337,-16415542.009225924,6813101.580471918,-316.01056465316697,929.7702576103709,2998.3233661072063,0.0004278185133568548
444584.0,25,19204019.09273071,-15800166.899367394,8583032.093442172,-418.0850791111467,1122.0619195145173,2897.253430133657,0.00042781496279788227
445184.0,25,18927154.203567687,-15068698.45112799,10285343.775477938,-501.32478701348987,1316.2518116309293,2773.1041420832403,0.0004278112561723075
445784.0,25,18606153.175262813,-14220874.116011923,11906450.42981914,-565.1216651569707,1509.4153640361844,2626.7843494596596,0.000427807408934242
446384.0,25,18252774.509971455,-13258199.898287512,13433372.14200405,-609.2362355023173,1698.5911112366753,2459.4024722315435,0.0004278034377484922
446984.0,25,17878808.43855305,-12183956.230894122,14853852.779544882,-633.802610400091,1880.8345050097914,2272.258604112382,0.0004277993603550393
447584.0,25,17495852.96220219,-11003171.412139423,16156471.948997468,-639.3262612873993,2053.272046364671,2066.8341295892324,0.00042779519542111475
448184.0,25,17115093.45061872,-9722562.766889796,17330749.945002187,-626.6744496195379,2213.154593286966,1844.7789378356815,0.000427790962382373
448784.0,25,16747090.17874799,-8350446.3846007865,18367244.295733087,-597.0594327162983,2357.908695599672,1607.8963712484767,0.0004277866812748856
449384.0,25,16401578.06138518,-6896616.967457107,19257636.612012044,-552.0147329262862,2485.184835390566,1358.1261011042097,0.00042778237255987366
449984.0,25,16087282.617723156,-5372199.975633768,19994808.58102842,-493.36493006689545,2592.9015111665444,1097.525173582194,0.0004277780569432497
450584.0,25,15811755.865050353,-3789478.6971004056,20572906.163972538,-423.18946998315323,2679.2853847690258,828.2476629617129,0.00042777372970240234
451184.0,25,15581235.445817795,-2161700.685169753,20987390.82231307,-343.78191776213225,2742.89948677999,552.5224125923128,0.00042776946236250743
451784.0,25,15400529.77347925,-502864.35403300193,21235078.124064226,-257.6041652355319,2782.676693173841,272.63120434468584,0.00042776524987175565
452384.0,25,15272931.365756078,1172505.7712753194,21314161.963058643,-167.2380607577732,2797.933990242731,-9.114767029109942,0.0004277611120847467
452984.0,25,15200160.039050845,2849594.147460911,21224225.31665543,-75.33468709775585,2788.385157244449,-290.3979829356914,0.0004277570681983611
453584.0,25,15182336.88479048,4513533.6095638955,20966237.11761725,15.437388574892111,2754.1444784789646,-568.9175434763599,0.0004277531365866228
454184.0,25,15217989.327473043,6149644.666441339,20542535.58075123,102.44380293472216,2695.722699454003,-842.4115050466485,0.0004277493346453416
454784.0,25,15304086.899486419,7743670.105155925,19956798.443969388,183.13493670717156,2614.015420399469,-1108.67828342835,0.00042774567864818885
455384.0,25,15436106.731596606,9282000.480724571,19214000.76744446,255.09427173205643,2510.284292081419,-1365.5968263695906,0.0004277421836156289
455984.0,25,15608127.160185944,10751886.331430364,18320361.0970391,316.0836069053886,2386.1315344965383,-1611.1452999400803,0.00042773886319787526
456584.0,25,15812947.307163104,12141633.310339672,17283276.93592135,364.0842743371679,2243.4684343912168,-1843.4180781395532,0.0004277357295727823
457184.0,25,16042230.007873604,13440776.8479959,16111250.579041637,397.33361416518267,2084.4785895195573,-2060.640873397402,0.00042773279335931493
457784.0,25,16286664.983025879,14640233.339356992,14813806.526175924,414.3613385563516,1911.5745534274722,-2261.186598095542,0.000427730503456685
458384.0,25,16536149.35819842,15732425.95698796,13401401.306983648,413.9936551546624,1727.361790654378,-2443.575630964895,0.00042772798743815927
458984.0,25,16779980.723802976,16711382.565219348,11885327.526659574,395.40448174584174,1534.5789241226955,-2606.5012483589144,0.0004277256907108006
459584.0,25,17007060.621880226,17572804.720891155,10277612.967022486,358.10663328119256,1336.0571612903514,-2748.825680505868,0.00042772361711184017
460184.0,25,17206103.39595291,18314107.483953096,8590915.954896195,301.96366592353934,1134.6689271853909,-2869.5879375393083,0.00042772176872567447
460784.0,25,17365847.048336435,18934429.542039886,6838418.240249238,227.1899316388849,933.2787683683653,-2968.0069951582336,0.000427720145890791
461384.0,25,17475262.2770168,19434614.166375693,5033716.449966351,134.34449000757172,734.6954006292585,-3043.4832218122438,0.0004277187472204503
461984.0,25,17523756.08324733,19817161.918270595,3190713.1364424573,24.319169754518725,541.6256969254157,-3095.5981859709614,0.0004277175696362487
462584.0,25,17501366.54389988,20086156.48343362,1323508.3553953262,-101.67883777758584,356.6313363594013,-3124.1129954582493,0.00042771660841361747
463184.0,25,17398945.595538136,20247165.421798542,-553707.3844236125,-242.14939586237665,182.0887516182106,-3128.9653283851358,0.00042771585723827045
463784.0,25,17208326.971358612,20307117.97956613,-2426758.0522828856,-395.3263324659961,20.152924184168796,-3110.265317370706,0.00042771530827259707
464384.0,25,16922476.758848518,20274162.415433694,-4281584.255885451,-559.2082789319547,-127.27451358959934,-3068.2904460933178,0.0004277149522309998
464984.0,25,16535624.602402138,20157505.46723056,-6104341.907275025,-731.5895974845973,-258.5770856297804,-3003.482899394228,0.0004277147534270929
465584.0,25,16043372.588562202,19967237.369728647,-7881497.810163951,-910.110421864345,-372.42756417578187,-2916.429799824528,0.00042771475004177174
466184.0,25,15442782.97685032,19714144.075116806,-9599919.914582388,-1092.275610438882,-467.8321028896273,-2807.875682646786,0.00042771490389944194
466784.0,25,14732440.662501032,19409511.76582568,-11246963.920166796,-1275.508702000728,-544.1242229566278,-2678.7017448433407,0.0004277152008213016
467384.0,25,13912491.65126441,19064925.36259672,-12810554.874759221,-1457.1897457056753,-600.9757673344077,-2529.921122712595,0.00042771562565877783
467984.0,25,12984656.582706925,18692064.798439972,-14279263.876735834,-1634.6967896940407,-638.3981488495492,-2362.6706244381685,0.0004277161624036648
468584.0,25,11952219.437556019,18302502.116227046,-15642379.712829702,-1805.447011604736,-656.7384072212348,-2178.202257037579,0.00042771679430145075
469184.0,25,10819991.822143927,17907502.46669018,-16889975.325992264,-1966.9369285333576,-656.6702250150032,-1977.874595320927,0.00042771750396725864
469784.0,25,9594253.552027492,17517831.975810535,-18012969.033668056,-2116.781151705883,-639.1801055649015,-1763.1440244795776,0.0004277182735038781
470384.0,25,8282670.567877616,17143575.312352933,-19003180.43304289,-2252.7491815275243,-605.5489641877754,-1535.5558729814288,0.0004277190846214213
470984.0,25,6894191.508364113,16793965.620495617,-19853380.937031817,-2372.7997711408107,-557.329428061229,-1296.735438867891,0.00042771991875817595
471584.0,25,5438924.535954529,16477229.29161905,-20557338.883844282,-2475.1124207932803,-496.31918048513916,-1048.378900574991,0.0004277207572022618
472184.0,25,3927996.6353191566,16200447.807501974,-21109859.041798227,-2558.1156146835783,-424.5276139334065,-792.2424793445847,0.00042772202107150214
472784.0,25,2373395.225640719,15969438.848006412,-21506817.098786507,-2620.5112303405976,-344.15481636790685,-530.1394605059915,0.0004277228120400751
473384.0,25,787799.8456576322,15788658.022399604,-21745187.41437903,-2661.295610262176,-257.53685924398644,-263.921053444006,0.00042772355150249945
473984.0,25,-815600.7126761683,15661123.252292586,-21823065.97483733,-2679.775515546068,-167.11973824252482,4.527067198051056,0.00042772422136590254
474584.0,25,-2423298.103915465,15588362.644221803,-21739686.968218375,-2675.580145768121,-75.41610235404806,273.296429034382,0.0004277248039949265
475184.0,25,-4021660.1534877867,15570386.885610199,-21495433.335506804,-2648.6683300134428,15.036174458426501,540.4661502146125,0.00042772528233056415
475784.0,25,-5597129.447258301,15605686.72769972,-21091841.027274888,-2599.330875004097,101.71611768822822,804.1136675576731,0.0004277256400071233
476384.0,25,-7136421.857110791,15691255.803279955,-20531596.753386043,-2528.187969821212,182.16190303691445,1062.3258311402644,0.00042772586146682496
476984.0,25,-8626722.028982496,15822638.680791615,-19818528.997581147,-2436.181601242214,254.01264520625296,1313.210382760017,0.00042772593207148423
477584.0,25,-10055872.848650219,15994003.700015545,-18957592.059495997,-2324.562992186006,315.0491217937149,1554.9078238455536,0.00042772583821066375
478184.0,25,-11412555.925165161,16198239.770527814,-17954842.885457277,-2194.8751383531394,363.2328195104767,1785.6036639454646,0.0004277255674056247
478784.0,25,-12686460.194705462,16427075.945507392,-16817410.457941987,-2048.9305848651793,396.7426860160451,2003.541024034144,0.0004277251084083361
479384.0,25,-13868435.705181351,16671222.29637134,-15553457.680616954,-1888.784965982059,414.0063014237986,2207.0325813796007,0.00042772489206253483
479984.0,25,-14950631.053609885,16920529.657852713,-14172134.591699908,-1716.704806918696,413.7409703726437,2394.477664273372,0.00042772402831011173
480584.0,25,-15926608.57165927,17164167.244175993,-12683525.491280816,-1535.1342251890305,394.963727253445,2564.3695556509842,0.0004277229508999866
481184.0,25,-16791440.539141327,17390813.84908708,-11098586.015482048,-1346.6555408494014,357.0238398518653,2715.3129276616314,0.00042772165436891284
481784.0,25,-17541779.724355243,17588860.880622596,-9429073.236171182,-1153.9481801497411,299.61653431823527,2846.036070237825,0.0004277201348751977
482384.0,25,-18175904.797886018,17746623.57250882,-7687467.611212696,-959.7450103012125,222.7938790140363,2955.403906041369,0.00042771839024936044
482984.0,25,-18693739.01222469,17852556.96723963,-5886887.199329503,-766.7870013899344,126.96971290992042,3042.43057487955,0.0004277164200333057
483584.0,25,-19096841.350276936,17895473.00137001,-4040994.4554920457,-577.7769498440127,12.918333344385019,3106.2913880882356,0.0004277142255070422
484184.0,25,-19388369.80470336,17864754.880418234,-2163896.050648199,-395.3330547460844,-118.233241608875,3146.3339375831397,0.0004277118097020376
484784.0,25,-19573016.940385155,17750564.85242536,-270036.2957298142,-221.9431832020889,-265.01950747512615,3162.088132989422,0.0004277091774003816
485384.0,25,-19656918.405993655,17544041.483198922,1625915.1090328577,-59.92069108024043,-425.6571508614652,3153.274934484112,0.0004277063351190437
485984.0,25,-19647535.587763213,17237482.608880088,3509180.136228393,88.63732199493802,-598.0719825506235,3119.813549640611,0.00042770329107865476
486584.0,25,-19553514.206721067,16824510.054854214,5364993.5222178865,221.88361096434176,-779.9356059322649,3061.8229659278877,0.0004277000294562358
487184.0,25,-19384520.620918863,16300213.990884524,7178725.650931248,338.2742537488615,-968.6883229534869,2979.641004670748,0.0004276966130943823
487784.0,25,-19151059.73078142,15661271.049995821,8936008.089600077,436.5695001963828,-1161.6056876793461,2873.802295640973,0.00042769302930795226
488384.0,25,-18864276.257627565,14906036.547918513,10622858.560717765,515.8763077230908,-1355.830003688881,2745.0528355685265,0.0004276892925011338
488984.0,25,-18535743.876311112,14034606.83462248,12225804.582189623,575.6611156995798,-1548.4248164401965,2594.342690215525,0.0004276854183870029
489584.0,25,-18177245.854984757,13048850.65123389,13732004.309020197,615.7605268191187,-1736.4276791032278,2422.8200927215817,0.0004276814238627728
490184.0,25,-17800551.407311138,11952408.401992071,15129363.024650758,636.3848799095226,-1916.9041227709308,2231.823033507863,0.00042767732687161745
490784.0,25,-17417192.09669882,10750658.96445397,16406643.78513716,638.1145196799404,-2087.001714194079,2022.868378006267,0.00042767314625237663
491384.0,25,-17038242.69705152,9450654.342284925,17553570.76244941,621.8887373168478,-2244.0030540390617,1797.6386049961463,0.0004276689015786934
491984.0,25,-16674110.875712756,8061023.153597352,18560923.909981057,588.9875306007608,-2385.3765699066385,1557.9663147155968,0.00042766461298934913
492584.0,25,-16334339.919929342,6591844.624681858,19420623.682771705,541.0065075700629,-2508.823992173744,1305.8167100046012,0.00042766030101174863
493184.0,25,-16027428.479966523,5054495.404711649,20125804.684617817,479.8254277008247,-2612.3234669880067,1043.2683033880526,0.00042765598638065384
493784.0,25,-15760670.962962989,3461469.671050861,20670877.797869395,407.5721048330659,-2694.1695392428137,772.493057140951,0.00042765161888473255
494384.0,25,-15540021.687932478,1826190.4409353398,21051576.77417442,326.5758731123824,-2752.996103752851,495.7309004122221,0.0004276473608672982
494984.0,25,-15369985.764699232,162780.38345272164,21264997.158928514,239.3284234407461,-2787.814319732115,215.27227827073577,0.00042764316180915593
495584.0,25,-15253538.30855591,-1514157.1379553368,21309615.62096885,148.4299351756711,-2798.0214679583396,-66.56843235539594,0.000427639041446224
496184.0,25,-15192073.884361438,-3189776.385997346,21185298.399900414,56.539308376318246,-2783.4130183983502,-347.47524092797323,0.0004276350188221571
496784.0,25,-15185386.823663142,-4849229.006178188,20893295.385333814,-33.67766415446209,-2744.184752514235,-625.153390852345,0.00042763111212504605
497384.0,25,-15231682.596230341,-6477900.934476158,20436221.152684458,-119.59983863230076,-2680.927237955624,-897.351327522587,0.0004276278496809547
497984.0,25,-15327619.777659092,-8061652.755997902,19818021.03191418,-198.7009018482055,-2594.6124000005593,-1161.8827030596667,0.00042762422522431493
498584.0,25,-15468381.391033761,-9587031.853817306,19043928.634327892,-268.5971500049661,-2486.5737581383414,-1416.6450086528919,0.00042762076465391666
499184.0,25,-15647774.02880777,-11041488.780970724,18120408.43277113,-327.09196642019447,-2358.4793755965975,-1659.6387754967418,0.0004276174813280342
499784.0,25,-15858352.422413778,-12413566.629884472,17055089.475462694,-372.21612302282335,-2212.2992845421486,-1888.9839844535452,0.000427614387113455
500384.0,25,-16091566.776459184,-13693071.143942844,15856689.391953852,-402.2632080919435,-2050.267760133514,-2102.934802086899,0.00042761149230218274
500984.0,25,-16337929.58412506,-14871218.454904567,14534928.953739753,-415.8237882504111,-1874.839902038857,-2299.894638945448,0.0004276082685288391
501584.0,25,-16587199.510354238,-15940748.88945727,13100445.407032942,-411.79253605912413,-1688.6521342617748,-2478.417548915645,0.0004276057968216051
502184.0,25,-16828576.334062643,-16896028.732882336,11564688.549989792,-389.41172361316524,-1494.4662956659479,-2637.230921174962,0.0004276035453548888
502784.0,25,-17050906.115907945,-17733106.95869595,9939823.312757967,-348.2654497156474,-1295.126061501451,-2775.232682093116,0.0004276015176083192
503384.0,25,-17242890.72077915,-18449750.531906452,8238623.493675167,-288.28907932486777,-1093.5062513157754,-2891.4983394888504,0.0004275997153087674
503984.0,25,-17393298.606510542,-19045448.528554782,6474364.258167786,-209.76802486006613,-892.4638970509916,-2985.2837989592717,0.00042759813844015193
504584.0,25,-17491173.04155205,-19521387.234010614,4660713.427987266,-113.33043630732163,-694.7906232736141,-3056.02644837934,0.00042759678526683206
505184.0,25,-17526034.17958483,-19880397.236511465,2811622.5635678074,0.06588784206496712,-503.1671214240316,-3103.3446523919156,0.00042759565236969284
505784.0,25,-17488071.63291688,-20126873.981147226,941218.7557699516,129.15197000836065,-320.120422430861,-3127.0358109154968,0.0004275947346939693
506384.0,25,-17368324.44860198,-20266673.64974799,-936302.0494832124,272.3710323521816,-147.98458744215418,-3127.0731421160012,0.00042759402560781546
506984.0,25,-17158845.69278887,-20306986.580309007,-2806779.4659177843,427.9062564980038,11.134652338930664,-3103.6013514195265,0.0004275935169706137
507584.0,25,-16852849.181134384,-20256190.733742923,-4656190.188967939,593.7123520691423,155.39086610397817,-3056.9313446005985,0.00042759319921002747
508184.0,25,-16444836.229754167,-20123687.970793314,-6470746.1919223415,767.5461706096523,283.2288264230335,-2987.5383058417424,0.00042759308182472504
508784.0,25,-15930700.872639475,-19919726.017023556,-8236988.387956337,947.0209333576945,393.38327056366234,-2896.0382961566297,0.00042759311184626113
509384.0,25,-15307811.53611978,-19655209.230299592,-9941877.601069916,1129.619908444919,484.92830929858906,-2783.2058810105113,0.0004275932963149376
509984.0,25,-14575069.304996224,-19341501.350407302,-11572879.19490598,1312.7543774651729,557.2661627133696,-2649.949805713845,0.0004275936208436312
510584.0,25,-13732941.161346711,-18990223.35810346,-13118043.917737355,1493.8006021405831,610.1380572480273,-2497.3090832861135,0.0004275940700975739
511184.0,25,-12783468.427519094,-18613049.660985082,-14566083.578637302,1670.141286316856,643.6244042287984,-2326.444680294592,0.0004275946279052016
511784.0,25,-11730250.446113102,-18221505.73865569,-15906441.634897826,1839.2065628137607,658.1398134296081,-2138.6310083776593,0.0004275952773720698
512384.0,25,-10578403.9586454,-17826770.304595277,-17129358.59149519,1998.5139481268723,654.4231029504006,-1935.2472657552676,0.0004275960009972717
512984.0,25,-9334498.970045397,-17439484.927847844,-18225932.137234345,2145.7067363090164,633.522518718659,-1717.7686571973177,0.00042759678079184733
513584.0,25,-8006472.193266855,-17069573.91351938,-19188171.95649406,2278.590334222212,596.7764242861992,-1487.7575062216004,0.0004275975983987273
514184.0,25,-6603519.455785412,-16726077.069922488,-20009049.160965838,2395.166073202265,545.7897648288633,-1246.8542600081328,0.0004275984352137893
514784.0,25,-5135968.716654114,-16416997.794447653,-20682540.28327636,2493.6620666562903,482.4066488985623,-996.7683758920019,0.000427599272507643
515384.0,25,-3615135.9807966016,-16149168.668771796,-21203665.6817792,2572.5609690727692,408.679289332157,-739.2697589169672,0.0004276005314112486
515984.0,25,-2053163.9115344388,-15928136.678244416,-21568522.762693517,2630.6227718548084,326.83454096307275,-476.1766109024657,0.0004276013135545644
516584.0,25,-462851.0689248184,-15758069.423103286,-21774312.74353872,2666.9061060843496,239.2364468206732,-209.3498465330797,0.00042760204046069823
517184.0,25,1142532.8774203288,-15641684.218638346,-21819362.29459388,2680.7826919818663,148.34794290592959,59.31942045476604,0.0004276026941191701
517784.0,25,2749438.251338053,-15580200.90283473,-21703138.918794144,2671.9485401649326,56.69025015429827,327.9193643339145,0.00042760325700144305
518384.0,25,4344231.912438865,-15573319.31304687,-21426260.240933005,2640.430166174401,-33.198741087975066,594.5279013547822,0.0004276037121794214
518984.0,25,5913396.07203232,-15619221.927986182,-20990496.961074498,2586.585937491996,-118.80666828623112,857.223489870055,0.0004276040434419804
431984.0,26,-24558451.736582477,-4909490.874827651,-9666537.838224547,1152.3519089292033,-417.1283269554626,-2744.6680066019467,-0.00035732062392029374
432584.0,26,-23811565.530159604,-5177842.818895228,-11275547.001018882,1335.0219263128963,-479.8467245188622,-2615.178261461693,-0.0003573211440959035
433184.0,26,-22959033.567235045,-5487741.161895383,-12801004.812394759,1504.1616717019474,-555.3586988844309,-2466.3750481046086,-0.0003573216340692609
433784.0,26,-22009557.50478116,-5846365.0638468675,-14231640.746795954,1657.872367930162,-641.96744316748,-2299.337376717511,-0.0003573221099259001
434384.0,26,-20972908.666003086,-6259808.278895424,-15556868.840164356,1794.4913002926376,-737.7564816754782,-2115.2650074545686,-0.00035732258784561434
434984.0,26,-19859778.632255018,-6732956.664106703,-16766858.017947393,1912.6166529373158,-840.6211607364319,-1915.4715293667969,-0.00035732308399442686
435584.0,26,-18681616.11207127,-7269385.480319794,-17852598.11659529,2011.128429031101,-948.3030500422979,-1701.3770300205254,-0.0003573236144166105
436184.0,26,-17450452.650476232,-7871277.93557255,-18805961.327348832,2089.204650826308,-1058.4269747818055,-1474.500007967258,-0.00035732486803590873
436784.0,26,-16178719.090101104,-8539367.180362964,-19619758.975234903,2146.335669034615,-1168.5390130203687,-1236.4504879673425,-0.00035732551408365593
437384.0,26,-14879057.197969118,-9272900.58628359,-20287792.96461341,2182.3286956603633,-1276.147900077365,-988.9193868392663,-0.0003573262407358806
437984.0,26,-13564127.1545825,-10069629.749993026,-20804902.10048576,2197.3126752943567,-1378.7652546755162,-733.6706379198976,-0.00035732706248507885
438584.0,26,-12246415.32491583,-10925824.619625714,-21167002.666293558,2191.7357093268156,-1473.9471434013126,-472.5311579049883,-0.0003573279931768702
439184.0,26,-10938044.678046705,-11836312.466019081,-21371123.040326215,2166.35808115201,-1559.335137101334,-207.38057706013868,-0.00035732904591101184
439784.0,26,-9650590.880056122,-12794541.233692966,-21415432.002667,2122.240398581189,-1632.696476234115,59.85961572165751,-0.0003573302329456014
440384.0,26,-8394906.958229167,-13792666.558143793,-21299260.382463347,2060.7269466767193,-1691.9627414035363,327.2375303737481,-0.00035733156560504756
440984.0,26,-7180959.358180469,-14821661.375116006,-21023115.685664847,1983.4244107945576,-1735.2664251463489,592.7829434705845,-0.00035733305419243324
441584.0,26,-6017678.098980022,-15871446.68840301,-20588689.339890618,1892.1761986970075,-1760.9748078868074,854.5199720797666,-0.00035733470790693723
442184.0,26,-4912823.573311159,-16931041.70975051,-19998856.19746897,1789.032661615393,-1767.720555799468,1110.4803345647038,-0.0003573365347670188
442784.0,26,-3872872.339177221,-17988731.24253335,-19257665.951585207,1676.2175863012935,-1754.4284821504991,1358.7171620602107,-0.0003573385415401047
443384.0,26,-2902923.9453712767,-19032247.923992,-18370326.07378739,1556.0932156370664,-1720.3355151286378,1597.317154358156,-0.0003573409407815504
443984.0,26,-2006630.9394625146,-20048966.17659249,-17343176.438130356,1431.11348467876,-1665.0180784285415,1824.4239861819553,-0.0003573433223132212
444584.0,26,-1186152.8093000203,-21026105.768844076,-16183654.236471415,1303.7930027440484,-1588.389507653509,2038.2401969737896,-0.00035734589596721135
445184.0,26,-442135.83979710937,-21950940.567291725,-14900250.62043578,1176.6566597779538,-1490.7167452063763,2237.0512959021507,-0.00035734866296125665
445784.0,26,226280.95784637146,-22811009.81398762,-13502457.754963817,1052.1972676436978,-1372.6185852456927,2419.2388108814903,-0.0003573516230351399
446384.0,26,821433.3650508607,-23594328.047761943,-12000706.786252664,932.8313508639767,-1235.0603725793467,2583.295462680287,-0.0003573547744355924
446984.0,26,1347073.1297086375,-24289590.030276984,-10406296.756884443,820.8556388087243,-1079.3425419656896,2727.8400333516524,-0.00035735811391291117
447584.0,26,1808283.4521154845,-24886366.978349127,-8731314.703839477,718.4050687992392,-907.0830300301271,2851.631722436165,-0.00035736163672984766
448184.0,26,2211369.928810565,-25375290.4565539,-6988547.305982974,627.4131163019683,-720.1937123733816,2953.5837701221208,-0.0003573653366832155
448784.0,26,2563728.588225236,-25748220.411193185,-5191384.586302952,549.5752573740588,-520.8511440838777,3032.7761169072814,-0.0003573692061385379
449384.0,26,2873693.1282712277,-25998394.03080672,-3353716.317435805,486.31633829455495,-311.46200975361427,3088.466865163447,-0.0003573732360779058
449984.0,26,3150363.9184202105,-26120552.400041815,-1489821.923058089,438.7625768995822,-94.6238157334873,3120.1023101056808,-0.0003573774161610535
450584.0,26,3403421.890761044,-26111042.24951904,385745.3269884574,407.7252936218383,126.918805291397,3127.3214139825955,-0.00035738194246573977
451184.0,26,3642929.6909901197,-25967890.66443868,2258277.858173543,393.6582827583379,350.3193700092002,3109.9779382604274,-0.00035738638697031653
451784.0,26,3879126.422813254,-25690850.79793683,4113038.376637919,396.6858756945171,572.6814781060987,3068.1214666849764,-0.00035739094346526334
452384.0,26,4122216.0189580787,-25281417.51963352,5935384.573506093,416.57326388509205,791.107408825899,3002.0153195987596,-0.0003573955971852996
452984.0,26,4382156.345361316,-24742812.401628107,7710895.51702716,452.7358041527482,1002.7500026591895,2912.132588392055,-0.00035740033253352146
453584.0,26,4668451.86911046,-24079937.99108717,9425497.056970034,504.2487411630316,1204.8633966396644,2799.153691852172,-0.000357405133211279
454184.0,26,4989954.1929558255,-23299302.026759744,11065584.997764887,569.8636575596313,1394.8521806100925,2663.9615080287867,-0.0003574099823559651
454784.0,26,5354674.419290457,-22408912.870224357,12618144.579956101,648.0313739861554,1570.3179394798253,2507.6341001505493,-0.00035741486268524184
455384.0,26,5769611.092071273,-21418148.033142522,14070864.839130426,736.9308680257636,1729.102192958424,2331.4351049512647,-0.00035741975664610367
455984.0,26,6240597.161159656,-20337598.25490908,15412246.471344888,834.5036369558211,1869.324818230436,2136.8019009488785,-0.00035742464656708054
456584.0,26,6772169.027102545,-19178890.10476497,16631701.922953285,938.4927989682221,1989.417140654617,1925.3317210037858,-0.0003574295148118203
457184.0,26,7367460.265356402,-17954490.534157623,17719646.53831348,1046.4861155078484,2088.1489998908055,1698.76591617521,-0.00035743434393226175
457784.0,26,8028122.021189034,-16677497.28393972,18667579.779365737,1155.9637245787733,2164.650864514,1458.9732277400772,-0.0003574397897920095
458384.0,26,8754271.983845662,-15361418.74674993,19468155.350498743,1264.3395437896806,2218.420684483614,1207.9287730347655,-0.00035744449002181035
458984.0,26,9544472.257138852,-14019948.268964611,20115240.433892813,1369.020214922136,2249.3404617651563,947.6976874968168,-0.00035744910140017436
459584.0,26,10395736.698228428,-12666736.953376897,20603962.059026882,1467.4477727862395,2257.668282994024,680.412572975691,-0.0003574536086930514
460184.0,26,11303567.619591568,-11315169.007777838,20930741.60631847,1557.1493386933716,2244.0320000625698,408.25316937351056,-0.00035745799755439303
460784.0,26,12262020.738750665,-9978144.159871409,21093316.680649854,1635.783265642653,2209.41421203048,133.42542351977497,-0.000357462254642196
461384.0,26,13263796.982672378,-8667871.075402685,21090750.516131405,1701.1824154893682,2155.130756173388,-141.85923750483553,-0.00035746636772369706
461984.0,26,14300359.181481559,-7395675.505931455,20923429.125833064,1751.3937520009486,2082.803251115848,-415.4041470865266,-0.00035747032576884596
462584.0,26,15362071.227981789,-6171826.531847974,20593046.568074644,1784.713535784948,1994.3263486880337,-685.0468973971083,-0.0003574741190313823
463184.0,26,16438356.886090815,-5005383.844392038,20102578.842113156,1799.7175220984159,1891.8304437973798,-948.6778689163768,-0.00035747773911704256
463784.0,26,17517875.109087612,-3904068.5405141683,19456247.048419666,1795.28568640796,1777.6406618466444,-1204.257598429758,-0.00035748117903862007
464384.0,26,18588708.481535777,-2874159.399812418,18659470.55070323,1770.6211311802774,1654.2329905929005,-1449.8328286768647,-0.0003574844332577867
464984.0,26,19638561.350045968,-1920415.7116540894,17718810.79394447,1725.2666748567908,1524.1853689161755,-1683.5542436543697,-0.00035748777656587554
465584.0,26,20654963.156482372,-1046029.9698121473,16641907.660946451,1659.096582875493,1390.1430079485617,-1903.6769573972974,-0.0003574906487561446
466184.0,26,21625475.742676556,-252604.3042713981,15437406.684213063,1572.3399576458758,1254.7530971478466,-2108.5911228288664,-0.00035749332754018433
466784.0,26,22537897.201516703,459840.0609879233,14114881.639009092,1465.5601192495994,1120.630422808075,-2296.81899012573,-0.00035749581333433455
467384.0,26,23380462.087234646,1092828.6216345,12684750.69084108,1339.6474695055467,990.3093939800592,-2467.0265210328494,-0.0003574981080224597
467984.0,26,24142033.131220713,1649372.4621201046,11158188.148777034,1195.8031144278982,866.2012488734138,-2618.0302096441887,-0.0003575002149249514
468584.0,26,24812281.403416723,2133881.7569524376,9547033.046829222,1035.5175837141292,750.5541606712959,-2748.8023927663826,-0.00035750206780959436
469184.0,26,25381853.53517607,2552058.945215986,7863692.354715217,860.5448196813959,645.4165484196451,-2858.4753383856923,-0.0003575038146347559
469784.0,26,25842519.74856498,2910765.828549889,6121047.2247835435,672.8727256306805,552.6048018026243,-2946.343651162785,-0.0003575053917988412
470384.0,26,26187305.541997228,3217877.804904737,4332352.988453646,474.6898475274613,473.6749000820291,-3011.865852623253,-0.0003575068078693296
470984.0,26,26410601.314965677,3482119.8432260402,2511141.0755188228,268.34952494428484,409.8989640763234,-3054.664648392887,-0.00035750807256027824
471584.0,26,26508250.016839433,3712890.3734766613,671120.538045954,56.33183690387065,362.24671066025826,-3074.5262291240488,-0.00035750919665277587
472184.0,26,26477611.512727436,3920075.68984589,-1173920.0451094646,-158.79587579060018,331.3660236418475,-3071.4013438152347,-0.00035751093551152974
472784.0,26,26317602.495707206,4113857.274042606,-3010207.9890620615,-374.42028858280895,317.59874062903464,-3045.392152452267,-0.0003575118144770274
473384.0,26,26028712.613416724,4304516.853686323,-4824083.227855887,-587.92124185079,320.9416559559045,-2996.7652021248978,-0.0003575125907203772
473984.0,26,25612995.508348905,4502240.087688314,-6602089.919739401,-796.7136855426927,341.0727075454208,-2925.9368797873944,-0.0003575132783974177
474584.0,26,25074036.041766968,4716923.6983471755,-8331067.141227273,-998.2868807133032,377.35222026312044,-2833.471748937088,-0.00035751389226482757
475184.0,26,24416894.046205595,4957988.29150139,-9998236.461714752,-1190.2426247612243,428.8350305059712,-2720.0776741674717,-0.0003575144475774357
475784.0,26,23648025.67716303,5234199.865360384,-11591286.417554947,-1370.3315410233545,494.2872615142767,-2586.600475214782,-0.00035751495998360023
476384.0,26,22775183.681109615,5553502.717691489,-13098453.609986758,-1536.48694736286,572.20746771373,-2434.018144493526,-0.0003575154454191075
476984.0,26,21807298.178129647,5922866.276730427,-14508600.17034283,-1686.8558543599916,660.8518201415407,-2263.4346503405095,-0.0003575159200000155
477584.0,26,20754339.81576332,6348148.170282716,-15811287.348165194,-1819.8266821405737,758.2629626594194,-2076.073336946473,-0.00035751639991484635
478184.0,26,19627167.384531405,6833975.61236145,-16996844.983501934,-1934.0533255554637,862.3021299112991,-1873.269921548818,-0.00035751690131651984
478784.0,26,18437362.193936024,7383646.92956744,-18056436.624221366,-2028.475240277548,970.6840825921593,-1656.4650801656062,-0.0003575174402144138
479384.0,26,17197051.69322024,7999054.73537078,-18982120.03989833,-2102.332028386092,1081.0167496384809,-1427.1950528992784,-0.000357518169029746
479984.0,26,15918724.797038276,8680632.341095315,-19766902.93115692,-2155.1796028101876,1190.830869929613,-1187.089499004702,-0.00035751882983728865
480584.0,26,14615042.506660469,9427323.186826924,-20404793.316344056,-2186.889746676296,1297.6346197526432,-937.8535852110325,-0.0003575195742369132
481184.0,26,13298645.035895789,10236575.855675954,-20890844.830539063,-2197.656564817822,1398.9452896614862,-681.2647533258124,-0.0003575204166008716
481784.0,26,11981959.958629865,11104363.200507661,-21221196.072092865,-2187.9922947888563,1492.3329975942602,-419.1613969793249,-0.00035752137063422315
482384.0,26,10677013.545072008,12025226.306240063,-21393103.9693907,-2158.71933582414,1575.4616121300955,-153.43247647117306,-0.000357522449276434
482984.0,26,9395248.364326548,12992342.715411616,-21404970.768585782,-2110.957408983576,1646.128662519181,113.99345564094186,-0.0003575236646062772
483584.0,26,8147350.038853465,13997618.130341746,-21256364.28984224,-2046.1059549792778,1702.3036312273925,381.15983391267594,-0.0003575250277506244
484184.0,26,6943085.951940669,15031800.444402874,-20948031.09108547,-1965.8219432802637,1742.1640259183328,646.0942700004896,-0.0003575265487977617
484784.0,26,5791158.584435636,16084614.596745662,-20481902.17621674,-1871.9933355946832,1764.1286361637565,906.8213462155638,-0.0003575282367159024
485384.0,26,4699075.990395777,17144916.393721163,-19861090.89090106,-1766.7085181372834,1766.8873967314767,1161.375990322487,-0.00035753009927761125
485984.0,26,3673041.712123405,18200863.101301715,-19089882.6650174,-1652.2220893488834,1749.4273050586771,1407.8173916024957,-0.00035753214299088365
486584.0,26,2717865.9956635777,19240098.431505322,-18173716.20824201,-1530.9181103106391,1711.0520698721489,1644.2423836952069,-0.0003575345800122555
487184.0,26,1836900.9477604814,20249948.420373894,-17119156.25520805,-1405.2674729869468,1651.4058760741768,1868.80440494816,-0.00035753700012773105
487784.0,26,1031999.5193288252,21217626.381443486,-15933857.013215283,-1277.7896268232153,1570.4736804617642,2079.722175744543,-0.0003575396127615384
488384.0,26,303500.41253357567,22130442.644246485,-14626516.613006474,-1151.0065223162362,1468.5939868519358,2275.299364179772,-0.00035754241883499867
488984.0,26,-349760.49756490067,22976015.75791592,-13206822.403974565,-1027.399036855762,1346.4565750254362,2453.9387380089706,-0.00035754541778727116
489584.0,26,-930412.3026262708,23742481.69927306,-11685387.07705833,-909.3628429814214,1205.0959525171622,2614.157293908019,-0.0003575486075625654
490184.0,26,-1442484.9493517596,24418697.33374021,-10073675.772257607,-799.1651410045395,1045.8786437773515,2754.6010406129576,-0.0003575519846091905
490784.0,26,-1891319.6324717598,24994434.435383547,-8383924.432370585,-698.9030682007226,870.4843727916076,2874.0592261251745,-0.00035755554389097876
491384.0,26,-2283454.937793386,25460560.639815316,-6629049.797238749,-610.464600027705,680.8813169160055,2971.477785772886,-0.00035755927891150557
491984.0,26,-2626490.4673120603,25809203.846294437,-4822551.572640285,-535.4927440132244,479.29573604684,3045.971779333752,-0.00035756318175139907
492584.0,26,-2928930.150761899,26033896.805274986,-2978407.4516602024,-475.35379268527663,268.1764091808453,3096.8365825006113,-0.0003575672431188785
493184.0,26,-3200007.8940314287,26129698.924899068,-1110961.8100065342,-431.1103473360356,50.15443634400839,3123.5576014231638,-0.00035757145241349235
493784.0,26,-3449498.989158276,26093292.62673455,765191.3615830721,-403.50491497994017,-172.00102875037237,3125.8161995422115,-0.00035757647115799453
494384.0,26,-3687518.5376494634,25923052.47042064,2635327.929062716,-392.9236290530919,-395.42936708475287,3103.504176029595,-0.00035758093978144914
494984.0,26,-3924315.801298301,25619084.698981896,4484719.540163934,-399.41799979451366,-617.2296198552731,3056.715244396072,-0.00035758551750482263
495584.0,26,-4170061.8548298515,25183236.769878797,6298758.345246253,-422.6816853998962,-834.5101364536055,2985.7552264967953,-0.00035759018938192987
496184.0,26,-4434639.1476848135,24619076.061996557,8063083.348227058,-462.05992457645993,-1044.4402063229072,2891.1394218622163,-0.0003575949396603413
496784.0,26,-4727435.437250312,23931837.971589755,9763705.482224371,-516.560640369011,-1244.3005601517264,2773.5896737242483,-0.00035759975191299715
497384.0,26,-5057146.40656904,23128344.158552986,11387130.1565324,-584.8722281760924,-1431.5320792716902,2634.029010158554,-0.0003576046091774486
497984.0,26,-5431590.893560974,22216892.340276733,12920475.817912936,-665.3877185286287,-1603.781685392035,2473.5738890117204,-0.00035760949410122434
498584.0,26,-5857542.425672852,21207119.63461422,14351587.105051778,-756.2348534370656,-1758.944434981323,2293.524125116779,-0.00035761438909169893
499184.0,26,-6340580.432395235,20109842.016999993,15669141.24099012,-855.3114734206001,-1895.2009220083055,2095.350627131606,-0.00035761927646874925
499784.0,26,-6884964.105949595,18936872.96371098,16862746.402921077,-960.3254854644942,-2011.0491972749699,1880.681117407128,-0.0003576241386184309
500384.0,26,-7493531.408073385,17700824.789530214,17923030.929425534,-1068.8385743459655,-2105.330539075667,1651.2840499443566,-0.0003576289581458833
500984.0,26,-8167625.4469126575,16414896.387539323,18841722.508308373,-1178.3124415173234,-2177.251554501543,1409.0537098495868,-0.0003576339254026335
501584.0,26,-8907048.03339233,15092652.472370703,19611715.629169833,-1286.1584744977122,-2226.3841835621465,1155.9805380691191,-0.00035763860936605877
502184.0,26,-9710045.26524863,13747796.074229967,20227128.939014662,-1389.784788731531,-2252.6887411397056,894.1471910200927,-0.00035764320131585374
502784.0,26,-10573319.852602225,12393942.119837586,20683348.869906772,-1486.6467916815213,-2256.499284067864,625.6975124924477,-0.00035764768618446537
503384.0,26,-11492073.867344355,11044393.75585992,20977061.65614239,-1574.294542660487,-2238.5171388233452,352.81824779555353,-0.0003576520498168121
503984.0,26,-12460079.283784235,9711926.675998095,21106272.674507953,-1650.418387461563,-2199.7945271904364,77.71812987745464,-0.00035765627908423855
504584.0,26,-13469775.015635163,8408585.234626768,21070313.34494267,-1712.8915516098114,-2141.7118009571445,-197.3927713817896,-0.00035766036198742673
505184.0,26,-14512388.385953486,7145494.005885581,20869835.83865597,-1759.8088955658723,-2065.9488533072163,-470.3231598081645,-0.00035766428774742956
505784.0,26,-15578078.520970754,5932688.072825058,20506795.995483644,-1789.5211402555597,-1974.451384156617,-738.9198327864183,-0.00035766804688419374
506384.0,26,-16656098.77936412,4778964.898456481,19984424.989849474,-1800.663988463551,-1869.3927848717249,-1001.0859904964178,-0.0003576716312821375
506984.0,26,-17734975.02130463,3691760.1524245525,19307190.403011207,-1792.1816927948532,-1753.1324734145646,-1254.7983489308172,-0.00035767503424254484
507584.0,26,-18802696.290146958,2677049.3569358103,18480747.456975304,-1763.3447500135,-1628.1715537013797,-1498.1229072765977,-0.00035767825052272274
508184.0,26,-19846914.16740349,1739276.8204342276,17511881.35146942,-1713.763730278321,-1497.105824089757,-1729.2303283644642,-0.00035768148429753723
508784.0,26,-20855148.030401614,881311.9416526053,16408440.93651713,-1643.3859454483477,-1362.5822019917568,-1946.4043449763808,-0.000357684317501092
509384.0,26,-21814990.51807102,104434.68928190321,15179266.261103157,-1552.5081720455719,-1227.2466080557333,-2148.059646861371,-0.0003576869572241279
509984.0,26,-22714311.990366884,-591651.6329769008,13834108.812822798,-1441.7612649574749,-1093.7011149259347,-2332.7469324625104,-0.0003576894041816057
510584.0,26,-23541458.989616722,-1208780.1329270573,12383546.953481501,-1312.1002633169055,-964.458524656306,-2499.1621171605575,-0.0003576916605508755
511184.0,26,-24285443.904191524,-1750254.0163334515,10838896.854358878,-1164.7869693694252,-841.9001021145805,-2646.152849956464,-0.0003576937299385822
511784.0,26,-24936122.714844257,-2220755.7798543787,9212119.924022049,-1001.3676649616159,-728.2362868731202,-2772.7235677978406,-0.0003576956173376913
512384.0,26,-25484358.04203221,-2626233.8667649524,7515727.58006952,-823.64645692174,-625.4709541167485,-2878.0391669091014,-0.0003576973290754057
512984.0,26,-25922165.0220525,-2973769.0604188885,5762684.167725225,-633.6547920981843,-535.3697120683576,-2961.427382266929,-0.0003576988727527598
513584.0,26,-26242837.875987835,-3271423.158863261,3966308.773795487,-433.61771991435273,-459.4326384507731,-3022.3799740103004,-0.0003577002571766777
514184.0,26,-26441055.391044155,-3528072.691575886,2140176.626386392,-225.91750574761102,-398.8717734371835,-3060.552823360302,-0.00035770149228526885
514784.0,26,-26512963.90209247,-3753230.606179811,298020.7110276675,-13.055213193575128,-354.59360294554426,-3075.7650409055414,-0.00035770258906710987
515384.0,26,-26456236.768260475,-3956858.8739865636,-1546365.77505435,202.38895583649747,-327.180956597706,-3067.9991764075776,-0.0003577037665003633
515984.0,26,-26270109.533558406,-4149175.7078765547,-3379225.882788894,417.79727143409997,-316.90875219102963,-3037.3906872627313,-0.0003577046232172914
516584.0,26,-25955390.73204688,-4340459.105307079,-5186933.2702887645,630.5532742400226,-323.70773710604044,-2984.236608410776,-0.000357705379997227
517184.0,26,-25514448.22893184,-4540851.669198362,-6956084.642084855,838.0838208791099,-347.19057852738115,-2908.983672277658,-0.0003577060511284827
517784.0,26,-24951171.555157285,-4760168.474676101,-8673589.569038045,1037.8979809826355,-386.6544033175346,-2812.225835119399,-0.00035770665147974906
518384.0,26,-24270911.015445024,-5007711.425639535,-10326757.454954933,1227.6249095007638,-441.0938881828929,-2694.6993023023465,-0.00035770719639695867
518984.0,26,-23480394.639703017,-5292092.8642286,-11903381.3447944,1405.0496817168005,-509.2189471433944,-2557.2770911548105,-0.0003577077015983126
431984.0,27,-18103885.199734192,-4339172.865973935,18737209.037516654,-1130.7315172258227,-2171.6735129239923,-1522.5982904370946,-0.00012049480378135349
432584.0,27,-18784393.010737807,-5598404.405773139,17752007.478422392,-1134.2967368755003,-2023.839826485273,-1759.123992894944,-0.00012050616690408168
433184.0,27,-19461337.333426017,-6765494.286860987,16629139.5700799,-1118.6818351263964,-1864.9648704341128,-1981.179221691212,-0.0001205172868264515
433784.0,27,-20122988.11510919,-7834637.401558131,15377780.980266823,-1083.2111419475314,-1697.7996030383663,-2187.136772707394,-0.00012052815862922996
434384.0,27,-20757314.704495795,-8801704.571490677,14008039.159228588,-1027.5604375601133,-1525.1726327857934,-2375.5206989015287,-0.00012053877935824084
434984.0,27,-21352198.092021044,-9664274.228083756,12530860.27856083,-951.7601933252909,-1349.940238584651,-2545.014133135288,-0.00012054914801872965
435584.0,27,-21895643.22446673,-10421634.279455375,10957932.012899175,-856.1925438600476,-1174.9370558177734,-2694.4652094390767,-0.00012055926555396536
436184.0,27,-22375987.636659116,-11074754.810438085,9301583.29073835,-741.5861331110754,-1002.9227947462664,-2822.8941479956493,-0.00012056951313088594
436784.0,27,-22782103.307981215,-11626232.679414641,7574682.001127842,-608.9855690579456,-836.5584952068859,-2929.483838417954,-0.00012057913867154363
437384.0,27,-23103587.385154184,-12080209.944216896,5790531.54846315,-459.7558527959202,-678.3315103252337,-3013.5986071357815,-0.00012058852711912913
437984.0,27,-23330940.269150775,-12442267.30272673,3962767.496179337,-295.54121080347284,-530.5380054253042,-3074.771843175983,-0.00012059768667957031
438584.0,27,-23455727.292907998,-12719295.629856478,2105254.60630534,-118.24056340315906,-395.2426838216602,-3112.707326520684,-0.00012060662719287079
439184.0,27,-23470722.080080114,-12919347.772486065,231985.22833084554,70.02481491717936,-274.24832226822764,-3127.276511173622,-0.00012061536004125813
439784.0,27,-23370029.548757717,-13051473.464352174,-1643020.4212996,266.94660624256073,-169.07009762451912,-3118.5149069188524,-0.0001206238980496651
440384.0,27,-23149186.958259936,-13125540.311538093,-3505811.581780005,470.0671144539584,-80.91493778120935,-3086.6177045342693,-0.00012063225537958599
440984.0,27,-22805241.769997943,-13152043.91597485,-5342601.448710192,676.8186674151066,-10.666048397187751,-3031.934777255722,-0.00012064044741727175
441584.0,27,-22336805.46445667,-13141910.273443777,-7139858.50520321,884.5641458294872,41.12730876831597,-2954.9651769685465,-0.00012064849065714314
442184.0,27,-21744082.820934307,-13106293.607474245,-8884394.402985785,1090.638042378483,74.25477980891378,-2856.3512276105375,-0.00012065640258121442
442784.0,27,-21028876.52106388,-13056372.784955353,-10563448.171151226,1292.3874739556115,88.84468228539458,-2736.872301221805,-0.00012066420153523344
443384.0,27,-20194567.483294956,-13003149.229668329,-12164766.44531117,1487.213675895941,85.35990130652044,-2597.4428516588014,-0.00012067228531525143
443984.0,27,-19246070.293958303,-12957250.37455198,-13676680.27089364,1672.6068684836418,64.58269176320914,-2439.0878335553443,-0.00012067991645259381
444584.0,27,-18189767.25174834,-12928739.083688376,-15088176.969972871,1846.1906764087344,27.60731288194438,-2262.962555971578,-0.00012068749355962765
445184.0,27,-17033418.935372185,-12926934.854473718,-16388968.362355007,2005.7530811258155,-24.1845222310626,-2070.328003058664,-0.00012069503715111958
445784.0,27,-15786054.819361275,-12960247.290615667,-17569554.597958878,2149.2806207843423,-89.1458792167532,-1862.5480983840403,-0.00012070256795638265
446384.0,27,-14457844.856304413,-13036024.987263465,-18621283.627947435,2274.9884741955057,-165.3919736260832,-1641.0824086595026,-0.00012071010678645571
446984.0,27,-13059954.012997204,-13160421.902903834,-19536406.222168375,2381.347231462251,-250.83100128411365,-1407.4786615051648,-0.00012071767440109343
447584.0,27,-11604381.856399529,-13338283.173504513,-20308126.419097204,2467.1060119989033,-343.1980326447489,-1163.3650412605082,-0.00012072529137587486
448184.0,27,-10103789.47633319,-13573052.077717744,-20930647.2709271,2531.311625583813,-440.0915460159423,-910.4422180891552,-0.00012073297796974331
448784.0,27,-8571316.201383984,-13866699.598085873,-21399211.717802517,2573.323508539792,-539.0121457467393,-650.4750590227701,-0.00012074075399330883
449384.0,27,-7020388.711537182,-14219677.742772477,-21710138.39280582,2592.8242055930186,-637.4029836433127,-385.2839653370513,-0.00012074863867827737
449984.0,27,-5464525.27447808,-14630897.49592054,-21860852.124631554,2589.825208953177,-732.6913750467224,-116.73577894037618,-0.00012075665054841415
450584.0,27,-3917138.0092859557,-15097731.911530335,-21849908.833479416,2564.664310834434,-822.3304523723149,153.26669865853756,-0.00012076518530382483
451184.0,27,-2391335.542894204,-15616044.849633032,-21677014.771592,2518.0166015875348,-903.8438212822167,422.79142144975316,-0.00012077350335465027
451784.0,27,-899730.4626007183,-16180244.520526567,-21343039.04634842,2450.863408659121,-974.8643723649783,689.8926253667985,-0.00012078199866189613
452384.0,27,545747.6040733308,-16783362.40466158,-20850020.136025,2364.4935283651694,-1033.1769463685057,952.6191280433984,-0.00012079068567778736
452984.0,27,1934028.6707582893,-17417155.90766105,-20201165.166059222,2260.4809678167785,-1076.75706611618,1209.0270083806286,-0.00012079957754314236
453584.0,27,3255066.683204244,-18072233.89681656,-19400841.903916527,2140.661721270897,-1103.8077638078437,1457.1922222087023,-0.00012080868597984994
454184.0,27,4499988.541995765,-18738203.494283583,-18454563.023734853,2007.1060536694251,-1112.793476143118,1695.2238504951379,-0.00012081802118974295
454784.0,27,5661225.247939557,-19403836.18855166,-17368962.263401765,1862.0865776870098,-1102.4703915705165,1921.277942452399,-0.00012082759176089379
455384.0,27,6732622.754150084,-20057250.960541032,-16151762.125070477,1708.0424896335348,-1071.9126512310495,2133.571890322283,-0.00012083740458242696
455984.0,27,7709530.349953768,-20686111.768659174,-14811732.81502896,1547.540410904563,-1020.5338343009699,2330.399244828821,-0.00012084746476900189
456584.0,27,8588864.691935297,-21277836.405953154,-13358642.181568315,1383.2323637282254,-948.1032009485092,2510.144850937923,-0.00012085777559615822
457184.0,27,9369147.936806623,-21819813.44062573,-11803196.490852803,1217.811490686981,-854.756223278076,2671.30015345656,-0.00012086833844773357
457784.0,27,10050518.860670812,-22299623.757521383,-10156971.92500759,1053.974441432383,-740.9941962944197,2812.475253070249,-0.00012087953133079725
458384.0,27,10634715.935786355,-22705262.49957241,-8432337.237288622,894.3419693410692,-607.7020613913012,2932.4269488229475,-0.00012089059490588554
458984.0,27,11125032.991906147,-23025358.59864846,-6642366.715533928,741.4610676861159,-456.1091954161228,3030.0538894179995,-0.00012090190298408838
459584.0,27,11526246.375522189,-23249386.38725436,-4800745.324281539,597.7268670826784,-287.7950680304808,3104.4234795580082,-0.00012091344913691475
460184.0,27,11844515.516739001,-23367866.365746334,-2921665.301914756,465.3466396904196,-104.66187762935829,3154.7815539951157,-0.00012092522500233043
460784.0,27,12087257.731602788,-23372550.754204076,-1019715.4089360319,346.2984558479561,91.09388551041513,3180.564040301442,-0.00012093722032728597
461384.0,27,12262999.222813096,-23256590.099198017,890236.4095375428,242.29341806269804,297.0159950310964,3181.407071866589,-0.00012094942302867799
461984.0,27,12381204.685396425,-23014677.3955894,2793165.922794716,154.7423390983638,510.428665352404,3157.155274140184,-0.00012096181927292493
462584.0,27,12452088.429961024,-22643166.530490536,4674019.886613904,84.72767166795757,728.4816992319708,3107.867964054747,-0.00012097439357405518
463184.0,27,12486410.398681778,-22140162.29401734,6517846.349836197,32.98141190737374,948.1998104404789,3033.8230294527953,-0.00012098712890990074
463784.0,27,12495260.852401182,-21505579.723180097,8309926.52698133,-0.1304119968251598,1166.5351937259525,2935.518292056578,-0.00012100000685566914
464384.0,27,12489837.836185552,-20741171.141306266,10035906.664646873,-14.6161890882006,1380.422300761552,2813.6702034178206,-0.00012101300773383853
464984.0,27,12481221.748152237,-19850519.859852426,11681928.139462968,-10.857902836852872,1586.8315097916131,2669.2043043093217,-0.00012102602352293244
465584.0,27,12480151.605427844,-18839000.568053395,13234754.86292778,10.38763616395022,1782.833693277686,2503.2700997833385,-0.00012103920669759776
466184.0,27,12496807.376339681,-17713706.14290191,14681894.3135325,48.014557155991724,1965.6412111339669,2317.199005576834,-0.00012105244797097074
466784.0,27,12540602.91889369,-16483342.921045965,16011713.304629406,100.5811547112935,2132.668813388908,2112.5135227354367,-0.00012106572442833337
467384.0,27,12619993.788807297,-15158095.783860208,17213544.858674124,166.34007150632578,2281.5795015401095,1890.90705998915,-0.00012107901283805139
467984.0,27,12742303.852437802,-13749465.79214753,18277785.568445493,243.27272853346483,2410.3278807160805,1654.226808999268,-0.00012109228986069118
468584.0,27,12913574.273098653,-12270083.539189719,19195982.030303866,329.12930796711237,2517.1977437936653,1404.4546064290819,-0.00012110553225952182
469184.0,27,13138437.940199476,-10733501.946905555,19960905.252632834,421.473403660621,2600.833059004655,1143.686110660818,-0.00012111871710969734
469784.0,27,13420021.843064109,-9153972.673029132,20566612.152688302,517.7303396394483,2660.2617009021237,874.108658832522,-0.00012113182200344388
470384.0,27,13759879.264543295,-7546210.633243417,21008493.483028144,615.2380726726825,2694.9114513203804,597.9781959799468,-0.00012114482524867012
470984.0,27,14157953.00269731,-5925151.3626186885,21283307.767165933,711.2995436484438,2704.6179951348568,317.5956815878978,-0.0001211577060585704
471584.0,27,14612570.141953168,-4305706.041295337,21389201.065575898,803.2353251456707,2689.6248378446435,35.28337955263686,-0.00012117044472999431
472184.0,27,15120468.298747757,-2702518.731052081,21325712.687303282,888.4343560677684,2650.5760772891135,-246.63869281263115,-0.0001211834007082235
472784.0,27,15676851.934031527,-1129732.3218908878,21093766.8331924,964.4080963893546,2588.4975729723014,-525.8749696491967,-0.00012119580117805304
473384.0,27,16275478.79774689,399237.65598648414,20695651.300298687,1028.831072348544,2504.778775222562,-800.1771544658277,-0.00012120800848062249
473984.0,27,16908772.295934275,1871909.3084576968,20134983.205374964,1079.5882139385096,2401.140341225296,-1067.363958276282,-0.00012122000874294808
474584.0,27,17567958.97207907,3276923.6758441683,19416663.032818418,1114.8122450118144,2279.599806325479,-1325.340294450858,-0.00012123178984017348
475184.0,27,18243227.381144453,4604211.006270906,18546817.81400465,1132.9168374768578,2142.4316225183084,-1572.1145289173066,-0.00012124334147558639
475784.0,27,18923905.15426016,5845131.86282575,17532734.533095054,1132.6239608109495,1992.1232491746696,-1805.8138547764506,-0.00012125465524202224
476384.0,27,19598650.659380566,6992590.987896114,16382784.90084229,1112.9850644297187,1831.3282721682342,-2024.6976985849483,-0.00012126572466482963
476984.0,27,20255655.488266096,8041122.435857229,15106342.678505996,1073.395877056542,1662.8175422503218,-2227.169115660617,-0.00012127654522682495
477584.0,27,20882853.911303677,8986945.074815236,13713694.746646972,1013.6047483527295,1489.4293131932911,-2411.7841780218764,-0.00012128711437588442
478184.0,27,21468135.434779238,9827988.135406248,12215947.100820513,933.7145901310843,1314.0193277687265,-2577.2593997627177,-0.00012129743151600617
478784.0,27,21999556.664147202,10563887.037587933,10624926.921147248,834.1785946940665,1139.411748394847,-2722.4772799201132,-0.00012130749798282081
479384.0,27,22465548.870728243,11195949.788786378,8953082.72520147,715.795048310412,968.3456140339833,-2846.494279728979,-0.00012131750626242137
479984.0,27,22855117.50721612,11727097.855199467,7213378.300160444,579.6710606660632,803.4543084410523,-2948.5260865789705,-0.00012132708281461385
480584.0,27,23158031.083778825,12161776.716050351,5419194.151468144,427.23292207803934,647.1872640854408,-3027.9736055945364,-0.0001213364238358584
481184.0,27,23364995.739344448,12505846.260051128,3584221.0541046266,260.1794154773942,501.7958899012008,-3084.4052831791896,-0.00012134553787245076
481784.0,27,23467813.43673589,12766447.684763893,1722358.055058772,80.45766366737269,369.29352777357235,-3117.5594761308475,-0.00012135443508653461
482384.0,27,23459521.30028201,12951851.60707695,-152388.79409302998,-109.76986639352015,251.4259468969624,-3127.341538861775,-0.00012136312716260329
482984.0,27,23334509.94990086,13071289.946516056,-2026006.5064923398,-308.16127360063695,149.64664329550874,-3113.8200707494543,-0.0001213718163939153
483584.0,27,23088621.011008583,13134774.174551845,-3884568.7404691433,-512.2330219521547,65.09740436402512,-3077.2222720570944,-0.00012138013882639723
484184.0,27,22719218.488688447,13152904.039522491,-5714334.441070267,-719.4000171147845,-1.4063408410752345,-3017.9290484747467,-0.00012138829926772364
484784.0,27,22225238.633962587,13136668.462802406,-7501835.334503584,-927.0160335611105,-49.384499227291826,-2936.469266673089,-0.00012139631442275511
485384.0,27,21607213.921096746,13097242.917292345,-9233963.857165715,-1132.4148722898517,-78.69624857427789,-2833.5138182662286,-0.00012140420195879793
485984.0,27,20867272.61491841,13045785.940953447,-10898056.59256971,-1332.9512941343655,-89.53874959070322,-2709.8693413434585,-0.00012141198038116085
486584.0,27,20009114.79842944,12993237.855194371,-12481972.844310237,-1526.0427871011666,-82.44020051329016,-2566.474407035812,-0.00012141985822910147
487184.0,27,19037960.396414626,12950125.273139667,-13974174.133153275,-1709.2022404196155,-58.250893252842616,-2404.3820902083658,-0.00012142747690034281
487784.0,27,17960482.524484783,12926372.708357492,-15363789.771821203,-1880.084896371543,-18.124124831690096,-2224.769048855856,-0.00012143504571949163
488384.0,27,16784711.133968152,12931126.100071095,-16640687.963964589,-2036.5168218445406,36.50207247131766,-2028.917958663031,-0.00012144258525440608
488984.0,27,15519920.245897826,12972589.249869987,-17795537.800264303,-2176.529051548673,103.92975458320257,-1818.2129621018985,-0.00012145011626033034
489584.0,27,14176495.881036472,13057876.120073382,-18819867.830040965,-2298.387023880336,182.2291756075208,-1594.1323355087654,-0.00012145765954701692
490184.0,27,12765787.35591653,13192881.038339864,-19706120.15662251,-2400.6166310328435,269.270278725479,-1358.2409632414697,-0.000121465235845723
490784.0,27,11299944.081774171,13382168.714967072,-20447699.938116305,-2482.0265510358313,362.7571665534896,-1112.182581025573,-0.00012147286567638837
491384.0,27,9791740.18998552,13628885.729065094,-21039020.150589354,-2541.726564619793,460.26511980677867,-857.6717422783543,-0.00012148056921531068
491984.0,27,8254389.4726614505,13934694.872457005,-21475541.441189945,-2579.141596644711,559.2797045227206,-596.4854550784296,-0.00012148836616365486
492584.0,27,6701353.26939871,14299733.456397781,-21753806.865828518,-2594.0212607875474,657.2374804602855,-330.4544337114465,-0.00012149627561716877
493184.0,27,5146144.0495614,14722596.38654922,-21871471.271152735,-2586.4447277920035,751.5677966797775,-61.453907558683376,-0.00012150431593752353
493784.0,27,3602127.6980113275,15200344.426594716,-21827324.999540217,-2556.816734789817,839.7370886712838,208.6083326216985,-0.00012151307201784792
494384.0,27,2082326.1909522712,15728538.290861234,-21621311.89236564,-2505.8788368907863,919.2831992415755,477.79333072469893,-0.0001215214253343494
494984.0,27,599227.2529693209,16301297.029852014,-21254540.50658364,-2434.6756264580763,987.8694237503638,744.1547532328296,-0.00012152995894926703
495584.0,27,-835401.7164054904,16911382.197504077,-20729289.228420757,-2344.5559842996554,1043.3166170381185,1005.7419017877947,-0.00012153868705393809
496184.0,27,-2210687.7303645937,17550305.220301546,-20049004.065197997,-2237.149616221687,1083.6440668502457,1260.613883280622,-0.00012154762250591604
496784.0,27,-3516813.594943173,18208457.42740436,-19218289.079007607,-2114.342887865678,1107.1057693024102,1506.8523572316271,-0.00012155677672268855
497384.0,27,-4745163.471672337,18875260.969068453,-18242889.011423793,-1978.250219406521,1112.2236448837984,1742.5749093561544,-0.00012156615958199552
497984.0,27,-5888450.049704689,19539338.609210726,-17129663.72692546,-1831.1813424962602,1097.8170820708494,1965.9490086472738,-0.00012157577932978795
498584.0,27,-6940820.957231308,20188700.01499418,-15886554.13430088,-1675.6048014207856,1063.0282152174027,2175.2064792684446,-0.00012158564249693544
499184.0,27,-7897942.293169798,20810941.818031173,-14522539.293716554,-1514.1081620361106,1007.3423751602788,2368.658390417672,-0.00012159575382584509
499784.0,27,-8757057.460437816,21393458.396024086,-13047584.48354858,-1349.3554739698002,930.6031963979424,2544.7102377749147,-0.00012160611620818942
500384.0,27,-9517019.831425196,21923660.02904714,-11472580.08618958,-1184.042611697079,833.021924975328,2701.877260025994,-0.00012161673063495358
500984.0,27,-10178298.340486147,22389194.924375065,-9809271.074631296,-1020.8578268689505,715.1767576968983,2838.7979148460167,-0.00012162750888135934
501584.0,27,-10742954.513458699,22778170.71504282,-8070178.103833764,-862.4086535678503,578.025124316362,2954.2560429492137,-0.00012163862286464908
502184.0,27,-11214592.466756253,23079372.9989523,-6268508.6312978715,-711.2146738967608,422.86958250166765,3047.1845999813345,-0.00012164998016919146
502784.0,27,-11598280.702270072,23282474.90905301,-4418060.135899788,-569.6359709600617,251.35766737183144,3116.68658086989,-0.00012166157396866491
503384.0,27,-11900447.162596628,23378235.09389807,-2533115.229478806,-439.8360557159424,65.45432223541707,3162.045907044122,-0.00012167339551062907
503984.0,27,-12128748.988735728,23358679.683100346,-628329.481620396,-323.7411861015644,-132.58782327404197,3182.738793449058,-0.00012168543416279752
504584.0,27,-12291918.927406505,23217264.55908537,1281387.1442090205,-223.00344454593687,-340.2642041744697,3178.4435085048767,-0.00012169767747780035
505184.0,27,-12399590.901039725,22949014.459115494,3180994.18447064,-138.96843047926745,-554.8595708609085,3149.0482527365916,-0.0001217101112765616
505784.0,27,-12462107.751870176,22550635.79743889,5055448.678847684,-72.64835988127675,-773.4940588023853,3094.656900720478,-0.00012172271975012893
506384.0,27,-12490314.623130567,22020600.55279186,6889835.91615509,-24.701273289319715,-993.1732534051232,3015.592379893813,-0.00012173548557948389
506984.0,27,-12495341.829481648,21359199.104306012,8669501.431058293,4.583062121434068,-1210.8412973866275,2912.397498410996,-0.00012174839007253861
507584.0,27,-12488381.380757574,20568560.508550767,10380182.662032513,15.290109684571235,-1423.435979055307,2785.8330818586187,-0.0001217614133171974
508184.0,27,-12480461.68264516,19652639.127294477,12008138.682003498,7.878908726323743,-1627.9429953450244,2636.8701689538775,-0.00012177491291794174
508784.0,27,-12482224.130175818,18617168.765882794,13540276.10077738,-16.821089676433985,-1821.458240756982,2466.6951185150647,-0.00012178810967230621
509384.0,27,-12503707.952072097,17469582.315896276,14964269.467777455,-57.63297696733298,-2001.2315495511339,2276.6807592092096,-0.00012180135986115357
509984.0,27,-12554145.528445197,16218900.817333257,16268675.334053768,-113.0499779933482,-2164.7248066755515,2068.385883361875,-0.00012181464048941274
510584.0,27,-12641773.795952713,14875592.698155304,17443037.24215201,-181.26623658398557,-2309.657445891681,1843.5368617687475,-0.00012182792828773398
511184.0,27,-12773665.17261725,13451406.157275688,18477980.94583776,-260.2124476852832,-2434.048695326115,1604.0100819008628,-0.00012184119992209377
511784.0,27,-12955581.527154537,11959177.988534173,19365298.460071508,-347.59687150150967,-2536.253872716347,1351.8124361659845,-0.00012185443220423108
512384.0,27,-13191854.151620714,10412622.669609405,20098019.885680404,-440.9508188358783,-2614.9939344646386,1089.0601967543764,-0.00012186760230021096
512984.0,27,-13485292.114969647,8826105.961892234,20670472.167586092,-537.6775881315688,-2669.3776552893364,817.9566491681618,-0.00012188068793445481
513584.0,27,-13837120.738527901,7214407.580168113,21078324.176245794,-635.1037570081332,-2698.9160049824495,540.7688801318433,-0.0001218936675866824
514184.0,27,-14246951.261770373,5592477.6869433075,21318617.741725963,-730.5316866669468,-2703.5284884197863,259.80412647993984,-0.00012190652067937288
514784.0,27,-14712782.078304892,3975192.0420706184,21389784.51104743,-821.292087184851,-2683.541417135257,-22.61391028537744,-0.0001219192277535664
515384.0,27,-15231031.41817262,2377109.9783789665,21291648.737923637,-904.7927876836695,-2639.6787946792656,-304.1673389875536,-0.00012193214856918285
515984.0,27,-15796599.451554827,812243.6105346009,21025416.293257136,-978.5789342369812,-2573.0432125907882,-582.5708530714844,-0.00012194451047082611
516584.0,27,-16402960.788813896,-706166.8804094102,20593650.596602295,-1040.3630291355812,-2485.0943230918683,-855.5870831944907,-0.00012195667623683738
517184.0,27,-17042281.959144667,-2165855.218346306,20000235.887470823,-1088.077864124504,-2377.616599996488,-1121.0509398576141,-0.00012196863234645913
517784.0,27,-17705563.560639713,-3555714.0391778965,19250328.956139844,-1119.9112582255025,-2252.683569463746,-1376.8872221797046,-0.00012198036704483847
518384.0,27,-18382803.136117578,-4865956.201380595,18350300.227356438,-1134.3380581144243,-2112.6169617519354,-1621.1274933294526,-0.00012199187041922024
518984.0,27,-19063175.521102857,-6088250.457491971,17307665.30036057,-1130.1462476271286,-1959.9421129415107,-1851.9250566939402,-0.00012200313445654261
431984.0,28,-11300361.341767667,-10643512.289274344,-21543032.329042073,1353.455688704078,-2379.2250577966934,467.2697777733412,-0.0005477031383260649
432584.0,28,-10519171.041784493,-12073679.196330111,-21180536.049224403,1249.369324701442,-2384.3102268178877,740.3319417093082,-0.0005476973864712196
433184.0,28,-9802552.285918485,-13499995.105206579,-20655794.344928816,1138.676677117804,-2366.264235251789,1007.7477767202213,-0.000547691640678351
433784.0,28,-9153667.897013774,-14908455.847509466,-19972810.979051203,1024.053335725155,-2324.727241597484,1267.4660792568643,-0.0005476859005478006
434384.0,28,-8574061.596273458,-16284952.05348219,-19136803.35123049,908.213060405519,-2259.710970599572,1517.4940336276761,-0.0005476801656364238
434984.0,28,-8063649.577962499,-17615492.72274046,-18154162.987737432,793.8595847413999,-2171.599968245841,1755.9126046236997,-0.0005476744354609787
435584.0,28,-7620740.963954464,-18886427.673989296,-17032406.970441185,683.638628467103,-2061.146482804569,1980.8913797911114,-0.0005476687095018292
436184.0,28,-7242086.971608512,-20084664.729732025,-15780120.80238099,580.0911941061192,-1929.4613262890116,2190.7022912491148,-0.0005476631811315954
436784.0,28,-6922956.671269746,-21197879.87101776,-14406892.250248484,485.6073918793529,-1777.9873336034784,2383.7347779168554,-0.000547657462028068
437384.0,28,-6657241.141690295,-22214712.199658476,-12923238.877389131,402.3857940903931,-1608.4894518565502,2558.505702329391,-0.0005476517453952909
437984.0,28,-6437580.044680228,-23124945.918068737,-11340526.849987233,332.3930604060988,-1423.01714471805,2713.6725307843312,-0.0005476460306094999
438584.0,28,-6255511.45392178,-23919672.462243713,-9670883.858464641,277.3292939285084,-1223.8729294507975,2848.0433597327924,-0.0005476403170327227
439184.0,28,-6101641.126099911,-24591431.31111548,-7927105.934643977,238.5977166064522,-1013.574378237287,2960.5861750058343,-0.0005476346040176861
439784.0,28,-5965828.438180506,-25134326.858572125,-6122559.034539325,217.27954999245253,-794.8124317013323,3050.4368664106123,-0.0005476288909127947
440384.0,28,-5837385.731151361,-25544119.335765723,-4271076.154574327,214.11454094957503,-570.4067437123069,3116.905932141245,-0.0005476231770671446
440984.0,28,-5705287.564365017,-25818288.219779175,-2386850.788439603,229.48747335331745,-343.2588288468957,3159.483818243022,-0.0005476174618355311
441584.0,28,-5558386.209707543,-25956067.04143281,-484327.5642781421,263.4209021205038,-116.30382258608012,3177.844849734721,-0.0005476117445834116
442184.0,28,-5385629.604466117,-25958449.00147656,1421909.0730885367,315.57423691481836,107.5383112891517,3171.84972181408,-0.0005476060246917858
442784.0,28,-5176277.938086854,-25828163.311694134,3317247.25301623,385.24919160011086,325.411282035418,3141.5465317167223,-0.0005476003015619544
443384.0,28,-4920114.922293149,-25569622.760330446,5187160.477394366,471.4031976253609,534.5709019550625,3087.1691720201793,-0.000547594766526056
443984.0,28,-4607651.096389803,-25188843.078247715,7017318.414256816,572.6604559074492,732.4261715280256,3009.1401212980504,-0.0005475890352386537
444584.0,28,-4230312.5406622,-24693336.1378651,8793699.041614719,687.3455137390279,916.5886294751299,2908.0600803561415,-0.0005475832990906106
445184.0,28,-3780616.295707481,-24091978.365020454,10502695.036068622,813.5054955112957,1084.9070398294716,2784.7078933424436,-0.0005475775576081872
445784.0,28,-3252325.592832938,-23394856.796810288,12131218.65291897,948.9454705462156,1235.5036286407942,2640.0332554505044,-0.0005475718103586225
446384.0,28,-2640583.827425576,-22613095.49049485,13666802.104423547,1091.2664191406068,1366.8044236072756,2475.149267136022,-0.0005475660569534439
446984.0,28,-1942024.6324988324,-21758665.283690695,15097693.042260472,1237.9067859998038,1477.5643348815258,2291.323731361915,-0.0005475602970514336
447584.0,28,-1154856.1199442148,-20844180.204125255,16412944.412425179,1386.1868982120516,1566.8865523428635,2089.9692667389295,-0.0005475545303612287
448184.0,28,-278917.8069651574,-19882684.051140927,17602498.000468984,1533.355476436603,1634.2359340899984,1872.6323184752353,-0.0005475487566435373
448784.0,28,684290.780462889,-18887430.833006695,18657261.039540358,1676.6374331365787,1679.44616567829,1640.9811572314902,-0.0005475429757129514
449384.0,28,1731610.3449172983,-17871662.84149771,19569175.31238493,1813.2821309997125,1702.720577823003,1396.7929632465975,-0.0005475371874393451
449984.0,28,2858250.915700308,-16848390.17688785,20331278.240572345,1940.6112684156249,1704.626619995463,1141.9400994203118,-0.0005475313917488473
450584.0,28,4057848.8295932906,-15830175.699164482,20937755.327505406,2056.0664404972213,1686.0826388798614,878.3762008232652,-0.0005475257822371479
451184.0,28,5322553.595255675,-14828927.880487079,21383984.706741016,2157.2502920079933,1648.3458633497144,608.1190781427524,-0.0005475199717264307
451784.0,28,6643136.021504236,-13855708.113386765,21666570.777262393,2241.973797553547,1592.980337497395,333.2383359367521,-0.0005475141539117832
452384.0,28,8009124.903797036,-12920551.7407134,21783370.091579314,2308.2910793666556,1521.833788142912,55.83747679685209,-0.0005475083289454011
452984.0,28,9408963.475682296,-12032308.813640576,21733506.98970764,2354.5346156902006,1437.002649397152,-221.9616628587327,-0.0005475024970341498
453584.0,28,10830185.409454167,-11198506.10061112,21517379.717271093,2379.344806736704,1340.79427961925,-498.0350956056034,-0.0005474966584379598
454184.0,28,12259607.005106851,-10425232.86070103,21136656.878825948,2381.6943106482695,1235.6856272549508,-770.2728544718216,-0.0005474908134678211
454784.0,28,13683532.31123088,-9717052.294436222,20594264.26818129,2360.906735975571,1124.2790595348838,-1036.595032593034,-0.0005474849624833875
455384.0,28,15087967.702216566,-9076940.143683499,19894362.186083227,2316.6693737550004,1009.2561151082868,-1294.9675723580058,-0.0005474791058902149
455984.0,28,16458842.275535889,-8506251.446680045,19042313.423270576,2249.039753933281,893.3299758497419,-1543.41768781379,-0.0005474732441366505
456584.0,28,17782230.33355488,-8004715.97228947,18044642.15335179,2158.4459159781713,779.1974737865339,-1780.0488072830797,-0.0005474673777103994
457184.0,28,19044572.17793575,-7570462.367130224,16908984.04494449,2045.6803902845745,669.4914560515472,-2003.0549270094,-0.0005474615071347948
457784.0,28,20232889.600019526,-7200070.51247992,15644028.010033634,1911.888194993023,566.7342968689118,-2210.7362467738194,-0.0005474558251887847
458384.0,28,21334991.624217108,-6888651.497902049,14259449.847203793,1758.5478984359477,473.2934971387567,-2401.504083968442,-0.0005474499481075766
458984.0,28,22339669.015945267,-6629952.73845158,12765838.456289014,1587.44882984257,391.3398078348862,-2573.9048680954825,-0.00054744406862337
459584.0,28,23236871.52914317,-6416488.082165433,11174615.283547526,1400.6613008252366,322.80898203310016,-2726.623074971495,-0.0005474381873590058
460184.0,28,24017866.95403091,-6239689.166773698,9497947.252949124,1200.5028818523158,269.36754675684733,-2858.493210391144,-0.0005474323049508849
460784.0,28,24675378.419857148,-6090076.054467803,7748654.0697501395,989.5003294690582,232.38327750037843,-2968.5086326113437,-0.0005474264220441196
461384.0,28,25203697.875459854,-5957443.736883826,5940110.539506575,770.3481253215887,212.90098449434527,-3055.8296948891825,-0.0005474201955059376
461984.0,28,25598773.10895105,-5831063.17967023,4086144.633224811,545.8634232622319,211.62330797599384,-3119.7880662446114,-0.000547414313588103
462584.0,28,25858268.58413992,-5699888.63735053,2200932.0543289063,318.9403655758808,228.89868078983272,-3159.8949137255536,-0.0005474084331096171
463184.0,28,25981596.73480543,-5552774.014618103,298888.15498010913,92.50171672172758,264.71418629986874,-3175.8425721325825,-0.0005474025547008932
463784.0,28,25969920.906791214,-5378689.720157628,-1605442.0393074134,-130.54931081292278,318.6953314120292,-3167.5074456103825,-0.0005473966789765781
464384.0,28,25826129.22713109,-5166938.1653167885,-3497494.8246456427,-347.3770117365866,390.11196938826447,-3134.951002968701,-0.0005473908065308668
464984.0,28,25554779.90426847,-4907364.068903434,-5362798.656028427,-555.2593004667169,477.8888578780727,-3078.418948939031,-0.0005473850093528138
465584.0,28,25162019.193295967,-4590554.358024665,-7187086.182920638,-751.635409195281,580.6299293474829,-2998.341132842341,-0.0005473791450345011
466184.0,28,24655472.857410498,-4208028.431442008,-8956400.688120166,-934.1434555007829,696.6327813933983,-2895.3258419364292,-0.0005473732856074821
466784.0,28,24044113.5834051,-3752409.3360458333,-10657204.585257458,-1100.6622717777436,823.9238692441534,-2770.156950104458,-0.0005473674315417167
467384.0,28,23338106.299204405,-3217577.75787915,-12276482.421139421,-1249.3451276581095,960.290770953915,-2623.787631524457,-0.0005473615832662691
467984.0,28,22548634.143347107,-2598804.073722668,-13801840.40675017,-1378.6495831582674,1103.3201876629205,-2457.3332068604304,-0.0005473557411660191
468584.0,28,21687708.06363695,-1892856.4943966623,-15221601.233379934,-1487.3621333927363,1250.4394931728295,-2272.062752000855,-0.0005473499055787098
469184.0,28,20767963.312170576,-1098083.386664668,-16524893.450291084,-1574.617222499702,1398.9611222711935,-2069.3895297876957,-0.0005473440767923498
469784.0,28,19802446.32744184,-214468.30346218124,-17701734.722546697,-1639.9103004436467,1546.1290377964147,-1850.860314181086,-0.0005473382550429933
470384.0,28,18804395.657633286,756343.2798070759,-18743108.334810946,-1683.1046980749607,1689.1664799177647,-1618.1436848453538,-0.0005473324405129148
470984.0,28,17787020.67982813,1811046.039979443,-19641032.3585823,-1704.4322015083646,1825.3241781543152,-1373.0173781573772,-0.0005473266333291921
471584.0,28,16763281.906104125,2944705.7148677455,-20388620.95594131,-1704.487314738311,1951.9281976798998,-1117.3547880695776,-0.0005473208335627113
472184.0,28,15745676.405274726,4150818.877308378,-20980137.60144951,-1684.2165555635136,2066.4276924299706,-853.1092565244243,-0.0005473147673978094
472784.0,28,14746033.406523608,5421397.702541441,-21411038.3743973,-1644.895410221775,2166.4352466711925,-582.3050502309645,-0.0005473089825513735
473384.0,28,13775320.162369577,6747085.195460786,-21678008.377998114,-1588.1124200518598,2249.775170285305,-307.01310744988325,-0.0005473032050009217
473984.0,28,12843465.830871442,8117290.462179934,-21778986.866233245,-1515.7349692916914,2314.5177086153208,-29.341092702867773,-0.0005472974345904262
474584.0,28,11959203.165876199,9520347.589138892,-21713183.616022844,-1429.8768487508946,2359.01433401195,248.58421597839998,-0.0005472916711091257
475184.0,28,11129931.966478921,10943693.349701881,-21481085.479079287,-1332.86026907831,2381.9272523620484,524.6332354477088,-0.0005472859142931184
475784.0,28,10361606.417846333,12374061.053348795,-21084453.175811253,-1227.1743072619413,2382.253644601929,796.6899331414794,-0.0005472801638273651
476384.0,28,9658648.245347913,13797687.25670239,-20526308.339519426,-1115.430502588857,2359.3442182321282,1062.6681039239452,-0.0005472744193480876
476984.0,28,9023887.160233261,15200527.82965786,-19810910.89170181,-1000.3163684982871,2312.9157411883434,1320.5274417667747,-0.0005472686804455433
477584.0,28,8458529.605420887,16568479.703289207,-18943726.901966818,-884.5476238761278,2243.0573336765992,1568.2892807611481,-0.0005472629466671575
478184.0,28,7962156.322185185,17887604.522059746,-17931387.158449035,-770.8199706636419,2150.230401003336,1804.0518817637264,-0.0005472572175209856
478784.0,28,7532748.760873908,19144350.383220766,-16781636.746302173,-661.7612537145687,2035.262200191233,2026.0051437882587,-0.0005472514924794836
479384.0,28,7166743.946979229,20325767.67956236,-15503276.005412553,-559.8848424771929,1899.336032740206,2232.4445271692725,-0.0005472459651256436
479984.0,28,6859116.136546923,21419716.551086206,-14106093.070178708,-467.5448429558646,1743.9609956573456,2421.784619450283,-0.0005472402467321412
480584.0,28,6603486.030250803,22415059.261783853,-12600789.657596147,-386.8947837396813,1570.9646611851965,2592.5709617896487,-0.000547234530677444
481184.0,28,6392252.069762523,23301838.545517024,-10998898.34877104,-319.8488720956602,1382.4519025222357,2743.491623686366,-0.0005472288163333466
481784.0,28,6216744.632967475,24071435.44342989,-9312694.26736098,-268.0480668416335,1180.773112179537,2873.3873360453927,-0.0005472231030584845
482384.0,28,6067399.016203315,24716705.338298418,-7555100.740533037,-232.83079130226542,968.4853824226741,2981.2604970875395,-0.0005472173902032673
482984.0,28,5933944.429488362,25232089.598376524,-5739589.88275187,-215.20895057546113,748.3101418254064,3066.2829191207984,-0.0005472116771148756
483584.0,28,5805605.691138202,25613700.908720914,-3880078.8790854174,-215.84967289323868,523.087978943175,3127.802252780651,-0.0005472059631422844
484184.0,28,5671314.0843943,25859380.82298949,-1990822.7826821515,-235.06309487229896,295.7314336681771,3165.347036267795,-0.0005472002476412711
484784.0,28,5519923.67695502,25968728.55025149,-86304.67198485797,-272.79640468785306,69.17657262308268,3178.6303285841136,-0.0005471945299793711
485384.0,28,5340429.3076800555,25943100.490802128,1818875.9633905012,-328.63424757540474,-153.66581369129528,3167.551897670785,-0.0005471888095407416
485984.0,28,5122182.415057242,25785580.54334013,3710115.72374566,-401.80548655689086,-369.9585477656459,3132.198946555005,-0.0005471830857308955
486584.0,28,4855100.495480909,25500921.784425814,5572920.376974377,-491.19654046995424,-576.9870549296725,3072.8457305350407,-0.0005471775497357778
487184.0,28,4529869.087581708,25095460.18662949,7393014.127106555,-595.3690940901799,-772.1964248008155,2989.9499319638553,-0.0005471718175569182
487784.0,28,4138126.3170136595,24577002.609329127,9156452.841039896,-712.5866246192863,-953.2452776663192,2884.1511655978647,-0.0005471660804038824
488384.0,28,3672635.23573485,23954690.34293559,10849729.089065773,-840.8431706806969,-1118.03627520248,2756.2645008356817,-0.0005471603378106588
488984.0,28,3127434.7021502126,23238840.85029092,12459876.349975014,-977.89825351902,-1264.7522470405456,2607.274413635188,-0.0005471545893530238
489584.0,28,2497968.5818899544,22440770.460361462,13974568.430878185,-1121.3156443342596,-1391.885480775582,2438.327071308152,-0.0005471488346517862
490184.0,28,1781190.6120076012,21572601.075406983,15382213.833434017,-1268.5055737306648,-1498.2616567827295,2250.721374647547,-0.0005471430733756805
490784.0,28,975643.0870825797,20647054.241610188,16672044.344646903,-1416.769649197571,-1583.0580232369944,2045.8988323213332,-0.0005471373052438911
491384.0,28,81507.98146514222,19677236.144421645,17834197.181234807,-1563.3477008493942,-1645.8155074832425,1825.4323513395766,-0.0005471315300281859
491984.0,28,-899370.3996687587,18676417.23847694,18859790.07212622,-1705.4657437350634,-1686.4445655711083,1591.0140353919608,-0.0005471257475546445
492584.0,28,-1963491.6551662236,17657810.305702176,19740988.7231807,-1840.3842273454818,-1705.224680460601,1344.4420899133315,-0.000547119957704967
493184.0,28,-3105734.3251608517,16634350.753140885,20471066.17101783,-1965.4457397032988,-1702.7975291953303,1087.606938836212,-0.0005471141604173569
493784.0,28,-4319418.9318602085,15618482.947106093,21044453.431601632,-2078.1192568591464,-1680.1537231344619,822.4791585673686,-0.0005471080838705892
494384.0,28,-5596399.290250309,14621955.962215232,21456782.0297611,-2176.0526350008413,-1638.614864333948,551.0843416484955,-0.0005471022716423465
494984.0,28,-6927177.26308151,13655633.108760342,21704915.930842046,-2257.1014294279726,-1579.8071067411615,275.5025883657899,-0.0005470964521250266
495584.0,28,-8301043.315519455,12729317.021455964,21786975.275889605,-2319.37478651562,-1505.6326781692942,-2.157466334341479,-0.0005470906254838452
496184.0,28,-9706237.351576168,11851594.569409067,21702350.049683895,-2361.2667406847786,-1418.2350105852634,-279.7722303286495,-0.0005470847919384686
496784.0,28,-11130128.322757412,11029703.610792873,21451704.179603122,-2381.4847343881397,-1319.9601646642127,-555.2193435671278,-0.000547078951761312
497384.0,28,-12559409.370770082,10269423.943708621,21036969.97343236,-2379.072814919612,-1213.3148468660656,-826.3938304962631,-0.0005470731052754385
497984.0,28,-13980305.1979099,9574994.277104858,20461332.952391136,-2353.429114127268,-1100.9217438046153,-1091.224095580679,-0.0005470672528520727
498584.0,28,-15378788.151381884,8949056.59856862,19729207.204031672,-2304.317314854339,-985.4729431348328,-1347.687643751043,-0.0005470613949077502
499184.0,28,-16740799.359736662,8392628.846182527,18846201.44702652,-2231.8719104387055,-869.6822415813563,-1593.8264102373462,-0.0005470555319011246
499784.0,28,-18052471.17323069,7905106.307236211,17819076.06598036,-2136.5971691663453,-756.2371585989574,-1827.761587574735,-0.000547049664329456
500384.0,28,-19300347.136679657,7484291.675393997,16655691.439009331,-2019.359822456457,-647.7514782370033,-2047.7078415664926,-0.0005470437927248094
500984.0,28,-20471595.957527816,7126453.142238926,15364947.921899432,-1881.3739736037492,-546.721886849756,-2251.9863076835095,-0.0005470376438056196
501584.0,28,-21554214.67281847,6826409.989828555,13956718.184611259,-1724.188359553367,-455.47301315802724,-2439.0392987501455,-0.0005470317658614838
502184.0,28,-22537220.460466247,6577642.633499341,12441771.46005189,-1549.6512090939734,-376.1327288098032,-2607.4390505334313,-0.0005470258856551457
502784.0,28,-23410824.020500332,6372427.608323467,10831691.96307127,-1359.8870052384748,-310.5837286729859,-2755.9005508370356,-0.0005470200038149488
503384.0,28,-24166584.397161115,6201993.080278103,9138790.50010187,-1157.259928987982,-260.4329608405835,-2883.2907453072085,-0.0005470141209816816
503984.0,28,-24797541.503215857,6056693.089041806,7376010.679701792,-944.334997866922,-226.9831377978901,-2988.6371166545714,-0.000547008237803696
504584.0,28,-25298324.27046067,5926197.32905498,5556830.285801256,-723.8358012831019,-211.20953546209512,-3071.1350586148315,-0.0005470023549319695
505184.0,28,-25665232.585198093,5799693.1714031035,3695158.55562134,-498.5995511591101,-213.74247878584652,-3130.1539896702125,-0.0005469964730151473
505784.0,28,-25896291.61389924,5666096.417026424,1805230.1377310264,-271.5302122230918,-234.8558158074145,-3165.2421604543774,-0.0005469905926946014
506384.0,28,-25991277.595287282,5514267.119672296,-98503.46659297225,-45.550509389929914,-274.4615800030472,-3176.130118040539,-0.0005469847145995452
506984.0,28,-25951714.662631955,5333226.727693408,-2001484.1540379908,176.4463707817469,-332.11093526100876,-3162.7327999116287,-0.0005469788393422387
507584.0,28,-25780842.755709045,5112372.768923858,-3889158.322323144,391.6445618714884,-407.0013905308647,-3125.1502402733086,-0.0005469729675133215
508184.0,28,-25483557.084234264,4841687.588412489,-5747087.631305477,597.350569268671,-497.9887633954754,-3063.666591631274,-0.0005469672933719558
508784.0,28,-25066320.66712495,4511935.9899593,-7561060.694618701,791.0433165205013,-603.6120245548282,-2978.7491960465,-0.0005469614299677568
509384.0,28,-24537050.461810164,4114852.1958552646,-9317199.49775324,970.4068361024102,-722.1099222759726,-2871.043400238664,-0.000546955571584088
509984.0,28,-23904980.04191051,3643307.6456777547,-11002066.870648257,1133.3740776384398,-851.4564972761293,-2741.368893530622,-0.0005469497186829548
510584.0,28,-23180500.684360884,3091460.6369648334,-12602768.871311698,1278.159019573674,-989.3944547439771,-2590.713281892244,-0.0005469438716845388
511184.0,28,-22374983.690146815,2454883.6056333724,-14107053.39718331,1403.2854838856754,-1133.4739560101175,-2420.2246721278557,-0.0005469380309639775
511784.0,28,-21500586.98917032,1730666.066361796,-15503403.92806409,1507.6106472278805,-1281.0948172234266,-2231.203030248251,-0.0005469321968484833
512384.0,28,-20570049.347564362,917491.3889407683,-16781127.68525648,1590.3428454256125,-1429.5513931662938,-2025.0903763784017,-0.000546926369614827
512984.0,28,-19596475.707135323,15686.035321278498,-17930437.53483565,1651.0533655940678,-1576.0793775015609,-1803.459887474431,-0.0005469205494872025
513584.0,28,-18593117.33723548,-972759.645617133,-18942527.011120807,1689.6820228429385,-1717.903716984953,-1568.0039875695509,-0.0005469147366354911
514184.0,28,-17573150.56676954,-2044199.4808039516,-19809637.888936214,1706.5364248304854,-1852.28681709119,-1320.5215131752727,-0.0005469089311739401
514784.0,28,-16549457.88683922,-3193368.3135470226,-20525119.78964714,1702.2849355246135,-1976.5762104514713,-1062.9040487728332,-0.0005469031331602633
515384.0,28,-15534415.092140423,-4413447.3312548455,-21083481.589819778,1677.9458908671804,-2088.251173245356,-797.120748029726,-0.0005468970685871465
515984.0,28,-14539688.739681438,-5696155.003239162,-21480432.94558978,1634.8586528388905,-2184.9657519832094,-525.2065506723364,-0.0005468912855242844
516584.0,28,-13576045.407741373,-7031866.922705677,-21712918.685281377,1574.6735308515156,-2264.5915544587992,-249.2416953197028,-0.0005468855097487947
517184.0,28,-12653179.183150796,-8409755.872864142,-21779141.94120632,1499.3119202816888,-2325.25440743144,28.660813759009304,-0.0005468797410910512
517784.0,28,-11779557.58199417,-9817954.942706214,-21678578.539206672,1410.9340855614146,-2365.367889410563,306.37224788365774,-0.0005468739793268581
518384.0,28,-10962289.76826586,-11243738.83518764,-21411981.522244908,1311.9003779830803,-2383.6617865632215,581.7644825058103,-0.0005468682241791477
518984.0,28,-10207019.09696759,-12673720.660660148,-20981375.912198853,1204.7290302761887,-2379.2051879273076,852.7263468812184,-0.0005468624753200844
431984.0,29,-1418804.4941957546,-23297201.601377465,-12569117.5263203,905.1504263127431,1335.290384181093,-2601.3635086032004,-0.00033452398210663206
432584.0,29,-835917.0744418483,-22454276.316389114,-14079598.664757373,1039.0224844460456,1470.909166994894,-2430.263418068527,-0.0003345199795570417
433184.0,29,-171093.17079865187,-21536129.92426979,-15481771.68279025,1177.847540020543,1585.8454312890094,-2240.6182142302464,-0.0003345159221658638
433784.0,29,577851.2170232274,-20555484.215449292,-16764952.619415035,1318.9834430477654,1679.1270124585224,-2033.922661901112,-0.00033451180761038765
434384.0,29,1411489.00408124,-19525534.961919893,-17919393.773482665,1459.7091785824377,1750.1466840684468,-1811.79888990609,-0.0003345076340126586
434984.0,29,2328749.0962046953,-18459730.27212747,-18936355.918863513,1597.2728062728722,1798.6696985275503,-1575.9827487828597,-0.00033450339995251034
435584.0,29,3326912.3678458845,-17371546.403342444,-19808172.085682638,1728.9397768929498,1824.834841975856,-1328.3094403508833,-0.0003344991044769162
436184.0,29,4401636.349552231,-16274264.9595001,-20528302.4415365,1852.039413397383,1829.149155581397,-1070.6998610680866,-0.0003344954460077518
436784.0,29,5547009.031436425,-15180755.032350995,-21091380.461104434,1964.01689062183,1812.4759208272692,-805.1400113127995,-0.0003344910266828388
437384.0,29,6755628.461538733,-14103264.68288301,-21493249.03699144,2062.4695839761343,1776.0172906005018,-533.6730598654385,-0.0003344865459215407
437984.0,29,8018709.6020056605,-13053224.297156155,-21730987.77739314,2145.194070408892,1721.2907798740443,-258.3782894687105,-0.00033448200465953457
438584.0,29,9326214.45312123,-12041065.841099482,-21802930.52178538,2210.2228887050373,1650.1006738622589,18.643540620501565,-0.00033447740429144046
439184.0,29,10667003.923581954,-11076060.66404926,-21708673.40025941,2255.8584991055513,1564.5047425490893,295.2860503945534,-0.0003344727466586361
439784.0,29,12029008.686652938,-10166178.530510038,-21449073.476011306,2280.7025646482625,1466.7768730238595,569.4529095133162,-0.00033446803403382674
440384.0,29,13399416.083657146,-9317970.125700355,-21026238.114611637,2283.680099956081,1359.3662819322471,839.0732181660477,-0.00033446326910252874
440984.0,29,14764869.89121196,-8536474.869819028,-20443505.280525338,2264.0581233171406,1244.8540172707558,1102.116502476297,-0.0003344584549416413
441584.0,29,16111679.5780733,-7825155.441289495,-19705415.013415627,2221.458541755879,1125.9074934258235,1356.6072368278535,-0.0003344535949952951
442184.0,29,17426035.543137506,-7185859.95768403,-18817672.384322245,2155.865094848925,1005.233825734523,1600.638813544981,-0.0003344486930481798
442784.0,29,18694226.749017585,-6618812.301731056,-17787102.275196508,2067.6242798295357,885.532741048316,1832.3868880335574,-0.0003344437531965633
443384.0,29,19902857.867461443,-6122629.8514497075,-16621595.775779888,1957.441308305236,769.4517688356534,2050.123452250271,-0.0003344388959724956
443984.0,29,21039057.910699453,-5694372.865345683,-15330052.213803044,1826.365201350019,659.5328093775315,2252.222982187846,-0.0003344338938919452
444584.0,29,22090688.342372462,-5329612.637503803,-13922308.110235004,1675.7777842750515,558.1801924007982,2437.182333504668,-0.00033442886774582924
445184.0,29,23046531.612077206,-5022533.497446585,-12409065.976055823,1507.368066724651,467.61148048792325,2603.625045074001,-0.00033442382254709514
445784.0,29,23896469.08106009,-4766054.341276683,-10801813.998855896,1323.1060384518753,389.8214706575527,2750.312225444104,-0.00033441876344870655
446384.0,29,24631640.499428567,-4551972.730310936,-9112740.982796378,1125.2110406291636,326.5479988493439,2876.1509982308394,-0.00033441369570567193
446984.0,29,25244582.96052959,-4371128.995729212,-7354647.3119110055,916.1161780609273,279.24208965957973,2980.2019372443538,-0.00033440874104781243
447584.0,29,25729348.99170904,-4213583.01442719,-5540847.4580816915,698.4287748081093,249.04301744418876,3061.685756080268,-0.00033440367199470965
448184.0,29,26081596.889998488,-4068812.0432314877,-3685077.232615173,474.8889299276126,236.7584559288639,3119.9884546274875,-0.00033439861028628285
448784.0,29,26298658.612799514,-3925911.1821284806,-1801389.7227016632,248.32495728665577,242.85032776551157,3154.6659516142076,-0.0003343935611966928
449384.0,29,26379578.856339417,-3773804.4245964033,95947.00852457214,21.60782208971574,267.42637286619424,3165.447360929107,-0.00033438852990747665
449984.0,29,26325126.812317718,-3601458.2302723792,1992554.7329573387,-202.39525250650183,310.2376656642716,3152.2372242437546,-0.00033438352146939425
450584.0,29,26137779.855013583,-3398094.2796527357,3874051.34285877,-420.8656048165486,370.6825663883635,3115.1141680386204,-0.00033437865788329973
451184.0,29,25821680.20567006,-3153400.7796652643,5726155.2555063395,-631.0851109786147,447.81435683994914,3054.340650771009,-0.0003343737094455915
451784.0,29,25382563.492582195,-2857731.57921311,7534793.733071443,-830.4706968879501,540.3593148277562,2970.347139803395,-0.0003343687978549292
452384.0,29,24827662.264205396,-2502299.0612336304,9286205.881458264,-1016.6227409231126,646.7356707337465,2863.739491856534,-0.00033436392727899546
452984.0,29,24165584.868650895,-2079350.5966402376,10967045.965483408,-1187.3624518613524,765.0802523424243,2735.292980796074,-0.00033435910158139667
453584.0,29,23406171.97330377,-1582328.265000254,12564483.775854949,-1340.7673209748573,893.2795195671185,2585.9475738981905,-0.00033435432429215105
454184.0,29,22560333.023305405,-1006008.5954860672,14066301.762175588,-1475.2024119321422,1029.004999297535,2416.802025503079,-0.00033434959858043214
454784.0,29,21639865.3128605,-346619.85542160086,15460988.222312791,-1589.3469474715373,1169.7525626692575,2229.1067958999124,-0.00033434492722978117
455384.0,29,20657258.646949776,398065.22909868695,16737825.84847327,-1682.2157218927991,1312.8849183695586,2024.2558107172333,-0.00033434031261599383
455984.0,29,19625488.829135835,1228663.0405747518,17886974.94503052,-1753.1749472647302,1455.6766353850342,1803.7770844814354,-0.0003343357566878732
456584.0,29,18557803.418846324,2144140.217324217,18899550.65294515,-1801.9522279799614,1595.3609580789341,1569.3222413314456,-0.00033433126095102755
457184.0,29,17467503.354557518,3141803.217789082,19767693.540843226,-1828.6404518353047,1729.1776368049675,1322.6549760829525,-0.00033432682645487434
457784.0,29,16367723.974199764,4217317.000605633,20484633.09583404,-1833.6948654606647,1854.4174849910974,1065.6367648217163,-0.0003343228021530752
458384.0,29,15271220.147813197,5364750.702632966,21044742.740254246,-1817.9272986777237,1968.4836924704327,800.2202091087265,-0.00033431849112673564
458984.0,29,14190156.7012639,6576654.561542588,21443587.694512844,-1782.4870525987353,2068.9170949716636,528.4246865524555,-0.00033431424168211014
459584.0,29,13135911.108967578,7844160.750352178,21677962.97783208,-1728.8436325986418,2153.453705914762,252.3277388583176,-0.0003343100529847634
460184.0,29,12118889.389917148,9157110.98379741,21745922.60962964,-1658.7597434522168,2220.0620336592137,-25.95229962639284,-0.000334305923731342
460784.0,29,11148359.429446558,10504207.200145662,21646799.134589106,-1574.2599798774509,2266.9800685426576,-304.2726413194657,-0.0003343018521579946
461384.0,29,10232304.520755637,11873183.120924745,21381213.256093863,-1477.5948401522344,2292.747827650124,-580.4828116221283,-0.00033429783605248235
461984.0,29,9377299.748915121,13250993.844667107,20951073.36487048,-1371.2006625175468,2296.234843639284,-852.4417045220247,-0.00033429387276992956
462584.0,29,8588413.456447564,14624020.28789537,20359564.831666995,-1257.6561656077831,2276.662066735663,-1118.034780559883,-0.00033428995925213344
463184.0,29,7869135.600789674,15978284.996114789,19611129.020131487,-1139.6363446519929,2233.617743591527,-1375.1912520473943,-0.0003342860920503134
463784.0,29,7221334.346941371,17299675.61612203,18711432.06800448,-1019.8645328725233,2167.0669415668353,-1621.9010941412732,-0.0003342822673511489
464384.0,29,6645241.741386484,18574172.154125288,17667323.580352385,-901.0634807637032,2077.3545003251693,-1856.2317161862363,-0.00033427848100591785
464984.0,29,6139468.746202145,19788074.052204758,16486785.440750433,-785.9077184887101,1965.2007942559326,-2076.342469529537,-0.0003342749615862297
465584.0,29,5701049.769694558,20928222.998865645,15178871.320609562,-676.969800436708,1831.693492204404,-2280.5067751991005,-0.0003342712382900983
466184.0,29,5325514.986980794,21982217.893396135,13753636.674266085,-576.6820094538364,1678.2674261361205,-2467.11679384207,-0.0003342675392211655
466784.0,29,5006990.643267462,22938617.420518655,12222060.69118581,-487.28682536035853,1506.6837488613496,-2634.7037617241854,-0.0003342638592344025
467384.0,29,4738324.385105643,23787127.325153187,10595960.102875369,-410.7976216379982,1319.0004513983704,-2781.9488286663413,-0.00033426019303280904
467984.0,29,4511233.896216367,24518768.673638638,8887895.863895489,-348.9620951109082,1117.5381365806707,-2907.694292515572,-0.0003342565352094934
468584.0,29,4316476.077286622,25126024.145748597,7111073.457665213,-303.2304871802205,904.8410856164589,-3010.9534300280493,-0.0003342528802907315
469184.0,29,4144033.713841457,25602959.727018926,5279237.700672139,-274.7291905212578,683.6343215716624,-3090.918817134511,-0.0003342492227796221
469784.0,29,3983316.2482801713,25945319.61742909,3406562.9812354427,-264.2402331206274,456.7774520551495,-3146.9690496796734,-0.0003342455571999501
470384.0,29,3823371.008575327,26150592.662415635,1507539.9199864531,-272.1870191404025,227.2161358932965,-3178.6737954258897,-0.00033424187813986387
470984.0,29,3653101.052701437,26218049.13552124,-403140.52234900894,-298.6265858502677,-2.067936169963673,-3185.7971289723914,-0.0003342381802949788
471584.0,29,3461485.6686312966,26148747.24785061,-2310704.4392530737,-343.2485104810578,-228.1076297410456,-3168.299122814108,-0.0003342344585105227
472184.0,29,3237799.4930480705,25945509.40052742,-4200412.879620273,-405.382040652378,-448.00133859241623,-3126.337417169484,-0.0003342309402773543
472784.0,29,2971826.6667923806,25612868.231391836,-6057678.593893966,-484.0019261236755,-658.9587762742971,-3060.2584508264304,-0.0003342271561431933
473384.0,29,2654064.715136498,25156984.404500846,-7868182.654597871,-577.7561983102639,-858.3528615714034,-2970.6041589228366,-0.000334223333903594
473984.0,29,2275917.0753229707,24585536.704327647,-9617986.382686377,-684.984237350971,-1043.7599263964944,-2858.0999077061642,-0.00033421946939041675
474584.0,29,1829868.4333267156,23907587.07305786,-11293640.86501886,-803.748103411057,-1213.0007090160245,-2723.649421180296,-0.00033421555876916636
475184.0,29,1309640.8979478013,23133422.888163503,-12882291.626924966,-931.8671979689457,-1364.1759272476363,-2568.326528098187,-0.0003342115985683108
475784.0,29,710328.061954936,22274379.384891823,-14371777.889174815,-1066.9571581016228,-1495.6967761882,-2393.3655455895587,-0.0003342075857055112
476384.0,29,28504.629597036168,21342645.438541975,-15750725.625835182,-1206.4722577523692,-1606.3098430231237,-2200.150417719325,-0.00033420351751057295
476984.0,29,-737690.2556373477,20351056.192680236,-17008633.716942485,-1347.750533990276,-1695.1160397868,-1990.202736889553,-0.0003341993917449641
477584.0,29,-1588497.3663020805,19312876.22313048,-18135952.572152745,-1488.0608162871738,-1761.5832687132784,-1765.1687831612978,-0.0003341952066177808
478184.0,29,-2522510.3113175025,18241577.061341286,-19124154.686844293,-1624.650813139339,-1805.5526515504403,-1526.8057213092113,-0.00033419096079807554
478784.0,29,-3536677.3933868697,17150612.963769242,-19965796.67893778,-1754.7954028633733,-1827.238271482808,-1276.9670978227211,-0.0003341866534234964
479384.0,29,-4626331.827484351,16053199.050424052,-20654572.22069377,-1875.845797905893,-1827.2182701331492,-1017.587141175307,-0.0003341825175582691
479984.0,29,-5785252.200581987,14962094.214190792,-21185356.87251316,-1985.2696014764879,-1806.4307221819574,-750.667829081519,-0.00033417808636488543
480584.0,29,-7005746.185137462,13889395.767706372,-21554241.563765503,-2080.704061429055,-1766.14165542399,-478.2593037512882,-0.0003341735938673343
481184.0,29,-8278763.0836250745,12846345.211755987,-21758558.372632127,-2159.990736567873,-1707.9292124169322,-202.4465375000541,-0.0003341690410904787
481784.0,29,-9594028.420591854,11843151.138165746,-21796896.035526022,-2221.2143986420274,-1633.6519120335297,74.66724225345394,-0.00033416442951612944
482384.0,29,-10940199.893727984,10888831.142146578,-21669106.09023287,-2262.736082124748,-1545.4144832603956,350.9763826885929,-0.0003341597610702219
482984.0,29,-12305041.735724557,9991075.45089672,-21376299.625300728,-2283.221355940608,-1445.529746830321,624.3884277187377,-0.0003341550381067768
483584.0,29,-13675614.494123895,9156134.432873527,-20920834.79143868,-2281.663380874998,-1336.4772176344604,892.8394299371421,-0.00033415026338880585
484184.0,29,-15038477.002283698,8388731.73602238,-20306295.28657151,-2257.4004074336162,-1220.8591452915402,1154.308858102286,-0.0003341454400663409
484784.0,29,-16379897.135401241,7692004.364549953,-19537460.077337652,-2210.1274633641365,-1101.3547424001129,1406.834014174696,-0.0003341405716517769
485384.0,29,-17686067.822874065,7067470.549713476,-18620264.66650025,-2139.9020763816775,-980.6733698602518,1648.5238819412593,-0.0003341356619927336
485984.0,29,-18943324.722859304,6515025.80769722,-17561754.258323055,-2047.143974406407,-861.507456380973,1877.5723368747874,-0.0003341307152426503
486584.0,29,-20138361.881314132,6032967.289046152,-16370029.420632767,-1932.6299350803918,-746.4845474057427,2092.273749385579,-0.00033412596820891447
487184.0,29,-21258442.284294046,5618044.87068209,-15054183.502341973,-1797.4771161679632,-638.1274519914505,2291.0222949369822,-0.000334120960930041
487784.0,29,-22291598.68510625,5265540.442601716,-13624234.93420184,-1643.1320873474676,-538.8028133586197,2472.341660865977,-0.0003341159305344698
488384.0,29,-23226822.958926536,4969370.976426439,-12091051.719492745,-1471.3432008135183,-450.6858625374398,2634.882531608753,-0.0003341108820664531
488984.0,29,-24054239.761348046,4722215.62139219,-10466270.727849225,-1284.1337063642777,-375.72179908393514,2777.4349476267003,-0.00033410582070302644
489584.0,29,-24765262.095040426,4515663.916363521,-8762211.611004231,-1083.76925604818,-315.5924408718681,2898.9365564647196,-0.00033410075171588213
490184.0,29,-25352726.176624764,4340382.705770657,-6991786.011450052,-872.7214665591732,-271.6873368507904,2998.479894682165,-0.0003340956804326383
490784.0,29,-25811003.400668144,4186298.941562408,-5168402.654517924,-653.6281278508859,-245.07980314797464,3075.3186690459474,-0.00033409061219775163
491384.0,29,-26136087.566490673,4042795.2980680596,-3305868.935630708,-429.2506970288515,-236.50826653340687,3128.873007756075,-0.00033408555233332293
491984.0,29,-26325655.930773165,3898915.318955539,-1418289.6342312458,-202.42975808888713,-246.36321758668782,3158.7336545965104,-0.0003340805061000452
492584.0,29,-26379103.069087308,3743574.6583345607,480036.5959321497,23.960840002119824,-274.67998987677674,3164.665080898702,-0.00033407547865854274
493184.0,29,-26297546.96643077,3565774.8739398876,2374722.2939939136,247.0604324649011,-321.1374921061263,3146.6074922085318,-0.00033407047503134933
493784.0,29,-26083807.10316177,3354816.3860354726,4251396.83814437,464.06623370840066,-385.0630460896682,3104.675948306821,-0.0003340657336250605
494384.0,29,-25742355.38423108,3100505.6091911676,6095813.9635791825,672.2851885660964,-465.4425324485642,3039.167111927764,-0.00033406079184025993
494984.0,29,-25279239.56513648,2793356.6913443506,7893954.982602501,869.1678866710708,-560.937634883494,2950.5473355665895,-0.00033405588773871087
495584.0,29,-24701981.59685173,2424778.647221417,9632134.92803541,1052.3565771893427,-669.9072289065653,2839.4570461295607,-0.00033405102543267444
496184.0,29,-24019451.797333047,1987249.3572494034,11297104.515858209,1219.7218327305313,-790.4347166831587,2706.7052222811167,-0.0003340462087243972
496784.0,29,-23241721.103032693,1474471.4416919062,12876149.912498668,1369.397201753096,-920.3599951102601,2553.26443208681,-0.00033404144107701116
497384.0,29,-22379893.776512604,881507.6270440165,14357189.123721529,1499.8095841218856,-1057.3157165408052,2380.2646890787946,-0.00033403672558773157
497984.0,29,-21445923.30911122,204893.20138398185,15728864.297174204,1609.7048022687563,-1198.7672699280606,2188.9861359637976,-0.0003340320649635648
498584.0,29,-20452414.55239068,-557276.479282761,16980629.24158817,1698.1679123158756,-1342.055843095418,1980.850572829525,-0.0003340274614997289
499184.0,29,-19412415.360309698,-1405285.0690941662,18102831.48137168,1764.6378800393777,-1484.4438684954014,1757.4118553005862,-0.0003340229170609773
499784.0,29,-18339201.220958628,-2337762.0961813787,19086788.186216738,1808.9163347519914,-1623.1621064102414,1520.3451976193141,-0.00033401843306599946
500384.0,29,-17246056.498151682,-3351678.354506865,19924855.341730192,1831.1702089634314,-1755.4575821938263,1271.435426014847,-0.00033401401047505934
500984.0,29,-16146055.709927458,-4442370.509230501,20610489.71365525,1831.9262277650341,-1878.6385270645915,1012.5615256313874,-0.00033400988179374866
501584.0,29,-15051850.064000994,-5603592.423542751,21138302.211605206,1812.069164647412,-1990.1336530455828,745.6935933790184,-0.00033400558267460205
502184.0,29,-13975459.682450928,-6827597.374889587,21504103.889989484,1772.813601381907,-2087.5198106324033,472.8627709089296,-0.00033400134502621317
502784.0,29,-12928078.702907026,-8105244.642221103,21704942.315430854,1715.6907722189032,-2168.5770766701808,196.1561109017408,-0.0003339971679232421
503384.0,29,-11919894.516830966,-9426131.852124788,21739128.768356837,1642.5191513934012,-2231.3258489286245,-82.30180584070555,-0.000333993049972662
503984.0,29,-10959924.971153965,-10778750.105206732,21606255.786379248,1555.3721513323812,-2274.062983034084,-360.3653070589091,-0.0003339889893228936
504584.0,29,-10055876.350128202,-12150659.431751344,21307204.7666029,1456.5412587158376,-2295.39335651041,-635.8844652790375,-0.0003339849836766229
505184.0,29,-9214024.68605361,-13528681.659320846,20844143.4301307,1348.495225479913,-2294.2562621355432,-906.7221940996689,-0.00033398103030724826
505784.0,29,-8439122.55422024,-14899107.442253146,20220513.035158776,1233.8360112805503,-2269.9461181265933,-1170.771455699804,-0.0003339771260788657
506384.0,29,-7734333.070268546,-16247913.92412934,19441005.313377973,1115.2522419569218,-2222.1270794751936,-1425.9724230304112,-0.0003339732674696695
506984.0,29,-7101192.334381353,-17560989.285622604,18511529.197127316,995.4710033867948,-2150.841241493144,-1670.3294343063217,-0.0003339694505986075
507584.0,29,-6539601.064464683,-18824360.277126737,17439167.500900846,877.2088302555876,-2056.5102414192925,-1901.9275737114556,-0.00033396567125509885
508184.0,29,-6047845.434493278,-20024419.0049863,16232123.60907547,763.1234600887142,-1939.9293830651,-2118.947512681101,-0.0003339621577698086
508784.0,29,-5622647.949546573,-21148143.532497406,14899659.678494874,655.7631552312189,-1802.2591332510447,-2319.6856737304042,-0.0003339584396351984
509384.0,29,-5259244.941539062,-22183311.724948138,13452024.300524231,557.5246226244437,-1645.0022054619476,-2502.5613669067975,-0.00033395474475775
509984.0,29,-4951492.295950567,-23118700.51136165,11900373.02170901,470.6069347617786,-1469.9824299072727,-2666.135175508088,-0.00033395106795907454
510584.0,29,-4691995.705154821,-23944269.62389175,10256680.617993329,396.9722886685456,-1279.3139335323517,-2809.119967633997,-0.0003339474039167713
511184.0,29,-4472263.697953061,-24651325.630382564,8533646.422442371,338.31035609952687,-1075.3659083216194,-2930.3918555500613,-0.00033394374720673313
511784.0,29,-4282880.622226662,-25232663.43121554,6744593.449216965,296.00755315851166,-860.7228086708224,-3028.9997288065733,-0.0003339400923463587
512384.0,29,-4113696.4535200465,-25682682.676763725,4903362.200845808,271.1218034559938,-638.140698753368,-3104.1732576866434,-0.00033393643383828665
512984.0,29,-3954029.986896967,-25997477.017826144,3024200.1060883626,264.3632646211977,-410.5005460214236,-3155.329282002256,-0.000333932766214262
513584.0,29,-3792881.7196599143,-26174894.598910008,1121647.5841798915,276.08137381779784,-180.75931607934473,-3182.07652019292,-0.00033392908407874235
514184.0,29,-3619152.5538575174,-26214568.732959017,-789578.2330210293,306.25844642891934,48.10023422656664,-3184.2185546865803,-0.000333925382151855
514784.0,29,-3421864.343674867,-26117918.245111585,-2694701.067230715,354.5099360199024,273.1201454660677,-3161.7550711041436,-0.0003339216553113242
515384.0,29,-3190378.0135711576,-25888117.59659553,-4579003.582769124,420.0906853454278,491.4183352295947,-3114.8837586353216,-0.000333918131180908
515984.0,29,-2914606.9919318175,-25530037.011263262,-6427943.092877223,501.9109368126851,700.2330026489947,-3043.988474208783,-0.0003339143401093731
516584.0,29,-2585217.7773444317,-25050154.646568045,-8227268.595256069,598.552014149921,896.9752550350031,-2949.6496958256635,-0.0003339105101003459
517184.0,29,-2193819.9124931525,-24456441.333132394,-9963131.698278256,708.2944321944397,1079.2679249594357,-2832.6294138437343,-0.0003339066370470761
517784.0,29,-1733137.5521678254,-23758220.802633736,-11622195.32913031,829.1480440945738,1244.9858436787104,-2693.866434095897,-0.0003339027171823778
518384.0,29,-1197161.3587609502,-22966007.69258999,-13191737.384673357,958.8876174072454,1392.290432602773,-2534.4678416076927,-0.00033389874710737304
518984.0,29,-581277.7781562489,-22091326.32229834,-14659748.802137842,1095.0925016227764,1519.6591080179737,-2355.6991233680856,-0.0003338947238171065
431984.0,30,6998424.126528807,16750732.614068083,19510023.71734981,-1350.5846492299506,2050.8906600892615,-1315.883479984915,0.0001982233402604832
432584.0,30,6222479.77487689,17967070.506154906,18647536.539617077,-1235.6471468906543,1999.8612751126698,-1557.3575296350418,0.00019823199146637744
433184.0,30,5516055.8645381285,19146207.788596477,17643472.04404152,-1119.2758486790797,1926.877853777722,-1787.4849274691758,0.0001982405078412775
433784.0,30,4879249.119770942,20275051.052813716,16505176.015020082,-1004.0090923234998,1832.2658100294384,-2004.4783707328281,0.00019824888555295084
434384.0,30,4310645.340546597,21340806.468401942,15241042.396180792,-892.3382531541774,1716.6994198041875,-2206.6342880639586,0.00019825712180431175
434984.0,30,3807360.7692551976,22331187.26283577,13860458.938922713,-786.6638486161439,1581.1945259954189,-2392.347049033081,0.000198265214863264
435584.0,30,3365109.494879863,23234615.09489577,12373744.376904786,-689.2527369742056,1427.0953652583078,-2560.1229155495066,0.00019827316408499795
436184.0,30,2978295.9584490443,24040411.954412445,10792077.250510698,-602.2025178449435,1256.0551379819292,-2708.59218501595,0.00019828077373637706
436784.0,30,2640131.605510418,24738978.33766086,9127417.08817709,-527.3817626162456,1070.013746747313,-2836.5277659639873,0.00019828843759156693
437384.0,30,2342772.8457211694,25321956.493424673,7392417.18962833,-466.4272358178591,871.1641095866262,-2942.849018257611,0.00019829596229874015
437984.0,30,2077479.6398923688,25782373.021409914,5600331.12916844,-420.69141254861097,661.9204902245496,-3026.638674106194,0.00019830335162128682
438584.0,30,1834790.865033952,26114759.984872147,3764912.2920335676,-391.2215951976825,444.8787445723706,-3087.151661920446,0.00019831061039466327
439184.0,30,1604713.9942561532,26315251.393053055,1900307.698097885,-378.7388936156635,222.77370364148837,-3123.824057362459,0.00019831774449618531
439784.0,30,1376925.6941309583,26381653.1543659,20946.843512870895,-383.6229515008433,-1.5664136238133608,-3136.2805870375564,0.00019832476080556063
440384.0,30,1140979.766825372,26313484.94484169,-1858573.5126789436,-405.9028093748009,-225.26776010017574,-3124.34052266495,0.0001983316671562741
440984.0,30,886518.6623631213,26111992.93835991,-3723607.594821438,-445.25418174494985,-445.459928739467,-3088.021819181564,0.00019833847227805366
441584.0,30,603484.6560245208,25780132.882865265,-5559580.784221595,-501.0033021734655,-659.3254153328828,-3027.543370703533,0.00019834518573076508
442184.0,30,282326.733110521,25322523.569092654,-7352110.545592388,-572.1373576831747,-864.1485309465057,-2943.325283318876,0.00019835181783020323
442784.0,30,-85800.74779689964,24745371.312938336,-9087126.880387628,-657.3213964083586,-1057.3628093018042,-2835.987092839591,0.0001983583795663675
443384.0,30,-508851.60316791944,24056366.46139162,-10750991.099730022,-754.9216500471559,-1236.5939720833703,-2706.340542764799,0.00019836515144670066
443984.0,30,-993716.116717835,23264554.767468087,-12330611.300496278,-863.033638678942,-1399.709621065209,-2555.39690672773,0.00019837160790683934
444584.0,30,-1546070.24063701,22380183.267725274,-13813554.282929434,-979.5177889871916,-1544.8443421627362,-2384.3391160977562,0.0001983780301047884
445184.0,30,-2170244.8243861757,21414526.804621108,-15188151.172104644,-1102.037370666255,-1670.4404473563388,-2194.5248762223437,0.00019838443078479322
445784.0,30,-2869120.4028099757,20379696.026523102,-16443596.860560419,-1228.1015769622472,-1775.2726560590597,-1987.4714688771314,0.0001983908228721115
446384.0,30,-3644048.4349906314,19288431.30574711,-17570041.61795962,-1355.1114102517695,-1858.4686903823915,-1764.8420804492262,0.00019839721936434578
446984.0,30,-4494800.757587525,18153886.29946139,-18558673.98132886,-1480.4077228482574,-1919.523258250501,-1528.4305569567377,0.0001984036332220077
447584.0,30,-5419548.25380266,16989405.216672402,-19401794.05280381,-1601.3204539212343,-1958.305148132942,-1280.1447878865831,0.00019841007725947615
448184.0,30,-6414869.156067155,15808297.972141469,-20092876.4619983,-1715.2180788636372,-1975.0573089298045,-1021.9889442042096,0.00019841656403750597
448784.0,30,-7475786.810646235,14623617.434850842,-20626622.391682472,-1819.5562869581074,-1970.3899407598938,-756.0448137933947,0.00019842310575841638
449384.0,30,-8595836.14986778,13447942.914702285,-20999000.21491653,-1911.924926550236,-1945.266772722474,-484.4524895499762,0.00019842971416504125
449984.0,30,-9767157.556421196,12293173.879189378,-21207274.445536226,-1990.0923031078635,-1900.9848479124707,-209.39067114106737,0.00019843640044445987
450584.0,30,-10980616.237754563,11170337.802056681,-21250023.00524679,-2052.0497836510694,-1839.150900609498,66.94505463229089,0.00019844297932272676
451184.0,30,-12225944.79479012,10089414.99500313,-21127142.01854402,-2096.0333454401,-1761.6388594813536,342.3540841575593,0.00019844985186190457
451784.0,30,-13491906.850972299,9059184.195397522,-20839840.049136285,-2120.57740787098,-1670.5699049562986,614.6622455678593,0.00019845683162681945
452384.0,30,-14766476.921967383,8087091.72384392,-20390620.01996893,-2124.526387709475,-1568.2606532594211,881.7321818011186,0.00019846392674818876
452984.0,30,-16037035.065447986,7179145.394567614,-19783250.574581377,-2107.0585920779563,-1457.1823398407716,1141.4834247806407,0.00019847114442062566
453584.0,30,-17290571.674727693,6339835.529346832,-19022726.938443113,-2067.7003223685533,-1339.9148030823476,1391.9093387408618,0.00019847849085110296
454184.0,30,-18513898.864875905,5572084.025953938,-18115221.975819245,-2006.3336325865594,-1219.099056246358,1631.0929276739334,0.00019848597121650303
454784.0,30,-19693864.632515978,4877222.056502083,-17068028.151190106,-1923.1977048831218,-1097.3893505726714,1857.2213807498435,0.00019849358963040407
455384.0,30,-20817565.982952658,4254996.43544919,-15889491.17052879,-1818.883928503867,-977.405616556712,2068.5992579319627,0.00019850134911914176
455984.0,30,-21872557.302374594,3703604.1758790733,-14588936.128003418,-1694.324884535642,-861.6871369006828,2263.6602460154577,0.00019850925160708148
456584.0,30,-22847050.403823923,3219754.2559112096,-13176587.018326567,-1550.777545469207,-752.6482554104148,2440.9774421966886,0.00019851729791094314
457184.0,30,-23730102.887408014,2798755.1533787744,-11663480.494796885,-1389.8010939801197,-652.53686344384,2599.272147383183,0.00019852548774293563
457784.0,30,-24511791.353084672,2434626.660322383,-10061375.15317625,-1213.2320269041502,-563.3911373728415,2737.4228014806645,0.00019853408786294556
458384.0,30,-25183368.853631917,2120231.4263435407,-8382654.810011771,-1023.1437399086568,-487.0262517340507,2854.4643155246467,0.0001985425596340512
458984.0,30,-25737398.912618924,1847429.4853283162,-6640232.713803363,-821.8253212973457,-424.97377477279656,2949.6022990035995,0.00019855116760645862
459584.0,30,-26167870.70037716,1607245.193347612,-4847449.432119328,-611.7337847679474,-378.47780497133795,3022.209569812077,0.0001985599072688292
460184.0,30,-26470289.06949729,1390049.2281956691,-3017971.236789233,-395.4559408706525,-348.4704632718681,3071.829576811577,0.00019856877314016892
460784.0,30,-26641739.92662689,1185750.21113879,-1165687.3742792623,-175.66612444628245,-335.5580178268792,3098.1769529770304,0.00019857775881746852
461384.0,30,-26680929.877830397,983992.990039539,695392.673669505,44.917056529971546,-340.01259043506343,3101.136927695725,0.0001985868570290501
461984.0,30,-26588199.76607116,774360.2175018236,2551241.2690666723,263.574251591327,-361.7694782616941,3080.7636796807187,0.00019859605969309858
462584.0,30,-26365512.137239385,546573.8628224777,4387913.41446397,477.62849473556037,-400.43003901933,3037.277711558109,0.00019860535798085977
463184.0,30,-26016413.076873675,290693.35193280503,6191645.6935773445,684.487269101294,-455.270007376942,2971.0623246509826,0.00019861474238399665
463784.0,30,-25545969.24824478,-2692.8680648384616,7948952.828351973,881.6828829011525,-525.2530355967849,2882.659268152199,0.00019862420278560713
464384.0,30,-24960681.329388738,-342285.39725561347,9646721.369181482,1066.9105687776807,-609.0491826849238,2772.7636311064452,0.00019863372853442266
464984.0,30,-24268375.53174772,-735904.3626122558,11272300.072643822,1238.0657811747533,-705.0586203141197,2642.2200618739953,0.00019864311265062952
465584.0,30,-23478074.216441937,-1190335.5802854989,12813586.641169682,1393.2679619171006,-811.4366002358934,2492.0082879486836,0.00019865273519113828
466184.0,30,-22599849.721248,-1711193.1034081792,14259110.073984027,1530.9012343602321,-926.1279452017873,2323.248049229285,0.00019866238869603215
466784.0,30,-21644661.352496587,-2302802.697879455,15598109.049796546,1649.6300152044328,-1046.899235917857,2137.1835641690946,0.0001986720611677591
467384.0,30,-20624179.761652566,-2968106.1404295526,16820605.238986026,1748.4207492471037,-1171.3764717428928,1935.177376165856,0.00019868174047739978
467984.0,30,-19550600.92142679,-3708588.620406161,17917471.630936265,1826.5567610412631,-1297.0844110774528,1718.7017227912033,0.0001986914144487126
468584.0,30,-18436452.692879025,-4524230.255309773,18880495.50929056,1883.6481627071148,-1421.4875367255888,1489.3294169774526,0.0001987010709423985
469184.0,30,-17294396.998910394,-5413482.510866209,19702435.794261616,1919.636677063441,-1542.0320462628447,1248.7242512437354,0.0001987106979401942
469784.0,30,-16137030.682248168,-6373269.952667925,20377074.4775931,1934.7953004570377,-1656.1882538993884,998.6309319177774,0.0001987202836284028
470384.0,30,-14976688.149288716,-7399017.386754518,20899261.87962298,1929.7227959088975,-1761.4927826330206,740.8645476512233,0.00019872981648046372
470984.0,30,-13825248.8846041,-8484702.074424814,21264955.460036557,1905.333074243314,-1855.5899237576725,477.2995755036276,0.00019873928533815712
471584.0,30,-12693952.864267714,-9622930.335610118,21471251.91534409,1862.8395884727242,-1936.2715452227612,209.85842861903424,0.00019874867949102562
472184.0,30,-11593226.67803628,-10805037.538592022,21516412.198559243,1803.7314074464607,-2001.512455539074,-59.50032396692685,0.0001987582575912289
472784.0,30,-10532523.590473393,-12021210.036039408,21399879.736556213,1729.7625647461805,-2049.5153223747066,-328.79503396129326,0.00019876747271782956
473384.0,30,-9520179.895813888,-13260626.618475456,21122290.398396328,1642.9012336966712,-2078.728415433755,-596.0322762702369,0.0001987765844535912
473984.0,30,-8563289.14554538,-14511619.357304502,20685475.391489055,1545.3114238749642,-2087.8831270620785,-859.2212322404936,0.00019878558461970856
474584.0,30,-7667597.889971481,-15761849.195525052,20092455.87377479,1439.3129723707214,-2076.0157041436732,-1116.3868543008007,0.0001987944658398761
475184.0,30,-6837423.860740373,-16998494.80590285,19347429.451712262,1327.342408664656,-2042.4865621955655,-1365.5837031761412,0.0001988032215994313
475784.0,30,-6075598.324625504,-18208451.553876888,18455748.328068517,1211.9115613110016,-1986.9945269284433,-1604.910034952569,0.00019881184629937852
476384.0,30,-5383433.776224028,-19378537.428831965,17423888.963719975,1095.5645343629465,-1909.5856810803937,-1832.5220615734652,0.0001988203353047715
476984.0,30,-4760717.748257367,-20495702.634235714,16259413.166400483,980.8337268851099,-1810.6565682674636,-2046.648292991263,0.00019882868498693348
477584.0,30,-4205733.104085739,-21547239.4002517,14970920.578000115,870.1956063393889,-1690.9515877051294,-2245.6038534785944,0.00019883689275900347
478184.0,30,-3715304.742972092,-22520988.506691765,13567992.600790258,766.026974598406,-1551.554503349578,-2427.8046490235747,0.00019884495710431358
478784.0,30,-3284872.2005676487,-23405538.984043173,12061127.881642597,670.5624823189373,-1393.874087383375,-2591.781247855341,0.00019885287759712874
479384.0,30,-2908586.1102999793,-24190418.27605404,10461668.440783728,585.8584269323976,-1219.623045484815,-2736.1916388652444,0.00019886067364019398
479984.0,30,-2579433.373541706,-24866264.8280704,8781723.30289551,513.7379184523616,-1030.796545625831,-2859.8367978865185,0.00019886830942752122
480584.0,30,-2289373.806069543,-25424991.35105656,7034074.170337813,455.78235617266864,-829.6348413823871,-2961.6686657142536,0.00019887580671183367
481184.0,30,-2029505.9160335013,-25859920.797373757,5232084.046894761,413.28420839458727,-618.5923573143491,-3040.804000243556,0.00019888316947289195
481784.0,30,-1790244.594705679,-26165903.241062243,3389594.7215901087,387.22605533025353,-400.2967402151186,-3096.5336711993605,0.00019889040275738808
482384.0,30,-1561513.2931878315,-26339407.125136144,1520819.5145174903,378.26069870088736,-177.5055784322401,-3128.3313331541267,0.00019889751264688397
482984.0,30,-1332947.1527848023,-26378583.549114298,-359767.9030007305,386.6971103092101,46.93958059663855,-3135.8606260564648,0.00019890429157723967
483584.0,30,-1094099.0207874468,-26283302.662084144,-2237552.933203931,412.4925563206109,270.16177958810454,-3118.980702819155,0.00019891117684470586
484184.0,30,-834655.6661031833,-26055159.739428427,-4097893.512499216,455.25123479620447,489.29719814418274,-3077.7500164234925,0.0001989179627126615
484784.0,30,-544645.4439908843,-25697452.732236546,-5926244.0411956245,514.229435312807,701.5450329082935,-3012.4281811547057,0.00019892465889930733
485384.0,30,-214644.57313903514,-25215129.639231812,-7708275.4400429465,588.3473082206085,904.2160702505025,-2923.4758331494377,0.00019893127586315687
485984.0,30,164026.33704244532,-24614707.23161844,-9429995.355542729,676.2070598983325,1094.7796735206673,-2811.552427357094,0.0001989378247198813
486584.0,30,599119.6044574361,-23904161.77016528,-11077867.311412001,776.1146586130362,1270.9067595940778,-2677.51012836369,0.0001989448006660281
487184.0,30,1097288.962115636,-23092796.57598864,-12638921.963957084,886.1203891968776,1430.5164050270323,-2522.3945582505858,0.0001989512491080264
487784.0,30,1663947.829679531,-22191081.841479335,-14100873.004346639,1004.0385050773655,1571.8031828824485,-2347.425760546255,0.00019895766580699218
488384.0,30,2303140.2907422064,-21210478.15225867,-15452218.371762065,1127.4973219865233,1693.2748730031876,-2153.994749620863,0.00019896406355328968
488984.0,30,3017441.8540215343,-20163241.107064757,-16682338.97340803,1253.9801717225669,1793.7763689684402,-1943.649492874904,0.00019897045529675348
489584.0,30,3807886.3098165626,-19062212.806173094,-17781588.609499216,1380.8718028587757,1872.5089617262115,-1718.0809047978717,0.00019897685403776275
490184.0,30,4673921.051962922,-17920603.793473214,-18741374.991339218,1505.5067452128462,1929.0429426508786,-1479.1073064382506,0.0001989832727177782
490784.0,30,5613391.749316624,-16751769.547007341,-19554231.004695036,1625.2186719391152,1963.3232797773944,-1228.6575574940323,0.00019898972411050515
491384.0,30,6622556.665111392,-15568985.712031787,-20213875.5035128,1737.389773428955,1975.6682716152955,-968.7530905435704,0.0001989962207148354
491984.0,30,7696130.3329134695,-14385226.278846461,-20715263.06253756,1839.499161623134,1966.7612351588518,-701.4890936601266,0.00019900277465068942
492584.0,30,8827355.718567727,-13212948.825440774,-21054622.268070064,1929.1693514599058,1937.635434146066,-429.0150983649206,0.0001990093975588297
493184.0,30,10008103.44217493,-12063890.775632184,-21229482.28029825,2004.2099168170635,1889.6525961122115,-153.51523438363986,0.00019901610050564967
493784.0,30,11228996.459443534,-10948880.263029268,-21238687.720542286,2062.6602453029423,1824.4817911693035,122.81127721521563,0.00019902294915018047
494384.0,30,12479555.529524012,-9877665.885862092,-21082400.975892283,2102.814484999418,1744.0413026550086,397.77066744588734,0.00019902984212167156
494984.0,30,13748368.755757496,-8858765.394397678,-20762094.324708857,2123.2675356837617,1650.499655825552,669.1929918821576,0.0001990368440247364
495584.0,30,15023273.292658977,-7899340.664718627,-20280529.455928076,2122.930133548084,1546.208540929088,934.9509536422216,0.00019904396280980097
496184.0,30,16291552.692200068,-7005096.771198623,-19641726.705502972,2101.050289103639,1433.6650848746133,1192.9776586699556,0.00019905120548007298
496784.0,30,17540143.350950755,-6180208.622589271,-18850923.879326794,2057.2261123181734,1315.4654732531535,1441.2833410499613,0.00019905857804178735
497384.0,30,18755846.777113896,-5427275.814605418,-17914525.4085457,1991.4122740914368,1194.257344282874,1677.9709246366722,0.00019906608546357892
497984.0,30,19925543.85494652,-4747306.165013986,-16840042.56105879,1903.920092341646,1072.6918559325848,1901.2503006097688,0.0001990737316451093
498584.0,30,21036407.31136815,-4139727.863606509,-15636025.49602806,1795.411353164916,953.3763078701134,2109.4512289224986,0.00019908151939496574
499184.0,30,22076108.687663604,-3602429.65241086,-14311987.995278614,1666.8860919232711,838.8281629874327,2301.034799435519,0.00019908945041774816
499784.0,30,23033016.283019163,-3131827.9607237466,-12878325.737047948,1519.6646636029504,731.4312611122809,2474.6034150864693,0.00019909752531016792
500384.0,30,23896380.75997918,-2722959.463419294,-11346228.994485196,1355.36452472709,633.394952404939,2628.9092841059733,0.00019910574356590057
500984.0,30,24656505.008423652,-2369597.438739785,-9727590.970964879,1175.8741063185314,546.7135899123259,2762.8612216335446,0.0001991139059235729
501584.0,30,25304897.690289702,-2064387.69596453,-8034910.705043627,983.3128837488771,473.1461905293331,2875.531046281959,0.00019912240516521963
502184.0,30,25834403.07499359,-1799006.1226126454,-6281196.15986984,780.0074147739343,414.16871951693724,2966.156471617852,0.0001991310398138286
502784.0,30,26239311.3661149,-1564328.9621628774,-4479862.188478772,568.444506687629,370.963310280187,3034.144739485242,0.00019913980516092752
503384.0,30,26515443.815755658,-1350617.0015630638,-2644628.59218312,351.23229423787166,344.3968446676304,3079.07393571898,0.0001991486955372279
503984.0,30,26660212.922776423,-1147708.8219465474,-789417.3314301708,131.05770912704895,335.00820444785813,3100.6933062863486,0.0001991577043614505
504584.0,30,26672656.792111322,-945220.0289399065,1071750.1338499223,-89.35688635546019,343.00111869801253,3098.9224488061495,0.00019916682419475424
505184.0,30,26553447.35923996,-732745.0929022515,2924854.714035395,-307.2972048637107,368.24262299739394,3073.8494609636236,0.00019917604680024656
505784.0,30,26304872.599756885,-500058.4450248191,4755980.157569933,-520.0999997517085,410.2670618386776,3025.7281264905114,0.00019918536320705937
506384.0,30,25930793.24663274,-237311.5404209597,6551411.5522398995,-725.1948383139643,468.2854863461898,2954.974216467151,0.00019919476377848323
506984.0,30,25436574.92227319,64777.28909054492,8297731.341620205,-920.1440633007742,541.200225805185,2862.1609790699767,0.0001992042382836666
507584.0,30,24828996.95458443,414743.2155300202,9981912.381804233,-1102.6803633332336,627.6243440382048,2748.013884886842,0.00019921377597240255
508184.0,30,24116139.670507673,820208.2201474616,11591407.592521852,-1270.743827475454,725.9065679151811,2613.4076015119967,0.0001992236353980675
508784.0,30,23307251.05010255,1287730.6839784393,13114235.811633458,-1422.5033494688314,834.1557423731838,2459.3478687382417,0.00019923326523936633
509384.0,30,22412597.190549515,1822671.9274926865,14539063.637476109,-1556.3990688748318,950.2779975805256,2286.9815300471787,0.00019924292368013368
509984.0,30,21443296.46294889,2429083.6669859327,15855282.4610298,-1671.1553148367143,1072.0082384832663,2097.577446580398,0.0001992525986886029
510584.0,30,20411141.53600897,3109616.9590032753,17053080.914300177,-1765.8018614370048,1196.9486226488134,1892.5210920497836,0.00019926227811828425
511184.0,30,19328411.60442779,3865454.420317362,18123512.135230545,-1839.6877882982794,1322.6082788969613,1673.305820942638,0.0001992719497920935
511784.0,30,18207677.814371057,4696266.751685381,19058555.622893523,-1892.4903632674875,1446.4445300937275,1441.5236515404492,0.00019928160158662217
512384.0,30,17061604.917417448,5600194.2828219235,19851173.403670136,-1924.2188195844708,1565.90501690183,1198.8555739375367,0.00019929122151615908
512984.0,30,15902752.23905424,6573853.890764248,20495360.23499749,-1935.2129653823722,1678.4701069389032,947.061389393939,0.00019930079781607034
513584.0,30,14743377.062983867,7612371.273359332,20986187.576703463,-1926.1366297949826,1781.6949673198517,687.9690850067173,0.00019931031902513944
514184.0,30,13595243.507787714,8709438.187449634,21319841.061871003,-1897.9660171279459,1873.2506780839972,423.4637469974005,0.0001993197740664597
514784.0,30,12469439.907648178,9857393.891034763,21493651.200628214,-1851.9731082302067,1950.963769738255,155.47601702039688,0.00019932915232645957
515384.0,30,11376207.650439562,11047329.493747117,21506116.90099058,-1789.7009216127208,2012.8492782887465,-114.02879293411168,0.00019933824696529397
515984.0,30,10324783.819969956,12269214.866227768,21356922.431353513,-1712.9515670760675,2057.1622918969406,-383.06781408091734,0.0001993474425007525
516584.0,30,9323261.621706132,13512043.1837636,21046945.438734,-1623.7350601795972,2082.404155950133,-649.646061277456,0.00019935653294631878
517184.0,30,8378468.566030396,14763995.42955909,20578258.49029751,-1524.2501065876168,2087.36635400246,-911.774865422738,0.00019936551027581071
517784.0,30,7495866.657427759,16012618.83291317,19954122.000747047,-1416.8434971192357,2071.149531556356,-1167.4841032773784,0.00019937436727777318
518384.0,30,6679475.377435247,17245018.018526822,19178969.057260282,-1303.9704666074983,2033.181808905198,-1414.8360882339791,0.00019938309761365937
518984.0,30,5931819.105278649,18448055.639915347,18258381.864644505,-1188.152918301481,1973.2319509626334,-1651.9396968227152,0.00019939169587078882
431984.0,31,-16941335.22478681,-576331.2458451148,-20800557.58664634,1284.491167796102,-2229.448943346455,-968.0483142634807,-0.00015349352120747346
432584.0,31,-16184043.504508162,-1944452.340933388,-21303441.863761142,1237.2011254950976,-2328.355142462081,-707.1610206254283,-0.00015349007644417572
433184.0,31,-15459582.05631463,-3366708.76732195,-21648039.751626384,1175.4076169081166,-2409.602743723921,-440.7361588088949,-0.00015348670287983334
433784.0,31,-14776068.407860596,-4831989.664760572,-21831601.496638987,1101.0939869985584,-2471.5106643426666,-170.6857788227387,-0.00015348341503977514
434384.0,31,-14140368.382731475,-6328257.165571702,-21852535.022915836,1016.4426551414856,-2512.6738351846525,101.04330787707505,-0.00015348022686651787
434984.0,31,-13557987.394305747,-7842719.467679599,-21710423.35171051,923.798999318232,-2531.987797007207,372.4808862518134,-0.0001534771516209842
435584.0,31,-13032984.278614935,-9362017.355234208,-21406035.112139083,825.63241527255,-2528.668901972919,641.6451437663299,-0.00015347420178661307
436184.0,31,-12567909.357901251,-10872421.10447873,-20941327.90213916,724.4944459915018,-2502.272000230831,906.5550782363808,-0.00015347134959064224
436784.0,31,-12163766.94782336,-12360036.78187367,-20319444.03403393,622.9781521160817,-2452.6918674181284,1165.2425711513386,-0.00015346868460444163
437384.0,31,-11820005.773687335,-13811013.981701428,-19544698.947234344,523.6707887286813,-2380.1816311387583,1415.766525861144,-0.00015346617690538804
437984.0,31,-11534534.166061874,-15211758.117155917,-18622561.224530857,429.1112562006226,-2285.3434194299384,1656.2256606427025,-0.00015346383498506127
438584.0,31,-11303762.859799076,-16549139.260846956,-17559624.654339317,341.7453296665167,-2169.1244808856627,1884.772560224252,-0.00015346166614228093
439184.0,31,-11122673.949467307,-17810695.957859863,-16363571.85612239,263.88227830526466,-2032.8054190762073,2099.6277960426028,-0.00015345967641755746
439784.0,31,-10984915.409168875,-18984830.3291459,-15043129.377810122,197.65314454510008,-1877.982802144364,2299.0942188627564,-0.00015345787053508295
440384.0,31,-10882919.965408493,-20060991.126478866,-13608014.183236219,144.97141433044567,-1706.5462847919475,2481.571310171938,-0.0001534562518530267
440984.0,31,-10808046.674075184,-21029841.508079883,-12068871.522433467,107.49680314123816,-1520.6504760481112,2645.5694575809193,-0.0001534548223228966
441584.0,31,-10750743.12233349,-21883408.470845215,-10437204.26578873,86.60286248784996,-1322.6818858982174,2789.723998951209,-0.00015345358245870947
442184.0,31,-10700725.761868592,-22615211.102741577,-8725293.883873729,83.34907679428079,-1115.2213852178415,2912.8088609341844,-0.00015345253131667744
442784.0,31,-10647175.490833046,-23220365.10795621,-6946113.367012615,98.45806988999493,-901.0027142697501,3013.7496009314523,-0.00015345166648606334
443384.0,31,-10578945.13773247,-23695661.51069346,-5113232.239094553,132.30338036585636,-682.8672443929224,3091.629381821799,-0.00015345094341919977
443984.0,31,-10484775.935689047,-24039617.199510977,-3240715.695680303,184.87887405228253,-463.71834827334897,3145.725309273144,-0.00015345043790940838
444584.0,31,-10353517.71149999,-24252497.113796134,-1343015.1098203564,255.82356281759326,-246.4694710516104,3175.4806642905933,-0.0001534501027718894
445184.0,31,-10174350.587792898,-24336306.11358797,565145.1361375306,344.4043316154016,-33.99590215489525,3180.5387027497472,-0.00015344992987993445
445784.0,31,-9937002.916564796,-24294750.80463664,2468886.3060714686,449.52993191271275,170.91578691962195,3160.7432036945625,-0.00015344990977818947
446384.0,31,-9631961.721503017,-24133171.52064116,4353297.429147325,569.7669592828454,365.6168360398731,3116.1435033439543,-0.00015345003174868201
446984.0,31,-9250671.512242226,-23858445.344370224,6203559.839841815,703.3625265970579,547.643421610548,3046.997503614383,-0.00015345028388942327
447584.0,31,-8785717.536444265,-23478861.644141868,8005072.86419351,848.2733192228395,714.7608418304051,2953.7725099354684,-0.00015345065320513036
448184.0,31,-8230989.771147486,-23003972.17953872,9743579.301079106,1002.2005683363222,865.003824506652,2837.143787238492,-0.00015345112570942204
448784.0,31,-7581824.279591267,-22444418.378965918,11405289.294075426,1162.6303334365066,996.7120794823475,2697.99076255249,-0.0001534516865376473
449384.0,31,-6835118.968823011,-21811738.896234214,12977001.162323967,1326.8783502556978,1108.5603024048955,2537.3908466000134,-0.00015345232006931997
449984.0,31,-5989421.269018455,-21118160.998906475,14446217.759824838,1492.1385802629015,1199.5819449419557,2356.610893834674,-0.00015345301005895897
450584.0,31,-5044985.680903425,-20376379.693570763,15801256.955233932,1655.5364623622443,1269.1851294136063,2157.0969034628642,-0.00015345370021264168
451184.0,31,-4003800.7353494493,-19599328.88760246,17031354.872023802,1814.173990716848,1317.1665208724357,1940.4589131673272,-0.00015345445271090327
451784.0,31,-2869582.233333756,-18799948.879919216,18126760.883662645,1965.1952205686632,1343.707812966304,1708.459055326452,-0.0001534552105810678
452384.0,31,-1647736.3739073165,-17990954.718629185,19078822.59220237,2105.831349393697,1349.3742700785087,1462.9927113072613,-0.00015345595650291844
452984.0,31,-345290.4673186736,-17184609.968853712,19880060.513988785,2233.4541745797223,1335.1012500741583,1206.070615396877,-0.00015345667325984973
453584.0,31,1029206.209862086,-16392510.223809812,20524231.24384593,2345.6248533197954,1302.174458897728,939.7991765050378,-0.00015345734388787146
454184.0,31,2465809.71383305,-15625380.5345559,21006378.510444008,2440.1389660541154,1252.2034893974455,666.359814615222,-0.00015345795182170012
454784.0,31,3953334.391210733,-14892890.613450343,21322871.640586473,2515.0669698710253,1187.0892305563048,387.98762839962296,-0.00015345848103628175
455384.0,31,5479528.4883504575,-14203491.271746913,21471431.140593726,2568.789242933508,1108.9858678630446,106.94971752795436,-0.0001534589161821809
455984.0,31,7031268.968528643,-13564275.083438516,21451141.294057984,2600.025054527792,1020.2583089735444,-174.47651844680482,-0.00015345924271338953
456584.0,31,8594771.740209814,-12980863.73908855,21262449.86208629,2607.854943074829,923.4359581318714,-454.02479281327396,-0.00015345944700625476
457184.0,31,10155813.237381443,-12457323.979965094,20907155.15018653,2591.736141389688,821.1638260922658,-729.4607620434124,-0.0001534595164683881
457784.0,31,11699959.231175832,-11996113.365563635,20388380.932912633,2551.5121110165933,716.152409919707,-998.6035885667291,-0.00015345939911972666
458384.0,31,13212795.769366281,-11598056.887691222,19710539.539787944,2487.408624094351,611.1248758313309,-1259.3383523985883,-0.0001534591658842074
458984.0,31,14680160.428567445,-11262353.28100503,18879284.240292523,2400.035202889003,508.76889194556907,-1509.6435727457615,-0.00015345876715112483
459584.0,31,16088365.812696293,-10986612.56328528,17901451.51839536,2290.367382564305,411.6855355663531,-1747.6005726458766,-0.00015345819531127625
460184.0,31,17424414.696264267,-10766921.829386868,16784994.067698162,2159.7286965816784,322.3426876139272,-1971.4097408410018,-0.0001534574441541821
460784.0,31,18676201.59316966,-10597938.522672946,15538905.595422376,2009.765519461003,243.03111946042713,-2179.4033862695355,-0.00015345650890346844
461384.0,31,19832697.649130426,-10473008.921988094,14173138.416225426,1842.4165967064025,175.8244586567714,-2370.056858243024,-0.00015345538623948138
461984.0,31,20884115.865966953,-10384309.32397949,12698514.87162325,1659.8779463541402,122.54367197695137,-2541.9979151074303,-0.00015345407430942295
462584.0,31,21822054.0926946,-10323007.050133051,11126633.613614311,1464.563876300318,84.72659249139065,-2694.014356273145,-0.00015345257272542445
463184.0,31,22639613.675979957,-10279438.125337139,9469771.77635251,1259.0649021626575,63.602901830488236,-2825.0599607386393,-0.00015345088255108103
463784.0,31,23331492.13984008,-10243298.261610826,7740784.029631319,1046.103372755099,60.07486257566825,-2934.2587991633013,-0.00015344900627705676
464384.0,31,23894048.750970162,-10203843.636570152,5952999.464947471,828.4876155961178,74.70398161078265,-3020.908005906991,-0.00015344694778643655
464984.0,31,24325342.037496578,-10150098.175620116,4120117.72738818,609.0659480354791,107.69813384726831,-3084.4854201691996,-0.00015344467321519768
465584.0,31,24625140.669838782,-10071061.965089848,2256102.1970161693,390.67797238305604,158.93232863449703,-3124.6243276020346,-0.00015344226748716555
466184.0,31,24794904.230795525,-9955921.588737948,375078.29169521056,176.1125306792569,227.92003709928713,-3141.150224734726,-0.0001534396990532039
466784.0,31,24837739.190741923,-9794253.353650909,-1508771.6472264451,-31.938774233773984,313.8453753759218,-3134.0531416822146,-0.00015343697683886922
467384.0,31,24758328.1231216,-9576220.08658496,-3381309.7641545376,-230.92279772380516,415.57303601855756,-3103.4907395236296,-0.00015343411086116322
467984.0,31,24562834.728955958,-9292756.90171112,-5228542.239620641,-418.46392030353763,531.6687133782707,-3049.78417951027,-0.00015343111214803846
468584.0,31,24258786.35378197,-8935743.304101925,-7036716.117489481,-592.399805445168,660.4240925347171,-2973.4132365353785,-0.0001534279926528198
469184.0,31,23854936.130597983,-8498159.026686523,-8792412.975327415,-750.8133852970064,799.8859372672762,-2875.0107529132756,-0.00015342476516419843
469784.0,31,23361107.14205563,-7974221.291070727,-10482639.060299473,-892.0606773681504,947.8887730004465,-2755.356517629028,-0.00015342144321241725
470384.0,31,22788021.214342028,-7359501.496586264,-12094911.562548706,-1014.7941017547624,1102.0906293475289,-2615.3706442726166,-0.00015341804097222475
470984.0,31,22147115.133879844,-6651019.672303939,-13617340.740512721,-1117.9810346934487,1260.0112831237589,-2456.1065083188982,-0.00015341457316313562
471584.0,31,21450347.21650425,-5847315.369049013,-15038707.647674203,-1200.9173995943108,1419.0724258019054,-2278.7432916778653,-0.0001534110549474983
472184.0,31,20709997.25939564,-4948494.016889024,-16348537.258638203,-1263.2364997663321,1576.6380133187474,-2084.5765830069645,-0.0001534074612038638
472784.0,31,19938462.969843388,-3956247.9765721885,-17537166.77262764,-1304.9111153072868,1730.0611690721364,-1875.0165107658875,-0.00015340388877627914
473384.0,31,19148055.927893378,-2873852.8371169968,-18595808.63189258,-1326.2532894284434,1876.719564272118,-1651.5699547405618,-0.00015340031304909854
473984.0,31,18350800.314688977,-1706137.3991177455,-19516608.91682439,-1327.90638946537,2014.0621014154121,-1415.8379124012636,-0.00015339674990958184
474584.0,31,17558237.311925307,-459429.40784414764,-20292699.911846597,-1310.833300157751,2139.6486879024023,-1169.5048578769536,-0.00015339321516070142
475184.0,31,16781238.213032387,858522.9610399967,-20918247.214263864,-1276.2995572022273,2251.189613718635,-914.3292892006052,-0.00015338972441507565
475784.0,31,16029829.07891368,2238652.5999169266,-21388491.070804354,-1225.8518446042665,2346.582799789425,-652.1339185134945,-0.00015338629298960614
476384.0,31,15313029.635331852,3670696.5143046062,-21699781.73098844,-1161.2921326164965,2423.948388259784,-384.79548386594706,-0.0001533829358012271
476984.0,31,14638708.92574885,5143338.669457454,-21849608.592413884,-1084.6477874202346,2481.6601711074454,-114.23416033585684,-0.0001533796672641952
477584.0,31,14013460.018322239,6644370.60212576,-21836622.898620453,-998.1380370501998,2518.373383251507,157.59745041891372,-0.00015337650118937425
478184.0,31,13442495.819511838,8160867.489036463,-21660653.73686669,-904.1372301757849,2533.0484210571162,428.7257692477405,-0.0001533734506860012
478784.0,31,12929567.770167712,9679377.113641366,-21322717.0724762,-805.1353748736061,2524.970087298978,697.1681380127,-0.00015337052806645507
479384.0,31,12476908.947089467,11186118.912116228,-20825017.544295397,-703.6959852710137,2493.7647807916455,960.9454974721646,-0.00015336770541777688
479984.0,31,12085202.211245393,12667190.553727863,-20170942.662739694,-602.4146366257626,2439.3987337288327,1218.0938442987995,-0.00015336507205020706
480584.0,31,11753575.88337423,14108777.216159288,-19365049.678390127,-503.87235563077616,2362.1984653855907,1466.6794823651528,-0.0001533625978204739
481184.0,31,11479624.45900103,15497363.422414625,-18413043.793083623,-410.5924449674883,2262.8381808064705,1704.811222640724,-0.000153360290980334
481784.0,31,11259456.928924808,16819941.076697648,-17321748.524383802,-324.9960106758342,2142.3352386113106,1930.6546577884308,-0.0001533581585746549
482384.0,31,11087771.099118417,18064211.75446022,-16099067.56563984,-249.35886483362765,2002.0372159154647,2142.4463249389814,-0.0001533562063773556
482984.0,31,10957953.260592261,19218779.58566497,-14753938.096438719,-185.77023924796413,1843.603369291228,2338.5080190891567,-0.00015335443883504377
483584.0,31,10862201.907116659,20273331.410180546,-13296275.476064177,-136.09404096589515,1668.9806484759706,2517.26113918592,-0.00015335285901911565
484184.0,31,10791673.761969652,21218801.004129335,-11736909.330158472,-101.93337129248403,1480.3745165513792,2677.240927845287,-0.00015335146858707737
484784.0,31,10736649.947204685,22047514.35533154,-10087511.13158514,-84.59900707512679,1280.214930503474,2817.1104453678713,-0.00015335026775382425
485384.0,31,10686719.719039291,22753313.206335858,-8360513.479738659,-85.0825050037115,1071.1179375117863,2935.674100081657,-0.00015334925527357645
485984.0,31,10630978.810363945,23331654.385181542,-6569021.396887957,-104.0345356148257,855.8434426980414,3031.8905409511535,-0.00015334842843311018
486584.0,31,10558238.744812608,23779683.089804783,-4726715.502506945,-141.75322893415637,637.2489352278576,3104.878702779053,-0.00015334774225294484
487184.0,31,10457245.36703637,24096276.856277283,-2847750.853317278,-198.15758358654944,418.24510301600924,3153.9528461163695,-0.00015334727247101867
487784.0,31,10316898.580370765,24282062.458760586,-946644.9723701077,-272.8095900269443,201.74123244515408,3178.596100519351,-0.0001533469715054342
488384.0,31,10126474.13921275,24339401.148626264,961835.809439074,-364.9011217236789,-9.401568579535251,3178.4928815470626,-0.00015334683095078028
488984.0,31,9875840.283773158,24272344.324849017,2862795.9328968045,-473.26865778137835,-212.42117347611753,3153.529332496643,-0.00015334684108550957
489584.0,31,9555666.110961873,24086559.433664277,4741333.332680918,-596.4106634834561,-404.7032058487082,3103.7979516736286,-0.0001533469909405852
490184.0,31,9157617.488678668,23789227.163335428,6582664.3226633,-732.5116142378095,-583.8276376528812,3029.6001612753766,-0.00015334726838062444
490784.0,31,8674536.62061739,23388911.53166146,8372249.3518741345,-879.4723180122319,-747.6122498920614,2931.446679238942,-0.00015334766019704598
491384.0,31,8100601.6229979275,22895405.036627643,10095918.266827945,-1034.9460417277485,-894.1520284536397,2810.0555907350777,-0.00015334815221253347
491984.0,31,7431462.817382002,22319551.581461105,11739993.667933509,-1196.3798037443917,-1021.8536325461104,2666.348056577105,-0.00015334872939593594
492584.0,31,6664352.869412766,21673050.378897145,13291410.926322974,-1361.0600623744256,-1129.4641629423702,2501.441640548466,-0.00015334937598654132
493184.0,31,5798168.403560635,20968244.47102217,14737833.434513355,-1526.1619140179366,-1216.0935702734114,2316.64128517599,-0.00015335007562648775
493784.0,31,4833520.369338887,20217897.702203795,16067762.24242115,-1688.8008398044378,-1281.2308006043381,2113.430685001275,-0.00015335352798834253
494384.0,31,3772757.4874307597,19434965.231973466,17270635.39949557,-1846.085806850577,-1324.7495143707029,1893.448233118633,-0.0001533542830978286
494984.0,31,2619948.4836289864,18632360.27228315,18336924.40613899,-1995.1729927728964,-1346.9127710088273,1658.4874252759225,-0.00015335504000942585
495584.0,31,1380841.3791410495,17822723.462192222,19258214.865677796,-2133.3185085865375,-1348.3636465012967,1410.469184549044,-0.00015335578141142164
496184.0,31,62787.22066166345,17018198.241222695,20027279.393385854,-2257.929403617599,-1330.1118135911777,1151.4257928525572,-0.00015335649012657477
496784.0,31,-1325365.063646799,16230216.898839364,20638138.31321822,-2366.6117410880906,-1293.5123660420236,883.4809819819719,-0.00015335714926066293
497384.0,31,-2773400.967406487,15469301.544795075,21086107.972960223,-2457.2147897840177,-1240.2380230135652,608.8291742338663,-0.00015335498658081826
497984.0,31,-4269900.417216606,14744882.735619165,21367837.213273443,-2527.870384000951,-1172.2454102057002,329.71377118805503,-0.00015335549772445444
498584.0,31,-5802414.477853456,14065141.709952693,21481329.195902273,-2577.026810768357,-1091.735955435427,48.40586605769741,-0.00015335591172927786
499184.0,31,-7357665.799386103,13436875.716231314,21425952.049981553,-2603.4764248470347,-1001.1125396552883,-232.8177031653218,-0.0001533562142294213
499784.0,31,-8921761.001681812,12865391.302111823,21202435.72286872,-2606.3766195770804,-902.9326210136203,-511.69559821886077,-0.00015335639180469432
500384.0,31,-10480414.078950077,12354426.337985743,20812856.46940612,-2585.2637841390506,-799.8589196647076,-786.0026545171443,-0.00015335643208730653
500984.0,31,-12019176.779896893,11906101.730574628,20260609.204981767,-2540.0583273869497,-694.611645881793,-1053.5688223953368,-0.00015335903877331338
501584.0,31,-13523667.026261006,11520905.760930609,19550368.66366702,-2471.071425563553,-589.9056257226318,-1312.3010531581644,-0.00015335877199704922
502184.0,31,-14979803.247219073,11197704.540161787,18688039.029670157,-2378.9867250783154,-488.4171810237258,-1560.1957935195035,-0.00015335833804160255
502784.0,31,-16374023.57879224,10933787.086926494,17680694.58877593,-2264.853504515211,-392.72369885185935,-1795.3579618157366,-0.00015335772958352924
503384.0,31,-17693499.21333174,10724936.556299075,16536510.855876654,-2130.0643089733794,-305.2600071316681,-2016.0143518280588,-0.0001533569407064383
503984.0,31,-18926332.786652118,10565528.911902359,15264687.799199443,-1976.3286426573504,-228.27520484111028,-2220.526130162565,-0.0001533559669337178
504584.0,31,-20061739.43806739,10448656.32539176,13875366.068139538,-1805.6414842094182,-163.79351184130383,-2407.399593158611,-0.00015335480524854148
505184.0,31,-21090207.6365342,10366272.705321155,12379537.262374481,-1620.2473230929838,-113.57975418977139,-2575.2951730563727,-0.00015335345410147353
505784.0,31,-22003637.300093275,10309358.420730293,10788949.278969347,-1422.6004710595626,-79.10998801893561,-2723.0347144739862,-0.00015335191340611155
506384.0,31,-22795453.198320404,10268101.016451644,9116007.756107954,-1215.3224394865697,-61.54764913268559,-2849.6070696086017,-0.0001533501845233103
506984.0,31,-23460692.107541427,10232088.518249523,7373674.5991704995,-1001.157192091103,-61.72549947599282,-2954.172083563274,-0.0001533482702346116
507584.0,31,-23996062.67572896,10190511.7958753,5575364.529585035,-782.9250845756025,-80.13352827385188,-3036.06305959478,-0.0001533461747055674
508184.0,31,-24399977.13793966,10132372.726167107,3734841.082472986,-563.4774861664907,-116.90947558671587,-3094.792763697051,-0.00015334390257293895
508784.0,31,-24672556.49662312,10046692.634630702,1866109.7969034256,-345.645684900016,-171.85212686324303,-3130.0333216913673,-0.00015334146257787613
509384.0,31,-24815605.651841,9922721.966938619,-16683.509811280488,-132.2026953734205,-244.4069491602877,-3141.64460780973,-0.0001533388616315098
509984.0,31,-24832563.857613407,9750142.300291566,-1899357.320132425,74.18510146697076,-333.69059560994333,-3129.6517932081188,-0.00015333610889096274
510584.0,31,-24728428.803967647,9519261.120116333,-3767795.4908488467,270.9981066114308,-438.50411461255976,-3094.2468930586138,-0.00015333321458859574
511184.0,31,-24509656.827217914,9221194.995232241,-5608046.278785293,455.90192817609477,-557.3543549083076,-3035.7844705273524,-0.00015333018995040976
511784.0,31,-24184041.02970589,8848038.52767761,-7406418.548757057,626.7823964251303,-688.4798420996306,-2954.7766056041114,-0.00015332704710950237
512384.0,31,-23760569.49950948,8393016.53320247,-9149574.742074013,781.7767191490137,-829.8806532133804,-2851.8872226633407,-0.00015332379901522862
512984.0,31,-23249266.072016314,7850617.205941429,-10824620.238635015,919.3003941362266,-979.3517780810721,-2727.925859502394,-0.0001533204593386754
513584.0,31,-22661016.28613709,7216704.338555158,-12419188.793796066,1038.0695619839676,-1134.519426609542,-2583.840948505275,-0.00015331704237501862
514184.0,31,-22007381.358327784,6488607.002362532,-13921523.77216567,1137.1185485804813,-1292.8797187237021,-2420.7126679675684,-0.00015331356294329403
514784.0,31,-21300403.12794343,5665185.436293549,-15320554.933957642,1215.8124117482475,-1451.83917818686,-2239.7454089034904,-0.00015331003628407344
515384.0,31,-20552403.041056097,4746872.315784308,-16605970.552542666,1273.8550448956116,-1608.754745565513,-2042.2581841613649,-0.000153306437175223
515984.0,31,-19775778.22256136,3735688.4699589424,-17768284.695333168,1311.2888951415055,-1760.982930427985,-1829.6831825008796,-0.00015330286277671055
516584.0,31,-18982797.621273056,2635233.6815558933,-18798899.373160105,1328.4955954931804,-1905.9119007594627,-1603.5471522578098,-0.00015329928836340534
517184.0,31,-18185401.82026056,1450651.8764812155,-19690161.52200762,1326.1857281460382,-2041.0101682177021,-1365.4692206857926,-0.0001532957298137351
517784.0,31,-17395008.944231912,188571.65207493678,-20435414.540670283,1305.3863026330812,-2163.865540797169,-1117.1500515674054,-0.00015329220289988428
518384.0,31,-16622329.927120043,-1142977.0918135243,-21029044.214667633,1267.4229103849652,-2272.2241051112123,-860.3623195909397,-0.00015328872318184103
518984.0,31,-15877195.895520683,-2534669.2349635772,-21466518.825455967,1213.897295793657,-2364.026968085359,-596.940823585671,-0.00015328530590223144
431984.0,32,-16276608.18038054,-20292063.537600584,-5541706.05939875,-164.10785480660252,-755.5449663059285,3076.153200513416,1.79166239985513e-05
432584.0,32,-16346640.263007397,-20683573.550034694,-3677164.605897546,-66.11144694284667,-550.4876713769759,3134.7189148492052,1.7928841696157347e-05
433184.0,32,-16352542.548606275,-20953956.513701063,-1784649.4351546767,49.425696484737045,-352.2696448319075,3169.335950126665,1.7941218436408328e-05
433784.0,32,-16284181.373801202,-21108105.1043469,121413.7535401244,181.14725380467144,-163.49316940691256,3179.856148097195,1.7953749992939913e-05
434384.0,32,-16132329.014637835,-21152415.674021054,2026564.0632144636,327.39577597714265,13.44029891524383,3166.310329454356,1.7966430997110255e-05
434984.0,32,-15888835.916379746,-21094656.38403795,3916411.974752642,486.2416318066796,176.36730829208216,3128.9047835642396,1.7979254987792293e-05
435584.0,32,-15546784.245674597,-20943814.30053122,5776743.490412439,655.5161278867993,323.39516286791945,3068.0167112963786,1.799221446792608e-05
436184.0,32,-15100620.553413674,-20709924.119488843,7593621.0893252585,832.8443842963688,452.9330342805084,2984.1871383666066,1.800490126254155e-05
436784.0,32,-14546265.043818276,-20403882.343682148,9353481.773241209,1015.7004052461159,563.7021699441893,2878.1209552744854,1.8018105736096622e-05
437384.0,32,-13881196.963924363,-20037248.01529983,11043229.994921217,1201.4253932197685,654.7714479851217,2750.6704100202505,1.8031417640209902e-05
437984.0,32,-13104514.00675246,-19622036.174559325,12650326.907401044,1387.2871054919272,725.5572116554845,2602.8337373637646,1.804482601084972e-05
438584.0,32,-12216965.390385177,-19170505.32728942,14162874.57576933,1570.5201520614949,775.8321540676977,2435.745389744779,1.8058319210922495e-05
439184.0,32,-11220958.241384063,-18694943.15171983,15569695.096498184,1748.3705543533015,805.7256444224656,2250.6673609101467,1.8071885014820547e-05
439784.0,32,-10120537.34581095,-18207453.712488703,16860404.343486927,1918.139869845668,815.7184480208747,2048.9800963431376,1.8085510695725167e-05
440384.0,32,-8921338.73002313,-17719749.509301115,18025480.113151576,2077.228243627087,806.631985165869,1832.173039251944,1.8099183115186362e-05
440984.0,32,-7630517.908547693,-17242951.578374103,19056324.468969855,2223.1757739440345,779.6123409041676,1601.8348500355949,1.8112888814524237e-05
441584.0,32,-6256653.993651566,-16787400.716744635,19945320.107228022,2353.701609977172,736.1093000202759,1359.6433270748928,1.8126614107617537e-05
442184.0,32,-4809631.197910801,-16362482.715472346,20685880.580775842,2466.7402358139157,677.8507398155605,1107.3550476767216,1.8140345174661232e-05
442784.0,32,-3300499.574672546,-15976470.270458069,21272494.227035966,2560.474434432167,606.8127670766156,846.7947402799477,1.8154068156487587e-05
443384.0,32,-1741318.6009720736,-15636383.971240269,21700761.589082237,2633.369270563614,525.1826628271875,579.844986560143,1.8168466551351317e-05
443984.0,32,-144977.1351389694,-15347874.554291908,21967426.562239986,2684.177734152569,435.3349684529362,308.43283903207583,1.8182131742044733e-05
444584.0,32,1474985.5260331486,-15115128.361780379,22070400.159047816,2711.9903691734316,339.7725548212398,34.521489573185676,1.8195747988636898e-05
445184.0,32,3104583.8849510425,-14940797.142638179,22008778.003615744,2716.2312137503964,241.0968914971202,-239.90329449591817,1.8209302217647536e-05
445784.0,32,4729591.161079189,-14825953.821652086,21782850.46811099,2696.6731609176904,141.96129993340412,-512.8447095667963,1.8222781782224165e-05
446384.0,32,6335750.256656339,-14770074.805248687,21394105.654114343,2653.4430640498977,45.02616712381348,-782.3071435154123,1.8236174551357468e-05
446984.0,32,7908986.796153102,-14771049.47984689,20845224.600058414,2587.021355890853,-47.08624801108681,-1046.3087535978334,1.824883598600374e-05
447584.0,32,9435617.139419867,-14825215.870220186,20140070.91348028,2498.23636652656,-131.83665102960038,-1302.8938405037375,1.826202126617067e-05
448184.0,32,10902557.694907531,-14927424.757057816,19283668.921518255,2388.2527597959224,-206.81278082530707,-1550.1463511393972,1.827508730685555e-05
448784.0,32,12297519.363174418,-15071127.95387589,18282177.71924301,2258.554941085774,-269.7716579007115,-1786.2026508336248,1.8288024878089404e-05
449384.0,32,13609193.652796505,-15248492.195601922,17142855.507455293,2110.925046333712,-318.6796266084634,-2009.2648914108843,1.8300825666466893e-05
449984.0,32,14827423.483393732,-15450536.015273545,15874016.294647789,1947.4159709676578,-351.7494033195294,-2217.6143570100558,1.83134823424837e-05
450584.0,32,15943356.278645817,-15667287.597339319,14484978.943843063,1770.3127319325158,-367.47288843594526,-2409.6204105372394,1.8326222780730635e-05
451184.0,32,16949577.816440795,-15887962.53023537,12986006.372796837,1582.1243127394885,-364.652328917458,-2583.7715342346773,1.833857412241219e-05
451784.0,32,17840220.776733544,-16101155.526565071,11388240.717716357,1385.5027637302321,-342.4225334791603,-2738.6612181565333,1.8350765837109727e-05
452384.0,32,18611051.832126327,-16295047.392110605,9703626.678196643,1183.22755288353,-300.2709141271357,-2873.018999214686,1.836279507769598e-05
452984.0,32,19259530.230455197,-16457620.672124907,7944829.499851766,978.1533857157995,-238.0506926277019,-2985.717963007858,1.8374660221022757e-05
453584.0,32,19784838.983629767,-16576881.696111226,6125145.345169547,773.1629185164063,-155.988096888688,-3075.7862658903055,1.8386360892327615e-05
454184.0,32,20187887.310666215,-16641085.0368968,4258404.938783704,571.1183928442229,-54.68315625804189,-3142.4178392428103,1.8397897980425966e-05
454784.0,32,20471283.9212954,-16638956.47987937,2358871.032954717,374.81301230984263,64.89607415980731,-3184.982099900919,1.8409273643197392e-05
455384.0,32,20639281.23254634,-16559910.529228253,441130.3494322993,186.92291951550533,201.42591587704737,-3203.0324866543815,1.842049130294248e-05
455984.0,32,20697691.135133054,-16394258.480622303,-1480019.2348944074,9.960652806785902,353.2460290730935,-3196.3136430528734,1.8431555631269412e-05
456584.0,32,20653773.459453482,-16133403.16936109,-3389685.382079178,-153.76903281157934,518.3847383317814,-3164.767071940901,1.844247252326723e-05
457184.0,32,20516098.821518082,-15770016.661355048,-5273000.8868011655,-302.2101103334861,694.5903936102391,-3108.535097570425,1.8453249060834556e-05
457784.0,32,20294388.120763473,-15298197.378973478,-7115245.152923733,-433.5877114880377,879.373028700106,-3027.964317879015,1.846379098091321e-05
458384.0,32,19999330.871862557,-14713603.425009057,-8901966.175730683,-546.4575202225351,1070.027087030276,-2923.600476874052,1.8474312172491253e-05
458984.0,32,19642386.863683343,-14013559.872786717,-10619101.977529917,-639.7067867488558,1263.7068396093946,-2796.1944155605925,1.8484720855391876e-05
459584.0,32,19235572.803194955,-13197136.47247518,-12253100.542202305,-712.591185110509,1457.4562453399935,-2646.692811741676,1.849502828078144e-05
460184.0,32,18791239.197948076,-12265195.246470261,-13791036.287786948,-764.744414491502,1648.2661306034454,-2476.233252865231,1.8505246545202727e-05
460784.0,32,18321841.072054014,-11220406.14835421,-15220722.191792145,-796.1848109905695,1833.127883725966,-2286.1358480350636,1.8515388493641172e-05
461384.0,32,17839706.894166067,-10067230.310039211,-16530816.188635474,-807.3147149328022,2009.0876280086359,-2077.8927199929976,1.8525467614726264e-05
461984.0,32,17356810.09823416,-8811870.926913101,-17710920.596026372,-798.9125290665041,2173.2997905849875,-1853.1554645544807,1.853549792906859e-05
462584.0,32,16884547.56634237,-7462192.482418161,-18751673.39597138,-772.1175631475344,2323.078980207216,-1613.7207062107295,1.8545493871853172e-05
463184.0,32,16433529.334576473,-6027609.658217939,-19644830.288580853,-728.4079216224627,2455.9491103630116,-1361.5139180006256,1.8555470170912828e-05
463784.0,32,16013383.578701716,-4518947.897537338,-20383336.551183917,-669.5718485748941,2569.6887548999894,-1098.571709944474,1.8565441721587668e-05
464384.0,32,15632580.640447475,-2948278.171386443,-20961387.868898597,-597.6730929881803,2662.3718005837527,-827.0228220503283,1.857542345973651e-05
464984.0,32,15298279.403481998,-1328728.5015191962,-21374479.47925724,-515.0125885104956,2732.397411122958,-549.0677391248942,1.858549623712988e-05
465584.0,32,15016199.351520725,325721.3238270278,-21619442.982274864,-424.0780864619585,2778.539579089429,-266.95904956444133,1.859554309012081e-05
466184.0,32,14790519.74460293,2000464.393348047,-21694470.670994062,-327.5046208921457,2799.938032081881,17.021156730588547,1.8605643905724525e-05
466784.0,32,14623808.925397538,3680499.0271135718,-21599127.135811727,-228.01881535256854,2796.133906003034,300.5820503993928,1.8615812520878566e-05
467384.0,32,14516984.187668964,5350669.062469708,-21334348.001575626,-128.38807329849448,2767.071844985836,581.4454297519579,1.8626062199223336e-05
467984.0,32,14469303.078394266,6995906.088557704,-20902426.111828323,-31.368098818790088,2713.0997712081444,857.3665627547709,1.8636405521843443e-05
468584.0,32,14478386.055765795,8601469.306309884,-20306985.456305612,60.34899506845352,2634.9611696796683,1126.15433155748,1.8646854285250898e-05
469184.0,32,14540269.842682263,10153178.600517306,-19552943.328412093,144.18496783993623,2533.780130024077,1385.6904311906487,1.8657419407562954e-05
469784.0,32,14649490.218463574,11637636.598659938,-18646461.337170184,217.72315441640103,2411.039536900049,1633.9474015197259,1.866811084368948e-05
470384.0,32,14799192.433465913,13042435.764151473,-17594886.019115437,278.7526973370432,2268.552936156757,1869.0053028707048,1.867893751019862e-05
470984.0,32,14981266.923806168,14356346.920356272,-16406679.897979034,325.3085100310161,2108.4307220069695,2089.0668797461335,1.868990722037895e-05
471584.0,32,15186507.556411095,15569486.015445637,-15091343.922584578,355.7062820000534,1933.0413891052756,2292.4710925005706,1.8701026629865728e-05
472184.0,32,15404789.23489918,16673456.644199124,-13659332.191946337,368.5724051113324,1744.973003807513,2477.70956298645,1.871236632272044e-05
472784.0,32,15625261.547377199,17661464.570820875,-12121960.510498865,362.8660245092922,1546.96996423578,2643.4179144131526,1.8723799766491768e-05
473384.0,32,15836554.416448478,18528406.65805476,-10491308.560804592,337.8979575574556,1341.9100050250336,2788.4124013010983,1.8735395555367425e-05
473984.0,32,16026992.433838371,19270927.379674025,-8780118.441286111,293.34065687961674,1132.7376060446568,2911.6772883254143,1.874715539041059e-05
474584.0,32,16184813.564154718,19887446.724160712,-7001689.34812772,229.23258314366035,922.4178287106865,3012.374454234877,1.875907970448337e-05
475184.0,32,16298388.492443789,20378157.68316381,-5169769.936499969,145.97600798361395,713.8864145737707,3089.8464976505643,1.8771167671278724e-05
475784.0,32,16356436.75931908,20744994.111886322,-3298449.252717434,44.32855001075086,510.00114381858157,3143.6182620093555,1.8783417223888003e-05
476384.0,32,16348235.997115683,20991569.951765876,-1402047.164769841,-74.61127223615813,313.495251270597,3173.396877599939,1.8795825082392357e-05
476984.0,32,16263820.77902202,21123091.268101092,504994.84128475166,-209.4240948772706,126.9336321746166,3179.070429316947,1.8808386789918582e-05
477584.0,32,16094167.843666097,21146242.975830846,2408221.6974601625,-358.39491578058164,-47.32750405561342,3160.7053654130864,1.8821096756566905e-05
478184.0,32,15831364.752697062,21069052.50069288,4293270.890445879,-519.5429321576153,-207.1769543978495,3118.54276543582,1.8833948310597428e-05
478784.0,32,15468759.370832363,20900732.947055943,6145976.037655983,-690.6554322634413,-350.7803241139794,3052.993585055801,1.8846933756253226e-05
479384.0,32,15001087.821058312,20651508.572435785,7952467.398648276,-869.3204474616566,-476.6109974513381,2964.6329779730813,1.8860110230145076e-05
479984.0,32,14424579.65653192,20332425.928642195,9699268.264499461,-1052.9858175105696,-583.4557659294362,2854.1938642202745,1.8873336886172794e-05
480584.0,32,13737037.234199954,19955153.06691775,11373388.139777344,-1238.9726212771898,-670.4544431855259,2722.5597505441997,1.888666886261364e-05
481184.0,32,12937890.296507275,19531771.335260905,12962410.462882943,-1424.5382964576377,-737.0951427904147,2570.7569468062275,1.8900095055040162e-05
481784.0,32,12028223.576169735,19074562.25134348,14454575.92118583,-1606.9161498427634,-783.2228537200929,2399.946268406504,1.891360370244632e-05
482384.0,32,11010777.77393567,18595793.238785855,15838860.507863235,-1783.3598808541524,-809.038623644154,2211.4142726881983,1.8927182472383666e-05
482984.0,32,9889923.966173768,18107505.55104344,17105048.157017708,-1951.187539916226,-815.0931597783423,2006.5640929971173,1.8940818548755925e-05
483584.0,32,8671611.981675118,17621307.69155975,18243797.73569105,-2107.8242875074093,-802.2750063038375,1786.9059168632255,1.8954498721798375e-05
484184.0,32,7363293.658848028,17148177.52144034,19246704.1980642,-2250.8433468710264,-771.7935233053149,1554.047144060472,1.896820947979126e-05
484784.0,32,5973822.247839133,16698276.09031137,20106353.72713973,-2378.0045754960447,-725.1569537515315,1309.6822504239826,1.8981937102076327e-05
485384.0,32,4513329.554333137,16280776.035000013,20816372.70305276,-2487.2901170649466,-664.1459222912712,1055.5823745345124,1.899566775296125e-05
485984.0,32,2993082.730423313,15903707.166928539,21371470.3455397,-2576.936636195809,-590.7827626603892,793.5846369597829,1.9009387576108154e-05
486584.0,32,1425323.3029542076,15573821.700715462,21767474.795507465,-2645.4668729071855,-507.2969702901528,525.5832935944411,1.9023147329784915e-05
487184.0,32,-176911.44212776003,15296480.663971575,22001362.94067565,-2691.7009600518627,-416.0879360083274,253.5102949571159,1.9036804043316226e-05
487784.0,32,-1799976.5533326273,15075564.711608702,22071282.8914495,-2714.7950546187103,-319.68440861234046,-20.664086946029094,1.9050409188060695e-05
488384.0,32,-3429820.9341529785,14913408.773503127,21976569.921588533,-2714.243070439512,-220.70191481343684,-294.9509033896776,1.9063949766727762e-05
488984.0,32,-5052194.591243964,14810763.207597334,21717755.22429123,-2689.8892422971235,-121.79883742607569,-567.3526078183191,1.907741322653225e-05
489584.0,32,-6652860.152399686,14766781.546763046,21296567.423619654,-2641.9321378061923,-25.631497180311726,-835.875337445193,1.909078754798751e-05
490184.0,32,-8217805.165952076,14779035.299046261,20715926.68079943,-2570.9232070547478,65.19102389300929,-1098.5414535565824,1.9104061331250268e-05
490784.0,32,-9733451.897319246,14843555.758148137,19979931.241136443,-2477.75982516334,148.1516505565063,-1353.4023235043098,1.9117223879529566e-05
491384.0,32,-11186861.331854317,14954902.378701972,19093836.27794624,-2363.672855146022,220.86899648808992,-1598.551317267066,1.913026527904655e-05
491984.0,32,-12565928.130188048,15106256.86411839,18064024.90747979,-2230.208833833237,281.1392796088393,-1832.1369795278122,1.9143176475005676e-05
492584.0,32,-13859563.364825552,15289541.707894048,16897971.27452795,-2079.20696173591,326.9757944352856,-2052.3763246656476,1.9155949343012715e-05
493184.0,32,-15057861.996473765,15495561.527314782,15604195.643210106,-1912.7711579919664,356.64527885077837,-2257.568187180383,1.9168576755352624e-05
493784.0,32,-16152252.371674687,15714165.104063075,14192211.320829874,-1733.232196359168,368.6970029581464,-2446.100312893087,1.9181119309559582e-05
494384.0,32,-17135624.349002082,15934425.947822334,12672464.365581898,-1543.1322052568344,362.0047842393159,-2616.4877102340015,1.9193439292697176e-05
494984.0,32,-18002435.259246588,16144837.88247754,11056263.888623014,-1345.1526588991844,335.77030067368844,-2767.347483996464,1.9205598976342605e-05
495584.0,32,-18748790.034363516,16333523.645664234,9355706.145848885,-1142.091914452108,289.5540459502556,-2897.437099968641,1.9217595753664614e-05
496184.0,32,-19372494.72837564,16488452.226855267,7583590.474052413,-936.814123862317,223.28427713683618,-3005.6599409239006,1.922942824745023e-05
496784.0,32,-19873081.949359037,16597661.70753993,5753328.276967669,-732.2016667983635,137.26293581008554,-3091.076676607656,1.924109633272753e-05
497384.0,32,-20251807.423761036,16649483.73582679,3878845.3868153086,-531.1066674893439,32.16512548404171,-3152.915781267091,1.9252601150071045e-05
497984.0,32,-20511617.379749585,16632765.712036507,1974478.368856873,-336.30242494370236,-90.9680022562959,-3190.583021629876,1.926394510911071e-05
498584.0,32,-20657086.94670128,16537086.70679403,54865.4472558031,-150.43561999508597,-230.74298446743092,-3203.6697350173367,1.9275131881835846e-05
499184.0,32,-20694330.29487491,16352963.1509976,-1865167.1583820388,24.019818899498432,-385.4343138036411,-3191.9597185237035,1.9286166385371624e-05
499784.0,32,-20630883.772686776,16072040.432095403,-3770722.588124488,184.80630815565326,-553.0110132206275,-3155.434556387246,1.929705475400586e-05
500384.0,32,-20475563.827565186,15687266.70595386,-5646953.388614935,329.9227949459969,-731.169163164737,-3094.277224162475,1.93078043003588e-05
500984.0,32,-20238302.053837273,15193045.569959633,-7479183.10865314,457.65595918599286,-917.375075902054,-3008.874322272601,1.931848847731387e-05
501584.0,32,-19929959.80230557,14585364.061972974,-9253028.512512386,566.6297341955833,-1108.8870908665401,-2899.81388636891,1.932898641395663e-05
502184.0,32,-19562126.60803929,13861894.224699065,-10954520.760122199,655.8033754096289,-1302.8345717004374,-2767.885879963175,1.9339373992606895e-05
502784.0,32,-19146904.454649094,13022065.000529803,-12570224.53532451,724.5081318091169,-1496.246453021463,-2614.0758650052016,1.9349662640189346e-05
503384.0,32,-18696683.11054166,12067103.382863574,-14087353.853691809,772.4551789628122,-1686.1092894827018,-2439.5587991691273,1.9359864610525884e-05
503984.0,32,-18223910.13915644,11000043.558098594,-15493883.139236303,799.7407799118871,-1869.4211321851826,-2245.69021988976,1.9369992885761263e-05
504584.0,32,-17740860.0024279,9825703.593712565,-16778652.321173325,806.8441763175424,-2043.2456672067756,-2033.9953225838947,1.93800610701112e-05
505184.0,32,-17259406.64341422,8550629.853196552,-17931464.71933289,794.6181771422073,-2204.7655305522153,-1806.1560287133914,1.939008327695855e-05
505784.0,32,-16790803.90313113,7183009.97015202,-18943176.56040786,764.2725728561805,-2351.3337151049354,-1563.996180327659,1.940007401044013e-05
506384.0,32,-16345477.99883524,5732555.855222536,-19805777.06416558,717.3506639914465,-2480.522013980411,-1309.465036599248,1.9410048042766274e-05
506984.0,32,-15932836.067976562,4210358.824357374,-20512458.157088265,655.6993489757685,-2590.1655008567695,-1044.6192832886056,1.9420020288592956e-05
507584.0,32,-15561094.468331425,2628719.5093389032,-21057673.008003164,581.4333627878314,-2678.4021301948287,-771.6037967968676,1.9430005677821357e-05
508184.0,32,-15237130.041569121,1000955.7223275458,-21437182.700744577,496.89519565237856,-2743.702315017838,-492.6313021826041,1.9440084745688935e-05
508784.0,32,-14966357.698031085,-658808.0532657236,-21648090.77264743,404.60702828481664,-2784.9138287711376,-209.96180911660744,1.9450140981326387e-05
509384.0,32,-14752635.245639423,-2335865.7359892894,-21688864.714241408,307.22605266601533,-2801.2563150719384,74.11895784895167,1.9460253970871423e-05
509984.0,32,-14598199.006663619,-4015164.7446319396,-21559345.09859357,207.49134878866897,-2792.3520630372386,357.320960594468,1.947043744811201e-05
510584.0,32,-14503629.960294174,-5681546.9120398555,-21260741.78044986,108.17217069672648,-2758.227444865587,637.3710126278888,1.9480704551264667e-05
511184.0,32,-14467851.407799248,-7319990.607287578,-20795617.591347687,12.015500840654568,-2699.3111626938157,912.0335044611302,1.9491067715056883e-05
511784.0,32,-14488157.910007525,-8915849.581992125,-20167859.863042835,-78.3055982620483,-2616.425046002968,1179.1303799665864,1.9501538570252074e-05
512384.0,32,-14560274.713739734,-10455084.157845454,-19382640.294529967,-160.2418214048099,-2510.7676727145335,1436.5601203396948,1.9512127851543377e-05
512984.0,32,-14678446.293713138,-11924480.578226134,-18446363.81257842,-231.41469249884994,-2383.891234213955,1682.3155206112206,1.9522845314602896e-05
513584.0,32,-14835552.0876526,-13311854.635743296,-17366607.19315749,-289.6599960454339,-2237.672196783097,1914.5000756200777,1.9533699662925498e-05
514184.0,32,-15023247.006294157,-14606236.05026931,-16152048.309697997,-333.0667909664047,-2074.2764263692925,2131.342826761842,1.954469848495554e-05
514784.0,32,-15232123.86612735,-15798030.497448593,-14812386.952778276,-360.0113409772807,-1896.1195381045359,2331.2115564449327,1.955584820183434e-05
515384.0,32,-15451894.516119948,-16879156.717179086,-13358258.335098289,-369.18664238050485,-1705.8263056254305,2512.6291355904586,1.956721942873014e-05
515984.0,32,-15671586.29844765,-17843156.072506387,-11801139.839839833,-359.62003844984497,-1506.1721574872408,2674.2635116334545,1.957868491967909e-05
516584.0,32,-15879749.557282148,-18685274.848891266,-10153252.758743748,-330.69574466193785,-1300.0519540916875,2814.9654637618123,1.9590313208817908e-05
517184.0,32,-16064673.380873157,-19402514.997855872,-8427459.899167648,-282.160139998603,-1090.4184260602808,2933.7546403086626,1.9602105744918582e-05
517784.0,32,-16214604.689366732,-19993655.915512174,-6637159.692086796,-214.1256861745096,-880.2347301778129,3029.8290690787853,1.9614062709451075e-05
518384.0,32,-16317967.24119731,-20459245.883533396,-4796178.184607236,-127.06744393581698,-672.4247335323587,3102.56793690326,1.962618302755134e-05
518984.0,32,-16363576.66772165,-20801564.042109065,-2918659.794254038,-21.81337174920486,-469.82472407706587,3151.532806719386,1.9638464388428605e-05
