t,prn,x,y,z,vx,vy,vz,clock
431984.0,1,-17099106.257425793,20257904.762232147,533574.7037003719,-1665.2374570346915,-1490.387604792826,3172.4347118225937,0.0002910110649108881
432584.0,1,-18031149.86581321,19286933.070428602,2432643.0743470937,-1439.7272260205307,-1744.237134043,3153.3931682448388,0.00029100560720941876
433184.0,1,-18824464.847309425,18167571.9743292,4312990.998354214,-1203.1367098351311,-1984.674716995437,3110.088780330262,0.00029100014780144304
433784.0,1,-19472947.972427923,16908433.83893291,6160148.850736809,-957.2954229181904,-2209.8409018865073,3042.8563037335985,0.0002909946893297844
434384.0,1,-19971616.77420059,15519211.975295454,7959904.523673836,-704.1050019781437,-2417.995667184109,2952.217414207335,0.000290989234429952
434984.0,1,-20316648.270846277,14010604.6030845,9698414.53476176,-445.52402819957933,-2607.5322503018415,2838.8764897231895,0.00029098378570955674
435584.0,1,-20505408.392351605,12394230.831098247,11362312.111746509,-183.5523931825569,-2776.9898593443677,2703.7148840598315,0.0002909783457279579
436184.0,1,-20536472.0378735,10682539.023574816,12938811.844158096,79.78719475758544,-2925.067373590162,2547.784507055773,0.0002909727192178042
436784.0,1,-20409632.77924135,8888710.517473135,14415807.125728654,342.455081949827,-3050.6245840709935,2372.2962846385435,0.0002909672357069554
437384.0,1,-20125904.032254882,7026553.892679852,15781966.782546345,602.4263126602807,-3152.704417395021,2178.614674304847,0.00029096176811736204
437984.0,1,-19687509.60528116,5110398.338741094,17026820.777320534,857.6962843472427,-3230.531177318305,1968.243710565576,0.00029095631862371073
438584.0,1,-19097865.027663887,3154981.196982298,18140841.065015964,1106.2991536174159,-3283.5185675215707,1742.8155374833366,0.0002909508892599008
439184.0,1,-18361549.481120773,1175332.9620985445,19115514.39940553,1346.323246221109,-3311.273876496423,1504.077241641408,0.00029094548190339786
439784.0,1,-17484269.053669218,-813339.2173179826,19943406.929455906,1575.9265214178613,-3313.6017938597406,1253.8774227622587,0.0002909393197145459
440384.0,1,-16472809.312461864,-2795771.4433529386,20618220.273325756,1793.3485190581323,-3290.500550645992,994.1490652700169,0.00029093396119148903
440984.0,1,-15334983.432982858,-4756758.3920370005,21134838.21126448,1996.9274217708507,-3242.168622852744,726.897596100784,0.0002909286292338088
441584.0,1,-14079568.742812395,-6681272.356213735,21489364.426701758,2185.110301134115,-3168.9977330060315,454.18280178682267,0.00029092332496462954
442184.0,1,-12716237.831480185,-8554578.275306985,21679150.4075329,2356.4654516048063,-3071.57039407081,178.1031835655002,0.0002909180492934453
442784.0,1,-11255482.623629201,-10362346.543564066,21702813.664783373,2509.6930773604554,-2950.654761866497,-99.22043024921061,0.0002909128029094719
443384.0,1,-9708532.739754796,-12090762.001551764,21560246.171219964,2643.6352715823887,-2807.1999037485334,-375.6598609520787,0.0002909081745523392
443984.0,1,-8087266.68225569,-13726630.139734933,21252612.693693995,2757.2828439672367,-2642.3205823117564,-649.1018264062161,0.0002909029877912951
444584.0,1,-6404122.234005862,-15257475.03822318,20782340.223347895,2849.784937179723,-2457.2989944294322,-917.455411699457,0.00029089783103212753
445184.0,1,-4671998.804516161,-16671634.699626828,20153096.790496193,2920.45335063821,-2253.5671726726396,-1178.6737040986986,0.0002908927040521307
445784.0,1,-2904158.733630336,-17958348.25691421,19369761.51474004,2968.7676236309267,-2032.6973533068897,-1430.7678084036254,0.0002908876064012401
446384.0,1,-1114125.7322051544,-19107836.393742308,18438385.447978668,2994.378404290452,-1796.3895597785804,-1671.8217421677457,0.0002908825374058638
446984.0,1,684418.32896805,-20111374.09702912,17366143.68943633,2997.1095109363923,-1546.4583110727094,-1900.0066822098158,0.00029087749617439507
447584.0,1,2477737.506864747,-20961355.247396275,16161279.179257182,2976.9586880831057,-1284.8185643644401,-2113.594466290559,0.0002908724816043524
448184.0,1,4252145.977373742,-21651348.616347425,14833038.63208423,2934.0970686650826,-1013.4710039722695,-2310.970261674629,0.0002908674923910831
448784.0,1,5994111.563597379,-22176144.903924957,13391601.122963244,2868.8673627210756,-734.486790264494,-2490.644320367939,0.0002908625270379563
449384.0,1,7690357.846660684,-22531794.516751394,11847999.884763736,2781.780800874125,-449.99188295280237,-2651.2627490164145,0.000290857583867961
449984.0,1,9327964.120637994,-22715635.853471853,10214037.91894903,2673.512868437337,-162.1510532097675,-2791.6172296876575,0.00029085266103661555
450584.0,1,10894462.77507376,-22726314.033305798,8502197.839779861,2544.897762622098,126.8495914345151,-2910.655366453543,0.00029084803400824123
451184.0,1,12377931.631390324,-22563789.416127,6725547.956557184,2396.922307058825,414.8136699065391,-3007.48120612703,0.00029084314562013064
451784.0,1,13767084.875298675,-22229337.109249644,4897642.000690723,2230.717616462318,699.5586438740078,-3081.371958747082,0.00029083827117235245
452384.0,1,15051356.507930627,-21725536.132383958,3032417.5252049156,2047.5509746277362,978.9266489317712,-3131.7760605191424,0.0002908334083030416
452984.0,1,16220979.527414165,-21056249.13249963,1144090.5942420054,1848.8161532883062,1250.8016927221872,-3158.3187258750286,0.0002908285545633714
453584.0,1,17267058.890887406,-20226592.60901141,-752951.2652930014,1636.0229883575764,1513.125183698646,-3160.8044840131356,0.00029082370743598854
454184.0,1,18181637.9570433,-19242897.900225174,-2644257.2717478755,1410.7861596829773,1763.9110181644676,-3139.218441500687,0.0002908188643539318
454784.0,1,18957757.944918945,-18112663.226813022,-4515421.97918415,1174.8132505140766,2001.2601297139117,-3093.726268301448,0.00029081402271989993
455384.0,1,19589509.993451696,-16844497.147691164,-6352193.473008255,929.8921660125583,2223.3744088899525,-3024.6729113556075,0.00029080917992573355
455984.0,1,20072079.457381822,-15448053.84067574,-8140580.398260709,677.8779929686539,2428.569904731137,-2932.5800464402487,0.0002908043333719727
456584.0,1,20401782.128052823,-13933960.674408559,-9866957.057525862,420.6793854775701,2615.289223896778,-2818.14228551021,0.0002907994804873534
457184.0,1,20576092.122219224,-12313738.589023374,-11518165.82947519,160.24456369920063,2782.113047239058,-2682.222163095508,0.0002907946187481064
457784.0,1,20593661.084935974,-10599715.85447523,-13081615.97717624,-101.45312393085919,2927.7649283853925,-2525.8422648656388,0.00029079002138592425
458384.0,1,20454329.405879382,-8804935.634369904,-14545379.419013746,-362.4294063794796,3051.1439457098586,-2350.1844071709957,0.0002907851350921033
458984.0,1,20159127.471890505,-6943058.89734348,-15898279.389368366,-620.7037726681183,3151.2982959137535,-2156.5715380240017,0.00029078023284721534
459584.0,1,19710269.125588242,-5028261.555810697,-17129976.097525503,-874.3143168347326,3227.455915166364,-1946.4645122656318,0.00029077531249837847
460184.0,1,19111135.95870013,-3075128.371204735,-18231045.04290169,-1121.3321869884207,3279.0246727641343,-1721.4499934275154,0.00029077037202903343
460784.0,1,18366252.99063202,-1098543.4692240283,-19193048.947505794,-1359.8759703561832,3305.597169716955,-1483.228962782871,0.00029076540957430233
461384.0,1,17481255.81561108,886421.584464333,-20008602.506040543,-1588.1258051554182,3306.954229662227,-1233.6043500814424,0.0002907604234352574
461984.0,1,16462849.421318015,2864621.3535700617,-20671429.46052028,-1804.3371206247512,3283.0670448943583,-974.467860954007,0.00029075541209199027
462584.0,1,15318758.939050097,4820950.934158464,-21176411.55389966,-2006.8539064975168,3234.0979475874287,-707.786082600152,0.00029075037421538025
463184.0,1,14057672.641957879,6740460.367166748,-21519628.967967343,-2194.121413666706,3160.399784165549,-435.58595596382406,0.00029074530867746724
463784.0,1,12689177.563613623,8608468.22807953,-21698391.904620063,-2364.698188852791,3062.5138792676453,-159.93970908707405,0.0002907402145603443
464384.0,1,11223688.163908836,10410673.557711326,-21711263.0265733,-2517.267347835886,2941.166584875239,117.0506473725655,0.00029073509116349426
464984.0,1,9672368.240695003,12133265.814582245,-21558070.586125568,-2650.6505621632623,2797.2631324051054,393.26951483610736,0.00029073021573481397
465584.0,1,8047048.502702808,13763028.80818922,-21239911.860849407,-2763.8032389647165,2631.886564030729,666.6022250544181,0.0002907250324485458
466184.0,1,6360135.225613927,15287446.080421884,-20759147.098741952,-2855.8444663999016,2446.2822813295397,934.9536266361732,0.0002907198191255001
466784.0,1,4624518.052224007,16694795.619776493,-20119383.889938936,-2926.0499702362613,2241.8543430559735,1196.2625271866132,0.00029071457597591607
467384.0,1,2853471.6859112885,17974241.761859104,-19325451.806217454,-2973.861875519587,2020.15391531639,1448.5181134028487,0.0002907093034389306
467984.0,1,1060554.6795120686,19115920.05461299,-18383367.599521905,-2998.8936123160097,1782.867823420691,1689.7756614475697,0.0002907040021796066
468584.0,1,-740494.3527320437,20111014.959027037,-17300291.109553885,-3000.9335158137665,1531.8059596674645,1918.1718427431424,0.0002906986730842027
469184.0,1,-2535862.311690422,20951829.722354595,-16084472.149921115,-2979.9470730534485,1268.887632780235,2131.9394954195236,0.00029069331725370824
469784.0,1,-4311768.162170335,21631847.812398925,-14745188.719279936,-2936.0777792084086,996.1269564448146,2329.4217327901024,0.0002906879359956857
470384.0,1,-6054569.616352432,22145785.360186405,-13292676.96061758,-2869.6465779300406,715.6173856602218,2509.0852628294297,0.0002906825308144717
470984.0,1,-7750869.099443122,22489634.12422594,-11738053.367394187,-2781.14987269576,429.51552019309406,2669.53279675877,0.0002906771033998066
471584.0,1,-9387618.137991449,22660694.562249515,-10093229.80869909,-2671.256109211292,140.02430410061197,2809.5144305515205,0.0002906716556139755
472184.0,1,-10952218.850063909,22657598.54500737,-8370822.397308771,-2540.8023887718646,-150.62343577066008,2927.9353173128256,0.0002906664647769603
472784.0,1,-12432624.375183381,22480322.20489668,-6584052.647932195,-2390.782443330617,-440.18582265160524,3023.87499380933,0.00029066098253612216
473384.0,1,-13817431.021200422,22130187.042765897,-4746647.194504684,-2222.347799946851,-726.4248114769854,3096.579547586142,0.00029065548640588406
473984.0,1,-15095969.291389048,21609851.246162154,-2872729.839379664,-2036.7930882415096,-1007.127211695828,3145.4782666006536,0.0002906499787832587
474584.0,1,-16258387.535888387,20923289.99334298,-976711.8439608887,-1835.5474277276055,-1280.1215138275625,3170.1858526242,0.0002906444621548996
475184.0,1,-17295729.49481173,20075765.249667756,926820.5472800066,-1620.1632126396444,-1543.2952280355505,3170.5057134076624,0.0002906389390777478
475784.0,1,-18200004.77023104,19073785.237619113,2823220.1130266297,-1392.3038530425767,-1794.611769796636,3146.4316990228995,0.0002906334121590988
476384.0,1,-18964251.6223929,17925053.90002457,4697893.238615431,-1153.7305781570053,-2032.126740552487,3098.148261787282,0.0002906278840362524
476984.0,1,-19582591.554494455,16638410.769243008,6536414.115695421,-906.2884178651528,-2254.003456681382,3026.0290351221824,0.0002906223573559159
477584.0,1,-20050275.22544665,15223761.744059984,8324637.599328742,-651.891486992441,-2458.527587440625,2930.633842778384,0.0002906168347535276
478184.0,1,-20363719.31019229,13692001.359498162,10048809.77672437,-392.50770404709783,-2644.120771586231,2812.7041658196517,0.00029061131883267513
478784.0,1,-20520534.01113883,12054927.21151467,11695675.324985417,-130.1430815349122,-2809.353093025282,2673.1571103312103,0.00029060581214477633
479384.0,1,-20519541.12878322,10325147.06072055,13252581.089811802,133.17588550167943,-2952.9560365988664,2513.0766180136957,0.0002906005951472178
479984.0,1,-20360781.985146195,8515980.932712466,14707572.996947639,395.41184756695907,-3073.8254393459238,2333.709910532238,0.0002905951142297912
480584.0,1,-20045516.297805175,6641354.496911568,16049490.88532808,654.5426023720215,-3171.0403877641297,2136.4493978173145,0.0002905896496796939
481184.0,1,-19576210.97403594,4715691.676819388,17268052.955336694,908.5704771435351,-3243.863204502201,1922.826685329345,0.00029058420364793064
481784.0,1,-18956519.49105207,2753801.4162188144,18353935.115891952,1155.539718932638,-3291.7466349791757,1694.4988471471022,0.0002905787781414602
482384.0,1,-18191251.966922246,770762.1765159704,19298842.14424743,1393.551809178015,-3314.337709899936,1453.2350668912698,0.0002905733750077687
482984.0,1,-17286336.22367461,-1218195.3564830031,20095570.553709786,1620.7802396585594,-3311.4800172265013,1200.9024377400756,0.0002905679959207359
483584.0,1,-16248770.21119655,-3197806.4030011958,20738062.71557273,1835.4846298888049,-3283.214380318022,939.4510504802075,0.0002905626423679037
484184.0,1,-15086566.227597512,-5152890.109378877,21221451.86054978,2036.0240744699845,-3229.7779537758324,670.8985025895427,0.0002905573156392394
484784.0,1,-13808687.432958622,-7068466.5243530795,21542097.66503885,2220.869618271974,-3151.601762695806,397.31396381621175,0.0002905520168174773
485384.0,1,-12424977.208561085,-8929871.619772028,21697612.2077798,2388.6157674039923,-3049.306724379288,120.80193465910214,0.000290546746770104
485984.0,1,-10946081.962608563,-10722869.472642455,21686876.162083227,2537.9909545520327,-2923.6982039553436,-156.51416634930453,0.0002905415061430417
486584.0,1,-9383368.580721395,-12433760.05448873,21510045.13849243,2667.8671354398307,-2775.76392563009,-432.5073305425584,0.0002905365701170581
487184.0,1,-7748833.868823067,-14049485.984807169,21168546.302540902,2777.2669204398835,-2606.646860721676,-705.067653370767,0.0002905313890789036
487784.0,1,-6055014.931935292,-15557727.400413942,20665065.281211913,2865.3721793669383,-2417.6640512677523,-972.1122201841081,0.0002905262380478098
488384.0,1,-4314890.490294427,-16946997.071734603,20003523.36187511,2931.5285559993213,-2210.2772860810587,-1231.6048734690687,0.0002905211167572792
488984.0,1,-2541781.6942915283,-18206726.026194524,19189045.56186299,2975.250186742659,-1986.0861220694749,-1481.5706039142465,0.0002905160247138274
489584.0,1,-749250.1890013758,-19327342.462793227,18227919.635760944,2996.2228035076137,-1746.8152799276954,-1720.110318090596,0.00029051096120114256
490184.0,1,1049005.3160946872,-20300342.89253022,17127546.434545442,2994.30552944195,-1494.3011868610224,-1945.4149371723106,0.00029050592528591883
490784.0,1,2839253.1974230446,-21118355.022900507,15896382.034587122,2969.5313716950877,-1230.4777762385058,-2155.7787322821655,0.00029050091582530704
491384.0,1,4607833.015799562,-21775191.96822267,14543872.10857028,2922.1064244958307,-957.3616564559111,-2349.61180990978,0.0002904959314759175
491984.0,1,6341258.798988608,-22265897.43268601,13080379.060470235,2852.4078043599184,-677.0367627584096,-2525.4516689146863,0.00029049097070429794
492584.0,1,8026320.75674985,-22586781.579358764,11517102.49273865,2760.9803471933155,-391.63860640814505,-2681.973758794585,0.0002904860317988008
493184.0,1,9650184.693858007,-22735447.3656507,9865993.615637636,2648.532104413286,-103.33823546446934,-2818.000977092062,0.00029048111288274486
493784.0,1,11200488.496624649,-22710807.315264866,8139664.205572379,2515.9266869674934,185.67465615757555,-2932.5136262585747,0.0002904760238717628
494384.0,1,12665434.495629093,-22513089.993024234,6351291.113239447,2364.184485763889,473.20530748300587,-3024.6503296647247,0.0002904711387236684
494984.0,1,14033878.250445783,-22143837.549541213,4514516.025706292,2194.462851953828,757.074146831817,-3093.7235324596936,0.0002904662670850406
495584.0,1,15295411.63072118,-21605892.901457015,2643342.827123478,2008.0553004031844,1035.1302008994846,-3139.217961738333,0.0002904614065728675
496184.0,1,16440440.65949873,-20903377.501768336,752031.9030960577,1806.3797681099734,1305.2675684538078,-3160.7957552859657,0.00029045655472058297
496784.0,1,17460257.180972286,-20041659.65668903,-1145007.2125170918,1590.9680245680656,1565.4408712623383,-3158.29873607575,0.0002904517089966284
497384.0,1,18347103.911874667,-19027313.656809248,-3033324.190264907,1363.4543004802854,1813.6802435201903,-3131.7494113261596,0.00029044686682347224
497984.0,1,19094232.421744887,-17868070.030692164,-4898536.479440659,1125.5632117165585,2048.1057644676257,-3081.350694816098,0.00029044202559695405
498584.0,1,19695953.63662529,-16572757.288234293,-6726437.327214795,879.0970585126198,2266.941242610068,-3007.4843579190333,0.00029043718270581483
499184.0,1,20147680.512249123,-15151235.577634288,-8503102.471414303,625.9225827204959,2468.527263855348,-2910.7082214300635,0.00029043233555127814
499784.0,1,20445962.576152343,-13614322.733387101,-10214994.7462297,367.95726848741947,2651.333419955254,-2791.752106750383,0.0002904274815665428
500384.0,1,20588512.093048625,-11973713.243094645,-11849065.85512477,107.15527408129014,2813.969637884921,-2651.512571395022,0.00029042261823605093
500984.0,1,20574221.51755661,-10241890.864565462,-13392854.27067843,-154.50467305044072,2955.1931163728013,-2491.0440721553305,0.00029041801853503724
501584.0,1,20403172.89582219,-8432034.318814395,-14834580.559301812,-415.0429569728926,3073.9314126736026,-2311.560777595798,0.00029041312960952775
502184.0,1,20076637.390744537,-6557920.350129082,-16163234.16805605,-672.4797105342864,3169.2698113936935,-2114.4139565034225,0.00029040822429103033
502784.0,1,19597066.923776023,-4633819.145796797,-17368658.442446325,-924.8589452422116,3240.4723676879207,-1901.091388150236,0.0002904033004497645
503384.0,1,18968076.70585292,-2674387.716442029,-18441627.46199145,-1170.2606640225547,3286.984181163296,-1673.204349242289,0.00029039835609545383
503984.0,1,18194419.172557004,-694559.8316275682,-19373916.524524674,-1406.815195429839,3308.4359294746514,-1432.4759343299886,0.0002903933893924975
504584.0,1,17281949.42593789,1290566.3225313984,-20158365.341847226,-1632.7172341993212,3304.6470857756613,-1180.728513483979,0.00029038839867402835
505184.0,1,16237582.397797555,3265841.965199886,-20788933.46353898,-1846.2394894936779,3275.6277844368497,-919.870403669062,0.000290383382454751
505784.0,1,15069242.006240357,5216182.207614173,-21260747.494040083,-2045.745842283038,3221.5793068534176,-651.8818368317745,0.0002903783394424579
506384.0,1,13785802.633616278,7126680.378669257,-21570139.71953422,-2229.7039139078315,3142.8931671573932,-378.8003142468309,0.00029037326854813275
506984.0,1,12397023.30946625,8982721.355904019,-21714677.815653946,-2396.6969490939614,3040.1487862473073,-102.70544307485943,0.0002903681688945557
507584.0,1,10913475.03652253,10770093.065890882,-21693185.364565294,-2545.434918606102,2914.1097517659155,174.29664271707267,0.00029036303982333807
508184.0,1,9346461.356362637,12475095.904546833,-21505753.005115084,-2674.76497458375,2765.7172128528323,450.09163424185954,0.0002903581589588621
508784.0,1,7707935.142597862,14084645.74003074,-21153739.95486916,-2783.6798083660815,2596.0891708055897,722.5633025541154,0.00029035297002767165
509384.0,1,6010405.968256045,15586378.375650432,-20639765.851760227,-2871.3272489853075,2406.5038706239748,989.6243300218466,0.0002903477510497606
509984.0,1,4266847.121930524,16968743.331962068,-19967693.22676404,-2937.016451579628,2198.396371560908,1249.2226897122962,0.0002903425022787067
510584.0,1,2490596.5970089315,18221094.427366536,-19142600.144535534,-2980.2240263368685,1973.3466230638082,1499.3599995175507,0.00029033722419680695
511184.0,1,695255.3196503781,19333773.25053219,-18170743.466603976,-3000.5986831987066,1733.0677781244415,1738.1071571022067,0.00029033191751177224
511784.0,1,-1105417.0423507132,20298185.32930971,-17059512.874478728,-2997.9645612816666,1479.3933791284335,1963.6195438964053,0.0002903265831516637
512384.0,1,-2897607.895699352,21106868.343165345,-15817375.937877642,-2972.323197340025,1214.263504203595,2174.151668612846,0.00029032122225810056
512984.0,1,-4667558.342117626,21753551.779119268,-14453814.590167029,-2923.854098409922,939.7099737099479,2368.0711221714905,0.00029031583617778074
513584.0,1,-6401669.762398534,22233207.491349526,-12979253.449581819,-2852.9138955113654,657.8407276543996,2543.871718790659,0.00029031042645237125
514184.0,1,-8086609.5099022975,22542090.691854514,-11404980.499952214,-2760.0340678315124,370.82349523334824,2700.1857024171168,0.0002903049948068395
514784.0,1,-9709414.853793595,22677770.973533727,-9743060.717483548,-2645.9172400250227,80.86888718998625,2835.7949036586488,0.00029029954313631104
515384.0,1,-11257593.92147369,22639152.966912415,-8006243.628392164,-2511.433609602611,-209.78491846711154,2949.6409235656783,0.00029029388298299765
515984.0,1,-12719225.222375302,22426486.782762576,-6207863.375236608,-2357.608309864988,-498.89791445259675,3040.8331387168887,0.00029028839747046446
516584.0,1,-14083048.717515098,22041367.39734601,-4361737.837967742,-2185.622764691801,-784.2339377197328,3108.657224059946,0.00029028289849879695
517184.0,1,-15338556.072599657,21486723.521688636,-2482059.4529915247,-1996.7994848661453,-1063.5864653265496,3152.5803817667893,0.00029027738848712666
517784.0,1,-16476072.925360642,20766795.800902884,-583285.0714032176,-1792.5932739477116,-1334.7942116808356,3172.2560396384392,0.00029027186994071055
518384.0,1,-17486835.039410844,19887104.48393321,1319976.9171065115,-1574.5797956906076,-1595.7583930151222,3167.5268272762946,0.00029026634543142583
518984.0,1,-18363057.25966729,18854406.820648275,3213080.795872169,-1344.443117846778,-1844.4595079505643,3138.425990447146,0.0002902608175777142
431984.0,2,-18394745.370412294,14283703.21138698,12594534.154902853,-482.6779411599755,-2820.868367991463,2629.1866972948465,8.488842792792593e-05
432584.0,2,-18612940.49515786,12538267.325959297,14121462.606744159,-244.6218102864159,-2993.421242214942,2457.3291452823046,8.489257174293739e-05
433184.0,2,-18687961.807626978,10696374.567928933,15539753.08181627,-5.7353039876488765,-3142.240686287001,2267.3639993091297,8.489701033264405e-05
433784.0,2,-18619867.32457357,8772556.559041373,16839022.041173317,232.1419199526074,-3266.393412436351,2060.9075336890896,8.490174393195955e-05
434384.0,2,-18409807.467229716,6781842.540257139,18009886.523512233,467.2100824207787,-3365.1515366153835,1839.6742315487793,8.490677052044289e-05
434984.0,2,-18059997.128312442,4739636.426203356,19044017.874131974,697.7219074629959,-3437.991145152673,1605.4600506355466,8.49120858769355e-05
435584.0,2,-17573680.57402366,2661595.2884807317,19934185.53197903,921.993941912143,-3484.5891816243657,1360.1261033837302,8.491768364915324e-05
436184.0,2,-16955090.14179464,563510.6968930457,20674291.226853814,1138.4216092280335,-3504.8294360416508,1105.5895357042696,8.492330713082828e-05
436784.0,2,-16209398.520793168,-1538809.1629907489,21259393.648360454,1345.467527830815,-3498.7545643050576,843.782609461701,8.492944152815812e-05
437384.0,2,-15342667.701986156,-3629649.1732982323,21685725.141644944,1541.7002472966624,-3466.6228161317626,576.6763744951354,8.493582739931291e-05
437984.0,2,-14361792.380654555,-5693496.62240971,21950699.1680803,1725.7795240056362,-3408.8581027530086,306.24258459134256,8.494245081484859e-05
438584.0,2,-13274440.478765605,-7715144.119171828,22052910.571555465,1896.4671021649922,-3326.052569841813,34.44720129270969,8.494929623171978e-05
439184.0,2,-12088990.634618254,-9679787.823682947,21992128.510161255,2052.63117786541,-3218.9581156661084,-236.76126281415748,8.495634662079129e-05
439784.0,2,-10814467.295921782,-11573120.511833489,21769282.688936055,2193.2500338940813,-3088.4776466695985,-505.4625582763747,8.496358359951827e-05
440384.0,2,-9460473.875832874,-13381419.363242526,21386443.386057902,2317.414950023565,-2935.6561891080974,-769.7747153132783,8.497098756882635e-05
440984.0,2,-8037124.368393016,-15091628.424248055,20846795.73096556,2424.3324905827876,-2761.671949818344,-1027.8633223794664,8.497853785335076e-05
441584.0,2,-6554973.759824785,-16691435.744011952,20154608.651601486,2513.3262653340253,-2567.8273941706098,-1277.9501372357095,8.49862128443153e-05
442184.0,2,-5024947.516828667,-18169345.21320219,19315198.861686762,2583.838251508195,-2355.5403852879667,-1518.3211080950562,8.49939901444468e-05
442784.0,2,-3458270.383642574,-19514743.152000666,18334890.209886547,2635.4297547370425,-2126.335406119072,-1747.3338860172423,8.500184671442354e-05
443384.0,2,-1866394.8666376658,-20717959.513489023,17220968.725737505,2667.7772834437183,-1881.8338619937078,-1963.4245583895365,8.500951178638261e-05
443984.0,2,-260928.22115575708,-21770325.001151726,15981633.101963041,2680.69215360043,-1623.7492843871114,-2165.1159314133356,8.501745626815647e-05
444584.0,2,1346438.0579364058,-22664220.594386768,14625942.277979363,2674.0918854965903,-1353.8732613692423,-2351.0214642225565,8.502540852547138e-05
445184.0,2,2944001.972858236,-23393124.741380863,13163757.915449224,2648.019523031435,-1074.0702963693059,-2519.853350340608,8.50333444308036e-05
445784.0,2,4520123.043100586,-23951653.828103453,11605683.87191317,2602.638676097121,-786.268289590826,-2670.428132007305,8.504123995777166e-05
446384.0,2,6063294.603522188,-24335597.739871718,9963001.857084075,2538.233229057246,-492.44970051919233,-2801.672696949271,8.504907133022022e-05
446984.0,2,7562215.900899708,-24541950.060060807,8247603.480717848,2455.2068601630885,-194.64248860041084,-2912.630199471792,8.505681517094822e-05
447584.0,2,9005863.862483554,-24568932.739485815,6471918.729475621,2354.082338945034,105.08924720327502,-3002.46592191397,8.506444864983374e-05
448184.0,2,10383564.384745883,-24416015.02235105,4648840.90747328,2235.500554859214,404.6550099992493,-3070.473075910588,8.507194963106016e-05
448784.0,2,11685062.95735178,-24083926.368000608,2791648.0828966075,2100.2192175062614,701.9481053410681,-3116.078525067997,8.507929681908289e-05
449384.0,2,12900594.397064291,-23574663.0638992,913921.1017253683,1949.111156852319,994.856372415943,-3138.848391819003,8.508646990289523e-05
449984.0,2,14020951.41960141,-22891488.186291732,-970541.7403115234,1783.1621413928983,1281.2735090063813,-3138.493491651694,8.509344969805677e-05
450584.0,2,15037551.72360902,-22038924.47618472,-2847813.2304288303,1603.4755864676324,1559.1131337746788,-3114.873175521194,8.510043516809376e-05
451184.0,2,15942503.264687859,-21022739.794384494,-4703929.031529309,1411.239364077841,1826.3129936562386,-3068.0055324851237,8.510697580095364e-05
451784.0,2,16728666.966541342,-19849925.324211296,-6524981.25913345,1207.7661428751971,2080.8610614060544,-2998.063728483405,8.511327373559247e-05
452384.0,2,17389717.097325727,-18528664.39373628,-8297216.048737787,994.4586990857717,2320.8009816253116,-2905.3851444736133,8.511931564603092e-05
452984.0,2,17920197.925949782,-17068293.434812427,-10007132.11539026,772.8112596870986,2544.2489030674533,-2790.473069864642,8.512508998258074e-05
453584.0,2,18315576.49083235,-15479253.754882488,-11641581.09222879,544.4023915647799,2749.408721993819,-2653.9988235429314,8.513058708262684e-05
454184.0,2,18572290.72346823,-13773034.001965646,-13187868.787716217,310.88674222139093,2934.5878006474686,-2496.8027880179948,8.513579927208381e-05
454784.0,2,18687792.21946337,-11962103.089493845,-14633856.649479121,73.98556594728029,3098.213023746894,-2319.894175788768,8.514072095605648e-05
455384.0,2,18660582.918515436,-10059833.441575445,-15968062.616160259,-164.52400989670127,3238.847019121671,-2124.449346371951,8.514534869716023e-05
455984.0,2,18490244.937420957,-8080414.534477345,-17179760.434020676,-402.820998101824,3355.204331785255,-1911.808497955143,8.514968127991309e-05
456584.0,2,18177462.79936489,-6038756.846190454,-18259076.415965345,-639.0538333956733,3446.1673052434076,-1683.4705701286452,8.515371975960209e-05
457184.0,2,17724037.32109864,-3950386.481603033,-19197082.531387664,-871.354876866428,3510.801391250426,-1441.0862142348392,8.515746749405716e-05
457784.0,2,17132890.246103432,-1831329.934971015,-19985884.81925406,-1097.8541014998568,3548.3595361561365,-1186.4415825295696,8.516068474893963e-05
458384.0,2,16408060.21734107,302004.63803095184,-20618704.973180324,-1316.703896391898,3558.3356257092637,-921.4750790510419,8.51638712936705e-05
458984.0,2,15554686.646826066,2432962.6309582572,-21089955.6058264,-1526.0838094598296,3540.415726998486,-648.2229402672099,8.516679099015542e-05
459584.0,2,14578984.648686634,4544776.202647793,-21395306.234908868,-1724.2275568855664,3494.5282777829525,-368.8305047120158,8.516945632554831e-05
460184.0,2,13488208.214542557,6620706.4903221205,-21531739.458851315,-1909.4392177653538,3420.841500030554,-85.52806866523143,8.517188194564686e-05
460784.0,2,12290602.44080251,8644188.890548833,-21497596.045786735,-2080.111831411982,3319.768410077295,199.3886444410647,8.517408455921757e-05
461384.0,2,10995344.699188488,10598980.498779966,-21292607.81872378,-2234.7457632094515,3191.969003615292,483.5797591899514,8.517608281930655e-05
461984.0,2,9612474.986980101,12469307.95760489,-20917917.37167902,-2371.9664958519543,3038.34938187051,764.6840090170515,8.517789718199604e-05
462584.0,2,8152815.900105262,14240013.841333512,-20376083.820665196,-2490.541489714679,2860.0576450936737,1040.3426645236257,8.517954974350166e-05
463184.0,2,6627882.883886175,15896699.619711637,-19671073.995964166,-2589.39575427792,2658.4764502477906,1308.2242578822736,8.518106405694941e-05
463784.0,2,5049785.6262121955,17425863.20246313,-18808238.713985953,-2667.6257829799297,2435.2122093541393,1566.0496877057028,8.518246493061243e-05
464384.0,2,3431121.658882498,18815029.073592152,-17794274.02249354,-2724.511527058341,2192.0809905138076,1811.617256050643,8.518377820980664e-05
464984.0,2,1784863.211684486,20052869.243154217,-16637167.54165763,-2759.533509874313,1931.0921965038838,2042.8261478927068,8.518478264102095e-05
465584.0,2,124240.2475476414,21129312.024012536,-15346130.749792947,-2772.350476402962,1654.4249774515465,2257.703822057962,8.518600082212403e-05
466184.0,2,-1537383.2951623835,22035640.487381693,-13931516.567675315,-2762.848418629333,1364.4102160166392,2454.4224864491557,8.518721280491728e-05
466784.0,2,-3186631.483272367,22764573.61360128,-12404725.52418367,-2731.1125970956473,1063.502696945216,2631.3227515710555,8.518844617540642e-05
467384.0,2,-4810240.706219073,23310333.72616666,-10778099.715618117,-2677.433929320102,754.255076628395,2786.93064979847,8.518972832155433e-05
467984.0,2,-6395182.105391167,23668697.139287777,-9064806.929537032,-2602.3050949584513,439.28994827358747,2919.9728836619533,8.519108618053896e-05
468584.0,2,-7928780.890864336,23837027.799701057,-7278716.406995716,-2506.4139202675046,121.27118882691047,3029.3892060357107,8.519254599216867e-05
469184.0,2,-9398830.949597768,23814293.63332829,-5434268.021016573,-2390.6342058694795,-197.12487401481337,3114.3417489796625,8.519413306173729e-05
469784.0,2,-10793703.263198607,23601065.631032478,-3546336.7401154614,-2256.014222578604,-513.237944196374,3174.2211992348634,8.519587153536594e-05
470384.0,2,-12102446.8023017,23199500.022839937,-1630094.287088292,-2103.7631514853656,-824.4513839983332,3208.649800653517,8.519778419057225e-05
470984.0,2,-13314880.742409527,22613304.186139423,299130.1049617661,-1935.2357847487933,-1128.2185211976675,3217.481243628856,8.51998922444451e-05
471584.0,2,-14421677.045606436,21847687.201256134,2225987.9930541147,-1751.915831432317,-1422.0872275365077,3200.7975756275487,8.520221518139678e-05
472184.0,2,-15414432.523271192,20909296.294850938,4135246.9808855723,-1555.390068391111,-1703.7177050818564,3158.9042002451606,8.520452374653722e-05
472784.0,2,-16285730.653712077,19806140.208940666,6011923.19631804,-1347.3622524260295,-1970.9216433898814,3092.318031007469,8.520732761426587e-05
473384.0,2,-17029191.101095382,18547500.989902962,7841405.621733759,-1129.5861330203147,-2221.6511709488823,3001.7620138627803,8.521039301532537e-05
473984.0,2,-17639508.715637323,17143836.685279343,9609575.068394467,-903.8787811262013,-2454.0330430911963,2888.149195450886,8.521373121423014e-05
474584.0,2,-18112481.137276128,15606675.316007584,11302914.679849878,-672.0942085743118,-2666.3760506050085,2752.5694922422813,8.52173512138312e-05
475184.0,2,-18445025.486826245,13948502.439677127,12908611.569555422,-436.1055494962177,-2857.180582706147,2596.2744014478058,8.522125971771267e-05
475784.0,2,-18635184.56638772,12182643.778238509,14414648.954551246,-197.78805036722133,-3025.145583740175,2420.6608431077957,8.522546111416853e-05
476384.0,2,-18682123.121372767,10323144.450315656,15809888.364479238,40.99694737983373,-3169.173035789831,2227.254457371139,8.522995748067498e-05
476984.0,2,-18586114.814817347,8384646.253321245,17084141.69601563,278.41689211158405,-3288.3701406960436,2017.6926560946179,8.523474860756976e-05
477584.0,2,-18348520.635963604,6382264.323279339,18228233.056071624,512.6816769929571,-3382.0494060878773,1793.7076968348426,8.52398320394995e-05
478184.0,2,-17971759.51051011,4331464.367044076,19234050.489572886,742.0560086226253,-3449.7268610040683,1557.1100119691114,8.52452031330971e-05
478784.0,2,-17459271.90134041,2247941.5186688853,20094587.817178328,964.8704696836477,-3491.118638129982,1309.7719878802757,8.525085512930015e-05
479384.0,2,-16815477.43228921,147502.41863700747,20803976.936066262,1179.5356063951758,-3506.1464425933755,1053.6170298552004,8.525653144518586e-05
479984.0,2,-16045726.024013944,-1954052.5478277141,21357510.768375684,1384.5328526898888,-3494.890430062215,790.5865298993906,8.526271597718028e-05
480584.0,2,-15156245.950623207,-4041037.7673390927,21751658.179798353,1578.4487828109588,-3457.644124709377,522.6521195576026,8.526914936079378e-05
481184.0,2,-14154086.678394156,-6097990.777145675,21984069.8184448,1759.9630011513145,-3394.8654619930153,251.78546556219234,8.527581734211668e-05
481784.0,2,-13047058.724022342,-8109774.316434933,22053576.915209588,1927.8580241006746,-3307.1789861090424,-20.049976766683656,8.528270407830487e-05
482384.0,2,-11843670.651032187,-10061673.563032724,21960182.82634952,2081.0235716429306,-3195.367302666444,-290.9104500312852,8.528979226617303e-05
482984.0,2,-10553063.764974518,-11939488.175433138,21705047.97725966,2218.460050514479,-3060.3622945259654,-558.882545734068,8.529706327575675e-05
483584.0,2,-9184944.954200534,-13729619.043327833,21290468.69394323,2339.2813333742447,-2903.2362144340022,-822.0930679652024,8.530449728790051e-05
484184.0,2,-7749518.060402286,-15419149.708707754,20719850.37306865,2442.716934912659,-2725.192742556511,-1078.7181720239903,8.531207343505442e-05
484784.0,2,-6257414.103947573,-16995922.462988522,19997675.39900544,2528.1136795268194,-2527.5580721322135,-1326.9918502609491,8.531976994458441e-05
485384.0,2,-4719620.634819461,-18448609.15413219,19129466.16919621,2594.9369465883547,-2311.7720627298836,-1565.2138437962928,8.532756428401191e-05
485984.0,2,-3147410.4319094494,-19766776.752344605,18121743.539843354,2642.7715688695057,-2079.379478405709,-1791.7570617100891,8.533543330770114e-05
486584.0,2,-1552270.2601932231,-20940947.316611204,16981981.17523396,2671.3163970891446,-1832.021715498428,-2005.074600629466,8.534357134480327e-05
487184.0,2,54173.43976902217,-21962654.93374729,15718554.647952765,2680.4089130253014,-1571.4263799412352,-2203.7064914094835,8.535151890781689e-05
487784.0,2,1660223.4325618222,-22824493.170003474,14340688.930656385,2669.988990029131,-1299.4016470490492,-2386.285845700677,8.535946952013721e-05
488384.0,2,3254186.3235387793,-23520161.786536608,12858399.743689597,2640.1232645595846,-1017.8255071290012,-2551.5453501158217,8.536739906457949e-05
488984.0,2,4824444.373186923,-24044506.09591513,11282432.360385377,2590.998872530707,-728.6376217807407,-2698.323254811791,8.537528355430596e-05
489584.0,2,6359527.751763563,-24393551.479202613,9624196.533151291,2522.923124689652,-433.8304482507614,-2825.5693521759836,8.538309928184778e-05
490184.0,2,7848186.570598456,-24564532.510462165,7895697.81979114,2436.322987642388,-135.440126087669,-2932.3508845135993,8.539082296772547e-05
490784.0,2,9279462.559251782,-24555916.51251596,6109465.346032082,2331.7443347036706,164.4629536480311,-3017.8583935151687,8.539843190841241e-05
491384.0,2,10642760.23070518,-24367421.320184104,4278476.039575931,2209.850917128745,463.78397646154224,-3081.4115074015094,8.540590412333417e-05
491984.0,2,11927917.342077887,-24000026.980977185,2416075.380880934,2071.4229935181916,760.4140065974211,-3122.4646435717095,8.541321850052856e-05
492584.0,2,13125274.416661019,-23455981.08022715,535894.7368573553,1917.3555435637481,1052.240833789035,-3140.6125855594833,8.542035494050711e-05
493184.0,2,14225743.045186117,-22738797.339898963,-1348234.6238872511,1748.6559821498493,1337.1604252749096,-3135.5958734250967,8.542729449776138e-05
493784.0,2,15220872.580569958,-21853247.50999607,-3222369.55942551,1566.4493828962864,1613.0924786257497,-3107.3040543013135,8.543448433115505e-05
494384.0,2,16102915.268783625,-20805343.58649231,-5072551.933405131,1371.9426211552613,1877.9793486801323,-3055.787929757374,8.544097833149819e-05
494984.0,2,16864887.912892606,-19602316.75092137,-6884895.99496972,1166.468287232707,2129.820425209587,-2981.252578133019,8.54472269092763e-05
495584.0,2,17500632.033439696,-18252583.10136281,-8645690.808709739,951.4473536026968,2366.672276689455,-2884.068499226962,8.545321707892172e-05
496184.0,2,18004869.679662418,-16765703.159493012,-10341498.068962809,728.390923246955,2586.6669690756207,-2764.7725977429104,8.545893765340333e-05
496784.0,2,18373255.33465876,-15152331.810123373,-11959252.668799194,498.8928987192046,2788.0274150759806,-2624.0700983211104,8.546437935327948e-05
497384.0,2,18602422.681559846,-13424158.221462462,-13486364.959300512,264.6214039028166,2969.0832577676247,-2462.8352643558437,8.546882185325964e-05
497984.0,2,18690027.6088643,-11593839.43353828,-14910818.47746699,27.309404552608385,3128.286633071583,-2282.1111656332537,8.54736860818013e-05
498584.0,2,18634781.61378418,-9674917.859975344,-16221276.130746562,-211.25678603695906,3264.2289234568398,-2083.1072817380737,8.547825598045604e-05
499184.0,2,18436481.465611503,-7681735.385967861,-17407175.325466294,-449.24943077017156,3375.65654023779,-1867.196098018189,8.548253077585676e-05
499784.0,2,18096029.543788094,-5629334.822633795,-18458825.01628112,-684.8129791553274,3461.4868038269296,-1635.9075705301136,8.548651197281916e-05
500384.0,2,17615445.997860137,-3533352.7181458017,-19367497.908630863,-916.0788012085071,3520.82310333955,-1390.9216932590534,8.549020338257879e-05
500984.0,2,16997872.143988132,-1409903.4280358003,-20125517.13013315,-1141.1752327618499,3552.959537489223,-1134.0503700015338,8.549407823490475e-05
501584.0,2,16247561.95365941,724545.3163651433,-20726338.939128485,-1358.267924917634,3557.4322443629044,-867.2596152758823,8.549721181444822e-05
502184.0,2,15369867.693523476,2853302.6065588556,-21164622.485541448,-1565.5416811491993,3533.972986391983,-592.6060188970828,8.550008085135346e-05
502784.0,2,14371210.142315565,4959593.0581930205,-21436296.538854096,-1761.2429223144086,3482.5571643790718,-312.2533070197697,8.550269826062377e-05
503384.0,2,13259040.250426717,7026698.798270052,-21538612.846755873,-1943.692072797117,3403.4011809958865,-28.446387038108153,8.550507909869834e-05
503984.0,2,12041789.196442176,9038105.315411014,-21470188.855983056,-2111.3021325596774,3296.966910838227,256.50854586140935,8.550724046326123e-05
504584.0,2,10728807.420605095,10977649.132185712,-21231038.026816256,-2262.596951688744,3163.9632953815485,540.265599061899,8.550920137009665e-05
505184.0,2,9330292.911678145,12829665.522946216,-20822586.807514336,-2396.2288611096706,3005.3448402319873,820.462198891509,8.551098260753459e-05
505784.0,2,7857209.231694925,14579134.38512795,-20247677.510855813,-2510.99530218739,2822.3068540942063,1094.7432038667716,8.551260656946813e-05
506384.0,2,6321193.974870783,16211822.295468407,-19510556.543579247,-2605.854098457626,2616.277341512878,1360.7857340784708,8.551409706836868e-05
506984.0,2,4734458.565596952,17714418.750787843,-18616847.676425435,-2679.9370256571538,2388.905542376903,1616.324293882528,8.551547913016295e-05
507584.0,2,3109680.4986455133,19074664.61019981,-17573510.30166259,-2732.5613618731613,2142.047197450729,1859.1757349466975,8.551677877324932e-05
508184.0,2,1459889.091647543,20281471.103970155,-16388782.850119341,-2763.244541664286,1877.74793291744,2087.264979629637,8.551799377038437e-05
508784.0,2,-201652.40110512637,21325025.858492862,-15072112.23006287,-2771.6892497075805,1598.217897973996,2298.6425236916916,8.551920899824888e-05
509384.0,2,-1861570.5714690918,22196888.888168663,-13634068.993915765,-2757.819929206987,1305.8152084048,2491.514987499846,8.552042343016805e-05
509984.0,2,-3506504.46557373,22890070.850430828,-12086250.937722646,-2721.762273006945,1003.016403962895,2664.258738868413,8.552166462990296e-05
510584.0,2,-5123229.576160634,23399097.24680308,-10441174.993727962,-2663.847039059254,692.3904754091756,2815.4388175482545,8.552295991342194e-05
511184.0,2,-6698779.764758203,23720055.756904006,-8712159.552625215,-2584.605615413776,376.5707450260122,2943.8236309389117,8.55243360971338e-05
511784.0,2,-8220565.752717962,23850626.48264934,-6913198.768651824,-2484.7628923526354,58.22613422111817,3048.3967396670255,8.552581925293434e-05
512384.0,2,-9676488.604946375,23790094.87705568,-5058830.647148882,-2365.2276180063645,-259.9676436214455,3128.3655655587545,8.552743447330783e-05
512984.0,2,-11055046.751389487,23539347.454899285,-3164000.795472904,-2227.080472881616,-575.3564382251285,3183.166936232536,8.552920564947515e-05
513584.0,2,-12345435.246359311,23100850.694678098,-1243923.749635232,-2071.5601480969076,-885.3350672583766,3212.4694625714997,8.553115526526177e-05
514184.0,2,-13537636.148357516,22478613.83261504,686056.2288018548,-1900.0477500379168,-1187.3733168165681,3216.172824211319,8.553330420898676e-05
514784.0,2,-14622499.105911806,21678136.510830536,2610603.055673434,-1714.049879549516,-1479.0401403713934,3194.4041107304474,8.55356716052615e-05
515384.0,2,-15591811.375620577,20706342.40782786,4514523.568558959,-1515.1721476501145,-1758.0197608200665,3147.5137367328116,8.553802728358947e-05
515984.0,2,-16438357.226018043,19571500.630150635,6382898.3140799,-1305.1348966391402,-2022.155335940155,3076.0573719647264,8.55408815332552e-05
516584.0,2,-17155965.458127357,18283135.19221206,8201205.14398573,-1085.703390184407,-2269.429876479603,2980.7986966233516,8.554399966756775e-05
517184.0,2,-17739546.17227674,16851925.904600415,9955436.619466102,-858.7030293127325,-2498.0049479110985,2862.6873755521974,8.554739251138055e-05
517784.0,2,-18185116.17848871,15289600.948452625,11632208.759365927,-625.9926101917365,-2706.226284058198,2722.8469942142515,8.555106861904424e-05
518384.0,2,-18489813.591397114,13608823.31364022,13218860.833049329,-389.44664907117,-2892.632831207131,2562.5595668559235,8.555503424109938e-05
518984.0,2,-18651902.034305844,11823072.610433575,14703545.546690637,-150.93855504934504,-3055.963207222996,2383.2492412555443,8.555929331235297e-05
431984.0,3,-15585258.033697443,10668264.698393881,-18824001.58733412,-3100.2744831754344,-1476.62011325875,1759.5987527524537,0.0004917928604607628
432584.0,3,-17384132.003594704,9743128.488129219,-17698369.471335564,-2892.0660535050033,-1605.5092023108202,1990.2485297370297,0.0004917848108264698
433184.0,3,-19051344.287033305,8744206.032703804,-16438676.204351373,-2661.6242177225367,-1722.422808839975,2206.1566548764117,0.000491776661609599
433784.0,3,-20574043.79443937,7678959.755611975,-15054270.32496421,-2410.613240557487,-1826.4452715740445,2405.6544235894944,0.0004917684077252379
434384.0,3,-21940426.73120909,6555375.236095772,-13555469.386764,-2140.860396932192,-1916.7506879277462,2587.1842315839303,0.0004917600448607913
434984.0,3,-23139831.307916753,5381905.258320136,-11953489.588265128,-1854.3448599998214,-1992.6100836748983,2749.312334422848,0.0004917515695130361
435584.0,3,-24162825.402601246,4167409.6737473276,-10260367.860866297,-1553.1851980743509,-2053.3980911868657,2890.7410789314627,0.0004917429790197558
436184.0,3,-25001286.54977842,2921091.1544237044,-8488876.348992797,-1239.622233223378,-2098.5997576323325,3010.316271425824,0.000491733694172399
436784.0,3,-25648472.19292914,1652428.534847165,-6652432.062078,-916.0166323345061,-2127.8131809265637,3107.054877800391,0.0004917248692094152
437384.0,3,-26099082.16273709,371105.14620257076,-4764996.7490975745,-584.8135042463379,-2140.7584445863868,3180.129392364435,0.0004917159263772428
437984.0,3,-26349309.424722746,-913063.8430025962,-2840974.2099256464,-248.53700459282533,-2137.2786913027667,3228.8937457730494,0.0004917068665704436
438584.0,3,-26396880.3111477,-2190206.833358721,-895101.310717972,90.23156669493858,-2117.343800078018,3252.8865879083796,0.0004916976915892007
439184.0,3,-26241083.009348314,-3450472.6070488933,1057664.9697325064,428.87363670046045,-2081.052377635439,3251.837532641182,0.0004916884041315353
439784.0,3,-25882783.803401176,-4684108.030147183,3002263.827047636,764.7540840770321,-2028.6326939226567,3225.6719240376347,0.0004916790077781888
440384.0,3,-25324430.602796145,-5881535.982804609,4923649.313783335,1095.242644468557,-1960.4425002118862,3174.514002126562,0.0004916695069701058
440984.0,3,-24570043.406835772,-7033432.821718362,6806910.409309144,1417.7358010241915,-1876.9676798037597,3098.6883601826494,0.0004916599069785352
441584.0,3,-23625191.482139055,-8130804.653847303,8637391.409222422,1729.678942883068,-1778.819695036305,2998.7196030079594,0.0004916502138678382
442184.0,3,-22496957.17108525,-9165061.68440888,10400811.519407362,2028.5885560114766,-1666.731809986589,2875.330136731295,0.0004916404344511825
442784.0,3,-21193886.39899999,-10128089.896803316,12083382.507402027,2312.074195919729,-1541.5540856420773,2729.436044878041,0.0004916305762393862
443384.0,3,-19725926.386425935,-11012319.415584626,13671922.928857405,2577.8606113767373,-1404.250169258375,2562.140436744814,0.0004916201751073153
443984.0,3,-18104349.100114267,-11810788.373463286,15153969.830062717,2823.8059601039377,-1255.8779289660476,2374.7278424228466,0.0004916101160309818
444584.0,3,-16341666.050754033,-12517202.542047098,16517881.192280183,3047.9253555736414,-1097.5988300972213,2168.650813259805,0.0004916000042741973
445184.0,3,-14451527.831757251,-13125989.159175703,17752936.102323506,3248.406782452402,-930.6564861461177,1945.5206152399442,0.0004915898495046071
445784.0,3,-12448615.099483393,-13632344.73901047,18849425.052789208,3423.628678095271,-756.3691030077155,1707.0932725733692,0.0004915796617442204
446384.0,3,-10348519.540599834,-14032276.316237273,19798732.200577933,3572.1751184430955,-576.1181216744326,1455.2546309952604,0.0004915694512874382
446984.0,3,-8167616.022340113,-14322635.341095608,20593408.48927209,3692.8490592615312,-391.3360976829965,1192.003988967099,0.0004915599971363566
447584.0,3,-5922929.263369168,-14501145.664940562,21227233.17182768,3784.6833323545397,-203.4942606712891,919.4366253591603,0.0004915498410461508
448184.0,3,-3631991.135479525,-14566420.864935594,21695267.340106316,3846.949555497885,-14.089143793662345,639.7250920093113,0.0004915396939215935
448784.0,3,-1312696.9226716957,-14517976.562805515,21993893.209128182,3879.164420108902,175.37053222815956,355.0999326718218,0.0004915295662851687
449384.0,3,1016843.1629991138,-14356233.328342546,22120843.095780008,3881.0936080289152,363.3773316143334,67.82975445823078,0.0004915194684981369
449984.0,3,3338453.6731087714,-14082511.856692875,22075216.10626961,3852.753168518458,548.4384557086931,-219.79898252892292,0.0004915094106751674
450584.0,3,5634043.8992809625,-13699020.607983354,21857482.583615515,3794.4101872715632,729.090143910157,-505.5024228873969,0.00049149846515757
451184.0,3,7885755.317706656,-13208833.833781408,21469477.213933475,3706.5719901862694,903.9052635053342,-787.0185143749928,0.0004914884478316516
451784.0,3,10076108.166069899,-12615865.991859855,20914378.842995282,3589.990931897311,1071.5132831819003,-1062.1280705920296,0.0004914784985217641
452384.0,3,12188142.12593982,-11924835.153800918,20196680.19872002,3445.6489651660822,1230.6066027807278,-1328.6727369864914,0.0004914686255650506
452984.0,3,14205552.080731029,-11141221.71614028,19322145.74711322,3274.7490587497864,1379.9526152488193,-1584.5733816861368,0.0004914588366776302
453584.0,3,16112817.035333646,-10271220.539222248,18297759.174494047,3078.7028784903746,1518.4035680382315,-1827.847165859199,0.0004914491388950105
454184.0,3,17895321.1760024,-9321687.461373236,17131660.99814428,2859.1167210947697,1644.9054478597486,-2056.6234003640466,0.0004914395385188743
454784.0,3,19539466.08627604,-8300080.785593538,15833077.061291393,2617.7759144952615,1758.5058210348066,-2269.158050599617,0.0004914300410706195
455384.0,3,21032773.2619205,-7214398.371712746,14412238.74350559,2356.6279101267223,1858.3605803818489,-2463.846778240895,0.0004914206512519406
455984.0,3,22363976.200798165,-6073110.9921942055,12880295.777580325,2077.764298615183,1943.7395680135246,-2639.236435780051,0.0004914113729126593
456584.0,3,23523101.479344875,-4885092.624690149,11249222.608603295,1783.4019814569406,2014.0310611349523,-2794.034956733481,0.0004914022090259184
457184.0,3,24501538.36330302,-3659548.3594429465,9531719.260395834,1475.8637276418376,2068.745124506942,-2927.119610325613,0.0004913931616707798
457784.0,3,25292096.541552726,-2405940.6574284574,7741107.804888622,1157.559733253133,2107.5121862915134,-3037.546528065402,0.0004913847081312707
458384.0,3,25889052.33983715,-1133914.1853095074,5891224.627553931,830.9620312523444,2130.098870293889,-3124.544010370688,0.0004913758963991297
458984.0,3,26288182.00175423,146778.88320890954,3996311.660969638,498.59280535531445,2136.3860415575014,-3187.5334798104677,0.0004913672020107744
459584.0,3,26486783.860617217,1426354.364621999,2070904.304272443,162.9990399706083,2126.3826938963593,-3226.1195957166274,0.000491358623440581
460184.0,3,26483688.221903566,2695070.2186225005,129719.55424462009,-173.26557655978303,2100.220452269418,-3240.09358013548,0.000491350158289168
460784.0,3,26279255.735247727,3943299.4933200767,-1812455.8832415966,-507.6596349291462,2058.1509160392793,-3229.43220198545,0.0004913418033073853
461384.0,3,25875364.49404131,5161601.436347953,-3740876.484995873,-837.6723770446217,2000.5422097103717,-3194.295450119487,0.0004913335544262183
461984.0,3,25275386.260729775,6340790.308672266,-5640947.032546418,-1160.841355739126,1927.8748109399537,-3135.022985802575,0.0004913254067922304
462584.0,3,24484152.275249187,7472001.480466129,-7498329.247159905,-1474.7692989018515,1840.7367253657958,-3052.1294677169467,0.0004913173548081541
463184.0,3,23507909.152237564,8546754.430865545,-9299045.277881632,-1777.1401122460068,1739.8180761226645,-2946.298842832612,0.0004913093921782232
463784.0,3,22354265.41031058,9557012.314918488,-11029577.440162964,-2065.733970684083,1625.9051730603594,-2818.3776946310513,0.0004913015119578336
464384.0,3,21032129.204683356,10495237.800811328,-12676963.659074802,-2338.4414621756987,1499.8741228755887,-2669.3677365793783,0.0004912937066071193
464984.0,3,19551637.709199224,11354445.047223328,-14228888.386434095,-2593.2775917218396,1362.6801583098777,-2500.419594200401,0.0004912862088179692
465584.0,3,17924079.759266704,12128246.820018373,-15673766.889547868,-2828.390596560052,1215.3659600853753,-2312.815660540827,0.0004912785284512478
466184.0,3,16161809.49492849,12810898.490301246,-17000826.901107777,-3042.078259142486,1059.0310758598785,-2107.972664289451,0.0004912708973441081
466784.0,3,14278155.870694455,13397336.161902014,-18200181.15890949,-3232.7946485305497,894.8395947158465,-1887.4234487776512,0.0004912633061756028
467384.0,3,12287325.165480103,13883210.744432926,-19262895.287623633,-3399.16019500482,724.0083760600041,-1652.8083121389666,0.0004912557453417778
467984.0,3,10204298.577068795,14264917.06354494,-20181048.78747414,-3539.9699012483984,547.7989211737437,-1405.8638865611858,0.0004912482050241947
468584.0,3,8044725.241638061,14539618.04078822,-20947789.21158766,-3654.2005644212672,367.509078976231,-1148.4116049379018,0.0004912406752595829
469184.0,3,5824811.272855675,14705263.859007241,-21557379.307912823,-3741.0170091342297,184.46461073872172,-882.3457928073295,0.000491233146010246
469784.0,3,3561205.412485868,14760606.042901255,-22005236.923005044,-3799.7773279042144,0.010636018272350611,-609.6214191336097,0.0004912256072348543
470384.0,3,1270881.8844214668,14705206.396412741,-22287967.483401258,-3830.037121210564,-184.49701949342165,-332.2415363609907,0.0004912180489592577
470984.0,3,-1028978.95270531,14539440.749577088,-22403388.88658463,-3831.552724076941,-367.70055412342566,-52.24443839702396,0.0004912104613469486
471584.0,3,-3321111.5521553745,14264497.478033949,-22350548.648584604,-3804.283400495767,-548.2489779079722,228.30943513573058,0.0004912028347688071
472184.0,3,-5588286.662083732,13882370.849193258,-22129733.112231795,-3748.3928214089246,-724.806673190544,507.3491522327937,0.0004911953990724155
472784.0,3,-7813435.462972793,13395848.660411043,-21742468.8862282,-3664.247760454783,-896.06328281116,782.81346873611,0.0004911876668415403
473384.0,3,-9979768.797735965,12808495.56427575,-21191515.822924055,-3552.4190455813036,-1060.7409549771617,1052.654496320343,0.0004911798686874951
473984.0,3,-12070900.011458656,12124630.119391363,-20480852.032113377,-3413.677993246931,-1217.6041518011266,1314.8581399955613,0.0004911719964806683
474584.0,3,-14070963.903060416,11349297.163018055,-19615650.591723014,-3248.9933121655044,-1365.4680812046477,1567.4562802722562,0.0004911640426235143
475184.0,3,-15964733.728327064,10488234.908458967,-18602247.97393548,-3059.5264321885984,-1503.2072570108721,1808.5406223479501,0.0004911560001079609
475784.0,3,-17737735.072394103,9547836.962664379,-17448104.19443384,-2846.6255497857373,-1629.7638842158926,2036.2764836636072,0.0004911478625693606
476384.0,3,-19376355.813310824,8535109.37682144,-16161754.732373355,-2611.818352303462,-1744.156014924694,2248.916442444795,0.0004911396243365708
476984.0,3,-20867951.373412542,7457622.877309256,-14752754.317687808,-2356.8033887696165,-1845.485414108023,2444.8137592569474,0.0004911312804777489
477584.0,3,-22200944.434390277,6323460.463288164,-13231612.738548677,-2083.44006317326,-1932.9450682063957,2622.4354729104575,0.000491122826841448
478184.0,3,-23364918.276992448,5141160.600147685,-11609722.885180775,-1793.7372369962854,-2005.8262639398076,2780.3750616363463,0.0004911142600926069
478784.0,3,-24350702.899089463,3919656.284646785,-9899281.316464256,-1489.840441324179,-2063.5251597543884,2917.3645507390465,0.0004911055777430401
479384.0,3,-25150453.182954177,2668210.1402128167,-8113201.4398256885,-1174.0142940874116,-2105.5509422922396,3032.2797910925733,0.0004910970191946135
479984.0,3,-25757717.64104533,1396346.9601764632,-6265021.42181366,-848.6404590234268,-2131.522424742353,3124.175744897161,0.0004910881020634623
480584.0,3,-26167498.398085114,113781.4625583645,-4368803.1405665,-516.1810155556631,-2141.185695577661,3192.258980746703,0.0004910790671528839
481184.0,3,-26376299.893927615,-1169654.6592599666,-2439028.3992674085,-179.17347338921522,-2134.409076648991,3235.921129929391,0.0004910699155416357
481784.0,3,-26382166.767433275,-2444088.559811477,-490488.97811159,159.79150998648427,-2111.188101323256,3254.739950853906,0.0004910606492132461
482384.0,3,-26184709.87880667,-3699683.2782815592,1461827.0788288803,498.0901899919986,-2071.6472993615334,3248.485277769943,0.0004910512710467517
482984.0,3,-25785119.981181856,-4926715.535556387,3402852.3222811515,833.0866153846016,-2016.0409125118874,3217.1234645610257,0.0004910417848000787
483584.0,3,-25186168.597467292,-6115653.622313785,5317558.948923005,1162.154151018642,-1944.7524814959793,3160.820204333832,0.0004910321950860213
484184.0,3,-24392195.776403744,-7257234.676751852,7191079.023740472,1482.697442519804,-1858.2932570398434,3079.941620157644,0.000491022507340849
484784.0,3,-23409084.533016242,-8342540.626933606,9008824.79503136,1792.1746016493196,-1757.2994017242709,2975.0535405927576,0.0004910127277856484
485384.0,3,-22244221.921239287,-9363072.058839103,10756607.979280224,2088.1193733565037,-1642.5279654899728,2846.918895381975,0.0004910028633805963
485984.0,3,-20906446.838080008,-10310819.2680507,12420756.863900326,2368.163031534446,-1514.851635321636,2696.4931915201664,0.0004909929217724462
486584.0,3,-19405984.894676916,-11178329.713803183,13988230.00474293,2630.0569469769807,-1375.2556278966397,2524.9177559301393,0.0004909831511318902
487184.0,3,-17754370.353006728,-11958771.378019676,15446725.681118347,2871.6882579290536,-1224.8167640345623,2333.5125994618365,0.0004909730803558676
487784.0,3,-15964356.6077361,-12645990.991791794,16784785.26787599,3091.1068136977074,-1064.714557092404,2123.7642789245224,0.0004909629588205933
488384.0,3,-14049814.956729006,-13234566.729940953,17991890.189856414,3286.5382956525045,-896.2083197174466,1897.3151699570876,0.0004909527962741027
488984.0,3,-12025623.13361589,-13719854.77173581,19058551.022450402,3456.402098301667,-720.6297351283257,1655.9494341931932,0.000490942602802475
489584.0,3,-9907544.449101243,-14098029.165583562,19976387.871679746,3599.326128069274,-539.3713480322075,1401.5777793625,0.0004909323887472253
490184.0,3,-7712098.711012401,-14366114.571369777,20738201.171821177,3714.1595993213327,-353.87436972414935,1136.2208487239325,0.0004909221646201363
490784.0,3,-5456426.181166789,-14522011.521937586,21338032.149973847,3799.9836527648795,-165.61594091791562,861.9914315001074,0.0004909119410163788
491384.0,3,-3158145.917201676,-14564513.934122548,21771212.32867038,3856.1196543624305,23.903994016122624,581.0757067806134,0.0004909017285267894
491984.0,3,-835209.9169107,-14493318.693047784,22034401.569337558,3882.135069245292,213.1760407891143,295.71374981686967,0.000490891537650193
492584.0,3,1494245.4699432382,-14309027.229143213,22125614.298435584,3877.846843782745,400.69477274574325,8.179541260355819,0.0004908813787066522
493184.0,3,3812049.3726572855,-14013139.103656733,22044233.70160896,3843.322268896532,584.9720480134458,-279.2392736177775,0.0004908712617525166
493784.0,3,6100146.0644739065,-13608037.70972027,21791013.851600684,3778.87844983264,764.550798075996,-564.2619996594673,0.0004908614368501677
494384.0,3,8340742.313193714,-13096968.37055872,21368069.691102058,3685.073785832595,938.0147081015882,-844.6333137592194,0.0004908514324759075
494984.0,3,10516453.170131786,-12484008.790495947,20778855.321263146,3562.7081210572433,1104.004791178401,-1118.1452921029518,0.0004908414978716001
495584.0,3,12610441.254813652,-11774032.82619489,20028130.801256903,3412.809646137679,1261.2277457221694,-1382.6544741486675,0.0004908316412545122
496184.0,3,14606551.413963234,-10972667.488394404,19121917.932177056,3236.6252115734724,1408.4673026202472,-1636.1002426527996,0.0004908218702081649
496784.0,3,16489438.126576258,-10086243.91545869,18067445.64061997,3035.6076356279455,1544.5938973926804,-1876.52165836993,0.0004908121916239983
497384.0,3,18244684.838632874,-9121742.838263907,16873085.63842254,2811.401306690487,1668.5733509751965,-2102.0730507666744,0.0004908026116494964
497984.0,3,19858914.26813161,-8086735.141386032,15548279.130970739,2565.826296670763,1779.4744950061754,-2311.0382319173914,0.0004907931356431308
498584.0,3,21319888.849675532,-6989318.159267618,14103455.41868273,2300.8612124096776,1876.4756961704916,-2501.843227662449,0.0004907837681363985
499184.0,3,22616600.62153528,-5838048.369275827,12549943.293227552,2018.6250172560672,1958.8702524819184,-2673.0674473409085,0.0004907745128031382
499784.0,3,23739349.994163483,-4641871.156538336,10899876.171657123,1721.3580551095106,2026.0706519099476,-2823.4532402104032,0.0004907653724362274
500384.0,3,24679812.974880133,-3410048.328598736,9166091.938157236,1411.4025047551606,2077.61170007392,-2951.913812360023,0.0004907563489316817
500984.0,3,25431096.388822533,-2152084.257068431,7362028.863803312,1091.1840045122458,2113.1488959850876,-3057.5427400862677,0.0004907476829243
501584.0,3,25987781.91569462,-877650.1062519043,5501616.307730736,763.1855884395605,2132.4739722412523,-3139.6056430287317,0.0004907388951281264
502184.0,3,26345956.536148947,403490.3714360874,3599166.611964558,429.9366261584916,2135.4928620631063,-3197.5627825238457,0.0004907302244556871
502784.0,3,26503232.40090593,1681556.3813240784,1669262.3054765046,93.98717948117013,2122.2393059773744,-3231.0575312207197,0.0004907216692018767
503384.0,3,26458754.30206139,2946824.0042782794,-273355.7345449969,-242.1099331181189,2092.869200377667,-3239.9197404894544,0.0004907132267920752
503984.0,3,26213195.700027943,4189698.8072009375,-2213900.0372887873,-575.818006221217,2047.6577757101902,-3224.164443557372,0.0004907048938073729
504584.0,3,25768743.55316996,5400786.523189742,-4137647.130712122,-904.6346833427986,1986.995996050845,-3183.989265467533,0.0004906966660156372
505184.0,3,25129072.361532964,6570961.346662689,-6030046.209910823,-1226.1094610915593,1911.3862500125695,-3119.7706312589057,0.0004906885384080402
505784.0,3,24299307.893129896,7691431.431374754,-7876825.175829034,-1537.8603821272607,1821.4374023719465,-3032.0588658686906,0.0004906805052406532
506384.0,3,23285981.1072402,8753801.221601445,-9664093.396193525,-1837.5898545037176,1717.8592738723942,-2921.5722790315504,0.0004906725600806996
506984.0,3,22096972.824782405,9750130.287992172,-11378440.598013766,-2123.0995504203715,1601.4566135856676,-2789.1903262079554,0.000490664695857054
507584.0,3,20741449.721950434,10672988.378968466,-13007031.357103005,-2392.3043509313234,1473.1226242421258,-2635.9459326537767,0.0004906569049145699
508184.0,3,19229791.370152734,11515506.64522557,-14537695.44782672,-2643.2459180264773,1333.8307728708087,-2463.0166910897083,0.0004906525675583114
508784.0,3,17573514.24121766,12271423.517577715,-15959009.02825713,-2874.1022484548325,1184.632866430221,-2271.7172353741685,0.0004906449664042146
509384.0,3,15785179.756209726,12935128.424678816,-17260378.100644775,-3083.2023195547263,1026.6436408835862,-2063.487298097291,0.000490637412648976
509984.0,3,13878305.344382117,13501698.493966678,-18432107.686082345,-3269.033624964312,861.03826748141,-1839.882915098234,0.0004906298969066946
510584.0,3,11867265.153933315,13966931.80638882,-19465468.897726823,-3430.2517861094743,689.0430679222768,-1602.5652958276262,0.0004906224095222435
511184.0,3,9767186.658211367,14327375.525244495,-20352758.531275634,-3565.6885581055667,511.92735258369066,-1353.2896143069518,0.0004906149406400665
511784.0,3,7593843.9990956485,14580349.224348051,-21087351.478954107,-3674.3587851281322,330.99519697539915,-1093.8935096469543,0.000490603923248297
512384.0,3,5363541.560155423,14723962.51212427,-21663747.721933667,-3755.466690527339,147.57658935136357,-826.2846611657069,0.0004905963931407214
512984.0,3,3093006.022267648,14757128.790541193,-22077608.595734775,-3808.410499991059,-36.98055457639879,-552.4291280386356,0.0004905888514676215
513584.0,3,799264.0781305318,14679572.747363698,-22325789.179233875,-3832.7867615962246,-221.31944868189177,-274.33830450773536,0.0004905812882751605
514184.0,3,-1500476.1436044127,14491833.148903241,-22406361.208247792,-3828.3932881422047,-404.0830812658291,5.943870942744951,0.0004905736937614343
514784.0,3,-3788946.2769257287,14195260.311503895,-22318628.599374443,-3795.2311378933,-583.9230101463891,286.3540582219723,0.0004905660583460385
515384.0,3,-6048940.40551886,13792007.892963553,-22063134.917346865,-3733.5058209150848,-759.5049204539185,564.8237680507953,0.0004905617599413326
515984.0,3,-8263434.890437645,13285021.446192952,-21641663.451368954,-3643.6259633593795,-929.5305104367815,839.2893801840077,0.0004905540834396487
516584.0,3,-10415713.918844374,12678017.793985836,-21057228.09763219,-3526.2037603566314,-1092.726739664038,1107.7110937158052,0.0004905463393048334
517184.0,3,-12489487.734583301,11975462.94460751,-20314056.89646328,-3382.0513304285623,-1247.8676242813356,1368.0832233002357,0.0004905385195089291
517784.0,3,-14469012.254943797,11182542.963297274,-19417566.983466607,-3212.1773340485656,-1393.7796413501308,1618.4489259366835,0.0004905306165681056
518384.0,3,-16339205.49722088,10305130.050631946,-18374331.3001703,-3017.7820445136263,-1529.350258694684,1856.9140429761324,0.0004905226235994098
518984.0,3,-18085760.718015786,9349743.560419194,-17192037.034263972,-2800.2511270507766,-1653.5362798347132,2081.660865679513,0.0004905145343739764
431984.0,4,-6418829.697864881,17682930.15637766,-18647910.099548545,-2338.3223331001554,-2606.8161656383713,-1680.9951501425046,5.44956490074873e-05
432584.0,4,-7795206.135665683,16052628.138130367,-19583279.94575654,-2246.8516408466703,-2823.9363788187666,-1434.9307032170193,5.4496012147709665e-05
433184.0,4,-9111487.428473772,14298568.880438078,-20367645.90957959,-2138.1307202610365,-3019.1322849152602,-1177.9850571996403,5.4496423972089866e-05
433784.0,4,-10357579.990513626,12434360.05559677,-20995080.89060859,-2013.0287794655105,-3190.923163422057,-912.1677265153146,5.449688810336746e-05
434384.0,4,-11523949.970727617,10474440.931542598,-21460883.044485573,-1872.540862106091,-3338.0166043488853,-639.5515753714602,5.4497407753231574e-05
434984.0,4,-12601696.012192288,8433966.631639529,-21761608.539744664,-1717.7790618508898,-3459.3176749791423,-362.25578134992924,5.44979856984666e-05
435584.0,4,-13582616.480090259,6328687.474166113,-21895094.068615522,-1549.9628695939368,-3553.9363162292007,-82.42862935410561,5.4498624260732285e-05
436184.0,4,-14459270.79717613,4174824.314727324,-21860469.127598647,-1370.4075891242544,-3621.1902559318773,197.7722185217361,5.449939574650317e-05
436784.0,4,-15225033.785780981,1988941.9584066798,-21658157.876982342,-1180.5179121664912,-3660.6195823190733,476.1868341241988,5.450016083679073e-05
437384.0,4,-15874144.367133811,-212181.2761166934,-21289870.963143546,-981.7694854794454,-3671.972587756648,750.6845926465226,5.450099062103463e-05
437984.0,4,-16401746.087053904,-2411682.1744420184,-20758587.618487403,-775.7013976351055,-3655.21685788366,1019.1707656583922,5.450188547273232e-05
438584.0,4,-16803920.959378723,-4592742.339185852,-20068527.963350363,-563.902767188165,-3610.535136439923,1279.6047415592845,5.4502845266753266e-05
439184.0,4,-17077715.780417323,-6738716.273518921,-19225116.105820667,-348.0002370745116,-3538.3222664150585,1530.0151710538921,5.450386938222604e-05
439784.0,4,-17221160.94348093,-8833257.19820087,-18234934.402077056,-129.6453768193967,-3439.180568618185,1768.5143536318938,5.450495670917295e-05
440384.0,4,-17233281.722707357,-10860439.697621487,-17105669.347145222,89.49790848136058,-3313.9137408225715,1993.3117785131817,5.450610565878449e-05
440984.0,4,-17114102.050998613,-12804878.339052293,-15846049.61345985,307.76586947099827,-3163.519367977878,2202.7267458034526,5.4507314177201506e-05
441584.0,4,-16864640.869254414,-14651841.461550646,-14465776.795731056,523.5072176981132,-2989.180139416523,2395.2000054519713,5.450857976265147e-05
442184.0,4,-16486901.173073083,-16387359.38589701,-12975449.455644958,735.0951649721353,-2792.2538726618623,2569.3043628155046,5.4509899485766045e-05
442784.0,4,-15983851.928650588,-17998326.35384086,-11386481.089226188,940.9391240793689,-2574.262445559213,2723.754210054866,5.4511270012890316e-05
443384.0,4,-15359403.243306383,-19472595.057032987,-9711013.160153396,1139.494326578174,-2336.8830783462013,2857.416474160513,5.451228968117187e-05
443984.0,4,-14618373.938477263,-20799066.20378218,-7961820.803077098,1329.2792904563817,-2081.9221678328836,2969.3077681133223,5.451375005593696e-05
444584.0,4,-13766454.732345566,-21967765.1686092,-6152219.656998247,1508.8763038557222,-1811.3211751362478,3058.6158727629077,5.45152490944169e-05
445184.0,4,-12810163.299053254,-22969914.935448177,-4295964.078262293,1676.9476355687766,-1527.129276499495,3124.6944337274776,5.4516782133345073e-05
445784.0,4,-11756794.680581942,-23797997.938742764,-2407145.242570826,1832.2430841155406,-1231.4915521511916,3167.06941201325,5.451834425896613e-05
446384.0,4,-10614366.155432874,-24445809.14153036,-500086.74328032945,1973.6084721357834,-926.6334805092417,3185.441779089762,5.451993034364796e-05
446984.0,4,-9391557.178471753,-24908499.644798353,1410761.1074326977,2099.9934606282072,-614.8450260228432,3179.689064286018,5.452153508387012e-05
447584.0,4,-8097644.81414764,-25182610.602585908,3310927.577181954,2210.458652408177,-298.4644091456638,3149.8657632146615,5.452315303933588e-05
448184.0,4,-6742435.104709109,-25266097.272828225,5186027.719605276,2304.1819570667194,20.13835534616169,3096.2026185722584,5.4524778672952975e-05
448784.0,4,-5336190.832411827,-25158343.08853164,7021867.803506806,2380.4641921474304,338.57806736242924,3019.1047868840137,5.4526406391426e-05
449384.0,4,-3889556.1502139987,-24860163.687576395,8804549.289647836,2438.7338972840357,654.4710149033309,2919.1489067057623,5.4528030586203245e-05
449984.0,4,-2413478.569250838,-24373800.892355863,10520570.691234732,2478.551339742892,965.4516297797393,2797.0790856126655,5.452964567451946e-05
450584.0,4,-919128.6273474712,-23702906.70904063,12156926.939309046,2499.6112606140796,1269.190468852807,2653.7991047143787,5.4531316715927434e-05
451184.0,4,582181.2563919555,-22852517.35504053,13701204.093969919,2501.7469374883494,1563.4049720958292,2490.377121771166,5.453289728638469e-05
451784.0,4,2079080.4874323513,-21829017.47967156,15141672.220913406,2484.929029902758,1845.8838545799924,2308.0224044945926,5.4534452551210356e-05
452384.0,4,3560223.347345706,-20640095.04702402,16467371.831722653,2449.267927299442,2114.4974524106815,2108.0879017140755,5.4535977433148835e-05
452984.0,4,5014372.604146602,-19294686.683173362,17668195.820683893,2395.012990800289,2367.2143752479183,1892.0584946205101,5.4537467078454896e-05
453584.0,4,6430482.54350914,-17802914.06817305,18734965.53010299,2322.5513339566755,2602.1163084956265,1661.5409811257193,5.453891689311831e-05
454184.0,4,7797780.958291693,-16176011.66316666,19659500.5097179,2232.405686134567,2817.412201392263,1418.2531696152018,5.454032257739795e-05
454784.0,4,9105849.547864007,-14426246.178132841,20434681.459377483,2125.231331651537,3011.4517482822666,1164.0121252495517,5.4541680158420706e-05
455384.0,4,10344702.177771473,-12566828.239064075,21054505.87298652,2001.8121213896998,3182.7380682849594,900.7216180036446,5.454298602060609e-05
455984.0,4,11504860.451298594,-10611816.767348778,21514135.933611725,1863.0555579251304,3329.9394868901763,630.3588284116082,5.4544236933684306e-05
456584.0,4,12577426.04782942,-8576016.638710158,21809938.245000463,1709.9869602991753,3451.900321909191,354.9603744703146,5.454543007808458e-05
457184.0,4,13554149.288934406,-6474870.244066997,21939515.02400332,1543.7427204472044,3547.6505759156257,76.6077312699011,5.454656306748055e-05
457784.0,4,14427493.160495538,-4324343.900001813,21901726.296758242,1365.564811149388,3616.4133266286244,-202.5861728245163,5.454770149437731e-05
458384.0,4,15190693.757221565,-2140807.869180258,21696703.418545235,1176.7837096893786,3657.6163885391406,-480.4993812685685,5.454870887218902e-05
458984.0,4,15837812.854132995,59083.36934122909,21325852.568972956,978.8219709146542,3670.8914704025397,-755.0063768283458,5.454965172627461e-05
459584.0,4,16363787.328207286,2258518.801365125,20791849.041640118,773.1755028143143,3656.0830220828466,-1024.0011982178428,5.4550529564905454e-05
460184.0,4,16764470.951824086,4440657.971278659,20098621.80506365,561.4048777601807,3613.2499432400637,-1285.4119134144748,5.455134239315392e-05
460784.0,4,17036669.797343254,6588759.9187196195,19251328.35265939,345.1238186762182,3542.6667988090667,-1537.2168422557695,5.455209071478599e-05
461384.0,4,17178170.58781253,8686312.381297268,18256319.883924592,125.98708861625232,3444.823358978553,-1777.460636349923,5.4552775530309536e-05
461984.0,4,17187761.656233795,10717160.253299542,17121096.932618942,-94.32213291149742,3320.4224162252995,-2004.270077005884,5.4553398331134384e-05
462584.0,4,17065246.22650031,12665632.26303406,15854255.64156929,-314.10529353733773,3170.3758467259127,-2215.869446750946,5.455396108983248e-05
463184.0,4,16811447.786085993,14516664.813051127,14465424.971010052,-531.6618286783445,2995.798900092697,-2410.5953265518583,5.455446624652013e-05
463784.0,4,16428207.383601118,16255921.9192993,12965195.21707567,-745.3027275968577,2798.002719683817,-2586.910669356692,5.455491669141978e-05
464384.0,4,15918372.753006998,17869910.18847973,11365038.307929289,-953.3641854623498,2578.485115473345,-2743.418001263807,5.455531574369513e-05
464984.0,4,15285779.055018887,19346088.421154246,9677219.809262166,-1154.2228044757055,2338.916078290543,-2878.870292477471,5.455527229854207e-05
465584.0,4,14535222.432753246,20672967.126585376,7914707.032124484,-1346.3027559046748,2081.1392992150872,-2992.1872766411425,5.455558032795884e-05
466184.0,4,13672423.604965642,21840205.822798263,6091064.771767876,-1528.098203080678,1807.1371146487986,-3082.4571567671424,5.455584921649103e-05
466784.0,4,12703985.64043463,22838696.128785606,4220351.406146223,-1698.179910816423,1519.0287434537042,-3148.950359809463,5.45560837166678e-05
467384.0,4,11637343.23858072,23660637.457555506,2317007.6335694264,-1855.2088641591072,1219.0499791254153,-3191.124960666198,5.455628885423155e-05
467984.0,4,10480705.102967147,24299601.777257856,395742.09031526424,-1997.9476872743896,909.5351331064695,-3208.631875650877,5.455646988864456e-05
468584.0,4,9242989.668077692,24750587.188119877,-1528585.6741854066,-2125.2712324608633,592.8979779771416,-3201.3183704643134,5.455663227152517e-05
469184.0,4,7933754.717962414,25010059.759289183,-3441083.8232856556,-2236.1762219143257,271.6118738087308,-3169.2298279491542,5.455678160337218e-05
469784.0,4,6563121.505287421,25075983.187455535,-5326947.3910927465,-2329.789834841154,-51.81072565332215,-3112.6097419484545,5.455692358895698e-05
470384.0,4,5141694.042142171,24947835.964531645,-7171576.889540697,-2405.3771445005877,-374.8391799180554,-3031.897925636926,5.455706399177972e-05
470984.0,4,3680474.2883686936,24626615.872525036,-8960695.282221375,-2462.3473235132747,-694.9457676295063,-2927.7269452784594,5.4557208587997026e-05
471584.0,4,2190774.008105916,24114831.75766692,-10680462.257764861,-2500.2585510283843,-1009.6267736361017,-2800.9168129906097,5.455736312023577e-05
472184.0,4,684124.2490614755,23416482.638405465,-12317584.541627947,-2518.821709590635,-1316.4225603009795,-2652.471163840986,5.455760112168719e-05
472784.0,4,-827817.6505233422,22537024.439951066,-13859422.576800292,-2517.901991732482,-1612.9410084594276,-2483.5560439008304,5.455779222846824e-05
473384.0,4,-2333360.315698332,21483324.841855638,-15294089.393774888,-2497.520570970998,-1896.872820599367,-2295.508618432701,5.455800985401655e-05
473984.0,4,-3820872.235950143,20263606.08911305,-16610544.992433961,-2457.853376107296,-2166.0132777375284,-2089.81317717446,5.455825915829457e-05
474584.0,4,-5278874.012164705,18887377.125985976,-17798682.407751597,-2399.229266518027,-2418.279397515442,-1868.0914671387284,5.4558545049311256e-05
475184.0,4,-6696129.13794678,17365355.31863837,-18849405.913630527,-2322.126711041824,-2651.726580948755,-1632.0887946182588,5.4558872144667997e-05
475784.0,4,-8061732.362880672,15709378.633091785,-19754700.56349591,-2227.1691820481574,-2864.5639064949996,-1383.6591587517175,5.455924473565168e-05
476384.0,4,-9365194.891937848,13932309.128702473,-20507692.547803234,-2115.119330920263,-3055.1679429968835,-1124.74957871426,5.4559666754166056e-05
476984.0,4,-10596525.721008223,12047928.694223933,-21102699.948276985,-1986.8720237612035,-3222.094974417004,-857.3837814894645,5.456014174276067e-05
477584.0,4,-11746308.46072198,10070828.007003713,-21535273.569450155,-1843.446326917177,-3364.0915513600967,-583.6454192421577,5.456067282798121e-05
478184.0,4,-12805773.058116022,8016289.735987045,-21802227.628283534,-1685.976540776335,-3480.1033066698014,-305.6609846610061,5.456126269722965e-05
478784.0,4,-13766861.887056753,5900167.036286827,-21901660.18082915,-1515.702387177729,-3569.2819944026305,-25.582589460044684,5.456191357928518e-05
479384.0,4,-14622289.766865663,3738758.652934417,-21832963.326604247,-1333.95459270042,-3630.989359223261,254.42917469246783,5.4562721130544036e-05
479984.0,4,-15365597.407298027,1548680.2514279177,-21596822.983607605,-1142.159087440681,-3664.806108144632,532.2225777173564,5.456349902901885e-05
480584.0,4,-15991198.065439805,-653263.5002996782,-21195208.72937351,-941.8024083436486,-3670.52524931476,805.6708369897483,5.4564341726834575e-05
481184.0,4,-16494417.196317654,-2850209.5536335595,-20631353.920950152,-734.434814525071,-3648.1576166543136,1072.688894384026,5.456524949839072e-05
481784.0,4,-16871524.693286963,-5025365.460145558,-19909726.080689974,-521.6541488035998,-3597.9287054434785,1331.2489377761535,5.456622211979559e-05
482384.0,4,-17119759.731453866,-7162137.067703579,-19035988.16658743,-305.0933027060179,-3520.2752942120715,1579.395402168927,5.456725887250416e-05
482984.0,4,-17237348.099014882,-9244253.764824193,-18016951.093157053,-86.40760927000701,-3415.8405197603015,1815.259193022741,5.456835855068361e-05
483584.0,4,-17223511.997014776,-11255890.378101751,-16860517.983098328,132.73773846832023,-3285.4674901512813,2037.071047681358,5.456951947219387e-05
484184.0,4,-17078472.343014143,-13181784.87708048,-15575620.676215332,350.6801515605266,-3130.1915274821067,2243.1739630175452,5.4570739493046544e-05
484784.0,4,-16803443.665870927,-15007351.093842715,-14172149.061941618,565.7719066446962,-2951.2311373228167,2432.0346291817,5.4572016025184725e-05
485384.0,4,-16400621.727155864,-16718785.720037345,-12660873.835674187,776.3921265039695,-2749.9778050702485,2602.2538204267335,5.457334605740721e-05
485984.0,4,-15873164.049599126,-18303168.901339367,-11053363.307297718,980.9584081775691,-2527.984721286787,2752.5757042564846,5.457472617924479e-05
486584.0,4,-15225163.659764301,-19748557.511854406,-9361895.22716643,1177.9386380367882,-2286.95798240166,2881.896850442859,5.4576196981578036e-05
487184.0,4,-14461615.77791491,-21044072.240588877,-7599362.414033785,1365.859222631278,-2028.7298233176975,2989.2700117003974,5.457766536038834e-05
487784.0,4,-13588379.088286404,-22179974.030537482,-5779177.515119359,1543.319203576329,-1755.2650485054533,3073.9150438937186,5.457917149055313e-05
488384.0,4,-12612130.113601662,-23147734.24381475,-3915171.553014469,1708.9971727744723,-1468.633069825727,3135.2202815970304,5.4580710656529286e-05
488984.0,4,-11540312.41429431,-23940094.94222857,-2021491.3264071257,1861.660998012269,-1170.9961200554776,3172.747015139848,5.4582277899489506e-05
489584.0,4,-10381080.442936487,-24551120.081869498,-112494.6904722948,2000.17618632619,-864.5936603416947,3186.231950937668,5.4583868054224776e-05
490184.0,4,-9143238.551262524,-24976237.19100359,1797355.3176270544,2123.513560852145,-551.7263996350641,3175.5885258474473,5.4585475787373136e-05
490784.0,4,-7836175.575917695,-25212269.317120843,3693596.8118426334,2230.7562212123694,-234.74001404487,3140.907084903091,5.4587095636721244e-05
491384.0,4,-6469795.448020238,-25257457.08425127,5561875.158350626,2321.1057602969627,83.99134817339745,3082.4539343108763,5.458872205132337e-05
491984.0,4,-5054444.2885874,-25111470.75599077,7388048.161930383,2393.887712632117,402.0816920954122,3000.6692837149826,5.4590349432180833e-05
492584.0,4,-3600834.4670186955,-24775412.25313788,9158289.664698007,2448.5562114655822,717.1498494694206,2896.164093626452,5.4591972173224335e-05
493184.0,4,-2119966.113311328,-24251807.12753163,10859190.895913672,2484.697833329271,1026.8361180576107,2769.715845694256,5.4593584702340626e-05
493784.0,4,-623046.4625430964,-23544586.540543325,12477859.138063297,2502.0337665399525,1328.8202032700096,2622.261579195296,5.459525182123406e-05
494384.0,4,878591.6672705375,-22659059.498170108,14002011.800892197,2500.4253437434804,1620.831919741568,2454.8982443780133,5.45968276465711e-05
494984.0,4,2373573.7965843156,-21601874.8317892,15420068.427028306,2479.8702819216983,1900.6755931311418,2268.8653952741133,5.459837714323044e-05
495584.0,4,3850566.7502142955,-20380974.42055798,16721235.948378947,2440.506460867029,2166.240227819857,2065.5434855729604,5.459989527637777e-05
496184.0,4,5298362.288479756,-19005536.66513155,17895589.575640153,2382.6105912114685,2415.5160946807614,1846.4429445813787,5.46013772419911e-05
496784.0,4,6705959.992491358,-17485911.126045197,18934147.629112866,2306.5968161935075,2646.609416590888,1613.193979109578,5.460281850276241e-05
497384.0,4,8062649.000896825,-15833544.574457124,19828939.95878838,2213.0143942666223,2857.756422013187,1367.5354928492766,5.4604214822259876e-05
497984.0,4,9358088.049113575,-14060898.870965337,20573069.448242906,2102.5444562098605,3047.3366734444458,1111.303167470575,5.4605562297107025e-05
498584.0,4,10582383.261387922,-12181361.141695105,21160766.12624611,1975.9958341475108,3213.8855754892725,846.4167558730793,5.4606857386941004e-05
499184.0,4,11726163.147382386,-10209146.775035707,21587433.44251826,1834.2999643613277,3356.1059657066503,574.8666449807693,5.460809694191955e-05
499784.0,4,12780650.258748721,-8159195.817189708,21849686.30017316,1678.504871039483,3472.8786904000985,298.6997531205132,5.460927822755505e-05
500384.0,4,13737728.967695633,-6047063.399871775,21945380.477478605,1509.7682441830268,3563.272067407147,20.004835287791636,5.461039894666532e-05
500984.0,4,14590008.61219647,-3888805.3491922664,21873633.01324518,1329.3504792235003,3626.550455244988,-259.1003188352127,5.461105934435185e-05
501584.0,4,15330882.819950718,-1700856.8869376178,21634833.813422564,1138.6026311199103,3662.1799408860497,-536.4941017487739,5.461205384433452e-05
502184.0,4,15954581.333213674,500087.5862247702,21230647.175260045,938.9619706928479,3669.835777626971,-810.052673941917,5.4612983693075135e-05
502784.0,4,16456217.870742708,2697202.4419767745,20664004.163983162,731.9383843047533,3649.405198681064,-1077.6756568936316,5.461384849808842e-05
503384.0,4,16831830.771759957,4873658.358563328,19939085.201098476,519.1042156652034,3600.990246461277,-1337.2999970684607,5.461464836429333e-05
503984.0,4,17078417.046128057,7012751.379018036,19061292.949525755,302.08262462756056,3524.908656733195,-1586.916171232528,5.4615383895140094e-05
504584.0,4,17193959.298685033,9098032.036141686,18037215.546578128,82.53536482819186,3421.693056511186,-1824.5842212434313,5.461605618988228e-05
505184.0,4,17177445.19946706,11113433.528042756,16874580.317168336,-137.84993441463098,3292.0884310767947,-2048.449477793129,5.4616666836956374e-05
505784.0,4,17028879.223499283,13043397.902409142,15582198.184257178,-357.37288659386013,3137.047830669239,-2256.7578277727885,5.461721790346367e-05
506384.0,4,16749286.44205276,14872999.191204064,14169899.081468677,-574.3337621474375,2957.7263043937123,-2447.870376865065,5.46177119207836e-05
506984.0,4,16340708.211492997,16588062.431465922,12648458.762886545,-787.0470848806568,2755.473067520638,-2620.2773579131476,5.461815186638313e-05
507584.0,4,15806189.675617136,18175277.513530664,11029517.496019598,-993.8552898046379,2531.821928345222,-2772.611136793055,5.461854114192332e-05
508184.0,4,15149758.941791918,19622307.229813386,9325490.831456093,-1193.1444758897267,2288.4774814475436,-2903.6563013439877,5.461895407091831e-05
508784.0,4,14376398.902644183,20917886.00328602,7549475.582558065,-1383.3491972342729,2027.3122986760688,-3012.3679474423916,5.461925395964221e-05
509384.0,4,13492009.301348083,22051914.650058538,5715145.200460196,-1562.9783730394013,1750.3375106019616,-3097.8698045983333,5.461951564486664e-05
509984.0,4,12503363.039104082,23015541.84170931,3836644.572997341,-1730.619364729175,1459.6968635809442,-3159.4698647618566,5.461974393633699e-05
510584.0,4,11418053.985291671,23801237.737794124,1928477.9767913413,-1884.9520892683856,1157.647134860018,-3196.6649483346728,5.461994390921473e-05
511184.0,4,10244437.988480406,24402856.550621185,5394.081929910072,-2024.7602852256346,846.5398644027111,-3209.1455606538284,5.462012086414665e-05
511784.0,4,8991567.340133246,24815687.807828262,-1917731.477943741,-2148.941924956354,528.8021224439648,-3196.799050607378,5.462028028533415e-05
512384.0,4,7669119.243871195,25036495.779707767,-3826014.922405641,-2256.5186573645346,206.91649885852473,-3159.711020847157,5.4620427796965796e-05
512984.0,4,6287318.911824987,25063546.657600958,-5704683.45510168,-2346.6441760853504,-116.59948677428486,-3098.1649603186065,5.4620569118396373e-05
513584.0,4,4856857.970873721,24896623.196282662,-7539193.624873863,-2418.611420272393,-439.21434577787943,-3012.6400919981,5.4620710018471096e-05
514184.0,4,3388808.9142176155,24537026.664856594,-9315347.836821508,-2471.858529238822,-758.4037366092522,-2903.8074513392785,5.462085626940458e-05
514784.0,4,1894536.3767180322,23987566.084897645,-11019407.950936079,-2505.973487702643,-1071.6715187691814,-2772.524233484432,5.4621013600629375e-05
515384.0,4,385606.4002752863,23252534.98092136,-12638204.557251839,-2520.7005771583463,-1376.569207290819,-2619.828360290946,5.4620789972130525e-05
515984.0,4,-1126307.4957258338,22337675.225436874,-14159243.08761638,-2515.9296640470593,-1670.7213739135934,-2446.9220769123904,5.4620986019158075e-05
516584.0,4,-2629515.9366144314,21250129.969990477,-15570800.951713001,-2491.715594403785,-1951.837818168226,-2255.172662760191,5.4621209635479085e-05
517184.0,4,-4112407.7714299913,19998384.03781069,-16862020.583752584,-2448.264728122419,-2217.737010554153,-2046.0933213885303,5.462146593340242e-05
517784.0,4,-5563542.0653780885,18592193.969904255,-18022993.96119678,-2385.935833930641,-2466.362573264996,-1821.331985230313,5.462175976540501e-05
518384.0,4,-6971738.4839119725,17042507.78513174,-19044839.10218903,-2305.2365102408676,-2695.7996663287777,-1582.6572102806063,5.462209568616595e-05
518984.0,4,-8326165.108332753,15361375.361746557,-19919767.78778178,-2206.818332943585,-2904.289994354584,-1331.94313435426,5.4622477917208344e-05
431984.0,5,25530292.849270664,-3216966.526825919,6491699.367609414,1069.0812519270344,2107.7889301837695,-3073.616940077639,-0.00023212971093305995
432584.0,5,26073062.98661529,-1941645.0034143236,4624911.957881473,738.9491663663446,2140.7895893215273,-3144.7408047950735,-0.00023213010819632447
433184.0,5,26416059.60566176,-651444.6340811339,2722677.680266061,403.6349194287823,2157.3544827879837,-3191.683747679696,-0.0002321304089770617
433784.0,5,26556945.039822917,643741.906752122,799604.2919308672,65.71836093001741,2157.4042745583265,-3214.1563104266565,-0.00023213061320068485
434384.0,5,26494932.897828456,1934012.206171154,-1129583.056726677,-272.2156266398052,2140.986058931839,-3212.0573898065686,-0.00023213072153037238
434984.0,5,26230785.199289564,3209529.6027604965,-3050154.685028984,-607.5967985548623,2108.2715571353306,-3185.4728503705455,-0.0002321307353577943
435584.0,5,25766797.807309084,4460597.320676677,-4947487.996353889,-937.8886598098796,2059.5544131108213,-3134.672755554849,-0.00023213065678844998
436184.0,5,25106774.582738854,5677730.6657382,-6807176.9680745015,-1260.606871596711,1995.242317741834,-3060.1091499868207,-0.0002321309394704224
436784.0,5,24255990.435252074,6851727.1443696385,-8615139.127889225,-1573.3370207322748,1915.8699798331756,-2962.4034026401146,-0.00023213068511273305
437384.0,5,23221144.401530147,7973733.0590005405,-10357718.309358045,-1873.7511208027984,1822.0682179734213,-2842.350879641313,-0.00023213034873797607
437984.0,5,22010302.58835316,9035307.626001172,-12021783.96,-2159.6236325871478,1714.5755238625695,-2700.9061674999275,-0.00023212993506171501
438584.0,5,20632832.04872571,10028483.08127931,-13594825.280790063,-2428.8461934019574,1594.2275170544108,-2539.176575943664,-0.00023212944936821026
439184.0,5,19099326.074424613,10945820.93441696,-15065040.140571995,-2679.4413524090915,1461.9501891371174,-2358.4129644359327,-0.00023212889746913664
439784.0,5,17421521.586147685,11780463.999397304,-16421418.20952248,-2909.5752142688643,1318.7526949407338,-2159.9998201454027,-0.00023212828565897842
440384.0,5,15612209.297788212,12526183.95076276,-17653817.891970325,-3117.5689674550467,1165.7197475661137,-1945.4446705912178,-0.00023212762066744197
440984.0,5,13685137.341131078,13177424.18877011,-18753036.69008035,-3301.909281691304,1004.0036702588402,-1716.3669090949898,-0.0002321269096092301
441584.0,5,11654909.041973906,13729337.82916055,-19710874.677451354,-3461.2575652734477,834.8161542334244,-1474.4861057364267,-0.00023212615993152086
442184.0,5,9536875.539578207,14177820.66243416,-20520190.80531011,-3594.4580775708573,659.4197676746594,-1221.6098710170306,-0.0002321253793594938
442784.0,5,7347023.939698603,14519538.954030339,-21174951.803657148,-3700.544894865314,479.1192574768272,-959.6213341508885,-0.00023212457584024458
443384.0,5,5101861.953129653,14751952.317023031,-21670273.366853684,-3778.751228712011,295.2550046846411,-690.4671131780591,-0.00023212375094763474
443984.0,5,2818297.8922229116,14873329.536860852,-22002454.081450775,-3828.500076426174,109.1848308371788,-416.1410372577641,-0.00023212292628003252
444584.0,5,513521.7896662444,14882762.410967242,-22169000.430384647,-3849.4288188978426,-77.71145180023531,-138.67532501779743,-0.00023212210325221052
445184.0,5,-1795119.1561615993,14780170.714227017,-22168644.79342662,-3841.377501881356,-264.05022188773194,139.87582446954747,-0.00023212129011542
445784.0,5,-4090244.0665784804,14566303.37524813,-22001354.786754485,-3804.3935829649486,-448.45102475550925,417.44921276728917,-0.00023212049505009648
446384.0,5,-6354562.683167347,14242733.819196027,-21668334.537172634,-3738.731976536639,-629.5457866157903,691.986392334632,-0.00023211972610717916
446984.0,5,-8570999.344322773,13811849.54966906,-21172017.784859203,-3644.853934212144,-805.9879819847979,961.4474731674383,-0.00023211898387927814
447584.0,5,-10722815.978971817,13276837.619788077,-20516052.511543766,-3523.4246651729422,-976.461849799161,1223.8248438381322,-0.00023211829052780295
448184.0,5,-12793733.300898531,12641661.934222393,-19705277.857151557,-3375.309888796453,-1139.6913027369271,1477.1569795509472,-0.00023211764610074975
448784.0,5,-14768049.650909996,11911037.951549806,-18745692.34713159,-3201.5710229376327,-1294.4489140614894,1719.5419910917362,-0.00023211705756398594
449384.0,5,-16630756.616084468,11090400.711754968,-17644414.294698484,-3003.4592044523724,-1439.5646249246063,1949.1510615301872,-0.00023211653147822906
449984.0,5,-18367650.744805608,10185867.976048615,-16409634.173813673,-2782.4080419559286,-1573.9342508594825,2164.241622464061,-0.00023211607394984263
450584.0,5,-19965440.775816,9204198.38289972,-15050558.897453547,-2540.021231568521,-1696.5257832906502,2363.166966206914,-0.00023211614874799947
451184.0,5,-21411848.73444675,8152744.293950614,-13577349.636924675,-2278.078006945138,-1806.395109135315,2544.4018474557715,-0.00023211584417090792
451784.0,5,-22695705.639143124,7039401.418994417,-12001050.576917056,-1998.4996342711063,-1902.6816666173324,2706.5344064217643,-0.00023211562330057944
452384.0,5,-23807040.130802594,5872552.070152802,-10333511.713577084,-1703.3518262983644,-1984.623545418435,2848.2911207615466,-0.00023211548999781502
452984.0,5,-24737159.044400904,4661005.513455963,-8587304.734926622,-1394.8275673449343,-2051.5620070662576,2968.5440365060967,-0.00023211544747140346
453584.0,5,-25478719.632666375,3413934.24236246,-6775632.6778364,-1075.2323619810343,-2102.947456244095,3066.320655830318,-0.00023211549825057572
454184.0,5,-26025792.584845968,2140806.829887873,-4912233.868926595,-746.9683302458044,-2138.344754877529,3140.812920006866,-0.00023211564416218417
454784.0,5,-26373915.152295604,851317.7774447594,-3011280.7279559574,-412.51721538214827,-2157.437806822096,3191.3851754231837,-0.0002321158863128828
455384.0,5,-26520133.738647364,-444685.17621972493,-1087274.0829509126,-74.42238797440618,-2160.0333416080293,3217.58101029832,-0.00023211622507655837
455984.0,5,-26463035.370368768,-1737275.7783867628,845066.2837743836,264.7300507242853,-2146.063827856686,3219.1288517082307,-0.00023211666008723174
456584.0,5,-26202767.5339989,-3016525.468377687,2770914.072065076,602.3309440083522,-2115.589450812866,3195.946216958972,-0.00023211719023761264
457184.0,5,-25741045.949247193,-4272580.477829689,4675451.032836266,935.7683916480144,-2068.7990940419954,3148.142520424627,-0.00023211781368344915
457784.0,5,-25081149.79944186,-5495739.590919029,6543983.26026578,1262.4497889710287,-2006.013767016252,3076.0188841202485,-0.00023211897126002232
458384.0,5,-24227905.005860608,-6676529.594996866,8362055.311686029,1579.8178659287425,-1927.671501224629,2980.073639664751,-0.00023211977295830354
458984.0,5,-23187653.525207385,-7805783.4308702275,10115568.255820837,1885.3794831532202,-1834.3459576479468,2860.99158483474,-0.00023212065813224376
459584.0,5,-21968211.05459456,-8874713.044218672,11790891.625665477,2176.721619825021,-1726.729088576061,2719.646072838679,-0.00023212162215068943
460184.0,5,-20578811.6059458,-9874981.459440725,13374974.55112201,2451.533398710193,-1605.6300383362668,2557.092103341243,-0.00023212265975562643
460784.0,5,-19030039.883873794,-10798771.425153282,14855452.684569,2707.626277334708,-1471.9694298882232,2374.5591275005827,-0.0002321237651013701
461384.0,5,-17333751.781415183,-11638850.260203803,16220750.239648812,2942.953448750259,-1326.7725390134196,2173.442140321116,-0.00023212493179901303
461984.0,5,-15502983.554789895,-12388630.2476059,17460176.13189536,3155.6282195393114,-1171.1613991996248,1955.291109311247,-0.00023212615296580488
462584.0,5,-13551850.37500221,-13042223.957210531,18564013.250635043,3343.941137528624,-1006.3458972392085,1721.798814014643,-0.00023212742127907493
463184.0,5,-11495435.085292969,-13594493.921058865,19523599.94730659,3506.375651170238,-833.6139361727061,1474.7871964153208,-0.00023212872903424845
463784.0,5,-9349668.116552452,-14041096.137749981,20331402.895422794,3641.6220967023933,-654.3207580686121,1216.1923468331902,-0.00023213006820645355
464384.0,5,-7131199.625325692,-14378516.943078253,20981080.560929097,3748.589827861111,-469.8775337952816,948.0482730567123,-0.00023213143051516486
464984.0,5,-4857264.707325062,-14604102.900224363,21467536.6269403,3826.4164068801124,-281.7376871354992,672.4706406668649,-0.00023213279301510347
465584.0,5,-2545544.9113472556,-14716083.07611654,21786962.730625097,3874.4792340700014,-91.39097593692685,391.6345427872745,-0.0002321341760014181
466184.0,5,-214022.20178950962,-14713584.33911753,21936870.369791184,3892.3957264809765,99.65920331871266,107.76186948375839,-0.00023213555642792315
466784.0,5,2119166.134760054,-14596638.227353593,21916111.098626565,3880.0303539379565,289.9023057608105,-176.90208091466653,-0.00023213692567765676
467384.0,5,4435875.699394275,-14366180.385357767,21724885.37350009,3837.494698775243,477.8353618481324,-460.10702535418994,-0.000232138275224878
467984.0,5,6718102.69468178,-14024042.13072303,21364739.70566152,3765.1460566749015,661.9759611258388,-739.6171682764357,-0.00023213959670450741
468584.0,5,8948130.104978662,-13572934.336139422,20838552.24044675,3663.583686056466,840.8749846440247,-1013.2304537878126,-0.00023214088198002277
469184.0,5,11108670.966778122,-13016423.816676334,20150506.9555555,3533.642768986329,1013.128943815178,-1278.7973812708688,-0.00023214212320916766
469784.0,5,13183007.397747371,-12358902.49287824,19306056.79453822,3376.386178482714,1177.3917913374084,-1534.2391775419494,-0.00023214331290686137
470384.0,5,15155124.115560962,-11605549.67600262,18311876.16895447,3193.094176477884,1332.3860800310417,-1777.5651319812848,-0.00023214444400473867
470984.0,5,17009835.255999405,-10762287.891350029,17175803.371864747,2985.252192901577,1476.9133577094433,-2006.888917661345,-0.00023214550990679475
471584.0,5,18732903.392287835,-9835732.718085892,15906773.544726986,2754.536858826603,1609.8637001563236,-2220.443740853219,-0.00023214650454066375
472184.0,5,20311149.582160108,-8833137.28382566,14514743.160253024,2502.8021342944776,1730.22549817276,-2416.5970867016363,-0.0002321478737030406
472784.0,5,21732554.562033992,-7762331.463201688,13010605.534916274,2232.05594850429,1837.0882180824215,-2593.859443645262,-0.00023214871008176382
473384.0,5,22986348.123978075,-6631657.416473569,11406101.140685847,1944.4517567257099,1929.6561974070282,-2750.9008907692123,-0.00023214946055313986
473984.0,5,24063088.500321276,-5449901.169230807,9713720.275865173,1642.2633545933434,2007.249161666977,-2886.5565541264323,-0.00023215012155030577
474584.0,5,24954729.846981883,-4226221.301183214,7946601.16452152,1327.8668055115277,2069.307770891185,-2999.8353215395373,-0.00023215069020868164
475184.0,5,25654677.83678805,-2970075.3554503014,6118423.7689729305,1003.7203483267381,2115.396811088494,-3089.925929286173,-0.00023215116438457599
475784.0,5,26157833.089629844,-1691144.6313148583,4243300.388546367,672.3440370603578,2145.207281588874,-3156.201418126802,-0.00023215154266785466
476384.0,5,26460622.32388279,-399258.02053189557,2335664.0226784903,336.29931246143747,2158.557402395294,-3198.2219815654935,-0.00023215182438869437
476984.0,5,26561017.232192665,895684.4686490896,410155.4604102681,-1.8313076258848895,2155.3925768391446,-3215.736246731767,-0.0002321520096184961
477584.0,5,26458541.195881464,2183787.8781944485,-1518489.9681582958,-339.46424691479046,2135.7843543019007,-3208.681043391432,-0.00023215209916508108
478184.0,5,26154264.054601774,3455237.5645065233,-3435555.0785103277,-674.0344425001117,2099.9284454851672,-3177.179729196923,-0.00023215209456233627
478784.0,5,25650785.24042649,4700372.999979045,-5326452.099822259,-1003.0143312444078,2048.1418486713965,-3121.5391493214083,-0.0002321519980545149
479384.0,5,24952205.67664413,5909759.522309438,-7176831.618385612,-1323.9313375751426,1980.8544072102113,-3042.24662744853,-0.00023215179804083236
479984.0,5,24064088.915206585,7074257.899376693,-8972688.952028675,-1634.38857230287,1898.6232622542975,-2939.9592214197896,-0.0002321515270534275
480584.0,5,22993411.851591885,8185090.530459041,-10700466.24163129,-1932.0764752477824,1802.0993957600133,-2815.5049556281556,-0.0002321511749248856
481184.0,5,21748506.00186175,9233904.632647425,-12347150.605831586,-2214.79176717397,1692.040673873606,-2669.8699961504067,-0.00023215074648691282
481784.0,5,20338989.565366317,10212831.67804711,-13900367.33456971,-2480.4511805944026,1569.3008012916546,-2504.1914386982885,-0.00023215024713209116
482384.0,5,18775691.084619462,11114542.839468889,-15348467.66928645,-2727.1049769483006,1434.8224734295486,-2319.747975607548,-0.00023214968277190714
482984.0,5,17070565.338163525,11932300.162008427,-16680610.712640565,-2952.9493665508753,1289.63008739588,-2117.9498319942463,-0.0002321490597915246
483584.0,5,15236602.145277781,12660003.216561573,-17886839.058924213,-3156.3378095739063,1134.8220678076266,-1900.3280533346733,-0.00023214838500164298
484184.0,5,13287728.769960033,13292231.02548427,-18958147.786846668,-3335.7911840801644,971.562859643356,-1668.5232215057652,-0.0002321476655877846
484784.0,5,11238706.61539181,13824279.082046691,-19886546.503095433,-3490.006813058222,801.074636388914,-1424.273670823355,-0.0002321469090573545
485384.0,5,9105022.900340315,14252191.313982781,-20665114.167878732,-3617.8663465631803,624.6287678666921,-1169.4032701174513,-0.00023214612318481486
485984.0,5,6902778.006893103,14572786.867346484,-21288046.472495582,-3718.4424975856996,443.53708852531526,-905.8088316482686,-0.00023214531595531517
486584.0,5,4648569.5818291195,14783681.57342154,-21750695.60566581,-3791.008320525627,259.1437196949069,-635.448451997279,-0.0002321449470415077
487184.0,5,2359371.759715592,14883304.243449042,-22049602.033805273,-3835.0268737578936,72.81327597888495,-360.32352667513976,-0.00023214412192161356
487784.0,5,52415.71998303442,14870907.166652063,-22182518.750297356,-3850.1767347601804,-114.07423520334578,-82.47229129015307,-0.0002321433000789965
488384.0,5,-2254934.669526805,14746571.510456827,-22148427.01171615,-3836.3392736991864,-300.13516949511416,196.04816239390266,-0.00023214248975645394
488984.0,5,-4545306.640375957,14511207.068950132,-21947544.206873108,-3793.603368145219,-483.9908338895163,473.17451045015423,-0.00023214169911429388
489584.0,5,-6801442.8102906,14166546.543648668,-21581323.478403848,-3722.265216244092,-664.276697342488,746.8509573929956,-0.0002321409361717675
490184.0,5,-9006325.015263204,13715134.336292144,-21052445.12243929,-3622.8269697096666,-839.6515704253114,1015.0430279839751,-0.00023214020874930163
490784.0,5,-11143296.988397934,13160309.879377257,-20364799.7589568,-3495.994172442237,-1008.8067202266377,1275.7513407290107,-0.0002321395244118674
491384.0,5,-13196185.176362706,12506185.54935778,-19523463.293360222,-3342.6719889589185,-1170.4748842290276,1527.0253099552456,-0.00023213889041382303
491984.0,5,-15149416.972293172,11757619.228610182,-18534663.720627785,-3163.960206164624,-1323.4391437612894,1766.9767187363934,-0.000232138313645571
492584.0,5,-16988135.63129058,10920181.605852433,-17405739.85771789,-2961.146992559634,-1466.541613970533,1993.7930994377132,-0.00023213780058237133
493184.0,5,-18698311.12224238,10000118.331062023,-16145092.12843353,-2735.701401010234,-1598.6919031960417,2205.750852453147,-0.00023213735723565446
493784.0,5,-20266846.07568032,9004307.180662371,-14762125.505197579,-2489.2615067173974,-1718.873751590487,2401.224559098348,-0.00023213697459830487
494384.0,5,-21681676.62983806,7940210.272051545,-13267185.11989261,-2223.6365582456046,-1826.1590835599811,2578.713365206885,-0.0002321366862449393
494984.0,5,-22931865.804049395,6815822.0914605595,-11671484.298346352,-1940.7776942462112,-1919.7060274703445,2736.8315501714274,-0.00023213648241981013
495584.0,5,-24007691.005743153,5639612.585703233,-9987025.69812899,-1642.7771839851846,-1998.7722532410012,2874.3341277798418,-0.00023213636685709651
496184.0,5,-24900722.96221701,4420466.5481102085,-8226515.930792429,-1331.8517272918843,-2062.719813421227,2990.123744443802,-0.0002321363426330987
496784.0,5,-25603896.171190597,3167619.1958683217,-6403274.023249115,-1010.3274673093074,-2111.0209936634196,3083.260394426554,-0.00023213641213960424
497384.0,5,-26111570.0056951,1890588.4025474137,-4531134.272981283,-680.6238610972803,-2143.263491650369,3152.9702075171604,-0.00023213657706203593
497984.0,5,-26419579.792825695,599104.0129124899,-2624344.089925986,-345.2364776613386,-2159.1548522366015,3198.653196733728,-0.0002321368383626527
498584.0,5,-26525277.234305985,-696965.2876529916,-697457.488623488,-6.718811135466453,-2158.5260875025024,3219.889853844865,-0.00023213719626904796
499184.0,5,-26427559.59740593,-1987687.0328462645,1234775.0361571594,332.3367840816741,-2141.3344129199354,3216.446482978075,-0.0002321376502681579
499784.0,5,-26126887.17781033,-3263141.4064643,3157519.450238583,669.3189098923262,-2107.6650350249356,3188.279167567658,-0.0002321381991059549
500384.0,5,-25625288.62150183,-4513498.448966504,5055973.074866695,1001.6175469084651,-2057.7319319804005,3135.5362735560843,-0.00023213884079295935
500984.0,5,-24926353.757064898,-5729095.5819807565,6915480.789158699,1326.6461798825494,-1991.8820502435915,3058.5559818801044,-0.00023214002309643423
501584.0,5,-24035214.024753585,-6900513.690911533,8721649.843119927,1641.8578553791529,-1910.5760871051111,2957.8792699978367,-0.00023214084163696337
502184.0,5,-22958509.446318742,-8018654.024233841,10460466.831744855,1944.7739838163163,-1814.4126811990784,2834.227119364806,-0.00023214174279440113
502784.0,5,-21704343.75353294,-9074811.097816305,12118409.446156407,2233.000278977806,-1704.1069985033278,2688.51004460437,-0.00023214272181074118
503384.0,5,-20282226.47589167,-10060744.133736264,13682556.894048715,2504.2486857438,-1580.4903679466847,2521.818887901508,-0.00023214377330838836
503984.0,5,-18703002.908421755,-10968745.016404407,15140695.918648172,2756.357430538544,-1444.5043477613633,2335.4172753867188,-0.00023214489133041152
504584.0,5,-16978772.298932157,-11791702.319636341,16481421.724792825,2987.3102345920556,-1297.193686758703,2130.7323691800457,-0.00023214606938599586
505184.0,5,-15122794.843395526,-12523160.757869394,17694232.80801356,3195.2544584094203,-1139.6982269842474,1909.3439692485047,-0.00023214730050075526
505784.0,5,-13149388.213863673,-13157375.450065762,18769618.726305034,3378.5179515988493,-973.2438110796992,1672.9720447932395,-0.0002321485772715035
506384.0,5,-11073814.473053515,-13689360.429836752,19699139.912884224,3535.6243926338448,-799.1322741561053,1423.4628001648398,-0.00023214989192502474
506984.0,5,-8912158.350882504,-14114930.889444014,20475498.70104262,3665.3069181809137,-618.7306156188741,1162.7734046384132,-0.00023215123638032901
507584.0,5,-6681197.968335847,-14430738.707817478,21092600.818229433,3766.51986112345,-433.4594607433669,892.9555380983725,-0.0002321526023138302
508184.0,5,-4398269.394236331,-14634300.866876569,21545606.612222068,3838.4485793712247,-244.78248790838595,616.1373631612859,-0.0002321539668790069
508784.0,5,-2081125.2092837226,-14724020.5381455,21830972.029500198,3880.516411243697,-54.18769413684345,334.50748052738845,-0.0002321553501799209
509384.0,5,252209.2616557654,-14699200.440072,21946477.55807831,3892.3907426744513,136.8163547213591,50.292653595138155,-0.0002321567292137238
509984.0,5,2583583.2117739376,-14560048.48973769,21891246.571560595,3873.9853306379914,326.7196285355189,-234.259240976444,-0.00023215809537482048
510584.0,5,4894868.237579608,-14307675.649054803,21665751.719308987,3825.4609545461994,514.0222109629171,-516.8992667394423,-0.00023215944016266525
511184.0,5,7168105.8605656335,-13944085.986679932,21271809.740689654,3747.2235472944717,697.2472446791353,-795.3968721575154,-0.00023216075525095883
511784.0,5,9385653.239692712,-13472159.085620908,20712564.734616525,3639.9199849940437,874.9535974539675,-1067.5590717516718,-0.00023216203255517143
512384.0,5,11530325.70571455,-12895625.00220138,19992460.10188658,3504.431604664973,1045.7481081969408,-1331.2491488561875,-0.0002321632642977545
512984.0,5,13585534.796929488,-12219032.061938122,19117199.50026601,3341.865550621357,1208.2972803969806,-1584.4046754835833,-0.00023216444307043712
513584.0,5,15535420.541595874,-11447707.852601012,18093697.268137593,3153.544079092298,1361.3383009981358,-1825.0546587637393,-0.00023216556189304392
514184.0,5,17364976.813484974,-10587713.84309855,16930018.879919045,2940.9919761487204,1503.6892753577713,-2051.3356405702175,-0.00023216661426832022
514784.0,5,19060168.68207386,-9645794.117855653,15635312.093786776,2705.9222657290984,1634.2585831450892,-2261.506596742559,-0.00023216759423230326
515384.0,5,20608040.599785376,-8629318.904282147,14219729.781567551,2450.2223726247307,1752.0516381552961,-2453.9658125439155,-0.00023216894764820892
515984.0,5,21996815.61038007,-7546222.759038095,12694343.916659068,2175.9292516081596,1856.1848099444162,-2627.2496691646766,-0.00023216976746520958
516584.0,5,23215982.509395577,-6404939.567335953,11071054.594901932,1885.222616650953,1945.8819139947077,-2780.0634391411086,-0.00023217050060496034
517184.0,5,24256373.02576874,-5214333.348764017,9362491.5660455,1580.3983620583274,2020.4859536612596,-2911.2767009146996,-0.0002321711436369511
517784.0,5,25110226.93552053,-3983626.4837487927,7581911.3992744535,1263.850679054264,2079.4615763313604,-3019.9341699157726,-0.00023217169383719374
518384.0,5,25771245.244742595,-2722325.7547197808,5743090.557894896,938.051889651029,2122.398048758963,-3105.261456917411,-0.00023217214920565906
518984.0,5,26234631.174156614,-1440146.9002789196,3860215.4581285687,605.5320530819811,2149.011131675323,-3166.6691980162655,-0.00023217250847777613
431984.0,6,9896776.35583106,11042828.24987512,-21962405.081827182,-2497.3534407553534,2949.6748488224803,371.8536764764108,-0.0006088201316639079
432584.0,6,8362197.992306103,12767770.618486062,-21654937.309177794,-2614.7892256212144,2796.5241276277634,652.4215333333966,-0.0006088191808324018
433184.0,6,6763146.411626348,14394269.223692574,-21180472.60573381,-2712.1408611930574,2621.686546507724,928.1636748830099,-0.0006088182794535272
433784.0,6,5111913.145654535,15909703.647258956,-20542552.448030107,-2788.622492860872,2426.4915097966177,1196.927663919604,-0.0006088174234636743
434384.0,6,3421212.7158701727,17302300.301545724,-19745995.349857878,-2843.611395696665,2212.433240330639,1456.610483527347,-0.0006088166084403217
434984.0,6,1704083.0754011068,18561227.92284833,-18796862.102977797,-2876.6539184829153,1981.159360890096,1705.1760499270322,-0.0006088158296361851
435584.0,6,-26217.109209612012,19676685.8274351,-17702410.653741688,-2887.4699950236263,1734.4580176590166,1940.6723005562678,-0.0006088150820162014
436184.0,6,-1756312.7670333032,20639983.870405838,-16471041.306235729,-2875.9592198207056,1474.2465744086617,2161.2483241938035,-0.0006088142832367475
436784.0,6,-3472821.7615342243,21443614.64236533,-15112230.142727021,-2842.190069851855,1202.5445941842263,2365.167388467848,-0.0006088135822332889
437384.0,6,-5162457.02929818,22081313.84344635,-13636457.817852091,-2786.418096676921,921.4744459407128,2550.825867222417,-0.0006088128959766047
437984.0,6,-6812136.228147619,22548112.85185983,-12055124.967901787,-2709.071995680096,633.2325318711462,2716.7640070034677,-0.0006088122186936
438584.0,6,-8409085.727427151,22840379.324503172,-10380462.275160557,-2610.7533279246054,340.0738585440133,2861.6790688675605,-0.0006088115445393984
439184.0,6,-9940943.038548809,22955846.958831873,-8625432.943698568,-2492.23162476832,44.29324630871679,2984.436328254616,-0.0006088108676440866
439784.0,6,-11395856.339617427,22893633.70465744,-6803628.18998788,-2354.4378826674956,-251.79393972445268,3084.0786405816,-0.0006088102203506154
440384.0,6,-12762577.401075669,22654249.02933331,-4929161.319913927,-2198.457028943444,-545.8707235213842,3159.834008303906,-0.0006088095204983992
440984.0,6,-14030554.142013941,22239588.380260646,-3016549.9109053165,-2025.518175684972,-835.638447085101,3211.1222569420374,-0.0006088088006134694
441584.0,6,-15190012.402545335,21652917.09397262,-1080602.2780324484,-1836.9844257719094,-1118.835464846692,3237.5591540285,-0.0006088080551913925
442184.0,6,-16232033.507268135,20898842.456491917,863701.9408152557,-1634.3411211313014,-1393.2559235209212,3238.9591647132324,-0.000608807278931404
442784.0,6,-17148623.98551508,19983274.75022026,2801331.5551666426,-1419.1831451222351,-1656.7678382707684,3215.3363340442525,-0.0006088064667782773
443384.0,6,-17932777.476838734,18913377.859296225,4717323.188654121,-1193.1966640321896,-1907.3276570918829,3166.900569623536,-0.0006088055347004805
443984.0,6,-18578527.788144547,17697508.630200006,6596901.670543153,-958.1633118499922,-2143.00771499872,3094.0662543552894,-0.0006088046363597973
444584.0,6,-19080993.694293607,16345148.827080952,8425593.868412273,-715.9178433201691,-2361.9945506594836,2997.4310839901163,-0.0006088036888289472
445184.0,6,-19436414.391468152,14866826.149936216,10189344.19166352,-468.3508975761249,-2562.6144627258927,2877.7813210034005,-0.0006088026884082719
445784.0,6,-19642175.543996878,13274028.270255018,11874623.425264293,-217.3889258772724,-2743.3432832555386,2736.081516362165,-0.0006088016318139997
446384.0,6,-19696825.944545608,11579109.450866764,13468533.153057406,35.021521127314145,-2902.8176620554204,2573.465606505141,-0.0006088005162026488
446984.0,6,-19600084.71833831,9795190.856124057,14958904.38820141,286.9294714477335,-3039.844853941483,2391.2267024687644,-0.000608799339191744
447584.0,6,-19352839.14576844,7936055.4804534055,16334389.664109988,536.3950320275976,-3153.4109565219896,2190.8056976837343,-0.000608798098876723
448184.0,6,-18957133.262554266,6016038.646801446,17584547.92109421,781.5045765490697,-3242.6875654789483,1973.778828241328,-0.0006087967938439436
448784.0,6,-18416147.475075573,4049915.0378791466,18699921.609011482,1020.3854958895798,-3307.036832828059,1741.8443241968257,-0.0006087954231797431
449384.0,6,-17734169.499925617,2052783.2231916105,19672105.512894325,1251.22039725711,-3346.0149309589588,1496.8082928515485,-0.000608793986475535
449984.0,6,-16916557.000505667,39948.63467556611,20493806.895205114,1472.2606496905833,-3359.3739411307747,1240.5699751064253,-0.0006087924838289636
450584.0,6,-15969692.424637407,-1973193.9599360507,21158896.715478748,1681.843013023529,-3347.0676089702524,975.1106527233719,-0.0006087909148317045
451184.0,6,-14900930.143210853,-3971278.0737015093,21662451.08874964,1878.3861146531742,-3309.228567992765,702.4618767802842,-0.0006087892832010063
451784.0,6,-13718537.145549275,-5939081.662649148,22000784.631209206,2060.4251217643405,-3246.1981873256195,424.7133998814171,-0.0006087875889011603
452384.0,6,-12431627.128385512,-7861641.093771462,22171472.76959133,2226.605934126532,-3158.500951794333,143.98180253924883,-0.0006087858339853804
452984.0,6,-11050088.898544118,-9724362.656107243,22173365.448150292,2375.698397986225,-3046.8446116819077,-137.60160262433777,-0.0006087840209626752
453584.0,6,-9584509.617946204,-11513130.431212414,22006591.18707163,2506.6044515667904,-2912.113681488342,-417.9065225791403,-0.0006087821527774226
454184.0,6,-8046093.503023637,-13214409.929640315,21672551.803223863,2618.3652285091202,-2755.36179134999,-694.8192047877843,-0.0006087802327858961
454784.0,6,-6446576.5993092945,-14815346.841860082,21173907.959532958,2710.167103848654,-2577.80297387679,-966.2576339551734,-0.0006087782647299549
455384.0,6,-4798138.2577111935,-16303860.300164983,20514555.7596564,2781.3466744420443,-2380.801970247267,-1230.1863191840387,-0.0006087762527081126
455984.0,6,-3113309.9413575158,-17668730.095943484,19699594.65067291,2831.3946720611284,-2165.863639497958,-1484.6305936628544,-0.0006087742011442151
456584.0,6,-1404881.9915356413,-18899677.343856923,18735286.938623216,2859.958812699536,-1934.6215542695204,-1727.6903560910312,-0.0006087721147539645
457184.0,6,314191.02131525613,-19987438.130789313,17629009.260417726,2866.8455900537383,-1688.8258650396765,-1957.553189521977,-0.0006087699985095318
457784.0,6,2030885.610823745,-20923829.68132365,16389196.44966104,2852.019922400483,-1430.327982033019,-2172.505041765666,-0.0006087678169859747
458384.0,6,3732205.482158346,-21701809.028939858,15025277.93517683,2815.609257355415,-1161.0772449693077,-2370.9490461866867,-0.0006087656565675487
458984.0,6,5405276.06727421,-22315522.844822638,13547607.579070894,2757.895732975136,-883.0921568491543,-2551.405623786972,-0.0006087634823791919
459584.0,6,7037439.043371198,-22760349.608194295,11967387.120476361,2679.3182323792475,-598.4559686205494,-2712.5298842354655,-0.0006087613000372863
460184.0,6,8616344.787191357,-23032932.738204833,10296583.735553809,2580.4680400786165,-309.29961330528977,-2853.118990722459,-0.0006087591152178598
460784.0,6,10130042.696256999,-23131204.942927025,8547842.316259442,2462.084626427156,-17.78681344828351,-2972.120467219433,-0.0006087569336150582
461384.0,6,11567068.730973518,-23054403.557922307,6734392.9999185065,2325.0505020655473,273.9010108014005,-3068.639556086384,-0.0006087547608995039
461984.0,6,12916529.618126914,-22803076.764655676,4869954.5301266415,2170.385166670073,563.57995978047,-3141.9455895334336,-0.0006087526026768015
462584.0,6,14168183.169957299,-22379080.624699954,2968634.0541260983,1999.2381780023247,849.0789246143235,-3191.477339802254,-0.0006087504644464529
463184.0,6,15312514.188399106,-21785566.912634272,1044823.9854677137,1812.8813692830504,1128.2548344523161,-3216.8473142051253,-0.0006087483515614405
463784.0,6,16340805.441534583,-21026961.77899798,-886903.4167088413,1612.7002453853745,1399.0078035029367,-3217.8449624955174,-0.0006087462691887398
464384.0,6,17245203.21911022,-20108935.324740067,-2811903.079312735,1400.1845913414334,1659.296098415253,-3194.4387655979313,-0.0006087442222710177
464984.0,6,18018776.8448216,-19038362.341125384,-4715564.731780624,1176.9215231072462,1907.151050158235,-3146.7787246220187,-0.0006087421767956645
465584.0,6,18655572.544077944,-17823273.582107484,-6583422.420335411,944.5719506157319,2140.6905128080048,-3075.1899609223065,-0.0006087402147249162
466184.0,6,19150659.34069868,-16472800.081052057,-8401260.161778115,704.8779588246668,2358.1342639609384,-2980.180498270934,-0.0006087383012199512
466784.0,6,19500168.847571947,-14997107.514858682,-10155219.608498294,459.6381761501814,2557.816320501085,-2862.432493321979,-0.0006087364399744194
467384.0,6,19701327.14924152,-13407323.618310684,-11831904.15180672,210.69819904041992,2738.1980116345044,-2722.7998829862668,-0.0006087346342928541
467984.0,6,19752478.952804435,-11715457.94603017,-13418480.57801116,-40.06257684614252,2897.880038008586,-2562.303263684215,-0.0006087328870647147
468584.0,6,19653103.675732434,-9934314.648708414,-14902777.230162084,-290.74454316728475,3035.6137148142984,-2382.123527635053,-0.0006087312007412969
469184.0,6,19403823.25200869,-8077398.795898841,-16273377.929977674,-539.4418040563328,3150.311299077589,-2183.5942622575562,-0.000608729577315712
469784.0,6,19006401.48943091,-6158816.836225441,-17519710.924158175,-784.2563531807073,3241.0553012409,-1968.1929279713975,-0.0006087280183061279
470384.0,6,18463734.866328467,-4193171.843344721,-18632132.1347625,-1023.3124082936664,3307.1066822541516,-1737.5308400189608,-0.0006087265247424422
470984.0,6,17779834.71513851,-2195454.2517407425,-19602002.01497768,-1254.7708013900815,3347.9118399322556,-1493.3419913072682,-0.0006087250971565412
471584.0,6,16959800.80306853,-180928.83970362972,-20421755.339857962,-1476.8433155053028,3363.108292469915,-1237.470765588145,-0.0006087237355762758
472184.0,6,16009786.226533748,1834981.6464410275,-21084963.418063834,-1687.8063426056651,3352.5230826311326,-971.8553831879925,-0.0006087223979698843
472784.0,6,14936954.77743858,3836812.9167280085,-21586387.502024826,-1886.0169876760601,3316.1991237290026,-698.5262174104627,-0.0006087211659623404
473384.0,6,13749428.354098607,5809180.715576929,-21922024.141601734,-2069.922897786215,3254.3612511377028,-419.5720770754271,-0.0006087199970328783
473984.0,6,12456228.345637674,7736898.908701483,-22089140.686186958,-2238.077815372792,3167.4394053508804,-137.1363253498626,-0.0006087188892141186
474584.0,6,11067208.564133741,9605098.639370354,-22086301.188503224,-2389.1531135170717,3056.06081488577,146.60269584729056,-0.0006087178400627937
475184.0,6,9592981.294112064,11399345.493703444,-21913382.210625883,-2521.9492409871496,2921.046389486406,429.4488151104352,-0.0006087168466771535
475784.0,6,8044836.782346955,13105754.010656914,-21571578.26959166,-2635.4062384960444,2763.4054365641373,709.2055642913792,-0.0006087159057181687
476384.0,6,6434656.752611518,14711098.545735553,-21063396.739297073,-2728.613204281232,2584.3287081525227,983.6939401016631,-0.0006087150134343999
476984.0,6,4774822.599316685,16202919.506025106,-20392642.117313113,-2800.8165940272634,2385.1798052524896,1250.7702306846948,-0.0006087141656903682
477584.0,6,3078118.9792417465,17569623.99381259,-19564389.662286863,-2851.4272493246035,2167.4849868355586,1508.343736026659,-0.0006087133579982196
478184.0,6,1357633.5805286355,18800579.927386895,-18584948.50871882,-2880.026060243845,1932.9214515615608,1754.3942061664493,-0.0006087125855524433
478784.0,6,-373346.09848141856,19886202.750920463,-17461814.46985138,-2886.3681810974103,1683.304181015576,1986.9888188528146,-0.0006087118432673669
479384.0,6,-2101437.9333283603,20818033.818977356,-16203612.95826304,-2870.3895751119544,1420.573742006099,2204.2994506390123,-0.0006087106210253199
479984.0,6,-3813272.188430625,21588810.08640296,-14820031.799251778,-2832.19282200989,1146.7716372531343,2404.61433834974,-0.0006087099232287084
480584.0,6,-5495597.7986935,22192523.712242823,-13321745.961773077,-2772.069647932871,864.0367095654553,2586.35864368866,-0.0006087092390552487
481184.0,6,-7135388.639396129,22624471.48925659,-11720333.007005645,-2690.483558770585,574.5789391197022,2748.1036882660956,-0.000608708562715159
481784.0,6,-8719947.93667246,22881293.56444225,-10028181.20230096,-2588.0700335788324,280.6631867510771,2888.5801568083716,-0.0006087078883559915
482384.0,6,-10237010.078691736,22961000.93833756,-8258390.666865374,-2465.631323998244,-15.409689061458039,3006.6888003214654,-0.0006087072101094473
482984.0,6,-11674838.883541342,22862991.508982368,-6424668.495461853,-2324.129742798079,-311.3220519660722,3101.5096078503134,-0.0006087065221383326
483584.0,6,-13022321.426762247,22588054.50405764,-4541218.808693615,-2164.679511049364,-604.7588452094654,3172.309351825066,-0.0006087058186832359
484184.0,6,-14269056.577083193,22138363.266820017,-2622628.733117817,-1988.537251667888,-893.4268863226486,3218.547432848218,-0.0006087050941085029
484784.0,6,-15405437.445878506,21517456.48427266,-683751.3559396131,-1797.0912337662664,-1175.0739004420163,3239.8799717800734,-0.0006087043429471001
485384.0,6,-16422727.023256058,20730208.06734597,1260413.2734457063,-1591.8494870575935,-1447.5070988649197,3236.162119629824,-0.0006087035599439683
485984.0,6,-17313126.35021966,19782786.01052038,3194838.009717177,-1374.4269181606746,-1708.61111772931,3207.4485785469196,-0.0006087027400974867
486584.0,6,-18069834.672102485,18682600.585948076,5104588.315669205,-1146.5283121483055,-1956.3625856563363,3153.9880380621307,-0.0006087018379553287
487184.0,6,-18687101.05059864,17438243.04975081,6974940.324256362,-909.9467242666248,-2188.856687029781,3076.237375970175,-0.0006087009301560254
487784.0,6,-19160267.132685747,16059413.601259924,8791497.485772118,-666.5295134163296,-2404.3062854402306,2974.8312784236296,-0.0006086999724173838
488384.0,6,-19485800.681764703,14556842.213183424,10540302.784068609,-418.1754050836598,-2601.06652031722,2850.5930771307253,-0.0006086989611200749
488984.0,6,-19661319.811438963,12942200.74444277,12207947.33535854,-166.81579166011898,-2777.6444842414803,2704.5227004673343,-0.000608697893065655
489584.0,6,-19685607.750565283,11228008.198583825,13781673.700910922,85.60098420054919,-2932.710214848542,2537.787492799758,-0.000608696765500253
490184.0,6,-19558618.1609599,9427529.854716808,15249473.247940084,337.12528239377707,-3065.1061767441515,2351.7117504178545,-0.0006086955761345424
490784.0,6,-19281471.099403083,7554671.205124949,16600176.828048233,585.82161269169,-3173.855184905641,2147.7651023953163,-0.0006086943231598851
491384.0,6,-18856439.79925126,5623867.654734963,17823538.125251073,829.7837436443551,-3258.1667403099327,1927.5498714793016,-0.0006086930052605625
491984.0,6,-18286928.52414894,3649970.9467049753,18910309.111214165,1067.149350188481,-3317.441766865914,1692.7875543989978,-0.0006086916216220557
492584.0,6,-17577441.81630201,1648133.276330729,19852307.132177833,1296.1140882032173,-3351.2757558206013,1445.3045628965685,-0.0006086901719353641
493184.0,6,-16733545.524062695,-366309.9566267878,20642473.238616083,1514.944996051207,-3359.460339402,1187.0173665058412,-0.0006086886563973908
493784.0,6,-15761820.257164143,-2377957.5322323376,21274921.471983224,1721.9955391197223,-3341.9907267887465,919.918916553953,-0.0006086865703639621
494384.0,6,-14669806.652375769,-4371460.552145435,21744978.716651745,1915.7075471304895,-3299.034724518396,646.0563996656977,-0.0006086849263559798
494984.0,6,-13465945.282812435,-6331637.435274892,22049215.577576283,2094.637324637725,-3230.974101190203,367.52475545491535,-0.0006086832200615342
495584.0,6,-12159509.32711862,-8243587.84522131,22185467.129032593,2257.4551808284546,-3138.3708545668214,86.44490007282822,-0.0006086814536241371
496184.0,6,-10760531.939537482,-10092803.488965549,22152844.582264844,2402.957064542545,-3021.9690613903613,-195.05075833524188,-0.0006086796296392214
496784.0,6,-9279728.549632283,-11865275.206904974,21951737.421816472,2530.0724996858808,-2882.6881358588885,-474.83403199958195,-0.0006086777511331064
497384.0,6,-7728414.7410738,-13547595.692409953,21583806.23391158,2637.8714751301472,-2721.6149575187437,-750.7964149169502,-0.0006086758215389588
497984.0,6,-6118420.331508557,-15127057.199021159,21051966.40400806,2725.570275345322,-2539.994951699442,-1020.8642016501994,-0.000608673844669957
498584.0,6,-4462000.2805307675,-16591743.641536228,20360362.910062775,2792.5362451061974,-2339.2222064480147,-1283.0131797965905,-0.0006086718246898812
499184.0,6,-2771743.054565357,-17930616.544965453,19514336.483191833,2838.2914876958002,-2120.8287098078063,-1535.2828198728826,-0.0006086697660813575
499784.0,6,-1060477.0766362306,-19133594.342352413,18520381.448726803,2862.515501140512,-1886.472790449921,-1775.7898933272136,-0.0006086676736119958
500384.0,6,658824.1139348429,-20191624.568591304,17386095.59865159,2865.046761226883,-1637.9268433180682,-2002.7414557191546,-0.0006086655522986665
500984.0,6,2373137.0654948354,-21096748.366171565,16120122.673213566,2845.8801002278333,-1377.0647875567165,-2214.4472164960102,-0.0006086633672957099
501584.0,6,4069485.2181190234,-21842158.03338875,14732086.76219293,2805.1788782311305,-1105.8470396945777,-2409.330825011862,-0.0006086612039808491
502184.0,6,5735032.096719789,-22422244.502950653,13232521.70292183,2743.2544822303726,-826.309042982829,-2585.940941930812,-0.0006086590279900389
502784.0,6,7357176.315509,-22832638.21886439,11632792.66785022,2660.576540380355,-540.5451780258586,-2742.96098562054,-0.0006086568449528235
503384.0,6,8923643.427369185,-23070240.405344423,9945012.751499467,2557.7662858158556,-250.69453644518853,-2879.2182015340054,-0.0006086546605502898
503984.0,6,10422575.718245534,-23133245.614573747,8181954.229803617,2435.5921551577426,41.07402000794377,-2993.6917793434695,-0.0006086524804735097
504584.0,6,11842619.110268142,-23021155.236270376,6356955.186747771,2294.9644617412596,332.57698551565534,-3085.5200130305366,-0.0006086503103819178
505184.0,6,13173006.616698395,-22734781.86828945,4483822.093958351,2136.9291680669585,621.631448112981,-3154.0064676222737,-0.0006086481558618896
505784.0,6,14403637.805728044,-22276244.493440665,2576728.953367569,1962.6607837377492,906.0703652301496,-3198.6251175802104,-0.0006086460223857779
506384.0,6,15525153.745920882,-21648954.455007657,650113.6365515552,1773.4544172821977,1183.7578011534865,-3219.0244231184274,-0.0006086439152716695
506984.0,6,16529006.923969584,-20857592.272296105,-1281427.9233700424,1570.7170128692094,1452.6040487156538,-3215.030312100929,-0.0006086418396441201
507584.0,6,17407525.645747937,-19908075.388022434,-3203249.0105541795,1355.9578060689157,1710.5805550937316,-3186.6480368013035,-0.000608639800396126
508184.0,6,18153972.26500256,-18807517.253255107,-5100759.798768057,1130.7810933740766,1955.7357608702048,-3134.065268867268,-0.0006086372974403427
508784.0,6,18762595.952329777,-17564176.222608157,-6959537.129521113,896.8631320111637,2186.204524289103,-3057.642083138731,-0.0006086353448014653
509384.0,6,19228676.675146103,-16187399.173103338,-8765429.296519244,655.9584912239446,2400.229383451372,-2957.923548018657,-0.0006086334414658959
509984.0,6,19548563.962088715,-14687553.563990004,-10504663.956955174,409.8759364088962,2596.1687739544473,-2835.6273342598843,-0.0006086315910516151
510584.0,6,19719707.09926115,-13075953.452716507,-12163951.561573995,160.46858403205488,2772.510968496813,-2691.6419484704684,-0.0006086297967823081
511184.0,6,19740677.67626097,-11364777.787431665,-13730586.356928868,-90.37935687691584,2927.885981215027,-2527.021355466661,-0.0006086280614619639
511784.0,6,19611184.021402925,-9566981.81582414,-15192543.738686837,-340.76624530693994,3061.0766350046642,-2342.9783580184344,-0.0006086263874523817
512384.0,6,19332077.317808423,-7696202.155057095,-16538573.212015461,-588.7869901834977,3171.028691917379,-2140.87674202936,-0.0006086247766537852
512984.0,6,18905349.244372737,-5766656.125919908,-17758286.22603127,-832.5472652285091,3256.8599469041665,-1922.2222046505246,-0.0006086232304887318
513584.0,6,18334121.041857637,-3793036.011441271,-18842238.166093763,-1070.1778607516812,3317.8681866148518,-1688.652093380291,-0.0006086217498894845
514184.0,6,17622623.964332715,-1790398.9554172978,-19782003.810803108,-1299.8490689862883,3353.537917855285,-1441.9239957715824,-0.0006086203352889973
514784.0,6,16776171.139667537,225946.73113178648,-20570245.590284515,-1519.7849926691556,3363.545774815234,-1183.9032318363938,-0.0006086189866156367
515384.0,6,15801120.649106879,2240558.540154977,-21200774.148506016,-1728.2752256754172,3347.758914491274,-916.5454933706957,-0.0006086176620927814
515984.0,6,14704831.541973412,4237976.413188492,-21668599.967396464,-1923.6985845860227,3306.2599230051337,-641.8972848989213,-0.0006086164424808573
516584.0,6,13495609.510498779,6202844.14583521,-21969976.8002586,-2104.521242317134,3239.314237587634,-362.0587139330551,-0.0006086152855720533
517184.0,6,12182646.660110887,8120027.963587681,-22102435.327597886,-2269.319911210815,3147.391884192776,-79.18159601365595,-0.0006086141893054595
517784.0,6,10775953.048173059,9974735.235226475,-22064806.963531774,-2416.7912747202786,3031.1595993880314,204.55075181958142,-0.0006086131511475964
518384.0,6,9286281.386841979,11752631.192985203,-21857237.55638681,-2545.7632510265776,2891.476883505221,486.94074796300623,-0.0006086121681105662
518984.0,6,7725045.300764846,13439952.795305923,-21481190.685364813,-2655.205303185352,2729.3903774979185,765.7941353211902,-0.0006086112367739755
431984.0,7,-5024858.183666884,22917809.128965735,12678956.599807022,-2768.4838198696034,731.9667255072395,-2585.456550165533,-0.00017666525779863214
432584.0,7,-6664785.952743628,23269711.633647904,11081575.989041679,-2694.5285435691794,439.818359705768,-2735.745202282788,-0.00017666727530594938
433184.0,7,-8254043.123795016,23444735.918351207,9399957.238879522,-2599.6379651244383,142.7388655956156,-2865.9927728648618,-0.00017666965201929938
433784.0,7,-9780207.788346171,23440581.548944794,7646496.185896854,-2484.3093235571655,-157.05548593018534,-2974.985795151125,-0.00017667239205420288
434384.0,7,-11231206.944568634,23256299.917615507,5834276.594207159,-2349.20982439574,-457.27858781269117,-3061.64955648761,-0.0001766754967797149
434984.0,7,-12595419.258032566,22892331.535671137,3976982.287082696,-2195.1784945508734,-755.5907294457319,-3125.0632932794115,-0.00017667896474740094
435584.0,7,-13861778.439248195,22350532.964706033,2088800.2273487176,-2023.226287801625,-1049.6167902563388,-3164.4749572554874,-0.00017668279164144817
436184.0,7,-15019876.170775909,21634192.187119067,184314.85683439547,-1834.5452919386257,-1336.972566532929,-3179.308719956682,-0.00017668717835658473
436784.0,7,-16060062.932775928,20748031.376889754,-1721605.6113213203,-1630.4603701587494,-1615.2615228143068,-3169.203878738848,-0.00017669169875007587
437384.0,7,-16973546.24846095,19698196.2832285,-3613929.989502565,-1412.4890898533774,-1882.1358413418525,-3133.987176574713,-0.0001766965477779304
437984.0,7,-17752483.82186499,18492230.674403213,-5477591.843235918,-1182.2885421737851,-2135.2957706148663,-3073.7083963796254,-0.00017670170965438222
438584.0,7,-18390070.643535607,17139036.045929942,-7297621.76591779,-941.6548640112214,-2372.5214055757215,-2988.641082868735,-0.00017670716586792688
439184.0,7,-18880618.33277774,15648815.774732307,-9059283.351664964,-692.5091170574473,-2591.6985838391156,-2879.287188088085,-0.00017671289529879003
439784.0,7,-19219625.191537146,14033003.688376151,-10748211.059500393,-436.8806448392122,-2790.844745561069,-2746.3787944467895,-0.00017671887436774357
440384.0,7,-19403835.496758804,12304177.243990555,-12350548.121950423,-176.8880539880979,-2968.1342277143285,-2590.8766569678146,-0.00017672507721584082
440984.0,7,-19431286.674898755,10475955.840703093,-13853082.519970272,85.28195202990923,-3121.9224346654096,-2413.9653772702272,-0.00017673147591398033
441584.0,7,-19301343.167790696,8562885.128848199,-15243378.962605612,347.39757829385485,-3250.7683172346256,-2217.045106006324,-0.00017673804070052258
442184.0,7,-19014716.010575555,6580308.516501733,-16509904.780807383,607.2064001059691,-3353.4546040227006,-2001.7197651677548,-0.00017674474024450214
442784.0,7,-18573467.394760296,4544227.395881618,-17642147.675074473,862.4608337002117,-3429.005262782286,-1769.78188301436,-0.00017675154193132425
443384.0,7,-17980999.59113049,2471151.1963075968,-18630723.693183754,1110.9441920742686,-3476.698235043289,-1523.1915612677121,-0.00017675861854481918
443984.0,7,-17242029.289326936,377943.87032888364,-19467471.528591637,1350.4963664745765,-3496.0820213304987,-1264.065836177054,-0.00017676552288538964
444584.0,7,-16362544.4137198,-1718342.8928285511,-20145536.816649914,1579.039600195472,-3486.9733515440116,-994.639156904235,-0.00017677242694573062
445184.0,7,-15349748.254051981,-3800630.6654258426,-20659437.960204184,1794.602563806257,-3449.4657927942794,-717.2479933003104,-0.00017677929614503233
445784.0,7,-14211988.431338588,-5851979.875918642,-21005117.839948826,1995.3430639609817,-3383.9266303993354,-434.3009737413042,-0.00017678609623910583
446384.0,7,-12958673.149490982,-7855752.29199138,-21179978.51827727,2179.5686274285863,-3290.9911449110164,-148.25066501403128,-0.0001767927936491993
446984.0,7,-11600175.88257011,-9795768.857695127,-21182898.934300963,2345.754599468045,-3171.552935518185,138.4349784578133,-0.0001767993557808095
447584.0,7,-10147730.08268338,-11656460.611302039,-21014235.57860232,2492.5594340078924,-3026.7505683274603,423.3009017923463,-0.0001768057513278651
448184.0,7,-8613315.656667918,-13423010.606355045,-20675806.481270455,2618.8369416885835,-2857.95092402276,703.9324033568759,-0.00017681195055806883
448784.0,7,-7009539.068924003,-15081485.005066236,-20170859.170780964,2723.6453559567553,-2666.7296979914463,977.9812298762439,-0.0001768179255757001
449384.0,7,-5349508.981408783,-16618951.799622547,-19504023.553475775,2806.2531724107303,-2454.849564264297,1243.189849938371,-0.00017682365055877804
449984.0,7,-3646709.3407945894,-18023585.9307868,-18681250.91492196,2866.141808036402,-2224.2365509504843,1497.4135185717155,-0.00017682910196813856
450584.0,7,-1914872.2122833356,-19284759.499184057,-17709740.882195882,2903.007362254413,-1976.9632592861462,1738.645045029701,-0.00017683446731182135
451184.0,7,-167849.73504170403,-20393118.734624594,-16597855.399547318,2916.748858436944,-1715.1913390205023,1965.0103685815704,-0.00017683931160971717
451784.0,7,1580508.0502393302,-21340642.48003527,-15355027.306498978,2907.4751056087225,-1441.1933987820191,2174.8150707900522,-0.0001768438270354975
452384.0,7,3316473.641675027,-22120687.904081833,-13991657.854860878,2875.488198929143,-1157.2962354401707,2366.5333174782445,-0.00017684800065788175
452984.0,7,5026556.286814248,-22728020.383089554,-12519009.971603444,2821.2755890761937,-865.8640899542738,2538.821776111817,-0.00017685182241433534
453584.0,7,6697609.8353328435,-23158829.096060246,-10949097.066299714,2745.4984796331846,-569.2752392924695,2690.5251439674175,-0.0001768552851373595
454184.0,7,8316933.288747423,-23410728.99062433,-9294569.249761365,2648.979002374156,-269.9000250989459,2820.679117649227,-0.00017685838455325695
454784.0,7,9872363.409702169,-23482750.03815692,-7568598.434728254,2532.6865164467295,29.919455461339567,2928.511019568345,-0.00017686111925531846
455384.0,7,11352358.953343783,-23375314.812516145,-5784763.653348947,2397.7233568682987,327.887841382323,3013.4383298363596,-0.00017686349065359957
455984.0,7,12746076.269332005,-23090205.50282265,-3956937.773643416,2245.310329163746,621.7730929799429,3075.065392548764,-0.00017686550290359597
456584.0,7,14043436.19097138,-22630521.50905234,-2099176.6351087764,2076.772212586066,909.4211418666385,3113.1785745570537,-0.00017686716281618795
457184.0,7,15235182.274864914,-22000628.77365947,-225611.4584663272,1893.5234962932814,1188.7686301206948,3127.740153834921,-0.00017686847975121862
457784.0,7,16312930.445429994,-21206102.07840823,1649654.5669211573,1697.0434940385694,1457.8472644015076,3118.8855126971484,-0.00017686967209506766
458384.0,7,17269211.162320245,-20253660.93128859,3512646.075430868,1488.9071049677113,1714.8192711249922,3086.898055904865,-0.0001768703404267235
458984.0,7,18097502.3845063,-19151100.750920784,5349609.098378174,1270.706255318343,1957.94532308715,3032.226631231304,-0.0001768707079008006
459584.0,7,18792256.43749473,-17907219.93572917,7147100.313280701,1044.0819150504576,2185.6172067485836,2955.4596157715014,-0.00017687079276130585
460184.0,7,19348919.396564078,-16531743.4942131,8892070.818751078,810.702035844556,2396.3559711818034,2857.3203640438937,-0.00017687061509920132
460784.0,7,19763944.09972477,-15035244.160455853,10571944.551063655,572.2512310698448,2588.815641594342,2738.6583562454075,-0.00017687019669090906
461384.0,7,20034797.168910384,-13429061.571224319,12174691.385052519,330.4212196265389,2761.7859911030964,2600.4404648272184,-0.00017686956083314242
461984.0,7,20159960.491871003,-11725220.029373096,13688895.016273402,86.90199392899626,2914.1945364497196,2443.7424271849723,-0.00017686873217509
462584.0,7,20138927.589141227,-9936345.280530533,15103815.76782929,-156.62634520797565,3045.1079141139826,2269.740584735645,-0.00017686773654878224
463184.0,7,19972195.25261176,-8075580.638470685,16409448.495566124,-398.50115771928336,3153.7327807614333,2079.703922847538,-0.00017686660079828823
463784.0,7,19661250.796855003,-6156502.711018139,17596575.78053578,-637.0843185453996,3239.4163668548417,1874.9864223014458,-0.00017686535260822553
464384.0,7,19208555.213520557,-4193036.904250092,18656816.59891168,-870.768844884248,3301.6467951684663,1657.019711372687,-0.0001768640203319215
464984.0,7,18617522.61046325,-2199373.5311753387,19582670.35320085,-1097.9833653593719,3340.056895369119,1427.3075145867965,-0.00017686284135934346
465584.0,7,17892495.150608726,-189880.08637147304,20367558.211607233,-1317.2053620651445,3354.4097717467234,1187.4127772408642,-0.00017686142804479958
466184.0,7,17038716.21506561,1820978.5509199956,21005857.364747766,-1526.9564300530255,3344.620701227787,938.9598628474945,-0.00017686001798619084
466784.0,7,16062298.199933574,3818728.15592013,21492934.347579874,-1725.8150962373702,3310.7426990028825,683.6221283269992,-0.0001768586404901945
467384.0,7,14970187.807095401,5788969.076308917,21825172.885927785,-1912.420950736955,3252.970299383186,423.11674686326546,-0.0001768573246724861
467984.0,7,13770127.636376027,7717461.052075142,21999998.08261306,-2085.4805863705647,3171.639711064411,159.1980170177092,-0.00017685609928578419
468584.0,7,12470614.201794036,9590208.11375304,22015896.563657474,-2243.7736896076217,3067.2289577912525,-106.34951368966868,-0.0001768549925478707
469184.0,7,11080852.263754077,11393543.543742742,21872432.44818055,-2386.159332588046,2940.3579513756868,-371.7182103584536,-0.00017685403196964503
469784.0,7,9610705.341997167,13114214.84770672,21570258.944187786,-2511.582501217308,2791.7884232230717,-635.084897048079,-0.0001768532441833495
470384.0,7,8070642.256585987,14739468.632627564,21111125.311688535,-2619.080877662178,2622.4236203740934,-894.618884553093,-0.0001768526547712073
470984.0,7,6471679.53746421,16257135.225463282,20497878.876371518,-2707.7918768398517,2433.3076529177383,-1148.4905701997818,-0.00017685228809484233
471584.0,7,4825319.548471405,17655712.79216104,19734461.72344913,-2776.959915770709,2225.6243619005245,-1394.8806907331757,-0.00017685216712599796
472184.0,7,3143483.173136607,18924451.322346546,18825901.145810142,-2825.9407669682705,2000.6898871479243,-1631.9882771019104,-0.00017685305600727036
472784.0,7,1438442.7554298267,20053432.07202781,17778296.28417729,-2854.2214887441696,1759.9725941390318,-1858.0497761042375,-0.00017685348848391468
473384.0,7,-277258.3491323609,21033651.390184727,16598793.69753889,-2861.409582357105,1505.0562120016812,-2071.3375509553443,-0.00017685422559879263
473984.0,7,-1990882.7617165837,21857096.584629152,15295559.790471362,-2847.2527820252067,1237.6572255522656,-2270.1812666777896,-0.00017685528312900138
474584.0,7,-3689584.193889777,22516821.132194757,13877743.752121652,-2811.6432663436062,959.6134777616423,-2452.978676060049,-0.00017685667466556723
475184.0,7,-5360496.180794281,23007015.487848468,12355432.71980728,-2754.624524228522,672.8767532009065,-2618.209465983979,-0.00017685841147321442
475784.0,7,-6990824.144949421,23323072.91146903,10739599.019801635,-2676.397663090809,379.50383820338516,-2764.4496609778025,-0.00017685950010171955
476384.0,7,-8567944.317907274,23461649.789634094,9042035.576534763,-2577.3266558902405,81.64525093040288,-2890.3868253096443,-0.0001768619513032118
476984.0,7,-10079499.000351723,23420717.899114847,7275288.064199272,-2457.9429865873426,-218.46679971225205,-2994.8349148586854,-0.00017686476637664551
477584.0,7,-11513500.7983958,23199609.592317957,5452572.066847019,-2318.948552370154,-518.533515511294,-3076.74986873913,-0.00017686794611679443
478184.0,7,-12858434.903936353,22799052.93662553,3587683.8773372257,-2161.217223400853,-816.2060393894727,-3135.2446724649385,-0.00017687148848854667
478784.0,7,-14103362.450287394,22221196.3874266,1694901.7455970966,-1985.7945635937704,-1109.1040462990131,-3169.6039956803315,-0.0001768753885816401
479384.0,7,-15238023.67300796,21469621.222683072,-211122.4535770021,-1793.905073165499,-1394.8415677240453,-3179.2928161196387,-0.00017688084898085854
479984.0,7,-16252936.222613664,20549343.186444998,-2115474.981217515,-1586.909460030166,-1671.0276100554652,-3163.989747170614,-0.0001768854383753503
480584.0,7,-17139495.380573213,19466796.93841781,-4003107.266861646,-1366.354984686331,-1935.322133360609,-3123.5669831793944,-0.00017689035342112645
481184.0,7,-17890064.34068841,18229808.643266995,-5858961.884844697,-1133.9277751353216,-2185.4392326300244,-3058.1201239404418,-0.00017689557776173165
481784.0,7,-18498060.243229598,16847552.263307806,-7668106.360600283,-891.4503229370837,-2419.1781383648836,-2967.9697222013724,-0.00017690109233623662
482384.0,7,-18958031.73725431,15330490.511790313,-9415869.682265593,-640.8668407406551,-2634.449152809705,-2853.665349074011,-0.00017690687550317113
482984.0,7,-19265726.947128583,13690300.231845252,-11087980.333661532,-384.22612119735595,-2829.2994443728794,-2715.9866780999578,-0.00017691290319577375
483584.0,7,-19418150.390292667,11939782.462134361,-12670703.970864521,-123.66206030205262,-3001.938163467549,-2555.9413431310986,-0.00017691914910799664
484184.0,7,-19413607.520275407,10092757.78257221,-14150978.742714273,138.62790987492917,-3150.7603178597897,-2374.759398971792,-0.0001769255849100354
484784.0,7,-19251735.744222067,8163947.873562215,-15516546.18296042,400.4061547673746,-3274.3688401522118,-2173.884300400482,-0.00017693218049146607
485384.0,7,-18933520.984556712,6168844.55744317,-16756075.584799277,659.4195402515597,-3371.5942962117088,-1954.9604116100638,-0.00017693890422939413
485984.0,7,-18461299.114229217,4123567.9080247423,-17859279.811510283,913.4250460763944,-3441.5117219970157,-1719.8171602818547,-0.00017694572327837553
486584.0,7,-17838741.609616004,2044714.185245947,-18817021.077885587,1160.2183736820534,-3483.4507096923844,-1470.4488222741434,-0.00017695273902274257
487184.0,7,-17070827.020691775,-50797.499042741954,-19621402.11005411,1397.6495784528595,-3497.0189132862074,-1208.997549287495,-0.00017695964659408564
487784.0,7,-16163794.415755726,-2145894.513224275,-20265847.976241425,1623.6634781116973,-3482.0873879630662,-937.7220797212328,-0.00017696654675933437
488384.0,7,-15125084.707418486,-4223511.100553103,-20745168.517965533,1836.31364445091,-3438.8059925448,-658.976164453009,-0.00017697340497594194
488984.0,7,-13963266.864085251,-6266753.896729864,-21055606.664820753,2033.787145756712,-3367.5975052611884,-375.1799261188424,-0.00017698018710625803
489584.0,7,-12687951.69638819,-8259063.677817978,-21194869.633908235,2214.424648953563,-3269.151070855749,-88.79151962095737,-0.00017698685974472245
490184.0,7,-11309694.390289273,-10184371.981579416,-21162143.08765589,2376.737963503124,-3144.4117421290807,197.72141390239926,-0.00017699339053407312
490784.0,7,-9839887.40942053,-12027250.36414845,-20958088.31133531,2519.4247221405744,-2994.5664155008444,481.90990860127886,-0.0001769997484660195
491384.0,7,-8290645.541445109,-13773050.261168934,-20584822.813260492,2641.379983638307,-2821.026552886114,761.3708887040536,-0.00017700590416226534
491984.0,7,-6674684.960973426,-15408031.67838988,-20045885.068949413,2741.7046374585902,-2625.4081567733283,1033.772922990822,-0.00017701183013229895
492584.0,7,-5005198.223738026,-16919479.229846627,-19346184.414971124,2819.710584757899,-2409.5095192122594,1296.880070653257,-0.000177017501004982
493184.0,7,-3295727.094763388,-18295804.359685928,-18491937.340397365,2874.92276036723,-2175.2872971522047,1548.5734482129658,-0.00017702289373162813
493784.0,7,-1560035.3123834562,-19526632.712131508,-17490591.84269013,2907.0832564969824,-1924.838906935127,1786.873857124739,-0.00017702819669196347
494384.0,7,188018.29908036627,-20602877.155115273,-16350740.107656822,2916.127157432642,-1660.3475298726514,2009.9431127962253,-0.0001770329748530989
494984.0,7,1934602.1963431556,-21516794.367348455,-15082024.387521164,2902.2067280417755,-1384.1000765181898,2216.1204781216156,-0.00017703742121216165
495584.0,7,3666030.9863743056,-22262026.670970157,-13695033.725209288,2865.6625868380943,-1098.4332400798467,2403.9173306292237,-0.00017704152342263972
496184.0,7,5368878.479808457,-22833629.09752511,-12201196.092137938,2807.018413427194,-805.7162668519902,2572.028922395156,-0.0001770452720148624
496784.0,7,7030084.089461848,-23228082.125333562,-10612666.526630677,2726.9690709997826,-508.3278187604576,2719.339362861303,-0.0001770486604164821
497384.0,7,8637051.780614145,-23443290.963487275,-8942212.998516658,2626.3675790492607,-208.63432476621483,2844.9240842393024,-0.00017705168494580562
497984.0,7,10177740.977677427,-23478572.328065768,-7203101.4443751415,2506.21127873208,91.02996804975055,2948.0500129298953,-0.00017705434477997383
498584.0,7,11640749.02933653,-23334629.763939187,-5408981.277759584,2367.627510892613,388.3811024168267,3028.1737006194717,-0.00017705664190019465
499184.0,7,13015385.016815424,-23013518.633474592,-3573772.523660158,2211.859096831676,681.2016016992717,3084.937686790097,-0.00017705858101635724
499784.0,7,14291734.853695879,-22518601.924495265,-1711555.5632801368,2040.2498766056776,967.3547264475876,3118.1653712959755,-0.00017706016947340275
500384.0,7,15460717.768012676,-21854498.027831275,163535.68989081788,1854.2305210858253,1244.7968309304629,3127.854672762044,-0.00017706141714180705
500984.0,7,16514134.322357517,-21027021.706065316,2037416.4095493208,1655.2936310985297,1511.5817157285026,3114.174480328196,-0.00017706254262389085
501584.0,7,17444706.626124643,-20043118.89820609,3896149.2522267555,1445.0251105199293,1765.8942977717866,3077.4417046822373,-0.00017706314746413333
502184.0,7,18246110.241493646,-18910796.878298923,5726037.52862354,1225.025066586235,2006.0203950643245,3018.1352205787484,-0.00017706345500489372
502784.0,7,18912999.276784264,-17639050.677927084,7513712.915599469,996.9404259342917,2230.3776777498406,2936.872174898229,-0.00017706348388504372
503384.0,7,19441024.49067071,-16237786.103292145,9246218.237800188,762.4429307161291,2437.5139345252906,2834.4028545806987,-0.00017706325455772552
503984.0,7,19826845.047405005,-14717740.401785396,10911084.77714983,523.218979361704,2626.110580140301,2711.601848948853,-0.00017706278912798937
504584.0,7,20068134.37627742,-13090401.105434425,12496404.281350551,280.96022449885277,2794.9852554784475,2569.4593508127064,-0.00017706211118698659
505184.0,7,20163580.582787637,-11367923.555504907,13990895.779295757,37.35488444122666,2943.0936843273635,2409.0726783833675,-0.000177061245643702
505784.0,7,20112881.8287338,-9563047.5159029,15383967.354364524,-205.9202920553446,3069.5309409851698,2231.6380728285126,-0.000177060218555018
506384.0,7,19916737.058880053,-7689013.192966538,16665773.053665714,-447.20748102067955,3173.5322697545844,2038.4428008946913,-0.00017705905695472135
506984.0,7,19576832.405220814,-5759476.897518992,17827265.123532485,-684.8747411706483,3254.473581825321,1830.8575686755682,-0.00017705778868190475
507584.0,7,19095823.54816934,-3788426.513067657,18860241.76016165,-917.3225633527319,3311.871737620574,1610.3292314834111,-0.00017705644220907427
508184.0,7,18477314.408465605,-1790097.552504994,19757390.213297054,-1142.989414170335,3345.3870896776293,1378.376860468332,-0.0001770547896575118
508784.0,7,17725831.378249004,221114.30976384226,20512327.374547187,-1360.3604311251524,3354.81403141175,1136.572670460191,-0.00017705337411656858
509384.0,7,16846795.733640403,2230733.6970300265,21119633.17203522,-1567.969393896919,3340.0954415947945,886.55354055748,-0.0001770519678613052
509984.0,7,15846490.771177702,4224292.997078033,21574882.97146088,-1764.4070607610734,3301.313208110688,630.0024278837816,-0.00017705060017641575
510584.0,7,14732026.39949087,6187416.471581077,21874674.647578932,-1948.3264278747818,3238.6907793302416,368.64471799827317,-0.00017704930012024878
511184.0,7,13511300.027528884,8105905.097419031,22016651.93611956,-2118.448693117016,3152.5933203614168,104.24150472078011,-0.00017704809635283336
511784.0,7,12192953.858551394,9965821.486706404,21999523.723358687,-2273.569382720297,3043.527845862334,-161.41733576779043,-0.00017704701696388678
512384.0,7,10786328.4753604,11753574.863764731,21823079.124355614,-2412.5646875401153,2912.1432720724433,-426.52037643220126,-0.00017704608930087663
512984.0,7,9301412.577014467,13456006.036911681,21488198.139416397,-2534.3980407791164,2759.2303100131253,-689.2422757817263,-0.00017704533979729352
513584.0,7,7748788.711802442,15060472.24993607,20996857.617925726,-2638.126951881034,2585.721101820426,-947.7519148914848,-0.00017704479380140057
514184.0,7,6139574.846853807,16554931.733000817,20352132.201230057,-2722.9100921613635,2392.6884832563182,-1200.221124009964,-0.00017704447540585678
514784.0,7,4485361.622710833,17928027.696229763,19558189.863837045,-2788.01460662144,2181.344738052575,-1444.8340774585245,-0.00017704440727876552
515384.0,7,2798144.9787796596,19169171.647275794,18620281.45132457,-2832.822090974556,1953.032003366006,-1679.7935588579705,-0.00017704481627540706
515984.0,7,1090255.049191961,20268624.37939834,17544724.83810644,-2856.8421640614197,1709.2501005377576,-1903.3476359364902,-0.00017704530961775258
516584.0,7,-625720.8659530915,21217576.70490903,16338880.4604722,-2859.7111952202467,1451.607293389517,-2113.7772121291882,-0.00017704611104991233
517184.0,7,-2337018.833272053,22008226.439589333,15011121.441974591,-2841.2056490813075,1181.8455677717457,-2309.425006279397,-0.0001770472359142234
517784.0,7,-4030783.659187204,22633852.494171523,13570795.05624253,-2801.2478402154316,901.8269058028426,-2488.704624454504,-0.0001770486973371605
518384.0,7,-5694158.443362442,23088884.778751984,12028176.167108366,-2739.912693924359,613.5255487847221,-2650.1145425574746,-0.00017705050609103184
518984.0,7,-7314378.042412642,23368968.99576106,10394412.067842413,-2657.4338578484867,319.01859440803105,-2792.2526835074304,-0.00017705267046637244
431984.0,8,-14200352.98427792,6305736.603402709,21355882.978018865,-1753.863534535139,-3477.6393698464562,-90.61116581615669,0.0004561023027364787
432584.0,8,-15196078.563605938,4197392.347107459,21218530.931115903,-1563.188360868689,-3545.7714722064916,-366.79300312622547,0.00045609702304942243
433184.0,8,-16073857.28359111,2056460.338728792,20916450.3682382,-1360.9274474133495,-3586.2261786712984,-639.35960878549,0.0004560919314248211
433784.0,8,-16827229.4830858,-100396.83571506664,20452446.599485613,-1148.7302896032502,-3598.8437284561555,-906.1967986293954,0.0004560870340052487
434384.0,8,-17450743.476530813,-2256487.892849098,19830572.80061216,-928.306890332042,-3583.6883799057823,-1165.2602330676202,0.000456082335381209
434984.0,8,-17939987.1977947,-4395225.498947889,19056083.544262614,-701.4121808578475,-3541.0428267016205,-1414.5908405255154,0.00045607783857263857
435584.0,8,-18291610.605621666,-6500255.061750624,18135379.533085436,-469.8306982504321,-3471.4008443355074,-1652.3287929078513,0.00045607354502376254
436184.0,8,-18503338.967930276,-8555578.448921492,17075944.51388081,-235.36338155011072,-3375.4580966733097,-1876.7261833919576,0.0004560695595669071
436784.0,8,-18573977.799545377,-10545673.087470861,15886274.645988703,0.19362734668993653,-3254.103102381393,-2086.157103309606,0.00045606567062138933
437384.0,8,-18503408.60836483,-12455602.693514548,14575802.77058173,235.0523389627897,-3108.404057737367,-2279.128445956617,0.0004560619799548842
437984.0,8,-18292577.38590976,-14271122.661361717,13154816.458027972,467.45277354642394,-2939.5978767179186,-2454.2868759253283,0.00045605848290336017
438584.0,8,-17943475.27216357,-15978777.239481598,11634372.170223124,695.6733455242882,-2749.0769550721398,-2610.4255950049433,0.00045605517337949855
439184.0,8,-17459112.235395245,-17565988.95432488,10026205.800111912,918.0421381556334,-2538.3757534498704,-2746.4894908278593,0.00045605204393340897
439784.0,8,-16843484.227225747,-19021139.9029406,8342640.467460861,1132.9473103463042,-2309.1570418914025,-2861.579009513446,0.00045604908582146564
440384.0,8,-16101534.327312574,-20333644.744182583,6596492.307777238,1338.846635329712,-2063.19795105116,-2954.952845208934,0.00045604628908242775
440984.0,8,-15239108.389498085,-21494015.298404135,4800974.936722222,1534.2761860620133,-1802.375953956432,-3026.029544066298,0.00045604364262003254
441584.0,8,-14262905.690743957,-22493916.733406946,2969603.215915134,1717.8581944684943,-1528.6548803361636,-3074.3881212279434,0.00045604113429128677
442184.0,8,-13180425.067231061,-23326215.370068714,1116096.889577298,1888.3081211003632,-1244.0710442558689,-3099.7677872262066,0.00045603875099972207
442784.0,8,-11999907.00020391,-23985018.184889626,-745715.3933025785,2044.4409783795725,-950.7195455242248,-3102.066875270703,0.0004560364787929304
443384.0,8,-10730272.15435857,-24465704.188689973,-2601991.264370503,2185.175069759258,-650.7386100323383,-3081.344367705044,0.00045603429623082065
443984.0,8,-9381056.461210307,-24764947.437723055,-4438968.170135526,2309.544469454329,-346.30512069029373,-3037.8042268011395,0.000456032201322824
444584.0,8,-7962343.716237957,-24880732.65325318,-6243056.26596721,2416.6921768286343,-39.608354960359634,-2971.8122482009608,0.0004560301715299003
445184.0,8,-6484695.56886627,-24812362.625508673,-8000928.12231157,2505.88137781024,267.15384140841604,-2883.879294283078,0.0004560281905163226
445784.0,8,-4959079.3591920175,-24560458.197271675,-9699606.843950525,2576.4968823932713,571.7898093382753,-2774.6606015888533,0.00045602624162168333
446384.0,8,-3396794.150592873,-24126950.736685902,-11326551.46482664,2628.0479342857343,872.126369093702,-2644.951322842911,0.0004560243079723424
446984.0,8,-1809395.2282993654,-23515067.26371803,-12869739.501255557,2660.1705624877313,1166.0209212320738,-2495.6816330712254,0.0004560223725936027
447584.0,8,-208617.34013975412,-22729308.346468385,-14317746.401170572,2672.6294923690484,1451.3733820941002,-2327.9114044222038,0.0004560204185222257
448184.0,8,1393703.0533115305,-21775418.869019013,-15659821.628699746,2665.3196244063,1726.1379794448917,-2142.8244432322463,0.00045601842891890905
448784.0,8,2985706.2554393057,-20660351.758600265,-16885961.11870957,2638.267078813443,1988.3349306404662,-1941.7222728416439,0.0004560163871803459
449384.0,8,4555588.271094357,-19392224.748047154,-17986975.825545445,2591.6297941229423,2236.062019950529,-1726.0174369349518,0.0004560142770504755
449984.0,8,6091679.930580117,-17980270.241273668,-18954556.074806806,2525.6976576225074,2467.506083524107,-1497.2262910184365,0.00045601208273051954
450584.0,8,7582525.643344955,-16434778.526140664,-19781331.22345474,2440.8928513768756,2680.951852474477,-1256.96041535533,0.00045600978105728895
451184.0,8,9016963.120450448,-14767033.246388102,-20460925.395369958,2337.7660899571865,2874.803459253239,-1006.9214887152752,0.00045600737345855046
451784.0,8,10384199.554953422,-12989242.263422597,-20988006.22783668,2216.9993784789744,3047.5801881473726,-748.8875977411075,0.00045600483809374754
452384.0,8,11673889.490455722,-11114459.756495707,-21358329.752877437,2079.401036050042,3197.9377401524766,-484.70665126280386,0.00045600216205239673
452984.0,8,12876209.804054234,-9156502.982818246,-21568778.48859565,1925.9035419210127,3324.6763665700223,-216.2852655897028,0.0004559993333967735
453584.0,8,13981933.012518184,-7129862.513130836,-21617393.26847115,1757.5599018848359,3426.7512642251445,54.42233620014942,0.0004559963412542156
454184.0,8,14982498.157756755,-5049606.388476329,-21503398.21828646,1575.5391724969763,3503.282548733243,325.42618147541583,0.0004559931759043169
454784.0,8,15870078.75508676,-2931278.4771145694,-21227218.42958058,1381.121077377769,3553.564689459643,594.7131673086085,0.0004559898288602692
455384.0,8,16637647.24862649,-790791.3834841158,-20790489.877505943,1175.6896539868399,3577.0752725020984,860.260431165908,0.00045598629294356954
455984.0,8,17279035.381825756,1355685.6553901024,-20196061.140205692,960.7258765149768,3573.4829422450393,1120.0494434427603,0.00045598256235127466
456584.0,8,17788989.859684117,3491843.357628148,-19447986.498114258,737.799211109019,3542.6543585428312,1372.0807707047024,0.0004559786327149638
457184.0,8,18163222.654722545,5601352.838930383,-18551510.026523303,508.5580736311713,3484.6599961791753,1614.3894347491494,0.0004559745011505576
457784.0,8,18398455.43428108,7667989.5154434,-17513040.20863805,274.7152793382404,3399.7802497929915,1845.0595054241246,0.00045597015981160756
458384.0,8,18492456.610413447,9675757.517272282,-16340115.701891625,38.0519769290363,3288.501778625074,2062.2454046990283,0.0004559656218185355
458984.0,8,18444072.37309655,11609018.989429109,-15041359.61318943,-199.61885334470207,3151.5287001835013,2264.1806623437637,0.0004559608824886122
459584.0,8,18253248.50003548,13452620.05957925,-13626425.694066994,-436.4503502999926,2989.7752935086596,2449.1995647513286,0.0004559559451618317
460184.0,8,17921044.159336112,15192017.665679384,-12105933.723937156,-670.5805289195391,2804.3650395690574,2615.7521529329993,0.00045595081474615395
460784.0,8,17449636.510424703,16813403.86345189,-10491395.376282932,-900.1478496648498,2596.6258314792567,2762.4201387646735,0.00045594549769624004
461384.0,8,16842315.747384854,18303826.634025004,-8795130.671305379,-1123.307451983132,2368.0829347326057,2887.932187876268,0.0004559400019783612
461984.0,8,16103470.225984536,19651305.8098787,-7030175.463841318,-1338.2478780813078,2120.449632319166,2991.178315201879,0.000455934337021261
462584.0,8,15238561.42929848,20844942.707422912,-5210180.573240973,-1543.2080862522714,1855.6155310806287,3071.2231331389967,0.00045592851365292605
463184.0,8,14254088.656458963,21875022.05201883,-3349303.3217862514,-1736.4945293941225,1575.6325519998127,3127.3176931573284,0.00045592254402341994
463784.0,8,13157543.462340234,22733104.80881305,-1462092.4054733755,-1916.4980550391701,1282.698677095993,3158.90967019413,0.0004559164415141381
464384.0,8,11957354.02979179,23412110.592252683,436632.8294200326,-2081.710369305621,979.1395776792463,3165.651655640131,0.00045591022063406285
464984.0,8,10662819.858415794,23906388.317047045,2331907.2961614146,-2230.743550447044,667.3919342193981,3147.403840345582,0.00045590388878477355
465584.0,8,9284037.077267867,24211774.50859195,4208749.062900861,-2362.3298451742926,349.9668984309633,3104.2519638795807,0.0004558974786125091
466184.0,8,7831815.393947655,24325637.261017278,6052288.200716677,-2475.3577550190225,29.448361456855537,3036.4877413578088,0.0004558909991541427
466784.0,8,6317587.217962628,24246906.067845542,7847897.195311636,-2568.8691071289277,-291.54609515248376,2944.6219087569925,0.00045588446816387815
467384.0,8,4753310.023010575,23976086.551605776,9581319.373492062,-2642.073232325107,-610.3869422826762,2829.3771379865448,0.0004558779038449245
467984.0,8,3151363.0238969047,23515259.770563073,11238794.474845186,-2694.355498152515,-924.4584484008067,2691.6819258171663,0.0004558713246915787
468584.0,8,1524439.3551799906,22868066.015609793,12807179.758138645,-2725.283806461647,-1231.1844227002748,2532.662001485015,0.00045586474932787395
469184.0,8,-114564.97931008041,22039673.232337233,14274065.180801107,-2734.6129411482148,-1528.0535581251056,2353.629368919086,0.0004558581963446902
469784.0,8,-1752664.063790271,21036730.443160664,15627881.278933574,-2722.286696174985,-1812.643982529055,2156.0691497314065,0.0004558516841372587
470384.0,8,-3376895.587386715,19867306.77571515,16857998.493277032,-2688.4377605172294,-2082.646643618434,1941.6244386948983,0.00045584523074498066
470984.0,8,-4974433.576829677,18540816.92005484,17954816.829787064,-2633.3853835246214,-2335.887181073532,1712.0794227824365,0.00045583885369543555
471584.0,8,-6532699.032830903,17067934.03262779,18909844.907436457,-2557.630889691869,-2570.345976221583,1469.3410466142086,0.0004558325698543653
472184.0,8,-8039467.252305018,15460491.231420554,19715767.676105,-2461.8482819889323,-2784.1757259605174,1215.4186437764188,0.0004558263887666152
472784.0,8,-9482970.364462934,13731373.454906575,20366501.932072297,-2346.887256983133,-2975.7187267992927,952.4071230542805,0.00045582033878365235
473384.0,8,-10851994.988448337,11894399.522293545,20857239.966637623,-2213.7460212120977,-3143.5175337294245,682.4609904637649,0.00045581442725132733
473984.0,8,-12135972.421102285,9964198.6647384,21184480.185611278,-2063.5709978266314,-3286.3273601879905,407.77674311610076,0.00045580866706090893
474584.0,8,-13325062.025753189,7956080.582568577,21346045.464659452,-1897.6411162831835,-3403.123638315131,130.57117103434834,0.00045580306983394815
475184.0,8,-14410226.451716594,5885901.72660107,21341089.080133837,-1717.3538914576898,-3493.1074355020346,-146.93909596366444,0.0004557976458370046
475784.0,8,-15383298.278366247,3769929.130109421,21170088.608272653,-1524.2107157487703,-3555.7083226397694,-422.557366036304,0.0004557924039101219
476384.0,8,-16237037.693173412,1624703.2768700486,20834828.269769132,-1319.8016062263123,-3590.5847959313983,-694.1257578622254,0.0004557873514093257
476984.0,8,-16965180.953401346,-533098.5830832841,20338370.320492566,-1105.7896405519675,-3597.6223926833945,-959.5429729826946,0.00045578249416321616
477584.0,8,-17562479.514437724,-2686797.3519949187,19685016.19166439,-883.895301686335,-3576.92967296423,-1216.7808098939256,0.0004557778364435365
478184.0,8,-18024729.831351575,-4819844.028374003,18880258.16349723,-655.8809332537518,-3528.832263024936,-1463.8992993832246,0.00045577338094943034
478784.0,8,-18348793.9520613,-6915947.58796842,17930722.415400505,-423.53548588586773,-3453.865172865487,-1699.0603774735373,0.0004557691288049518
479384.0,8,-18532611.00933904,-8959197.485764839,16844104.56792585,-188.66362237101453,-3352.762293993238,-1920.5425935257203,0.0004557655375957578
479984.0,8,-18575200.588923994,-10934181.924964968,15629097.299451271,46.944192705039995,-3226.451250771687,-2126.7414835827876,0.00045576168925956804
480584.0,8,-18476656.63449368,-12826096.75600401,14295313.962231519,281.50165648360576,-3076.0337994944857,-2316.1942251078026,0.0004557580383589001
481184.0,8,-18238134.55637136,-14620849.53516595,12853205.451336164,513.2551677218773,-2902.778900091361,-2487.576812896043,0.00045575457993608044
481784.0,8,-17861830.422836117,-16305155.128434982,11313973.619473273,740.4918303426224,-2708.1083135680856,-2639.7129307886025,0.00045575130762187617
482384.0,8,-17350953.30186929,-17866623.5101144,9689481.197588688,961.550556427427,-2493.58310780842,-2771.578832485847,0.0004557482136979264
482984.0,8,-16709691.179659795,-19293839.391110804,7992159.126309209,1174.8323000171054,-2260.8898560846887,-2882.3069649201902,0.0004557452891671224
483584.0,8,-15943170.970414365,-20576433.523895994,6234912.024185655,1378.809424760897,-2011.8266692561117,-2971.1884284152834,0.0004557425238311041
484184.0,8,-15057413.127744194,-21705145.60876254,4431022.463555828,1572.0342230250244,-1748.28918094741,-3037.6743717122363,0.00045573990637406915
484784.0,8,-14059281.355946792,-22671878.791324425,2594054.668223493,1753.1466157742088,-1472.256583266942,-3081.376420267204,0.0004557374244521261
485384.0,8,-12956427.901444897,-23469745.794389047,737758.1908973842,1920.8810713785704,-1185.7777894848516,-3102.066233433059,0.0004557350647874701
485984.0,8,-11757234.882046567,-24093106.768761985,-1124027.925904715,2074.072787550959,-890.9577800904308,-3099.674280674879,0.00045573281326670347
486584.0,8,-10470752.344699454,-24537598.96628559,-2977469.863954795,2211.6611675422955,-589.9421677320622,-3074.2908027636017,0.0004557306482264726
487184.0,8,-9106631.911188312,-24800158.519977894,-4808833.321241466,2332.7027253266706,-284.91205729149215,-3026.151739546163,0.0004557285677546151
487784.0,8,-7675060.180115324,-24879033.886685763,-6604574.336148651,2436.3632761885115,21.941041630191876,-2955.652902351845,0.0004557265491025163
488384.0,8,-6186687.35745471,-24773792.17097597,-8351429.723954319,2521.9296838967452,328.4197560674462,-2863.3348236314127,0.00045572457586015645
488984.0,8,-4652554.916500964,-24485317.489959717,-10036504.403405165,2588.8110518204903,632.3353636250828,-2749.8815428748762,0.0004557226313154448
489584.0,8,-3084021.288823628,-24015801.97279607,-11647356.237772683,2636.5414432889347,931.5200439795907,-2616.116060490896,0.00045572069856584407
490184.0,8,-1492686.0751502216,-23368729.438331477,-13172077.98109672,2664.782148094161,1223.8389445339276,-2462.995357413151,0.0004557187606306429
490784.0,8,109686.94972371869,-22548851.86384768,-14599376.06798378,2673.3235107777577,1507.202086506728,-2291.6049826451454,0.00045571680056349126
491384.0,8,1711247.7717673276,-21562158.743432935,-15918645.985625843,2662.086326809927,1779.5761365371452,-2103.1532000940033,0.0004557148015648199
491984.0,8,3300138.7483705822,-20415839.420947332,-17120043.960798737,2631.1228027770494,2038.9960651181418,-1898.964676271086,0.00045571274709376407
492584.0,8,4864573.62737762,-19118238.471413683,-18194554.68310373,2580.6170665086984,2283.5767069187914,-1680.4736820258859,0.0004557106209791973
493184.0,8,6392916.6975606335,-17678804.1973874,-19134054.769418493,2510.885202973679,2511.5242294350846,-1449.2167746925793,0.00045570840752946437
493784.0,8,7873761.615503109,-16108030.431549504,-19931371.51834309,2422.378051377985,2721.1448579171056,-1206.8230285813358,0.00045570608370373427
494384.0,8,9296010.707091715,-14417390.750106834,-20580337.45743366,2315.667168108952,2910.866712904089,-955.0130304002782,0.0004557036509972475
494984.0,8,10648951.26682555,-12619268.114916435,-21075838.146278184,2191.4626420961636,3079.2350580404886,-695.5786955584289,0.00045570108783049026
495584.0,8,11922333.154672442,-10726875.460964005,-21413855.866571456,2050.597896888382,3224.9338049376825,-430.380771885479,0.00045569838148458837
496184.0,8,13106443.430494126,-8754171.253011914,-21591506.420381837,1894.0299002878417,3346.7935276642097,-161.33651529831653,0.0004556955202325468
496784.0,8,14192179.243511278,-6715768.481039474,-21607069.59852601,1722.8353663647235,3443.801782275101,109.5915658671745,0.00045569249343056296
497384.0,8,15171118.199378673,-4626837.627645975,-21460012.703767046,1538.2061013813534,3515.1129818314266,380.4077250987496,0.00045568929160408187
497984.0,8,16035585.680097131,-2503003.9006527225,-21151006.677078933,1341.443428564525,3560.057706986218,649.095752898707,0.0004556859065278435
498584.0,8,16778718.55332621,-360239.09924627,-20681934.37621693,1133.9516314112573,3578.1513151867966,913.6324985764683,0.00045568233129913093
499184.0,8,17394524.67225595,1785251.4325559912,-20055890.567443322,917.2303631244266,3569.101696197922,1172.0021047931666,0.0004556785604033976
499784.0,8,17877937.53705832,3917146.216666907,-19277173.215230264,692.8659810218171,3532.816008747247,1422.2108990028526,0.00045567458977142884
500384.0,8,18224865.46619447,6019128.7651799405,-18351265.69265759,462.5217794266025,3469.4062234291005,1662.3028618380965,0.00045567041682718717
500984.0,8,18432234.73624968,8075012.088141022,-17284809.42212471,227.9246996853351,3379.194033932943,1890.375308371607,0.0004556655683032948
501584.0,8,18498025.28421104,10068863.345563252,-16085567.616864877,-9.136944693924988,3262.7104559276577,2104.5962552288197,0.00045566098912593934
502184.0,8,18421300.11238671,11985132.938578978,-14762377.870419167,-246.8411068380583,3120.7013034677366,2303.219151110787,0.00045565620918333746
502784.0,8,18202225.552953243,13808780.941110041,-13325095.976935774,-483.33626880501834,2954.1230621920586,2484.6005610051084,0.0004556512321357463
503384.0,8,17842083.254773263,15525403.374142218,-11784529.428405616,-716.7588297899146,2764.1406125225535,2647.2160848671024,0.0004556460632080136
503984.0,8,17343272.910898857,17121355.905468017,-10152361.333238365,-945.2488243839642,2552.12199345115,2789.6761628321774,0.0004556407091655223
504584.0,8,16709305.34614493,18583873.774083633,-8441065.001798306,-1166.9662723451393,2319.6309007930067,2910.7411960960007,0.00045563517827625115
505184.0,8,15944785.62759488,19901186.54979792,-6663809.679648278,-1380.1079804070387,2068.41686276594,3009.3357278706244,0.00045562948025876595
505784.0,8,15055385.97788831,21062626.314120185,-4834358.067768215,-1582.9245904131749,1800.4030782601474,3084.5614241084436,0.0004556236262161369
506384.0,8,14047808.403698277,22058727.85189232,-2966956.4286265755,-1773.7376452024084,1517.6719503026754,3135.7085960706227,0.0004556176285559754
506984.0,8,12929737.097426632,22881319.477023806,-1076218.232951675,-1950.9564253529916,1222.448397704283,3162.2660168936613,0.0004556115008969947
507584.0,8,11709780.82558694,23523603.18172946,822997.5506575837,-2113.0942971929653,917.0810801348173,3163.9288023822237,0.00045560525796271574
508184.0,8,10397405.758353105,23980222.855537713,2715711.695347618,-2258.7874387906145,604.0246883270518,3140.6029795331633,0.0004555992603295646
508784.0,8,9002858.711770635,24247319.721942224,4586955.813493383,-2386.7968676751902,285.8057988968277,3092.413623060084,0.0004555928347226025
509384.0,8,7537083.199297216,24322573.554190136,6421898.305247599,-2496.0405959267964,-34.98317730908275,3019.698764316603,0.00045558634340985585
509984.0,8,6011626.433262339,24205229.61166434,8205976.937682969,-2585.592817183304,-355.72050067052317,2923.012606127893,0.0004555798042487487
510584.0,8,4438540.6450259425,23896110.21655756,9925026.149280904,-2654.6971188087787,-673.7776373900663,2803.1202451532477,0.0004555732355138484
511184.0,8,2830278.7450047284,23397610.942580357,11565401.833593616,-2702.774621851885,-986.5450329769508,2660.9910503392775,0.0004555666557381064
511784.0,8,1199585.4682400022,22713680.917267554,13114101.95996928,-2729.4300554231872,-1291.4579097062415,2497.789522962332,0.00045555973067621205
512384.0,8,-440613.1288259737,21849789.67458082,14558877.914774263,-2734.4556773536956,-1586.0210513689171,2314.8640944036297,0.00045555318464164196
512984.0,8,-2077324.4546958692,20812875.50645093,15888344.474774579,-2717.832944797802,-1867.8337928866126,2113.7332351049486,0.0004555466830934055
513584.0,8,-3697601.8125845855,19611283.048691325,17092074.727810342,-2679.7319569782517,-2134.6126915053933,1896.0701349729254,0.00045554024397806675
514184.0,8,-5288657.103376253,18254685.81459885,18160688.27987874,-2620.5086840355457,-2384.213163039809,1663.685455818328,0.00045553388469926566
514784.0,8,-6837970.911226929,16753996.724952085,19085928.041403186,-2540.700063918583,-2614.6491296252207,1418.5087381039152,0.00045552762196913863
515384.0,8,-8333399.112081461,15121267.905969296,19860725.370985262,-2441.0128069951725,-2824.1106167696935,1162.569738184331,0.00045552181766612596
515984.0,8,-9763274.174863204,13369578.892134909,20479253.873967297,-2322.3316361610796,-3010.9786995239588,897.9739018092214,0.00045551579489990564
516584.0,8,-11116501.706656411,11512920.20626987,20936969.244053323,-2185.6834746912205,-3173.8383699105098,626.8876928009538,0.00045550991330736387
517184.0,8,-12382649.36624556,9566066.426284418,21230638.287707776,-2032.2423852431696,-3311.488643426384,351.5134051162681,0.0004555041855277261
517784.0,8,-13552028.639712773,7544445.928556841,21358354.470969826,-1863.3122601179737,-3422.950025001958,74.06942119336557,0.00045549862291206626
518384.0,8,-14615768.399591438,5464006.570314867,21319541.36805566,-1680.312720823896,-3507.469405822215,-203.2301252506171,0.00045549323544080933
518984.0,8,-15565879.797439117,3341079.2277110806,21114944.16374676,-1484.7642793394339,-3564.522428863767,-478.19496141030936,0.00045548803165505525
431984.0,9,2718040.554763198,23691136.8185197,-11715829.747793678,-2589.241766771146,-1020.2038919835377,-2693.131517665533,0.0007570909904125173
432584.0,9,1156125.9427573495,22989170.049764756,-13284917.318582276,-2613.955536420781,-1317.8843897220595,-2533.6966195825803,0.0007570890211416633
433184.0,9,-414622.79915806465,22111585.895800717,-14752502.413616145,-2618.6887810829257,-1605.2420146232303,-2355.051221816133,0.0007570870534177219
433784.0,9,-1982209.0236721542,21065236.942776725,-16107471.009405358,-2603.4397340099904,-1880.1068059353406,-2158.588579140473,0.0007570851424653711
434384.0,9,-3534681.1837462764,19858247.643310912,-17339585.08485667,-2568.357766931981,-2140.4106907858863,-1945.831968646107,0.0007570832866840684
434984.0,9,-5060222.716418453,18499948.500626683,-18439556.99014204,-2513.741245018482,-2384.2022252559223,-1718.42244184222,0.000757081484056911
435584.0,9,-6547240.4787972355,17000801.784904398,-19399116.105327673,-2440.0343375726443,-2609.6602824617053,-1478.105892895196,0.0007570797321671616
436184.0,9,-7984450.851674988,15372319.601991247,-20211067.259485435,-2347.8209119724143,-2815.1018992138465,-1226.7171268658713,0.0007570782008534395
436784.0,9,-9360963.416774265,13626973.877342999,-20869342.328874283,-2237.8270006252724,-2999.0127353180083,-966.1753326081807,0.000757076542124657
437384.0,9,-10666360.525822246,11778101.714548111,-21369040.477164686,-2110.90345457819,-3160.0284707637875,-698.4558593700569,0.0007570749246889493
437984.0,9,-11890773.605277685,9839803.334068667,-21706462.49083848,-1968.02659349045,-3296.963115039042,-425.58464299979664,0.0007570733447464419
438584.0,9,-13024954.895541467,7826835.9060331965,-21879134.99919399,-1810.288726244709,-3408.811808301864,-149.6211928481253,0.0007570717982191306
439184.0,9,-14060344.441833751,5754503.037621757,-21885826.07151635,-1638.8898313269535,-3494.7572160990485,127.35628773902327,0.0007570702807816645
439784.0,9,-14989131.91635115,3638540.844226655,-21726551.92768348,-1455.128595225036,-3554.1746259923098,403.2657766469018,0.0007570687878937721
440384.0,9,-15804312.91297448,1495001.3728801226,-21402574.792369816,-1260.3928702352243,-3586.635741105645,676.0362212862775,0.0007570673148341009
440984.0,9,-16499739.390661009,-659865.8532477114,-20916391.968301468,-1056.1496124106216,-3591.911170388218,943.6221612282216,0.0007570658567352401
441584.0,9,-17070163.97570183,-2809733.401917521,-20271716.247124642,-843.9343596535423,-3569.9716193786326,1204.0181099649662,0.0007570644086196916
442184.0,9,-17511277.86639104,-4938315.845839777,-19473447.817840166,-625.3403092783116,-3520.9877886020026,1455.2726236060114,0.0007570629654365519
442784.0,9,-17819742.11656481,-7029489.262784948,-18527637.872916237,-402.007053867625,-3445.328989592637,1695.5019868069394,0.0007570615220986671
443384.0,9,-17993212.231158987,-9067409.527897019,-17441444.285227437,-175.60886019934378,-3343.5626354173837,1922.9058096283359,0.0007570603596623852
443984.0,9,-18030355.19821831,-11036628.838782901,-16223078.925069582,52.15628528889738,-3216.4418095183187,2135.7702114584736,0.000757058900551002
444584.0,9,-17930860.53271733,-12922209.360496812,-14881748.430322316,279.5800201433981,-3064.912827808009,2332.4944085698085,0.0007570574261770999
445184.0,9,-17695443.134781364,-14709833.567071985,-13427587.203813452,504.95459273748384,-2890.1004447463188,2511.59246070683,0.0007570559316829939
445784.0,9,-17325839.35325893,-16385910.47224912,-11871583.903496915,726.5852390504779,-2693.3023958131507,2671.7065109501764,0.0007570544123592202
446384.0,9,-16824795.715536498,-17937677.000689458,-10225501.64092937,942.8022481908475,-2475.980673414364,2811.616786021144,0.0007570528636794814
446984.0,9,-16196050.423381254,-19353293.81539859,-8501792.384814566,1151.9729428448761,-2239.7516668508033,2930.2507555848733,0.0007570512813343926
447584.0,9,-15444307.67767002,-20621934.918644555,-6713506.090231026,1352.5135068804268,-1986.3752025227027,3026.6913861037874,0.0007570496612638009
448184.0,9,-14575204.937928371,-21733870.365586676,-4874195.115808031,1542.9005897520203,-1717.742526428082,3100.1844252364217,0.0007570479996874485
448784.0,9,-13595273.267701633,-22680541.45641463,-2997814.532406551,1721.6826147064394,-1435.8632777695284,3150.1446536982526,0.0007570462931337608
449384.0,9,-12511890.963776654,-23454627.80460381,-1098618.9672526314,1887.4907152139701,-1142.8515101060311,3176.161043075896,0.00075704453846654
449984.0,9,-11333230.71592757,-24050105.716427162,808943.3336781022,2039.0492217003311,-840.9108249332165,3178.0007604824186,0.000757042732909363
450584.0,9,-10068200.560377399,-24462297.2291213,2710338.444436488,2175.1853272979606,-532.3195225792826,3155.608259788473,0.0007570411029727352
451184.0,9,-8726379.029344317,-24687910.12580637,4591056.505445131,2294.8396724557665,-219.41069970004162,3109.1216020498487,0.0007570391891009338
451784.0,9,-7317945.145339502,-24725066.533996355,6436720.5855096625,2397.0730224920953,95.43929575887046,3038.8505406163636,0.0007570372183742773
452384.0,9,-5853602.8579854425,-24573322.420187563,8233197.086064341,2481.0755479839618,409.8322759417672,2945.2901633179054,0.0007570351896448562
452984.0,9,-4344501.425939932,-24233675.668859262,9966703.941299561,2546.1734774646397,721.3652076779631,2829.1147136096247,0.0007570331022055628
453584.0,9,-2802151.762164532,-23708563.365772948,11623917.11715474,2591.8351872907374,1027.648494788176,2691.173706933542,0.0007570309557970264
454184.0,9,-1238339.441289642,-23001848.02263547,13192074.313731218,2617.676283400753,1326.3244149648613,2532.486643025229,0.0007570287506111749
454784.0,9,334964.99584152363,-22118792.70564898,14659075.025047943,2623.46360558564,1615.0855668267006,2354.2363173059125,0.0007570264872913487
455384.0,9,1905697.7673526155,-21066025.12129814,16013576.119301109,2609.1180914101724,1891.6931748850543,2157.76074799823,0.0007570241669289162
455984.0,9,3461794.8990099467,-19851490.80690582,17245082.1205104,2574.7164448909953,2153.995093716417,1944.5437500647176,0.0007570217910563702
456584.0,9,4991285.862638246,-18484395.670006003,18344029.39891809,2520.4915644319826,2399.9433478962787,1716.2042022792743,0.0007570193616369127
457184.0,9,6482387.049252972,-16975138.21833255,19301863.51289259,2446.8316952766468,2627.6110414797545,1474.484069452367,0.0007570168810505665
457784.0,9,7923594.465024464,-15335231.872168854,20111109.07047064,2354.2816518821983,2835.2113913550484,1221.2365487057057,0.0007570145810783317
458384.0,9,9303774.006710457,-13577218.025405627,20765430.978828147,2243.5259766630415,3021.1010683302256,958.4068322956081,0.0007570120065035571
458984.0,9,10612250.44693521,-11714570.591263019,21259687.56950189,2115.404154101365,3183.8121306410076,688.0242487485796,0.0007570093902179821
459584.0,9,11838892.251412934,-9761592.044089945,21589973.84509601,1970.8913223289692,3322.0527052046323,412.1814928285056,0.0007570067360665474
460184.0,9,12974192.696975948,-7733302.67402338,21753655.075926255,1811.0942789959572,3434.721370619324,133.01905402312704,0.0007570040481930194
460784.0,9,14009346.227261646,-5645323.453366729,21749390.22093796,1637.2429903053967,3520.916934983082,-147.29206223954424,0.0007570013310078493
461384.0,9,14936319.388379922,-3513753.5684882603,21577144.901668936,1450.6809650414766,3579.9465439202045,-426.5680074278107,0.0007569985891537227
461984.0,9,15747915.69617832,-1355043.6370162433,21238193.746555127,1252.854573332155,3611.332018437223,-702.6299889978885,0.0007569958274690859
462584.0,9,16437833.836880282,814134.3169824053,20735112.02185461,1045.3014038869087,3614.814341165299,-973.3222220143892,0.0007569930509499553
463184.0,9,17000718.660571665,2977019.015075487,20071756.56722944,829.637766383199,3590.3562301998795,-1236.5297561320258,0.0007569902647103398
463784.0,9,17432204.491705004,5116893.058650728,19253236.157305557,607.5454572550292,3538.142761757534,-1490.195999952958,0.0007569874739416203
464384.0,9,17728950.351794384,7217215.882116688,18285871.513980884,380.7579171041227,3458.580025828116,-1732.3397666540752,0.000756984683871242
464984.0,9,17888666.69822154,9261755.691511724,17177145.03043891,151.0457551927343,3352.2865941580717,-1961.0696104778149,0.0007569821292311779
465584.0,9,17910133.83436483,11234717.419026226,15935642.090236835,-79.79748030686824,3220.109078527955,-2174.607830129231,0.0007569793566290506
466184.0,9,17793210.83228521,13120869.453529319,14570981.291045481,-309.97038946833527,3063.0840099212855,-2371.2921361801323,0.0007569766002023566
466784.0,9,17538836.224257283,14905663.821450077,13093737.838402715,-537.678655452047,2882.449519594923,-2549.5980055307546,0.0007569738649054096
467384.0,9,17149019.452490762,16575351.138040217,11515358.537323227,-761.1497177440015,2679.6296056380816,-2708.148672316144,0.0007569711555246868
467984.0,9,16626823.602202764,18117088.70421886,9848069.880315678,-978.6472650986414,2456.221945210958,-2845.726036179457,0.0007569684766410925
468584.0,9,15976339.530662186,19519040.881848257,8104779.971884813,-1188.4853308558936,2213.984257434742,-2961.280123168332,0.0007569658325940219
469184.0,9,15202651.662228022,20770470.9081376,6298975.179254119,-1389.0418575773285,1954.8193657895144,-3053.9370228946555,0.0007569632274475254
469784.0,9,14311795.798848594,21861823.401696302,4444612.442731922,-1578.7716067051097,1680.7591211146569,-3123.0052448113615,0.000756960664958852
470384.0,9,13310709.369648514,22784796.912184197,2556008.211094359,-1756.2182993002857,1393.947355785946,-3167.980455959859,0.0007569581485496232
470984.0,9,12207174.611030495,23532405.970852613,647724.9872665902,-1920.0258856026876,1096.6220462775025,-3188.5485819339874,0.0007569556812798585
471584.0,9,11009755.229234453,24099032.208746992,-1265543.522594572,-2068.9488538878345,791.0968650932283,-3184.5872717139214,0.0007569532658250435
472184.0,9,9727726.935542569,24480464.37301347,-3169088.0323318215,-2201.861620128361,479.74175104737344,-3156.1705852438895,0.0007569506679385855
472784.0,9,8371003.831034931,24673926.068570122,-5048296.81928239,-2317.7661418610646,164.96618741356576,-3103.547937397021,0.0007569483621866471
473384.0,9,6950057.92311336,24678093.660212588,-6888771.3239780385,-2415.7999222996464,-150.80388369655418,-3027.1697792658333,0.0007569461137911461
473984.0,9,5475837.08830045,24493100.82778605,-8676435.263964241,-2495.241108967647,-465.1423866197488,-2927.663580798105,0.0007569439237282949
474584.0,9,3959678.725900811,24120532.593662433,-10397642.505057046,-2555.513347086587,-775.642690076114,-2805.83253408989,0.0007569417925251511
475184.0,9,2413221.2308182167,23563407.938835997,-12039280.41526627,-2596.1892138406465,-1079.9360377481207,-2662.648133801158,0.0007569397202571393
475784.0,9,848313.7890057843,22826151.489163045,-13588868.35303669,-2616.992447565653,-1375.709428622234,-2499.2415523560526,0.0007569377065490583
476384.0,9,-723074.7774326,21914554.654201746,-15034650.595112111,-2617.798987090787,-1660.7228192392176,-2316.8939119540937,0.0007569357505795195
476984.0,9,-2288947.402709757,20835726.674990013,-16365683.075355556,-2598.636846319036,-1932.8255328192206,-2117.0255599255097,0.0007569338510887352
477584.0,9,-3837369.71477794,19598036.102205515,-17571913.37391182,-2559.6848577769165,-2189.971773325614,-1901.1844567202584,0.0007569320063895503
478184.0,9,-5356559.850271788,18211043.28242687,-18644253.464951146,-2501.2703262560253,-2430.2351556026256,-1671.0337869718596,0.0007569302143815925
478784.0,9,-6834976.508792716,16685424.477840444,-19574644.799790815,-2423.8656398089165,-2651.822175492508,-1428.338903800193,0.0007569284725683962
479384.0,9,-8261404.4829942975,15032888.361759402,-20356115.23679242,-2328.0797049043763,-2853.0821648167193,-1174.95403754645,0.0007569270071072721
479984.0,9,-9625038.09511758,13266085.048219638,-20982828.349509664,-2214.6692560936576,-3032.5281693433026,-912.8068020015023,0.0007569253570517433
480584.0,9,-10915559.378732981,11398509.896410916,-21450122.782556523,-2084.507883673504,-3188.8321145899154,-643.8861301554416,0.0007569237475359762
481184.0,9,-12123214.139048655,9444400.579202937,-21754544.323178098,-1938.595464897301,-3320.8435195318543,-370.22590551879694,0.0007569221747013101
481784.0,9,-13238882.637705376,7418630.016414029,-21893868.453981593,-1778.0463131957767,-3427.594383475573,-93.89060018670085,0.0007569206344171033
482384.0,9,-14254145.613404283,5336595.136277602,-21867114.164396994,-1604.0807272108125,-3508.305324537015,183.03961123524573,0.0007569191223118666
482984.0,9,-15161345.060525889,3214102.372989725,-21674548.877351288,-1418.0159095525562,-3562.390418711867,458.48371676208035,0.0007569176338059937
483584.0,9,-15953639.41374913,1067250.669004375,-21317684.530497782,-1221.25631653204,-3589.460735487173,730.3746293162144,0.0007569161641458579
484184.0,9,-16625052.82134388,-1087687.249312275,-20799264.896208614,-1015.2834994569209,-3589.3265705695662,996.6737681045321,0.0007569147084390451
484784.0,9,-17170518.223684594,-3234384.555770522,-20123244.26731699,-801.6454973643199,-3561.9983801722387,1255.3853844328914,0.0007569132616904852
485384.0,9,-17585913.986774605,-5356580.204248145,-19294757.67675353,-581.9458404303705,-3507.686424557192,1504.5705602221385,0.0007569118188392476
485984.0,9,-17868093.873419195,-7438198.244371748,-18320082.85924256,-357.8322228533,-3426.79913133472,1742.3608098712102,0.0007569103747957605
486584.0,9,-18014910.274000473,-9463465.973347558,-17206594.17317724,-130.98202633602523,-3319.9429222968497,1966.9709598619565,0.0007569091541380919
487184.0,9,-18025229.92908879,-11417029.100016754,-15962709.063843185,96.89786523103658,-3187.9071704604385,2176.7127306579523,0.0007569076923429055
487784.0,9,-17898943.502212755,-13284066.216623716,-14597826.358665546,324.1006609135725,-3031.6751066171646,2370.005369951749,0.0007569062142861447
488384.0,9,-17636967.035439,-15050397.341530446,-13122258.524196846,548.9198385460218,-2852.4063614202714,2545.387871173804,0.0007569047151372406
488984.0,9,-17241236.59163116,-16702589.492660278,-11547156.70634266,769.6642377484548,-2651.4318890851273,2701.5293921837347,0.0007569031902210453
489584.0,9,-16714695.55976756,-18228057.00179082,-9884429.72228377,984.6701169784243,-2430.245015047292,2837.2390911645834,0.0007569016350525522
490184.0,9,-16061274.733987667,-19615156.148321375,-8146657.359179505,1192.3131122313334,-2190.4913545962045,2951.4751082870876,0.0007569000453703734
490784.0,9,-15285865.237562789,-20853273.433974866,-6346998.508668604,1391.0200291060469,-1933.9576398309869,3043.3526288013536,0.0007568984171687398
491384.0,9,-14394284.40643883,-21932906.842717525,-4499094.707775077,1579.2803973606347,-1662.5594983303279,3112.1509637520203,0.0007568967467278021
491984.0,9,-13393234.792461984,-22845739.45775997,-2616969.697959758,1755.6577144517237,-1378.3282338410515,3157.319585561213,0.000756895030642011
492584.0,9,-12290256.493722694,-23584704.84040272,-714925.6541723518,1918.800302018599,-1083.3966670602626,3178.483057454723,0.0007568932658463613
493184.0,9,-11093673.068376422,-24144043.614194512,1192563.2258022514,2067.4516969929305,-779.984103165138,3175.444798287257,0.0007568914496402967
493784.0,9,-9812531.472379422,-24519350.65184387,3090958.793644147,2200.4615936431237,-470.3819162616809,3148.1859316007026,0.0007568893429890998
494384.0,9,-8456535.571566416,-24707612.95173965,4965769.476302825,2316.7907272773573,-156.93125106152536,3096.881324630978,0.0007568874176013561
494984.0,9,-7035975.638913551,-24707236.448792517,6802658.535483978,2415.525813239973,157.98535136516296,3021.877421620627,0.0007568854350886282
495584.0,9,-5561651.66440838,-24518063.170808464,8587554.495445829,2495.8830253970254,471.9675668306061,2923.705605197701,0.0007568833943924528
496184.0,9,-4044792.925500701,-24141377.234188534,10306759.016143087,2557.215893392806,782.6138353388819,2803.075740461622,0.0007568812948968564
496784.0,9,-2496973.614480285,-23579899.94368912,11947052.895481758,2599.021202088463,1087.5396818564295,2660.8720103185783,0.0007568791364346077
497384.0,9,-930025.2478103256,-22837773.821080223,13495799.10590747,2620.943868931553,1384.3961639610536,2498.1473466690622,0.0007568769192900789
497984.0,9,644053.4998195842,-21920535.542514488,14941042.020530928,2622.7807309910113,1670.888300431669,2316.1164631058823,0.0007568746441986475
498584.0,9,2213188.856762615,-20835077.85592989,16271601.994790966,2604.4831801695236,1944.7933272082894,2116.147508470099,0.0007568723123425928
499184.0,9,3765325.1988655915,-19589600.644512616,17477164.489001855,2566.158593334619,2203.9786209888384,1899.7523752340169,0.0007568699253434718
499784.0,9,5288518.738504001,-18193551.39911168,18548362.94528729,2508.070513763705,2446.419126321371,1668.5757120149026,0.0007568674852509906
500384.0,9,6771030.899524656,-16657555.460400747,19476854.669489805,2430.637551306623,2670.2141196578564,1424.382705312115,0.0007568649945284112
500984.0,9,8201420.653983884,-14993336.529823061,20255389.091931034,2334.4334824747984,2873.6062077875886,1169.0472016101949,0.0007568626851172832
501584.0,9,9568634.674933702,-13213627.849183917,20877867.258350614,2220.173617339086,3054.983886777759,904.5315042026813,0.0007568601017418741
502184.0,9,10862095.671225976,-11332074.838750072,21339393.309887957,2088.7245574761087,3212.9141074825716,632.8794195493687,0.0007568574774149766
502784.0,9,12071786.321783308,-9363130.09044166,21636315.520590764,1941.0881258496731,3346.1420867118804,356.19464670858116,0.0007568548160449448
503384.0,9,13188329.636587247,-7321941.158396742,21766257.982922334,1778.396264810328,3453.605546143312,76.62524696517929,0.0007568521218325979
503984.0,9,14203064.3218465,-5224232.298876433,21728141.949912712,1601.9023146363193,3534.444168136249,-203.65372847586156,0.000756849399238586
504584.0,9,15108114.593378093,-3086181.0726370476,21522196.685216464,1412.971170914108,3588.007360336941,-482.45797210318335,0.0007568466529485036
505184.0,9,15896453.79859901,-924290.8408497022,21149959.657649882,1213.0684033427178,3613.8602321760795,-757.6118457457118,0.0007568438878360399
505784.0,9,16561961.25919278,1244739.7634117268,20614266.01647429,1003.7484323942405,3611.7877056833263,-1026.96632350817,0.000756841108924479
506384.0,9,17099471.805653546,3404149.266177182,19919227.3859486,786.6418729847088,3581.7967040259546,-1288.4167743087592,0.0007568383213468807
506984.0,9,17504817.540944926,5537246.536103745,19070200.1212,563.4421656207802,3524.116383446466,-1539.9204060433021,0.000756835530305291
507584.0,9,17774861.442731198,7627543.555064437,18073743.270889234,335.89162513294946,3439.1963974106684,-1779.5131958268903,0.000756832741029341
508184.0,9,17907522.40186838,9658886.610210204,16937566.492438503,105.76738825806956,3327.6990993465556,-2005.324376443319,0.0007568297223430592
508784.0,9,17901792.01663167,11615584.741409743,15670468.971964268,-125.134827941612,3190.5102738055925,-2215.5989977492086,0.0007568269525491534
509384.0,9,17757741.602638498,13482534.337912738,14282268.396416524,-355.01300118976314,3028.707258471193,-2408.701384602858,0.0007568241999564402
509984.0,9,17476521.203684878,15245338.728981804,12783722.54587235,-582.0755490673531,2843.5659053102204,-2583.1358299428134,0.0007568214694887615
510584.0,9,17060349.29622204,16890421.80155983,11186442.824032996,-804.5555286885948,2636.5456094177953,-2737.556697617765,0.0007568187658942615
511184.0,9,16512493.809467189,18405134.619731743,9502801.035304213,-1020.7250652036721,2409.2768218784386,-2870.7790452814024,0.0007568160937079864
511784.0,9,15837244.58644098,19777854.149674654,7745830.173824286,-1228.909355506789,2163.547142201474,-2981.787782792952,0.000756813457216349
512384.0,9,15039877.572027558,20998073.26855971,5929120.123879879,-1427.5001156782769,1901.2861418857424,-3069.7452936629816,0.0007568108604237521
512984.0,9,14126611.092658658,22056481.32931165,4066709.2124957596,-1614.9683497995188,1624.5490823472187,-3133.997466395656,0.0007568083070216456
513584.0,9,13104554.665220791,22945034.65384915,2172972.584514288,-1789.8763284324552,1335.4996993373818,-3174.078102091442,0.0007568058003602619
514184.0,9,11981650.839226821,23657016.43371509,262508.3879408611,-1950.8886769835747,1036.3922320193385,-3189.7116839961864,0.0007568033434232446
514784.0,9,10766610.635287076,24187085.627056245,-1649977.2372669766,-2096.782487085732,729.5528780573477,-3180.8145134415954,0.0007568009388053562
515384.0,9,9468842.694236362,24531314.648896247,-3549785.822065028,-2226.457734288251,417.3605092999712,-3147.4977315208143,0.0007567982959813904
515984.0,9,8098379.922765361,24687215.050094403,-5422339.057627141,-2338.9397253828015,102.22910706847847,-3090.0513144880656,0.0007567960018481401
516584.0,9,6665796.129255204,24653752.763829574,-7253294.87343071,-2433.394281000812,-213.41410742717744,-3008.9614133426294,0.0007567937653124228
517184.0,9,5182124.805596861,24431350.563894644,-9028655.149417227,-2509.127660722505,-527.1457422066803,-2904.89140422042,0.0007567915872590006
517784.0,9,3658771.828227412,24021879.816961244,-10734873.064751418,-2565.5924148235404,-836.5655442039654,-2778.6789862802625,0.0007567894681226471
518384.0,9,2107426.5293467846,23428640.90713419,-12358955.527448358,-2602.3905815045046,-1139.314727036409,-2631.3285126268947,0.0007567874078863845
518984.0,9,539971.8521374036,22656333.107168764,-13888560.227249093,-2619.275688065978,-1433.093631281783,-2464.002170757882,0.0007567859281432524
431984.0,10,-16880516.519633055,-12618572.831569584,16635863.971548388,2960.354608412453,-1112.0746319217,2163.974039591909,-0.0005884030446920381
432584.0,10,-15043953.485286497,-13238167.48745577,17871016.87833428,3157.685371826388,-952.2599310217672,1950.6758399190755,-0.0005884000588745735
433184.0,10,-13095949.759109948,-13759699.00719721,18973762.69478042,3331.63913750724,-785.376609399676,1722.9046150228069,-0.0005883970792126655
433784.0,10,-11050917.279523376,-14179284.21357872,19935903.485274006,3480.9588344374774,-612.6179491980483,1482.287271042942,-0.00058839412172303
434384.0,10,-8923972.798963899,-14493768.454485793,20750244.501176473,3604.5505893706536,-435.21816482015447,1230.5389095924813,-0.0005883912022740586
434984.0,10,-6730837.87155967,-14700747.97715847,21410644.09232936,3701.4906416495023,-254.44548099575707,969.453329000225,-0.0005883883364791739
435584.0,10,-4487734.910549846,-14798588.095289823,21912057.802461106,3771.0317005700053,-71.59500132365775,700.8931174897978,-0.0005883855395911246
436184.0,10,-2211279.6081178887,-14786437.093793347,22250576.4474306,3812.6088654421796,112.01639082310191,426.77662844680884,-0.0005883828694631045
436784.0,10,81629.76632788964,-14664235.340880599,22423457.73503371,3825.8442065224235,295.066582560152,149.07784360800338,-0.000588380254166876
437384.0,10,2373925.9150941106,-14432720.414310012,22429151.430239983,3810.55208836985,476.2227000405288,-130.20079408454197,-0.0005883777503422454
437984.0,10,4648488.761731125,-14093426.943900099,22267317.68306913,3766.7423513549284,654.1580715845128,-409.0296317409018,-0.000588375370776346
438584.0,10,6888263.454733978,-13648681.775117328,21938838.068894926,3694.6233545883892,827.5583515354851,-685.3667166234382,-0.0005883731273968103
439184.0,10,9076379.912034992,-13101594.054038258,21445819.185235955,3594.603963391825,995.1300966077213,-957.1705981753455,-0.0005883710311815378
439784.0,10,11196273.27353285,-12456040.126589108,20791588.46126321,3467.2945113455207,1155.6095638400504,-1222.4136297287425,-0.0005883690920730108
440384.0,10,13231804.62559273,-11716643.123369906,19980681.883377228,3313.506623387841,1307.7717010208967,-1479.0957431415625,-0.0005883673188978359
440984.0,10,15167381.289944438,-10888747.120745683,19018823.358602777,3134.2517809060196,1450.4392885795414,-1725.2586523263928,-0.0005883657192922121
441584.0,10,16988075.89479927,-9978385.795962794,17912895.467242215,2930.738507664132,1582.4921791301847,-1959.0004223740666,-0.0005883642996340723
442184.0,10,18679743.370634772,-8992245.529394925,16670901.398459682,2704.3680572973785,1702.8765674194665,-2178.4903201303187,-0.0005883630649826536
442784.0,10,20229134.939642448,-7937622.950995129,15301917.918202382,2456.7284894480376,1810.614209739184,-2381.9838401524926,-0.0005883620190262795
443384.0,10,21624007.925246615,-6822377.100076102,13816039.350618688,2189.5880909941106,1904.81399614282,-2567.8356601964365,-0.0005883607427977757
443984.0,10,22853231.45721727,-5654875.417249585,12224311.999140395,1904.881701245733,1984.6707365450052,-2734.523118230285,-0.000588360079640949
444584.0,10,23906883.86683634,-4443936.430174135,10538661.095150743,1604.7057850344236,2049.488735252583,-2880.6480775614564,-0.0005883596076295662
445184.0,10,24776345.154478963,-3198765.2366625336,8771807.121360507,1291.300989938907,2098.679612489969,-3004.9597540079862,-0.0005883593246367724
445784.0,10,25454379.65585772,-1928885.6170835067,6937174.86423998,967.0381040569504,2131.7721671751906,-3106.366108541027,-0.000588359227053183
446384.0,10,25935209.367313385,-644067.6802908606,5048794.283478376,634.4010827187884,2148.41891603553,-3183.9465069693797,-0.0005883593097990902
446984.0,10,26214576.52229229,645748.1777334434,3121194.0567521034,295.96827462464455,2148.4017145719376,-3236.9632580365665,-0.0005883595663493651
447584.0,10,26289794.354547843,1930530.4048881154,1169288.5466720802,-45.608037786358125,2131.6363212746382,-3264.8717999699393,-0.0005883599887713293
448184.0,10,26159785.067958403,3200237.832575115,-791740.9223631963,-387.6236243352789,2098.1757737060534,-3267.3293095562676,-0.0005883605677757225
448784.0,10,25825104.145260993,4444902.865603224,-2746569.453760545,-727.345615317104,2048.212456741308,-3244.2015186524004,-0.0005883612927807188
449384.0,10,25287950.267889638,5654715.495709445,-4679855.484600982,-1062.0368844462257,1982.0787594191959,-3195.5675409643786,-0.0005883621519887714
449984.0,10,24552160.28482698,6820107.255450564,-6576369.945010779,-1388.9812188260385,1900.2462373460708,-3121.7225369604616,-0.0005883631324758676
450584.0,10,23623188.57734077,7931834.570197164,-8421126.842222467,-1705.509736284383,1803.3235038410028,-3023.176010008064,-0.000588363797598235
451184.0,10,22508072.296350803,8981058.27441945,-10199510.767316984,-2009.023560908627,1692.0511031020003,-2900.6579921918287,-0.0005883649777887446
451784.0,10,21215378.58543422,9959423.90817436,-11897407.14361027,-2297.0237904467067,1567.2977327558597,-2755.1022593901007,-0.0005883662347980227
452384.0,10,19755139.085347228,10859134.71537976,-13501324.678410107,-2567.133444512083,1430.0519083076647,-2587.6475033393062,-0.0005883675523120943
452984.0,10,18138768.669789866,11673021.467336858,-14998514.72196055,-2817.1219666563193,1281.4136785212386,-2399.625883392675,-0.0005883689134946784
453584.0,10,16378970.5346579,12394606.380427703,-16377083.877637595,-3044.92761821405,1122.5846364517138,-2192.5512629278796,-0.0005883703011314214
454184.0,10,14489628.396741636,13018160.620518604,-17626098.82512025,-3248.678102531784,954.8566683038832,-1968.1052383662616,-0.0005883716977784843
454784.0,10,12485686.981301606,13538754.689818067,-18735682.094467413,-3426.7090911097507,779.5995959861526,-1728.1211476976073,-0.0005883730859137873
455384.0,10,10383022.159880787,13952301.095036693,-19697097.65825707,-3577.5803625070466,598.2478933102166,-1474.5662883977648,-0.0005883744480891631
455984.0,10,8198302.254404291,14255588.811084254,-20502825.36125079,-3700.089312356802,412.2866751356957,-1209.5226116625643,-0.000588375767081652
456584.0,10,5948842.147058643,14446309.179039996,-21146623.378195368,-3793.2816468692076,223.23717268343052,-935.1661896423583,-0.0005883770260421885
457184.0,10,3652451.9247559533,14523073.007303616,-21623578.075544253,-3856.459130845488,32.64191628228741,-653.7457738446449,-0.0005883782086399809
457784.0,10,1327281.8968199913,14485418.730980296,-21930140.787908338,-3889.1868108726962,-157.95138690458376,-367.56367479915724,-0.0005883793437908613
458384.0,10,-1008334.6147082635,14333811.896091124,-22064151.53767533,-3891.284768356941,-346.9996413554206,-78.9420625630218,-0.0005883803276582094
458984.0,10,-3336037.7597587304,14069635.667037865,-22024849.252431214,-3862.8418334258,-532.9861894794459,209.78229029228484,-0.0005883811906172429
459584.0,10,-5637596.989302877,13695173.060863364,-21812868.87240656,-3804.2014794981937,-714.4296415155563,496.2909195164115,-0.0005883819197124801
460184.0,10,-7895063.0544909015,13213581.11334689,-21430225.691982184,-3715.9575256614517,-889.8982283764576,778.3020113678391,-0.0005883825031123053
460784.0,10,-10090915.308694443,12628857.476772496,-20880287.35974376,-3598.944838712688,-1058.0220156476894,1053.5905345701253,-0.0005883829301985722
461384.0,10,-12208202.782602336,11945800.015156593,-20167734.19461686,-3454.2277808521635,-1217.5041098620486,1320.007184533883,-0.0005883831916438117
461984.0,10,-14230677.771741495,11169960.024318786,-19298508.580188684,-3283.0866692067184,-1367.1307572824307,1575.495945572263,-0.0005883832794756197
462584.0,10,-16142920.837063633,10307589.754531115,-18279754.30160199,-3087.0025315663947,-1505.7802629617488,1818.1101160995254,-0.000588383187127997
463184.0,10,-17930456.28828551,9365584.948163236,-17119746.768923048,-2867.6404521733357,-1632.4306849856098,2046.0266818249713,-0.0005883829094795925
463784.0,10,-19579857.391758293,8351423.12425205,-15827815.127657054,-2626.831802551799,-1746.1662846960137,2257.5589613746465,-0.0005883824428789686
464384.0,10,-21078840.71537148,7273098.347169073,-14414257.291812142,-2366.5556459333893,-1846.1827376235403,2451.1674863774406,-0.0005883817851571615
464984.0,10,-22416349.351942446,6139052.944690303,-12890248.717492046,-2088.9163489898674,-1931.7847999629205,2625.46862850843,-0.0005883805130557391
465584.0,10,-23582623.8030715,4958108.478048345,-11267747.345838854,-1796.136872050719,-2002.4145772210318,2779.243993386353,-0.0005883794720781096
466184.0,10,-24569262.685669594,3739392.6928802785,-9559392.33568178,-1490.520528379876,-2057.6148876996904,2911.442926489945,-0.0005883782423194418
466784.0,10,-25369270.38575894,2492268.261655889,-7778401.972831184,-1174.4438894745952,-2097.0556660860207,3021.1888146458355,-0.0005883768274316413
467384.0,10,-25977093.82369251,1226260.1686922456,-5938468.526977608,-850.3347489666448,-2120.52721713634,3107.7810620853916,-0.0005883752324388371
467984.0,10,-26388647.79863465,-49016.27786638448,-4053652.1429911414,-520.6535726366994,-2127.939070109115,3170.6962435341716,-0.0005883734636853852
468584.0,10,-26601329.340941146,-1323926.5306355462,-2138274.39325572,-187.8755471142269,-2119.3180496074447,3209.5879651950827,-0.0005883715287756437
469184.0,10,-26614021.451009516,-2588886.533470139,-206812.23965300826,145.52667939165326,-2094.805650395104,3224.285552931162,-0.0005883694365062931
469784.0,10,-26427086.654472474,-3834430.6981600774,1726206.9162271658,477.0994973529488,-2054.654801056039,3214.7916869657665,-0.0005883671967919688
470384.0,10,-26042350.840023015,-5051277.776950351,3646308.485819823,804.4240342914194,-1999.226096680991,3181.2790990244803,-0.0005883648205849439
470984.0,10,-25463077.86895825,-6230394.326976094,5539171.708014045,1125.1310297457744,-1928.9835744661755,3124.0864415549486,-0.0005883623197895705
471584.0,10,-24693935.45622635,-7363055.505487278,7390727.947840187,1436.9148836703282,-1844.4900985744803,3043.713430006218,-0.000588359707172154
472184.0,10,-23740952.910344068,-8440902.889762783,9187255.823219473,1737.5474640725008,-1746.4013096503097,2940.818386209815,-0.000588356574359994
472784.0,10,-22611470.73282709,-9455999.620240413,10915472.951440774,2024.8881550827964,-1635.4648200992688,2816.2000937811963,-0.0005883537795395978
473384.0,10,-21314083.67998195,-10400881.534076272,12562623.793388683,2296.899292038713,-1512.508067075043,2670.809317440402,-0.0005883509154090235
473984.0,10,-19858576.393856496,-11268605.625152228,14116563.30507966,2551.6545135869774,-1378.4370925988228,2505.7298200757873,-0.000588347997209767
474584.0,10,-18255852.931752987,-12052794.68709331,15565836.36101933,2787.349723373917,-1234.2295417332246,2322.1739732958386,-0.0005883450405468177
475184.0,10,-16517860.291718513,-12747678.4041907,16899752.55296272,3002.3127289153044,-1080.9286058493592,2121.4750043293725,-0.0005883420612829858
475784.0,10,-14657506.365451243,-13348130.734108564,18108456.190263845,3195.012273171963,-919.6367950722245,1905.078886519225,-0.0005883390754322785
476384.0,10,-12688572.683957148,-13849703.48527894,19182991.29609659,3364.0664881260586,-751.509539801457,1674.53587783776,-0.0005883360990527277
476984.0,10,-10625622.303839851,-14248655.99118245,20115361.395453695,3508.2507914353514,-577.7486157968033,1431.4917022988175,-0.0005883331481390576
477584.0,10,-8483903.1697452,-14541980.7797733,20898583.88671495,3626.5052371020483,-399.59538313229314,1177.678361156344,-0.0005883302385155813
478184.0,10,-6279247.28241338,-14727425.129869979,21526738.7796572,3717.9413193383853,-218.3238264756502,914.9045545902432,-0.0005883273857297184
478784.0,10,-4027966.0030382164,-14803508.398213528,21995011.570146848,3781.848215773451,-35.233382738842295,645.0456903877853,-0.0005883246049465374
479384.0,10,-1746741.7967994157,-14769534.983707275,22299729.99348232,3817.697276871336,148.35876363714095,370.03277450885247,-0.0005883214884483336
479984.0,10,547482.9157211848,-14625602.867691595,22438394.50966518,3825.15171647758,331.1240828912021,91.84416898273976,-0.0005883188950206183
480584.0,10,2837620.4345690007,-14372607.342370179,22409701.879472222,3804.0639365957795,511.73245628080673,-187.50966732138608,-0.0005883164157702702
481184.0,10,5106553.855027174,-14012240.196890201,22213562.093795218,3754.4837874813165,688.8590519569716,-465.995540820296,-0.0005883140633149884
481784.0,10,7337255.610734196,-13546983.83582298,21851107.925542776,3676.6601270824617,861.1930285910864,-741.5705308337282,-0.0005883118493940024
482384.0,10,9512907.25476725,-12980100.356881259,21324696.961790774,3571.042613566447,1027.4461582116373,-1012.1948952193189,-0.0005883097847787227
482984.0,10,11617020.028105807,-12315615.415966446,20637905.78690857,3438.2824498602604,1186.3616663964951,-1275.845472268475,-0.0005883078791880776
483584.0,10,13633555.56518893,-11558296.753732778,19795516.02239347,3279.2319650591603,1336.7232583801258,-1530.5295487459268,-0.0005883061412092156
484184.0,10,15547046.013804115,-10713627.278712267,18803491.94975532,3094.942912678429,1477.3642875238338,-1774.299146190711,-0.0005883045782242869
484784.0,10,17342712.77141743,-9787772.630750414,17668949.475007482,2886.663364413296,1607.1770096055698,-2005.2656579288534,-0.0005883031963440525
485384.0,10,19006582.96469057,-8787543.18559072,16400116.238329068,2655.833080857068,1725.1218528386007,-2221.614748092625,-0.0005883020003490836
485984.0,10,20525602.72609505,-7720350.507218157,15006282.731158284,2404.0772479784587,1830.2366198153338,-2421.621401821107,-0.0005883009936393308
486584.0,10,21887746.018009663,-6594158.464926511,13497744.348381234,2133.200207748057,1921.6519190229028,-2603.662565553426,-0.0005882997349809152
487184.0,10,23082119.29625927,-5417428.195491137,11885734.4449543,1845.1688612400894,1998.574249364899,-2766.2417797054086,-0.0005882991115248531
487784.0,10,24099057.664204434,-4199059.445094656,10182348.361208737,1542.1109707906912,2060.333056098726,-2907.989254748471,-0.0005882986789016264
488384.0,10,24930215.39356396,-2948325.511291799,8400458.958018545,1226.2950428461386,2106.362640434512,-3027.68566434559,-0.0005882984346768463
488984.0,10,25568646.87401027,-1674804.346491409,6553623.712040368,900.1164405718937,2136.215854330786,-3124.2731160828994,-0.0005882983749350504
489584.0,10,26008877.854184132,-388305.4253467894,4655984.024301247,566.0800331847533,2149.5704691984497,-3196.867601145253,-0.0005882984942945104
490184.0,10,26246965.886091482,901206.840161701,2722157.534568232,226.7811027145099,2146.2345656398916,-3244.7702648666345,-0.000588298807766447
490784.0,10,26280547.892819677,2183693.2467975044,767123.0821561422,-115.11559472146155,2126.1510021955833,-3267.4773290022076,-0.0005882992634680102
491384.0,10,26108876.416036557,3449121.048949529,-1193897.9463170797,-456.8978898471506,2089.4003401144405,-3264.688285568913,-0.0005882998736688682
491984.0,10,25732840.420774467,4687547.819283951,-3145566.575872448,-795.8298921672717,2036.2027710335929,-3236.312363128009,-0.0005883006275283217
492584.0,10,25154972.36922766,5889205.420764838,-5072553.542042206,-1129.1765280046836,1966.918446539085,-3182.472910140441,-0.0005883015130073957
493184.0,10,24379440.09470558,7044583.840861339,-6959668.755382613,-1454.2288354447264,1882.0463329364222,-3103.5095955186325,-0.0005883025169605969
493784.0,10,23412022.810108334,8144514.225582739,-8791991.766854553,-1768.3302069709603,1782.2231691495763,-2999.9752622028027,-0.000588303521947064
494384.0,10,22260074.136877235,9180247.835030615,-10554999.34340921,-2068.8999413979936,1668.2125172865065,-2872.6454214843084,-0.000588304651194905
494984.0,10,20932464.55838453,10143535.966712771,-12234695.013343219,-2353.4618196378815,1540.9088790707858,-2722.4952279002587,-0.0005883058539333049
495584.0,10,19439514.0928657,11026701.666001087,-13817730.350219129,-2619.666688765126,1401.3236103348345,-2550.7039649812423,-0.0005883071137280921
496184.0,10,17792907.826071467,11822708.638353083,-15291523.266672378,-2865.3165118210804,1250.5777062766572,-2358.6421504394407,-0.0005883084136522175
496784.0,10,16005598.289566152,12525223.94520558,-16644369.131684836,-3088.3864279665336,1089.8915494481055,-2147.85930568526,-0.0005883097364310302
497384.0,10,14091695.173041064,13128674.13889658,-17865543.832781736,-3287.044973221636,920.5734250863491,-1920.0695531343504,-0.0005883110645915608
497984.0,10,12066343.588990225,13628294.151966657,-18945397.54572945,-3459.67214077319,744.006964810047,-1677.135237414287,-0.0005883123806141042
498584.0,10,9945592.284819238,14020168.361968065,-19875438.108522274,-3604.8750009195005,561.6377028716073,-1421.0488084316964,-0.0005883136670843438
499184.0,10,7746253.346060254,14301263.370366178,-20648403.05291832,-3721.5006496691763,374.95894744287244,-1153.9132398682846,-0.0005883149068442545
499784.0,10,5485755.0510517415,14469452.160014803,-21258319.521151226,-3808.646310109992,185.49718216605453,-877.9212847818109,-0.0005883160831400368
500384.0,10,3181989.619581013,14523529.426548751,-21700551.482795127,-3865.6664699545818,-5.202779981932736,-595.3338896673771,-0.0005883171797654055
500984.0,10,853158.0061725534,14463217.978966625,-21971833.830575347,-3892.180786077106,-195.59175007801602,-308.45951476467303,-0.0005883186022639001
501584.0,10,-1482388.4637608156,14289166.459926529,-22070293.288095795,-3888.0600468569096,-384.1344305676637,-19.626419006149494,-0.0005883194941126971
502184.0,10,-3806303.3934863536,14002938.10990881,-21995456.003733832,-3853.4470624479904,-569.3184457829199,268.8316425481643,-0.0005883202622784449
502784.0,10,-6100400.909914699,13606991.408257611,-21748241.905222926,-3788.736807494696,-749.6714365184571,554.6020530047064,-0.0005883208940295371
503384.0,10,-8346806.79902063,13104652.695053622,-21330946.50288446,-3694.5729024072643,-923.7731572625416,835.4130592982765,-0.0005883213777778337
503984.0,10,-10528104.649054263,12500081.33791976,-20747210.43879887,-3571.8378385334668,-1090.2674959219617,1109.0536770895258,-0.0005883217031657488
504584.0,10,-12627475.499544444,11798228.017727189,-20001977.4997434,-3421.6410014306234,-1247.8734642883508,1373.3923654971213,-0.0005883218611408373
505184.0,10,-14628829.767483173,11004786.77147236,-19101441.878421582,-3245.3047626492635,-1395.3950649816607,1626.3942853190779,-0.0005883218440174998
505784.0,10,-16516930.385189671,10126141.477826487,-18052985.565146744,-3044.348926857301,-1531.7299681011623,1866.1369938875077,-0.0005883216455256126
506384.0,10,-18277506.254268695,9169307.502505885,-16865106.82699197,-2820.473828880357,-1655.8769577379446,2090.824469667939,-0.0005883212608460714
506984.0,10,-19897355.29212817,8141869.237254422,-15547340.783646274,-2575.5423748109415,-1766.9421340344547,2298.799398824626,-0.0005883206866334018
507584.0,10,-21364436.517404195,7051914.268837439,-14110173.119639175,-2311.5613135135345,-1864.143879926432,2488.553693051984,-0.000588319921025737
508184.0,10,-22667950.65200555,5907964.9291209895,-12564948.074556278,-2030.6596394816406,-1946.8079213257856,2658.7380641058953,-0.0005883193599015822
508784.0,10,-23798409.83594161,4718907.786417734,-10923771.226513706,-1735.0783801208245,-2014.4048675957595,2808.165826078201,-0.0005883182114190091
509384.0,10,-24747694.21838067,3493922.095958344,-9199409.312404454,-1427.137549828615,-2066.499079823009,2935.8229687360717,-0.0005883168747831785
509984.0,10,-25509098.347795576,2242407.418418401,-7405186.552775949,-1109.2256759843074,-2102.784429013405,3040.8688335536563,-0.0005883153539339458
510584.0,10,-26077365.37556301,973911.3026813385,-5554879.448857848,-783.7787006189435,-2123.074975000504,3122.6391309945925,-0.0005883136541734402
511184.0,10,-26448710.143400304,-301942.5494720014,-3662610.537523464,-453.2615423479608,-2127.3036593258366,3180.64681912275,-0.0005883117821122979
511784.0,10,-26620831.350167222,-1575525.1226008534,-1742741.9662693758,-120.15027810437374,-2115.5202321355705,3214.58171401455,-0.0005883097456078261
512384.0,10,-26592913.188171864,-2837271.490326176,190230.3772302445,213.08496738996845,-2087.8885002677353,3224.3089515931424,-0.0005883075536948734
512984.0,10,-26365616.887382954,-4077748.391815562,2121781.516577985,543.9963624338011,-2044.6829805983093,3209.866419806385,-0.0005883052165101652
513584.0,10,-25941062.639560886,-5287719.641100612,4037460.2241627187,870.1739010434535,-1986.2850376903843,3171.461276065606,-0.0005883027452108397
514184.0,10,-25322802.394596644,-6458209.074100865,5922989.516734024,1189.2601099456024,-1913.1785782270688,3109.465658064958,-0.0005883001518878846
514784.0,10,-24515784.029842332,-7580560.780191295,7764364.343959806,1498.9639299988012,-1825.9453669803806,3024.411687040231,-0.0005882974494751408
515384.0,10,-23526307.53768794,-8646496.302400231,9547945.989611294,1797.074724415395,-1725.2597036325685,2916.9874208023416,-0.0005882950479588407
515984.0,10,-22361972.898192495,-9648169.24587885,11260553.219970899,2081.470746153032,-1611.8844362953994,2788.024450783506,-0.0005882921691816818
516584.0,10,-21031621.99147144,-10578215.545276444,12889549.031192595,2350.1365075680364,-1486.6634552963671,2638.5005861411278,-0.0005882892242105262
517184.0,10,-19545272.76363932,-11429801.39304407,14422923.623895666,2601.1696324949226,-1350.5173225316578,2469.5265932502875,-0.0005882862283720172
517784.0,10,-17914047.54008153,-12196667.132921677,15849372.847598935,2832.792014352382,-1204.4370124980753,2282.3402793222513,-0.0005882831973345303
518384.0,10,-16150095.390512973,-12873167.62308903,17158372.028168634,3043.3593276654974,-1049.477823529551,2078.2986652785926,-0.0005882801470022617
518984.0,10,-14266508.997926602,-13454308.872742759,18340244.95424837,3231.3699389247126,-886.7531187477712,1858.869804456409,-0.0005882770934084503
431984.0,11,18323281.708932742,-2099823.227806623,-19031775.322189372,-1219.9948195758725,3345.442767378813,-1546.7604293409681,-0.00036302312775679985
432584.0,11,17521604.754304834,-87104.56177056395,-19885311.705807477,-1450.3850162054664,3359.5068983912956,-1296.6065576891622,-0.00036301591691890924
433184.0,11,16584985.938674496,1926285.8983400082,-20585673.404995296,-1669.55821205963,3347.695269709199,-1036.5160613832795,-0.00036300869275778484
433784.0,11,15520668.82815245,3924845.887390946,-21127503.30359887,-1875.8216332468387,3310.1108475077,-768.5084326916424,-0.00036300145207575997
434384.0,11,14336881.738147669,5893195.965393508,-21506674.475660954,-2067.5853283959464,3247.05842865721,-494.6632115284535,-0.00036299419180471333
434984.0,11,13042772.248650674,7816199.654705164,-21720321.05126094,-2243.37467730023,3159.0417722138554,-217.1032086593152,-0.0003629869090299635
435584.0,11,11648334.561107947,9679081.343579343,-21766858.96020567,-2401.841882557747,3046.759085888036,62.022556589260354,-0.00036297960101288045
436184.0,11,10164330.014361523,11467541.574204316,-21645996.535772715,-2541.779074365977,2911.0983213930513,340.557437629802,-0.0003629723289110473
436784.0,11,8602203.310576491,13167865.410060436,-21358734.363764875,-2662.116567787105,2753.124000735254,616.348648554097,-0.0003629650314536084
437384.0,11,6973990.685135032,14767031.17385494,-20907355.854415238,-2761.9472500660513,2574.07643849969,887.2729480400619,-0.0003629577018023195
437984.0,11,5292226.465627725,16252808.410911787,-20295406.93995481,-2840.5221894296915,2375.3558494930257,1151.2474169145635,-0.0003629503381152802
438584.0,11,3569844.7986610513,17613851.542140726,-19527666.254680965,-2897.258661955175,2158.512090068915,1406.2471692906881,-0.00036294293881460944
439184.0,11,1820078.8542481996,18839785.845541757,-18610105.74941699,-2931.7440389540175,1925.2319165703764,1650.3209730379008,-0.00036293550259811487
439784.0,11,56358.09366603382,19921285.541418083,-17549842.1633719,-2943.7382845819575,1677.3252536769792,1881.6061555158692,-0.0003629280284487585
440384.0,11,-1707795.5748048052,20850143.42445363,-16355079.804279815,-2933.175064895533,1416.7106023903236,2098.3426820160707,-0.00036292051564186165
440984.0,11,-3458871.9301795326,21619331.561460357,-15035045.151471676,-2900.1614821108096,1145.399721348223,2298.886305173112,-0.00036291296375001166
441584.0,11,-5183476.05016576,22223052.65149585,-13599913.854526158,-2844.976459569584,865.4817174593977,2481.720694984786,-0.0003629053726456535
442184.0,11,-6868430.602323805,22656781.724431463,-12060730.75205556,-2768.067813766977,579.1066825831208,2645.4684708065106,-0.00036289774250136616
442784.0,11,-8500876.039384745,22917297.93417271,-10429323.580763727,-2670.0480596518655,288.4690122533102,2788.9010685622393,-0.0003628900737878444
443384.0,11,-10068367.77087934,23002706.10318211,-8718211.139091203,-2551.6864412460873,-4.206732337470839,2910.9460401097967,-0.00036288195724918683
443984.0,11,-11558970.821651308,22912448.91475503,-6940506.054574994,-2413.9125731356025,-296.6938153063604,3010.6998693629585,-0.00036287421375874075
444584.0,11,-12961347.840130288,22647307.561138455,-5109815.108640408,-2257.793579075488,-586.7633070976152,3087.425843661927,-0.00036286643483969506
445184.0,11,-14264844.976742934,22209393.487522498,-3240134.033064297,-2084.5355726073026,-872.2121456235685,3140.5643617110095,-0.00036285862209246714
445784.0,11,-15459570.77243357,21602129.6791706,-1345741.1678900598,-1895.4715656228702,-1150.876586925481,3169.734983127734,-0.00036285077737294093
446384.0,11,-16536469.369575474,20830222.303462204,558910.8941976741,-1692.0510603961,-1420.6481274066152,3174.7385458917465,-0.00036284290277797433
446984.0,11,-17487387.22569165,19899622.900166556,2459304.556706712,-1475.8288847520562,-1679.4889038668207,3155.557962333208,-0.00036283500062917644
447584.0,11,-18305132.892901916,18817481.46391793,4340966.560938775,-1248.453357823255,-1925.4464755371805,3112.3577092378277,-0.0003628270734550841
448184.0,11,-18983529.480922915,17592090.821506757,6189576.631053283,-1011.6538749436259,-2156.66789930475,3045.482035041769,-0.000362819123971875
448784.0,11,-19517459.47728374,16232822.76070523,7991074.649464737,-767.2280007148383,-2371.4130162848483,2955.451913760585,-0.0003628111550627626
449384.0,11,-19902901.654673897,14750056.416766496,9731765.610207342,-517.0281592550614,-2568.0668747448435,2842.960781279782,-0.000362803169756226
449984.0,11,-20136959.85155116,13155099.467417179,11398421.62276961,-262.9480102133623,-2745.1512210330875,2708.8690949856236,-0.00036279517120323
450584.0,11,-20217883.604845114,11460102.104282137,12978380.965345258,-6.90533515813172,-2901.3351141827716,2554.197729983291,-0.00036278675013452994
451184.0,11,-20145079.767233573,9677968.263316605,14459639.27663587,249.15891284098507,-3035.443869040331,2380.12048002558,-0.00036277873491708386
451784.0,11,-19919116.811445963,7822254.939566003,15830942.88772479,503.31417793727724,-3146.468201587184,2187.955135732777,-0.0003627707164123216
452384.0,11,-19541719.72563474,5907073.502371394,17081869.637528263,753.6413312354441,-3233.5708832793307,1979.1539963546543,-0.00036276269801881623
452984.0,11,-19015756.93210657,3946983.788004718,18202906.959669188,998.2498032628644,-3296.092898418296,1755.2932740319814,-0.00036275468313431183
453584.0,11,-18345218.870174102,1956885.6394123705,19185522.70242387,1235.2912833239952,-3333.5582460113474,1518.0616932727573,-0.0003627466751304035
454184.0,11,-17535188.45911011,-48092.013393821195,20022228.850937176,1462.9731395673898,-3345.677495292237,1269.248314335722,-0.0003627386773273961
454784.0,11,-16591803.642301533,-2052703.7781160865,20706637.71860772,1679.5714790992474,-3332.3500709072027,1010.729651433297,-0.00036273069296951425
455384.0,11,-15522212.25990616,-4041701.366263141,21233510.218745,1883.4437683685915,-3293.6652487860038,744.4561600567536,-0.00036272272520063495
455984.0,11,-14334519.542499278,-5999947.3297950495,21598795.873075265,2073.0409349343377,-3229.9018488822185,472.4381712541524,-0.0003627147770407102
456584.0,11,-13037728.562505823,-7912528.193355994,21799664.26052093,2246.918872662311,-3141.526616379868,196.73135437724196,-0.00036270685136304736
457184.0,11,-11641674.023770569,-9764866.205637753,21834527.65805207,2403.7492734654256,-3029.191288720789,-80.57820634465993,-0.00036269895087260695
457784.0,11,-10156950.09977224,-11542828.481560234,21703054.617229655,2542.331080162088,-2893.7293304686073,-357.3861711717899,-0.000362690668368598
458384.0,11,-8594831.07474611,-13232835.385353085,21406174.62709523,2661.5942387517875,-2736.146521994996,-631.5975442452749,-0.00036268282570316466
458984.0,11,-6967189.475203535,-14821961.202415269,20946073.193874653,2760.6163855518994,-2557.6198498730946,-901.1240500056681,-0.00036267501511997295
459584.0,11,-5286406.85749241,-16298033.987173276,20326177.802494302,2838.6246411526963,-2359.4856698015233,-1163.911691661685,-0.00036266723845855775
460184.0,11,-3565281.7052306533,-17649728.646548696,19551134.649944402,2895.0033998664403,-2143.231323430542,-1417.9531967001053,-0.0003626594973022468
460784.0,11,-1816933.5887104608,-18866654.404497065,18626776.18073695,2929.2996068923812,-1910.4846502999644,-1661.3032415696025,-0.0003626517929656425
461384.0,11,-54704.48150253296,-19939435.6835735,17560079.600251,2941.226885346995,-1663.0023714631552,-1892.0933558518348,-0.0003626441264840666
461984.0,11,1707942.0696688462,-20859785.744205315,16359116.580550503,2930.6684615260165,-1402.6574073795277,-2108.5463920591915,-0.0003626364986050642
462584.0,11,3457523.19480973,-21620572.459593907,15032994.441261942,2897.6788435298868,-1131.4252031250853,-2308.990445717602,-0.000362628909782048
463184.0,11,5180639.616241006,-22215875.648006517,13591789.15755371,2842.4842161812658,-851.3691446599103,-2491.8721098961373,-0.0003626213601701523
463784.0,11,6864078.453332652,-22641035.434957225,12046470.617534516,2765.4815239982595,-564.6251606315277,-2655.7689489899294,-0.00036261384962434697
464384.0,11,8494915.122744992,-22892691.17558086,10408820.621705696,2667.23622383372,-273.3856147877059,-2799.401078491911,-0.00036260637769984885
464984.0,11,10060613.707443476,-22968810.6918382,8691344.085050583,2548.481843999943,20.120720807889256,-2921.641751611002,-0.00036259853158384167
465584.0,11,11549123.812879065,-22868708.625593744,6907174.858177195,2410.102520873153,313.6324071705541,-3021.526762179081,-0.0003625911345544063
466184.0,11,12948976.306780532,-22593055.564674284,5069974.421883266,2253.145548025011,604.8931938956273,-3098.262832257825,-0.0003625837730585288
466784.0,11,14249372.53263602,-22143875.559533972,3193828.10527522,2078.801332762433,891.6560168731378,-3151.234463189971,-0.00036257644550136007
467384.0,11,15440269.93051495,-21524533.370667722,1293136.2516818936,1888.3977582358943,1171.704201255559,-3180.009548658743,-0.0003625691500247516
467984.0,11,16512461.755709218,-20739710.97652349,-617497.2900870612,1683.3902248857228,1442.8690997939207,-3184.3435063682628,-0.0003625618845211835
468584.0,11,17457649.973702434,-19795374.160222147,-2523377.5464259353,1465.3510962721757,1703.0477193648953,-3164.1823804801465,-0.00036255411004430127
469184.0,11,18268513.682842124,-18698725.639494102,-4409837.819153,1235.955523963175,1950.218653453202,-3119.662024894553,-0.0003625468973040384
469784.0,11,18938764.74910239,-17458154.08774274,-6262347.491387122,996.9714325232569,2182.460027221212,-3051.1104075741437,-0.0003625397068865861
470384.0,11,19463200.652090266,-16083167.812316526,-8066630.761196279,750.2436364800225,2397.9640780385416,-2959.043654787361,-0.0003625325358644551
470984.0,11,19837745.982478302,-14584321.98295531,-9808777.77080018,497.67972535747913,2595.052196009018,-2844.1628251896927,-0.0003625253811582207
471584.0,11,20059485.511878174,-12973136.767205045,-11475354.177803138,241.2348689416076,2772.1886699584365,-2707.348653722071,-0.0003625182395605109
472184.0,11,20126687.836799342,-11262007.930317752,-13053506.591691073,-17.10325150452718,2927.9894693438328,-2549.652952508204,-0.00036251076824673323
472784.0,11,20038820.09690785,-9464108.399105009,-14531065.796401853,-275.3328874734543,3061.2488726701,-2372.2974930414866,-0.0003625036425261633
473384.0,11,19796551.910269514,-7593287.186103704,-15896639.911606869,-531.4503908656018,3170.926287721932,-2176.653735705986,-0.00036249651977671404
473984.0,11,19401750.617769025,-5663959.163757738,-17139705.77023281,-783.4691523267222,3256.1701922166676,-1964.2388209824994,-0.0003624893965400051
474584.0,11,18857466.432994045,-3690992.0960701015,-18250691.151445583,-1029.434884721862,3316.321114837315,-1736.7016176359084,-0.00036248226936148615
475184.0,11,18167908.141984,-1689589.7223351104,-19221049.71060673,-1267.4413615794738,3350.9168886628213,-1495.809390737797,-0.00036247513481758696
475784.0,11,17338409.502666317,324827.75821005367,-20043327.586180896,-1495.6457325626288,3359.6962320186663,-1243.433483573139,-0.0003624679895426049
476384.0,11,16375386.649912957,2336744.7896221243,-20711221.144609224,-1712.283276455938,3342.600628617149,-981.5341478340711,-0.0003624608302551036
476984.0,11,15286286.891572013,4330672.13136197,-21219625.407905452,-1915.6814590029148,3299.77449696392,-712.1446645952304,-0.00036245365378360006
477584.0,11,14079529.35511218,6291268.082906864,-21564672.795801893,-2104.2731713877843,3231.563657008507,-437.3549047227028,-0.0003624464570913269
478184.0,11,12764438.012951374,8203458.257215988,-21743761.903518476,-2276.609035054953,3138.512119620808,-159.29448153401006,-0.00036243923729986443
478784.0,11,11351167.676547011,10052552.921698093,-21755576.126546867,-2431.3686697018697,3021.3572414085306,119.88434931622842,-0.0003624319917114504
479384.0,11,9850623.376011323,11824361.389629316,-21600092.102898035,-2567.3729034047665,2881.0236887909764,398.0255247976721,-0.0003624243056381706
479984.0,11,8274375.35378965,13505299.850411534,-21278577.63507403,-2683.5844072398277,2718.6140062250233,672.9796532668897,-0.00036241700133531166
480584.0,11,6634566.170119943,15082498.74913584,-20793579.764049448,-2779.1278483059127,2535.4014979286085,942.6311120876436,-0.0003624096644330571
481184.0,11,4943816.821658292,16543899.363188922,-20148902.68606347,-2853.287877122652,2332.818106058681,1204.9077569801593,-0.0003624022931457784
481784.0,11,3215127.74916936,17878346.12130178,-19349575.87216008,-2905.5162077641426,2112.4429109016614,1457.7987613936948,-0.00036239488595445865
482384.0,11,1461777.6117609907,19075671.03023155,-18401812.761197504,-2935.4352224907684,1875.98917792378,1699.370096050755,-0.0003623874416178904
482984.0,11,-302779.7085496634,20126770.086804718,-17312960.39946519,-2942.8401868416954,1625.2904409460393,1927.7792701678065,-0.00036237995918165687
483584.0,11,-2065019.0480980687,21023671.133584414,-16091440.49087573,-2927.700078945427,1362.2857519367412,2141.2892240828546,-0.00036237243798484313
484184.0,11,-3811448.0284602307,21759592.692446508,-14746682.384275446,-2890.157049149292,1089.0042315294872,2338.281273925521,-0.0003623648776644453
484784.0,11,-5528710.43911161,22328993.38847854,-13289048.581186734,-2830.524537609711,807.549056362401,2517.2670203832477,-0.0003623572781574633
485384.0,11,-7203688.142741472,22727611.656102397,-11729753.39796274,-2749.2840881141674,520.0810197856374,2676.8991453431663,-0.00036234963970068265
485984.0,11,-8823600.732881926,22952495.49943377,-10080775.460666748,-2647.0809060403426,228.80180151271452,2815.9810320288766,-0.00036234196282816823
486584.0,11,-10376101.738007944,23002022.00272133,-8354765.099910733,-2524.7170099658583,-64.06003088722309,2933.4747375024085,-0.00036233383850511224
487184.0,11,-11849373.44489963,22875907.392152995,-6564945.229222316,-2383.149275959114,-356.2775584537583,3028.509797897086,-0.00036232608747335587
487784.0,11,-13232212.81075108,22575205.68395721,-4725011.969044085,-2223.474357544731,-645.624814595682,3100.386509844842,-0.0003623183013446567
488384.0,11,-14514116.75213616,22102298.322233096,-2849028.447787217,-2046.924693169148,-929.9051083289683,3148.582128949191,-0.00036231048177390513
488984.0,11,-15685359.785068955,21460873.4928726,-951318.0867449145,-1854.8575530210594,-1206.9643509477103,3172.7536196622323,-0.00036230263066843593
489584.0,11,-16737065.945707906,20655895.813689318,953644.0073973581,-1648.7444737973665,-1474.7068836269493,3172.7395007151413,-0.00036229475017316576
490184.0,11,-17661274.122887984,19693566.63538319,2851340.3788044862,-1430.1599537871857,-1731.1107631952823,3148.560371457923,-0.00036228684265402774
490784.0,11,-18450996.376058538,18581275.309294213,4727320.488737642,-1200.7694959515775,-1974.2424115482202,3100.4181361231126,-0.00036227891067983396
491384.0,11,-19100268.867318697,17327541.83574793,6567309.12514932,-962.3170876840611,-2202.2705411458846,3028.6939502975342,-0.00036227095700270564
491984.0,11,-19604195.092208542,15941951.360084418,8357313.186038973,-716.6122063484564,-2413.47927597648,2933.9449204446196,-0.00036226298453721756
492584.0,11,-19958981.150230154,14435081.0320567,10083726.088561896,-465.5164396110447,-2606.28039417795,2816.899593206247,-0.00036225499633840973
493184.0,11,-20161962.85228498,12818419.788137957,11733429.081501678,-210.9298091175458,-2779.224625122629,2678.4522764835315,-0.0003622469955788244
493784.0,11,-20211624.595822923,11104281.335516755,13293889.171096599,45.22460474308855,-2931.012433521377,2519.6536141858546,-0.00036223857290802584
494384.0,11,-20107609.55352242,9305713.072486952,14753250.511373041,301.008733472798,-3060.501298377893,2341.7131766100924,-0.0003622305567872819
494984.0,11,-19850721.761326015,7436395.917251556,16100424.984119507,554.4924254550742,-3166.716721970626,2145.974941574988,-0.0003622225381000214
495584.0,11,-19442919.65356745,5510543.860860719,17325172.78519282,803.7615720318774,-3248.857298113808,1933.9178284850714,-0.0003622145202461861
496184.0,11,-18887301.20982234,3542797.511762378,18418178.965338208,1046.9334245605364,-3306.3009512808826,1707.1423750193142,-0.00036220650661950775
496784.0,11,-18188080.877266947,1548115.0504505252,19371122.817063846,1282.170242320279,-3338.609486182322,1467.3591680330383,-0.0003621985005822154
497384.0,11,-17350558.410955157,-458339.122141839,20176740.06965798,1507.6926443668954,-3345.531885026777,1216.3765129210929,-0.00036219050543995863
497984.0,11,-16381079.842658535,-2461307.2857614383,20828877.468395345,1721.792584822137,-3327.0063295838186,956.0874131669505,-0.00036218252441711814
498584.0,11,-15286990.834924495,-4445552.085675228,21322539.358478732,1922.8458719998448,-3283.160930227608,688.4559351990805,-0.00036217456063267434
499184.0,11,-14076582.722016418,-6395970.22915896,21653925.940040607,2109.324152691311,-3214.3131493626574,415.50303720925075,-0.00036216661707680293
499784.0,11,-12759031.583548281,-8297705.417974137,21820462.907695185,2279.8062839174827,-3120.967912113322,139.29194427565432,-0.0003621586965883607
500384.0,11,-11344330.740032667,-10136259.740316216,21820822.236849245,2432.989015582053,-3003.8144029924188,-138.08684402772298,-0.00036215080183342425
500984.0,11,-9843217.647091055,-11897602.120292814,21654933.932027023,2567.697212411843,-2863.726245327261,-414.5301282806141,-0.00036214252563411694
501584.0,11,-8267092.378984937,-13568276.77686238,21323988.535041194,2682.891644100604,-2701.7370383934995,-687.9401054783644,-0.00036213468984654996
502184.0,11,-6627936.374874896,-15135501.853051938,20830430.61874371,2777.6792137215007,-2519.061084636233,-956.2361777189997,-0.0003621268865452337
502784.0,11,-4938221.292987528,-16587269.140341304,20177942.6338193,2851.318689164822,-2317.066608335954,-1217.372784207327,-0.00036211911751473134
503384.0,11,-3210816.420053414,-17912435.809138626,19371419.765710566,2903.227243821315,-2097.270791938052,-1469.3542666587143,-0.0003621113842806463
503984.0,11,-1458892.2152624838,-19100810.59785713,18416935.583162162,2932.985503238131,-1861.3290519224902,-1710.2500351280673,-0.00036210368809752456
504584.0,11,304178.84949233383,-20143233.280154947,17321698.704214107,2940.341431271886,-1611.0231984081888,-1938.2093900565708,-0.0003620960299387413
505184.0,11,2064923.4506795388,-21031646.758039825,16094000.70819487,2925.213005396148,-1348.2485430904694,-2151.4758864292758,-0.0003620884104884646
505784.0,11,3809869.842889365,-21759161.167101376,14743155.590553798,2887.689637756533,-1075.000030620136,-2348.401124622008,-0.0003620808301357749
506384.0,11,5525650.798428064,-22320109.42536169,13279431.127000999,2828.032306540834,-793.3574792416407,-2527.4578522108663,-0.0003620732889710045
506984.0,11,7199106.276382986,-22710093.70940624,11713972.583733272,2746.6723712463377,-505.47002723993796,-2687.2522618783137,-0.0003620657867843472
507584.0,11,8817385.024856623,-22926022.400709167,10058719.280710513,2644.209055451054,-213.53989229958643,-2826.53537271864,-0.0003620583230667683
508184.0,11,10368044.436668612,-22966137.242917333,8326314.5325200595,2521.405947284944,80.19618262563426,-2944.214547962038,-0.0003620509505694876
508784.0,11,11839147.095633522,-22830029.68853388,6530009.993652683,2379.18441308814,373.4771522316805,-3039.358056885348,-0.0003620435611779642
509384.0,11,13219355.060275387,-22518647.706124265,4683563.9762067655,2218.619169448277,664.045856031932,-3111.2100976135653,-0.0003620362069839124
509984.0,11,14498018.706804937,-22034291.253713198,2801136.251668087,2040.9291361966607,949.6596116568724,-3159.1927774880746,-0.000362028886335855
510584.0,11,15665261.082830496,-21380597.292224567,897178.6910623232,1847.468760344704,1228.1097501808274,-3182.9125808877234,-0.0003620215973219517
511184.0,11,16712056.381085776,-20562514.11386918,-1013676.7488818808,1639.7178247160537,1497.239218906434,-3182.16419408469,-0.00036201433778436343
511784.0,11,17630301.94043556,-19586265.13730822,-2916731.901689297,1419.2701527541922,1754.9598892615818,-3156.9328124808367,-0.00036200710533561747
512384.0,11,18412883.127162818,-18459302.39545361,-4797337.193077153,1187.8212949374047,1999.2694122578482,-3107.3948893860324,-0.0003619998973768535
512984.0,11,19053730.50679249,-17190250.039628357,-6641006.412132652,947.1552946769758,2228.267465023081,-3033.9173006263786,-0.00036199271111781226
513584.0,11,19547868.78172041,-15788838.280063199,-8433530.48464305,699.1306431493822,2440.1712350790935,-2937.0549152444455,-0.00036198554359841135
514184.0,11,19891457.041903358,-14265828.275852421,-10161089.28183421,445.66554297824973,2633.3299943136244,-2817.5465791230854,-0.0003619783917117357
514784.0,11,20081819.95387584,-12632928.576072376,-11810360.508993547,188.72260981454792,2806.2386219696564,-2676.30953525409,-0.00036197125222825726
515384.0,11,20117469.48136448,-10902704.075826362,-13368624.346517332,-69.70515780776987,2957.547486072872,-2514.4320375601847,-0.00036196371195983525
515984.0,11,19998117.52820428,-9088476.272278843,-14823865.470109947,-327.6172736728465,3086.083378251332,-2333.1658406778242,-0.00036195658706103436
516584.0,11,19724678.141506318,-7204221.334640594,-16164864.874243438,-583.0114041789448,3190.8441964165686,-2133.914757376502,-0.0003619494643893787
517184.0,11,19299260.604157172,-5264458.33177022,-17381290.155719217,-833.9066049201276,3271.0171109317307,-1918.224329540351,-0.0003619423404858711
517784.0,11,18725152.667762913,-3284135.604619367,-18463776.076387122,-1078.3574920042213,3325.982587943634,-1687.7691408374521,-0.0003619352119011969
518384.0,11,18006794.334508255,-1278513.2146468423,-19403997.80997531,-1314.4699028553564,3355.319301101967,-1444.3392670366436,-0.00036192807522283016
518984.0,11,17149742.39610642,736956.9991700342,-20194735.7457611,-1540.416104386874,3358.8073628599072,-1189.8257679264775,-0.00036192092710182793
431984.0,12,18347241.56865356,-9223987.122588104,-17134630.8497823,2739.7147853012716,1841.9241140246659,1975.2528374333954,-0.0006078997706489781
432584.0,12,19920250.368396528,-8085697.400892438,-15886693.241082478,2500.1895486559274,1950.2583650277825,2181.944631176258,-0.0006078983721979725
433184.0,12,21343715.577901762,-6886710.595992254,-14519474.738424601,2241.499010938799,2044.1121894982455,2372.5685561706373,-0.0006078970787864046
433784.0,12,22606682.71577204,-5635941.135057144,-13043058.695779178,1965.491055754836,2122.744235354812,2545.6627609154993,-0.0006078958998019904
434384.0,12,23699347.20311511,-4342717.838487698,-11468372.10865728,1674.1504471932246,2185.5169406878695,2699.880698914986,-0.0006078948438176967
434984.0,12,24613133.329930786,-3016719.8976722914,-9807113.246714521,1369.5874612896182,2231.902399208716,2834.001962172742,-0.000607893918524247
435584.0,12,25340766.070141003,-1667909.4441794432,-8071672.866581786,1054.025354499414,2261.4877409037063,2946.9426941759134,-0.0006078931306676068
436184.0,12,25876334.991872795,-306461.1166847544,-6275049.378476177,729.7864544273211,2273.9860637901106,3037.762464396024,-0.000607892839129545
436784.0,12,26215349.759051908,1057311.5845919298,-4430757.72767561,399.2781538756431,2269.2161426182815,3105.6856021879867,-0.0006078923424228049
437384.0,12,26354786.00488642,2413031.312220456,-2552733.8992167534,64.97546917288764,2247.1426597448817,3150.0915353867676,-0.0006078919971814088
437984.0,12,26293121.521900475,3750334.6811315315,-655233.5521434512,-270.59508809826383,2207.8542827834012,3170.5345171628933,-0.0006078918058659491
438584.0,12,26030361.662555076,5058950.965391712,1247273.1391680564,-604.8739638353721,2151.5715703462756,3166.747156590637,-0.0006078917697743508
439184.0,12,25568053.512400404,6328781.641537655,3140210.359654069,-935.2876942309415,2078.647735173587,3138.6458159332624,-0.0006078918890211479
439784.0,12,24909288.2693222,7549980.070571319,5009008.389026422,-1259.268869999937,1989.568342538445,3086.3346954636318,-0.0006078921625255845
440384.0,12,24058691.372786585,8713030.648389595,6839217.356695637,-1574.2767844994928,1884.9498709170493,3010.1084695726354,-0.0006078925880089646
440984.0,12,23022400.02804945,9808826.71426005,8616622.095260447,-1877.8185900927188,1765.5370724456338,2910.4533464059564,-0.0006078931620016124
441584.0,12,21808027.887862783,10828746.474630034,10327357.0994454,-2167.4707599487047,1632.199084177704,2788.046436147514,-0.0006078938798597228
442184.0,12,20424616.787106223,11764726.176754978,11958020.535105571,-2440.900627277587,1485.9242574990922,2643.7533304148255,-0.0006078947357922881
442784.0,12,18882575.57222247,12609329.754899044,13495786.193204686,-2695.887751808432,1327.8136920321808,2478.6238169665576,-0.0006078957228981789
443384.0,12,17193606.20176137,13355814.251958799,14928512.24091865,-2930.345288646677,1159.0767378911505,2293.883394320289,-0.000607896720477962
443984.0,12,15370617.573080016,13998189.756421244,16244845.704500014,-3142.338435493807,981.0090295684597,2090.934219257971,-0.0006078979450291404
444584.0,12,13427627.527546655,14531274.400168942,17434321.17366067,-3330.106228724997,795.0016138243345,1871.3315065944357,-0.0006078992739107882
445184.0,12,11379653.660017744,14950742.012928994,18487453.234491426,-3492.0777173965034,602.5167742958547,1636.7805754777137,-0.0006079006963512125
445784.0,12,9242594.012694022,15253163.055383567,19395820.933540124,-3626.8886944368587,405.0788735997926,1389.120890187834,-0.0006079022008004842
446384.0,12,7033098.561610684,15436037.785584653,20152143.53220645,-3733.396150320698,204.26110885527896,1130.3106623346066,-0.0006079037750230786
446984.0,12,4768432.7154020285,15497821.255514568,20750346.55238978,-3810.6906259329594,1.6715272603304356,862.4099359955233,-0.000607905406197632
447584.0,12,2466334.1524261315,15437939.754087567,21185617.273056667,-3858.1062452644474,-201.06152913407914,587.5623446122237,-0.0006079070810228657
448184.0,12,144864.43885430647,15256798.418151611,21454448.95944753,-3875.2282436027585,-402.3043644940078,307.9757586628642,-0.000607908785828617
448784.0,12,-2177743.035476527,14955779.845889935,21554673.244426005,-3861.8978476220764,-600.4330593450632,25.902068977449066,-0.000607910506690833
449384.0,12,-4483237.197518479,14537233.665021935,21485480.23219946,-3818.2144091186187,-793.8485857064063,-256.3836288953185,-0.0006079122295493092
449984.0,12,-6753503.859847885,14004457.128744349,21247426.055078227,-3744.534742760353,-980.9917006700471,-536.604169407673,-0.0006079139403269047
450584.0,12,-8970719.21552561,13361666.819928179,20842427.773130998,-3641.469116688157,-1160.3571507597821,-812.5014816633152,-0.0006079159779183348
451184.0,12,-11117499.586871179,12613962.479496295,20273745.72093759,-3509.8772458935564,-1330.508605307164,-1081.8575031830667,-0.0006079176227820256
451784.0,12,-13177048.558432415,11767281.567373503,19545953.471089847,-3350.856176333123,-1490.0900156449459,-1342.514540474366,-0.000607919214419453
452384.0,12,-15133296.122027144,10828347.534072047,18664895.837020725,-3165.7311117332047,-1637.8388353264445,-1592.3948398464354,-0.0006079207398626397
452984.0,12,-16971031.40202556,9804610.586954359,17637635.499174774,-2956.0412280858955,-1772.5966659072178,-1829.5190839074846,-0.0006079221867000053
453584.0,12,-18676026.414081644,8704182.374932183,16472388.907943461,-2723.523945712712,-1893.3189555717663,-2052.02360741876,-0.0006079235431779685
454184.0,12,-20235149.89207007,7535765.241109639,15178452.289984684,-2470.097376191789,-1999.0833539942726,-2258.1761316163293,-0.0006079247982956916
454784.0,12,-21636470.16559691,6308576.862760416,13766118.683110211,-2197.8412228758043,-2089.0966520247525,-2446.3898534603786,-0.0006079259418920964
455384.0,12,-22869346.23823416,5032271.134402638,12246587.014035301,-1908.9764290345433,-2162.700262258567,-2615.235761528838,-0.0006079269647244127
455984.0,12,-23924506.39211458,3716856.1702572354,10631864.301778976,-1605.843875284066,-2219.374223642727,-2763.4530867380595,-0.0006079278585376502
456584.0,12,-24794113.823409267,2372610.307315814,8934662.11679247,-1290.8824281105485,-2258.739739196582,-2889.9578325752736,-0.000607928616124521
457184.0,12,-25471818.991291266,1009996.9803044745,7168288.45202349,-966.6066344219993,-2280.5602799679596,-2993.8493649617476,-0.0006079292313754791
457784.0,12,-25952798.535338525,-360420.7064061528,5346536.246185496,-635.5845100796366,-2284.735844541803,-3074.41731050276,-0.0006079300519868606
458384.0,12,-26233780.80096555,-1728064.644892285,3483569.404845443,-300.41464205439877,-2271.3232666403305,-3131.1353871621827,-0.0006079303687022303
458984.0,12,-26313058.099913944,-3082425.8340495676,1593807.7206257118,36.29443943425156,-2240.50052912701,-3163.675818002975,-0.000607930531691017
459584.0,12,-26190486.009860348,-4413145.447442496,-308187.9602600691,371.94616763350575,-2192.5848172697133,-3171.8995962026447,-0.0006079305395338388
460184.0,12,-25867470.274703193,-5710093.902814463,-2207830.002537155,703.9760106642134,-2128.0220927819137,-3155.8563802621834,-0.0006079303920082456
460784.0,12,-25346941.733198754,-6963446.5495277215,-4090616.2888017003,1029.870771501774,-2047.3812798577444,-3115.780657244275,-0.0006079300900793931
461384.0,12,-24633319.93726709,-8163755.616347926,-5942239.808278221,1347.1867808505885,-1951.3476744518568,-3052.086561520783,-0.0006079296358817679
461984.0,12,-23732466.159675285,-9302017.980580915,-7748694.75080481,1653.5668883551077,-1840.715691865874,-2965.361489861753,-0.0006079290326924342
462584.0,12,-22651626.542322867,-10369738.38921045,-9496378.416046508,1946.7561856702487,-1716.381064116006,-2856.3586549796437,-0.0006079282848963087
463184.0,12,-21399366.170925573,-11358987.829848485,-11172188.334858136,2224.616420832297,-1579.3325928020538,-2725.9887173792554,-0.0006079273979440143
463784.0,12,-19985494.88084334,-12262456.812676027,-12763614.084799405,2485.1390866078905,-1430.6435556986555,-2575.3106300338604,-0.0006079263783028728
464384.0,12,-18420985.603784133,-13073503.383061454,-14258823.363174548,2726.457185676189,-1271.4628564750942,-2405.521822532799,-0.0006079252334016146
464984.0,12,-16717886.242177602,-13786195.629864968,-15646741.893975737,2946.856647018991,-1103.0061565743304,-2217.9489939184305,-0.0006079238588673412
465584.0,12,-14889224.933915293,-14395349.22664608,-16917127.138876494,3144.7816378997572,-926.5461453347311,-2014.0327767337128,-0.000607922489383616
466184.0,12,-12948911.235722214,-14896558.536044985,-18060635.294426057,3318.8484571116496,-743.4041774983243,-1795.3232880527191,-0.0006079210220577415
466784.0,12,-10911632.370647546,-15286222.939365676,-19068881.223284263,3467.8482845220497,-554.9405875458772,-1563.4643305153252,-0.0006079194675046581
467384.0,12,-8792745.85509909,-15561567.397056488,-19934491.780471157,3590.7538758709907,-362.5456651784434,-1320.182869795903,-0.000607917836949861
467984.0,12,-6608169.126277045,-15720657.577125793,-20651152.02687153,3686.7241575707935,-167.63058404817104,-1067.2772890149486,-0.0006079161421481158
468584.0,12,-4374266.771015694,-15762409.578135576,-21213644.367062863,3755.107804665588,28.381575889410897,-806.6055456600832,-0.0006079143952996357
469184.0,12,-2107735.947572411,-15686594.314767065,-21617880.573934212,3795.44584995555,224.06469625276094,-540.0732645923921,-0.0006079126089641756
469784.0,12,174509.43797371164,-15493836.640848082,-21860926.67896725,3807.473366142563,417.9983676095524,-269.6217916903832,-0.0006079107959734844
470384.0,12,2455455.2643168354,-15185609.28846943,-21941020.717959635,3791.120255168202,608.7765096788187,2.783774773238761,-0.0006079089693425346
470984.0,12,4718103.919839786,-14764221.703313641,-21857583.32846805,3746.511170079538,795.0158603407241,275.1665636550873,-0.0006079071421799402
471584.0,12,6945590.716695931,-14232803.856520941,-21611221.198525477,3673.9645851663495,975.3643306561928,545.5499138792737,-0.0006079053275979638
472184.0,12,9121298.97268459,-13595285.292241246,-21203723.448873315,3573.990555186668,1148.5065837350949,811.9706634783072,-0.0006079038915448548
472784.0,12,11228976.451125463,-12856368.41547955,-20638050.50559356,3447.2899423969925,1313.1826591224808,1072.4859555175879,-0.0006079021409496229
473384.0,12,13252844.702746669,-12021498.752297366,-19918316.43695216,3294.7481491557646,1468.1800762189898,1325.1928745389148,-0.0006079004413961889
473984.0,12,15177711.247880291,-11096828.842777869,-19049763.65987089,3117.4325948859637,1612.3521584173602,1568.2352915529534,-0.0006078988051176875
474584.0,12,16989076.43214587,-10089178.32858394,-18038730.725029387,2916.586961878541,1744.6229791488176,1799.8170180964178,-0.0006078972439086892
475184.0,12,18673237.342315428,-9005989.39708921,-16892612.967331342,2693.624952151141,1863.9947507409906,2018.2136258670891,-0.0006078957690411873
475784.0,12,20217387.73271763,-7855277.853629289,-15619816.095896574,2450.1230524686907,1969.5549825327744,2221.7841648142626,-0.0006078943911830878
476384.0,12,21609713.352933194,-6645579.963910401,-14229702.786275856,2187.8122656224014,2060.4833704664547,2408.9827358885154,-0.000607893120319676
476984.0,12,22839482.03925323,-5385895.234410046,-12732532.367552003,1908.5687666679319,2136.0583723866284,2578.3698632542146,-0.0006078919656785601
477584.0,12,23897127.905490883,-4085625.329664454,-11139393.734700646,1614.4034461914246,2195.6634151774892,2728.6235985930703,-0.0006078909356586105
478184.0,12,24774328.94516194,-2754509.361587002,-9462131.662364218,1307.450309013559,2238.792671951401,2858.550277534004,-0.0006078900377634349
478784.0,12,25464077.33878733,-1402555.8271196191,-7713266.750100263,989.9537062046646,2265.056340073251,2967.0948356390645,-0.0006078892785399444
479384.0,12,25960741.753301278,-39971.57834013272,-5905909.352468441,664.2545493609025,2274.1894232084674,3053.3488236523012,-0.0006078890167201119
479984.0,12,26260120.889487345,1322912.329056466,-4053667.293801317,332.77458521818465,2266.0394402510137,3116.566552049055,-0.0006078885504655454
480584.0,12,26359487.597086888,2675715.7605327377,-2170549.73057396,-1.9989724317413788,2240.5942763970934,3156.1628360813584,-0.0006078882362542848
481184.0,12,26257622.957958087,4008087.985590077,-270864.39642424346,-337.53137144958345,2197.96826912114,3171.7274716240295,-0.0006078880763133479
481784.0,12,25954839.468544994,5309786.44569141,1630888.1936978276,-671.2585691288764,2138.407874991353,3163.0298040679186,-0.0006078880717022933
482384.0,12,25452992.89364922,6570756.375890378,3520124.264896709,-1000.6065440632373,2062.292229620884,3130.023870488246,-0.0006078882222942497
482984.0,12,24755482.22575084,7781210.436374463,5382288.999999481,-1323.0114118636845,1970.1326276927434,3072.852201209913,-0.0006078885267658591
483584.0,12,23867237.31301874,8931707.675102916,7202970.595421665,-1635.9401914959524,1862.5708519440377,2991.8481459796526,-0.0006078889825965472
484184.0,12,22794693.8236471,10013231.104029879,8968015.218945934,-1936.912041021734,1740.37629111873,2887.5365993206215,-0.0006078895860774675
484784.0,12,21545755.3349395,11017263.140896697,10663641.862807844,-2223.519754706112,1604.441800963012,2760.633013422373,-0.0006078903323303804
485384.0,12,20129742.47133752,11935858.147912651,12276556.02565684,-2493.451288803052,1455.778279217129,2612.0406051565724,-0.0006078912153366312
485984.0,12,18557329.164462026,12761711.289325375,13794061.11018777,-2744.511061888065,1295.5079450044586,2442.845686391083,-0.0006078922279762854
486584.0,12,16840465.012571562,13488223.640706772,15204167.267833779,-2974.6415077163383,1124.8590093305227,2254.3086854129187,-0.0006078923160172163
487184.0,12,14992291.335481629,14109558.52548936,16495691.381626496,-3181.940122963572,945.1457600377064,2047.865081001054,-0.000607893562411134
487784.0,12,13027034.430332534,14620699.00285792,17658359.539356004,-3364.682836239841,757.774083714723,1825.100911968125,-0.0006078949110135197
488384.0,12,10959898.257831013,15017491.761094848,18682894.81067312,-3521.3387030739996,564.219295931906,1587.7497552836396,-0.0006078963508889138
488984.0,12,8806942.264440577,15296687.164079646,19561100.7751958,-3650.586578522881,366.01625278567167,1337.676350138337,-0.0006078978703418248
489584.0,12,6584951.163668143,15455970.844224703,20285935.384763166,-3751.3291693299043,164.74594934678237,1076.8608802920842,-0.0006078994570108745
490184.0,12,4311298.401819507,15493986.95776511,20851574.686050892,-3822.704909858893,-37.97844446386125,807.3819382122044,-0.0006079020311151188
490784.0,12,2003796.1806125203,15410353.335330784,21253467.194829393,-3864.097641338208,-240.5268090270382,531.3973902236138,-0.0006079037129803683
491384.0,12,-319445.3576461517,15205666.561902214,21488373.96777085,-3875.1433905665954,-441.26619889002893,251.12579889805423,-0.0006079054220217574
491984.0,12,-2640176.3314929022,14881499.413397841,21554399.825495332,-3855.7348778831592,-638.5765613407143,-31.174577491646048,-0.0006079071442792522
492584.0,12,-4940160.092439609,14440388.482446818,21451010.588200733,-3806.0230464201736,-830.865678739065,-313.2265280352002,-0.0006079088656807334
493184.0,12,-7201327.679869815,13885813.033605931,21179038.078170743,-3726.4158388700703,-1016.5839922640032,-592.7550527981216,-0.0006079105721613442
493784.0,12,-9405932.598051691,13222164.498272294,20740671.976001646,-3617.574454325394,-1194.239048497501,-867.5085715761329,-0.0006079116697005452
494384.0,12,-11536693.015886702,12454710.588819738,20139441.405390576,-3480.4055011144105,-1362.4088627476135,-1135.2794455594408,-0.0006079133047917515
494984.0,12,-13576947.62639877,11589545.836161125,19380180.148450922,-3316.0533604655807,-1519.7552477776205,-1393.9246507443045,-0.000607914883994166
495584.0,12,-15510787.185691286,10633539.936329857,18468983.64974629,-3125.8871861114,-1665.035384399138,-1641.3848589270228,-0.0006079163944444837
496184.0,12,-17323187.08022638,9594276.921887215,17413153.114216242,-2911.48712450762,-1797.1125915309126,-1875.7027653300509,-0.0006079178238568433
496784.0,12,-19000129.191484947,8479988.726094255,16221129.340224253,-2674.628199868392,-1914.9657661307947,-2095.0400204365956,-0.0006079191606231142
497384.0,12,-20528713.61144209,7299483.473618135,14902416.834727349,-2417.2624281739913,-2017.6974632589063,-2297.692644454249,-0.0006079203939061367
497984.0,12,-21897259.22406442,6062069.32558021,13467499.15551008,-2141.499442603546,-2104.5405502918393,-2482.104767802131,-0.0006079215137250773
498584.0,12,-23095392.33776149,4777474.739959128,11927746.510439483,-1849.585926615459,-2174.863396771517,-2646.8805766227088,-0.0006079225110321805
499184.0,12,-24114122.730280638,3455766.0257275617,10295316.70791334,-1543.8841570027387,-2228.173588300367,-2790.7943788968482,-0.0006079233777803386
499784.0,12,-24945906.646621015,2107263.0709893545,8583050.595635528,-1226.8499579412746,-2264.1201785013886,-2912.7987431244574,-0.0006079241069810338
500384.0,12,-25584696.467992116,742454.1125782127,6804363.146730449,-901.010358836214,-2282.4945166592847,-3012.030696638591,-0.0006079246927523476
500984.0,12,-26025976.967009544,-628089.8494505868,4973131.098755196,-568.9414800204346,-2283.223803845892,-3087.818553788537,-0.0006079254848701654
501584.0,12,-26266788.036514934,-1993798.7352847885,3103579.841671836,-233.24536051548995,-2266.3929108062252,-3139.6741146971317,-0.0006079257706275166
502184.0,12,-26305734.55082385,-3344188.081476589,1210166.7722652818,103.46998793202764,-2232.2058377695316,-3167.308605587286,-0.0006079259022803378
502784.0,12,-26142983.034550343,-4668939.165876064,-692532.6900688079,438.61275677518614,-2181.0053131607633,-3170.6213655479464,-0.0006079258786518673
503384.0,12,-25780246.13589518,-5957977.549215504,-2589939.203963617,769.6271124645618,-2113.2617458236,-3149.699739406818,-0.000607925699761079
503984.0,12,-25220755.240193345,-7201548.053407995,-4467581.33170815,1094.0122837627582,-2029.5672508281477,-3104.814957504712,-0.0006079253668115113
504584.0,12,-24469221.90820864,-8390285.909059685,-6311204.482038528,1409.3405204953347,-1930.628921643681,-3036.41669912674,-0.0006079248821712386
505184.0,12,-23531788.85085772,-9515283.647274626,-8106876.210823842,1713.273834979868,-1817.261463215718,-2945.1264810539997,-0.0006079242493444625
505784.0,12,-22415971.200052746,-10568153.380109753,-9841087.207300648,2003.5794650870212,-1690.3792964289896,-2831.7300132244313,-0.0006079234729352427
506384.0,12,-21130588.86662729,-11541084.180547109,-11500847.380294913,2278.1440233190074,-1550.988238294014,-2697.1686605594564,-0.0006079225586039176
506984.0,12,-19685690.79226027,-12426894.33532004,-13073776.54340143,2534.9863189489342,-1400.1768543911965,-2542.5301441134984,-0.0006079215130167813
507584.0,12,-18092471.904649995,-13219078.301351529,-14548189.278556976,2772.268859800155,-1239.1075710724301,-2369.038606364732,-0.0006079203437895945
508184.0,12,-16363183.650293916,-13911848.238364987,-15913173.609208124,2988.308717760072,-1069.0047420934725,-2178.047287444109,-0.0006079189466154411
508784.0,12,-14511038.562168289,-14500170.09667806,-17158663.265663553,3181.58375924712,-891.1570048363678,-1971.0152389376206,-0.0006079175565583132
509384.0,12,-12550110.08113123,-14979794.1387703,-18275503.403669078,3350.7445472163577,-706.8908739538942,-1749.5145738033707,-0.0006079160707592294
509984.0,12,-10495228.215377118,-15347279.914573813,-19255509.176666446,3494.6180359552905,-517.5730330232856,-1515.206814665803,-0.0006079144999626306
510584.0,12,-8361871.483441049,-15600015.801001525,-20091517.62322826,3612.213753132845,-324.59834453843234,-1269.8342851401292,-0.0006079128555072567
511184.0,12,-6166056.01636102,-15736233.070140548,-20777432.455448,3702.728188201928,-129.3807983174935,-1015.2083419898772,-0.0006079111492443155
511784.0,12,-3924222.381671282,-15755014.566700157,-21308261.762654483,3765.5481742652387,66.65544302974217,-753.1975173786104,-0.0006079093934532056
512384.0,12,-1653120.714264825,-15656298.064267216,-21680148.596758842,3800.2533103036776,262.0848866589872,-485.715602819498,-0.000607907600755248
512984.0,12,630305.2898761039,-15440874.376060206,-21890394.42074305,3806.6174641653474,455.4894303074207,-214.70969770425484,-0.0006079057840258612
513584.0,12,2909034.9852944096,-15110380.299031911,-21937475.41171174,3784.6093887521442,645.466955381268,57.8517618247069,-0.0006079039563055984
514184.0,12,5166087.4807311855,-14667286.471279016,-21821051.615661398,3734.3924748103827,830.6397886877203,329.99098325441656,-0.0006079021307104541
514784.0,12,7384637.933753375,-14114880.222728254,-21541968.953883544,3656.3236540261687,1009.663030110903,599.7328004209235,-0.0006079003203418404
515384.0,12,9548132.680387087,-13457243.559148515,-21102254.09951058,3550.9512813134547,1181.2334046865099,865.1156489488279,-0.0006078988912942066
515984.0,12,11640404.238438765,-12699226.010413025,-20505102.140758168,3419.0130441844644,1344.094648041183,1124.207571240998,-0.0006078971501604437
516584.0,12,13645781.96939432,-11846413.251753112,-19754857.192053832,3261.431230431908,1497.0494315079256,1375.1120968575776,-0.0006078954625715955
517184.0,12,15549202.584504407,-10905090.564039756,-18856985.812369853,3079.3088959881457,1638.9643828960493,1615.9842297498476,-0.0006078938406778791
517784.0,12,17336316.654699225,-9882201.931139749,-17818043.32731382,2873.9242051807123,1768.7783266136594,1845.0413054746107,-0.0006078922961737984
518384.0,12,18993591.785681967,-8785304.627510333,-16645633.051422557,2646.723993676736,1885.5096311653776,2060.574794178014,-0.0006078908402146076
518984.0,12,20508411.684675805,-7622519.459415162,-15348358.460003993,2399.3163308984035,1988.2633192763626,2260.9619941630203,-0.0006078894833353707
431984.0,13,15629139.64370706,2651104.6433083653,21084512.191362046,525.3904116695409,3775.3165957871734,-827.2990464002637,0.0006782393298728041
432584.0,13,15883004.69503098,4902938.6910865065,20506500.16918164,320.20153339801595,3726.1275663470874,-1098.1416504033853,0.0006782370679386142
433184.0,13,16013070.922454128,7116562.659362168,19768618.29399514,112.95993931250439,3648.029486741455,-1359.849839233364,0.000678234950986844
433784.0,13,16018599.295955293,9274845.170885842,18876958.185146164,-94.68732310735868,3541.767726662624,-1610.3952685574031,0.0006782329877348031
434384.0,13,15899835.880337328,11361168.49264607,17838796.43713676,-301.10472471234175,3408.309913535885,-1847.8586068315094,0.000678231185647801
434984.0,13,15658000.873516442,13359558.245642183,16662524.970160417,-504.68209172894274,3248.8336483735266,-2070.4440677353214,0.0006782295508902708
435584.0,13,15295269.563382233,15254805.314596377,15357573.153696645,-703.8477290048237,3064.7126230315484,-2276.492262233024,0.0006782280882888788
436184.0,13,14814745.630391214,17032579.206405744,13934322.712317735,-897.0763850553794,2857.497021648398,-2464.494012865582,0.0006782261802674344
436784.0,13,14220427.572006712,18679531.280760743,12404016.636849832,-1082.918072730923,2628.914688407643,-2633.0889288728345,0.000678225071199285
437384.0,13,13517167.90229016,20183389.52046419,10778662.249611376,-1259.9820685451791,2380.827874734746,-2781.089201961708,0.0006782241405393311
437984.0,13,12710627.266002223,21533041.214800462,9070931.215000268,-1426.964016254236,2115.2329286118647,-2907.4747243889337,0.0006782233876273524
438584.0,13,11807222.730595306,22718605.818089277,7294055.782791192,-1582.649744224443,1834.2379109895076,-3011.40005154486,0.0006782228104539111
439184.0,13,10814071.488385845,23731496.741688363,5461723.054466912,-1725.9225066119002,1540.0444072284172,-3092.197103325123,0.0006782224056897051
439784.0,13,9738930.49214584,24564472.222866327,3587968.0290653133,-1855.7691802921427,1234.9293805232915,-3149.376399561431,0.0006782221687241249
440384.0,13,8590132.643791242,25211675.331778467,1687066.2834345344,-1971.2854458491947,921.2272280975253,-3182.6269368138646,0.0006782220937123437
440984.0,13,7376520.137476081,25668663.26903598,-226572.9224785794,-2071.6799927287807,601.3121761494366,-3191.8148202391944,0.0006782221736302452
441584.0,13,6107375.533470243,25932426.183363795,-2138512.3923203456,-2156.27779770456,277.58112483386486,-3176.980766795957,0.0006782224003364918
442184.0,13,4792351.109244155,26001395.801661715,-4034390.9378624707,-2224.522532161406,-47.562969297849236,-3138.3365951180667,0.0006782227646410393
442784.0,13,3441397.0006958046,25875444.212887462,-5900024.935360282,-2275.978157503278,-371.72710839671106,-3076.2608134331063,0.0006782232563794202
443384.0,13,2064689.0639739092,25555873.25117898,-7721506.450571485,-2310.3280162000437,-692.5432516015891,-2991.296972308572,0.0006782236817519267
443984.0,13,672554.1355010644,25045394.449435767,-9485300.613537619,-2327.3819806237016,-1007.6844200801669,-2884.133552259529,0.0006782243942343954
444584.0,13,-724599.9697816027,24348101.0971243,-11178334.077151418,-2327.0654998623777,-1314.8767182176475,-2755.61867846077,0.0006782251986337601
445184.0,13,-2116358.5132471127,23469431.2833096,-12788084.343115374,-2309.4255052916888,-1611.9138903652724,-2606.738935990549,0.0006782260817246607
445784.0,13,-3492370.8756291466,22416123.540527686,-14302662.275031699,-2274.6270830228177,-1896.6696985611661,-2438.6153520995904,0.0006782270297432964
446384.0,13,-4842420.884517439,21196164.99752947,-15710890.36593481,-2222.951391749197,-2167.109930425615,-2252.4954308125098,0.0006782280284836192
446984.0,13,-6156495.723179084,19818732.52466278,-17002376.068056338,-2154.7931246185944,-2421.3037796651843,-2049.7448014337106,0.0006782290633953621
447584.0,13,-7424853.155334608,18294127.252857268,-18167579.966845386,-2070.657542016603,-2657.4346240046016,-1831.8385087968072,0.0006782301196834598
448184.0,13,-8638086.816225253,16633702.831203029,-19197878.596890002,-1971.1570944059322,-2873.810224242622,-1600.351962564608,0.0006782311824084426
448784.0,13,-9787189.331264868,14849787.772956915,-20085621.706593294,-1857.007646695084,-3068.872364570965,-1356.9515534717643,0.0006782322365873959
449384.0,13,-10863613.029799938,12955602.226976624,-20824183.781912047,-1729.0243082477941,-3241.2059485088917,-1103.3849363571258,0.0006782332672950894
449984.0,13,-11859328.023172611,10965169.502473762,-21408009.63799491,-1588.1168658178276,-3389.547557022305,-841.4709733831882,0.0006782342597648806
450584.0,13,-12766877.490330823,8893222.422749124,-21832653.910953287,-1435.2841359575725,-3512.7890084686433,-573.0862215603933,0.0006782350183901591
451184.0,13,-13579429.544409595,6755106.178589031,-22094814.13210407,-1271.6111885169314,-3610.0027077249683,-300.16632486640196,0.0006782358916058595
451784.0,13,-14290826.165968321,4566675.092512135,-22192357.27208689,-1098.2597281026144,-3680.421583423101,-24.676995568061507,0.0006782366842237096
452384.0,13,-14895628.32845921,2344186.896359437,-22124339.66773271,-916.4642385617624,-3723.4634124114236,251.3858694058774,0.000678237383098952
452984.0,13,-15389157.199657833,104192.95891017467,-21891019.771991376,-727.5246278981501,-3738.731865899115,526.0109919067189,0.0006782379757322393
453584.0,13,-15767531.188210648,-2136574.54229217,-21493863.709657364,-532.7989584819203,-3726.021362176013,797.1840629313094,0.0006782384503603091
454184.0,13,-16027698.504139602,-4361318.12018794,-20935543.346535314,-333.6956578549666,-3685.3211036932184,1062.9004905031832,0.0006782387960432539
454784.0,13,-16167464.919026094,-6553292.645720805,-20219926.635256037,-131.66519577702888,-3616.818208537091,1321.1785279167507,0.0006782390027478198
455384.0,13,-16185516.402747976,-8695924.623142395,-19352060.01243467,71.80878060324028,-3520.8998360111714,1570.0727520196401,0.0006782390614261324
455984.0,13,-16081436.309075078,-10772932.448523596,-18338142.6421105,275.21885332729755,-3398.154197742453,1807.6878460349722,0.0006782389640892189
456584.0,13,-15855716.783459479,-12768446.95781423,-17185492.33070365,477.04377161578554,-3249.3703400013715,2032.19262451982,0.0006782387038746668
457184.0,13,-15509764.074277036,-14667131.498521326,-15902502.980153028,675.7588988280796,-3075.5365803155487,2241.8342197747097,0.0006782382751077384
457784.0,13,-15045897.47124656,-16454300.65218211,-14498593.56863837,869.850941386031,-2877.8410685632925,2434.9512055408713,0.0006782370253940398
458384.0,13,-14467341.35481461,-18116037.000865642,-12984148.099907005,1057.813920992321,-2657.652904310973,2609.9922718312246,0.0006782362472820558
458984.0,13,-13778210.902167968,-19639303.896903012,-11370448.279847238,1238.1841301557436,-2416.5372176906576,2765.5235048513855,0.0006782352912226026
459584.0,13,-12983489.992898662,-21012055.07111045,-9669596.394345991,1409.5364392072215,-2156.232951907795,2900.246493845723,0.0006782341567493133
460184.0,13,-12089002.222695082,-22223338.223311648,-7894430.93214722,1570.5003778223002,-1878.6465407296919,3013.0103285564123,0.0006782328447666654
460784.0,13,-11101374.518590916,-23263392.31595817,-6058434.315843283,1719.7723078464305,-1585.8401797865936,3102.8239952978543,0.0006782313575575342
461384.0,13,-10027993.43590036,-24123737.266676176,-4175633.4078665213,1856.1275058033568,-1280.018213812246,3168.86785861802,0.0006782296987797276
461984.0,13,-8876954.232804837,-24797254.89735507,-2260493.4043913065,1978.4320048863665,-963.511659475538,3210.504023343134,0.0006782278734510859
462584.0,13,-7657002.91503081,-25278260.020687345,-327805.85751266347,2085.6540342119038,-638.7609205503162,3227.285370203948,0.0006782258879228315
463184.0,13,-6377471.545956358,-25562560.592687413,1607428.307493908,2176.8748841788524,-308.2967920645702,3218.9630621977476,0.000678223749840984
463784.0,13,-5048207.2245625155,-25647505.932947356,3530119.7913429057,2251.299021575191,25.28010832498228,3185.4923288206223,0.0006782214680957907
464384.0,13,-3679495.2422703127,-25532022.113722466,5425214.834878439,2308.263277175445,359.32130145360077,3127.0363515819954,0.000678219052759276
464984.0,13,-2281976.6616650047,-25216633.68524176,7277821.268522735,2347.248030113728,691.1537252637581,3043.964890607366,0.0006782163338225555
465584.0,13,-866563.2456541872,-24703471.449362267,9073333.009930484,2367.8716610956294,1018.1032354167645,2936.8667238927815,0.0006782136859144632
466184.0,13,555654.7513806913,-23996265.030765798,10797557.209198453,2369.9144856113357,1337.51998835747,2806.5279139727127,0.0006782109409199431
466784.0,13,1973500.369759499,-23100321.027435824,12436835.992930707,2353.3102776592486,1646.802990814849,2653.939588771315,0.0006782081127886847
467384.0,13,3375804.9525694866,-22022485.857954886,13978165.782751404,2318.1515501176373,1943.4250867152764,2480.287503202983,0.0006782052161771674
467984.0,13,4751503.668466956,-20771093.82652437,15409311.296829116,2264.690021857488,2224.957451428586,2286.9424811573576,0.0006782022663265619
468584.0,13,6089730.740000983,-19355900.71097314,16718913.091052828,2193.335301530674,2489.0933123299505,2075.4486473493644,0.0006781992789341649
469184.0,13,7379913.300053334,-17788003.464773867,17896587.355864134,2104.6517733576793,2733.67053686527,1847.509577952464,0.0006781962700197377
469784.0,13,8611862.80397838,-16079746.833800415,18933016.779408593,1999.3537053193036,2956.6927437875042,1604.9725427268095,0.0006781932557882122
470384.0,13,9775862.951045278,-14244617.885356773,19820031.406828642,1878.2986354148438,3156.3486171489594,1349.811051459198,0.0006781902524903022
470984.0,13,10862753.115311546,-12297129.625650227,20550678.56624763,1742.4791258798546,3331.0291353268267,1084.1059525124595,0.0006781872762825946
471584.0,13,11864006.351883657,-10252695.037746577,21119281.090639323,1593.0130072831444,3479.34246778379,810.0253599016023,0.0006781843430887086
472184.0,13,12771801.03862522,-8127493.14980747,21521483.142713007,1431.132701411144,3600.1290117520666,529.8071042421501,0.0006781812853144672
472784.0,13,13579085.916562732,-5938327.695908356,21754283.69079157,1258.171199204875,3692.4603578295537,245.72378950276723,0.0006781784840575856
473384.0,13,14279636.665357176,-3702482.770710557,21816056.517653093,1075.551297298634,3755.662325698421,-39.91904053633171,0.0006781757708594129
473984.0,13,14868105.022252578,-1437573.0870253146,21706557.540466197,884.7698897751507,3789.308253384473,-324.81772453218184,0.0006781731594000069
474584.0,13,15340058.972492313,838606.2023384157,21426919.202825397,687.3837304334993,3793.2230040477307,-606.688560432867,0.0006781706625005711
475184.0,13,15692014.147933237,3108229.8740236587,20979632.30844727,484.99445326181615,3767.4815244563724,-883.288478706054,0.0006781682920211612
475784.0,13,15921456.230445912,5353591.362131004,20368515.762810178,279.23346347955965,3712.404786334629,-1152.4348070677263,0.0006781660587684554
476384.0,13,16026854.344044657,7557248.336386102,19598674.82970063,71.74690630560735,3628.55326819075,-1412.023898238029,0.00067816397241432
476984.0,13,16007665.537258908,9702163.724955162,18676448.633718744,-135.8190926205341,3516.7181709831,-1660.048425969838,0.0006781620414257203
477584.0,13,15864330.566071495,11771840.897620447,17609347.743774585,-341.83273837424895,3377.9105894826466,-1894.6131908391985,0.0006781602730063559
478184.0,13,15598261.285895532,13750451.860448215,16405982.755491182,-544.6902728587983,3213.348882069142,-2113.949314715256,0.0006781586730502333
478784.0,13,15211820.047085904,15622957.45845404,15075984.851923984,-742.8289417167576,3024.4444949084054,-2316.4267401637217,0.0006781572461072228
479384.0,13,14708291.425589632,17375219.13993246,13629919.175472826,-934.736233398619,2812.7826937225686,-2500.5666367253616,0.0006781553487869604
479984.0,13,14091847.695378412,18994099.15866787,12079193.218183925,-1118.9726937520209,2580.1212495083223,-2665.04381937181,0.0006781542762374149
480584.0,13,13367506.269187748,20467554.62621602,10435958.285401141,-1294.1644581799796,2328.350532111606,-2808.703850008108,0.0006781533821088463
481184.0,13,12541083.005465774,21784717.281352382,8713009.084974471,-1459.024309458744,2059.490764735984,-2930.562069431461,0.0006781526654623678
481784.0,13,11619139.439857634,22935964.29242823,6923679.415992178,-1612.3567466770432,1775.670189785007,-3029.809157699389,0.0006781521240148361
482384.0,13,10608925.624449547,23912977.828450043,5081736.113707105,-1753.0650157939458,1479.1068769517592,-3105.8135253378928,0.0006781517541701536
482984.0,13,9518319.02567362,24708793.71277205,3201271.954965114,-1880.1571005600001,1172.0906084133162,-3158.1222599630205,0.000678151551059642
483584.0,13,8355760.0974398265,25317839.240602132,1296598.366198295,-1992.7507047865402,856.9649968451553,-3186.46073736173,0.0006781515085908068
484184.0,13,7130185.126192585,25735960.329864476,-617861.2891548331,-2090.0772681828535,536.1099670956628,-3190.731011654473,0.0006781516195037995
484784.0,13,5850956.918478134,25960438.24901265,-2527677.135038443,-2171.4850664650826,211.9247077607073,-3171.0091009425805,0.0006781518754348773
485384.0,13,4527793.870780446,25989996.22530775,-4418516.279105498,-2236.4414522551842,-113.18882472896223,-3127.5412832349925,0.0006781522669861699
485984.0,13,3170697.927332353,25824796.283406015,-6276243.808888981,-2284.534296582848,-436.8417889639445,-3060.7395129089077,0.0006781527838010796
486584.0,13,1789882.1445891103,25466426.71318578,-8087020.494139701,-2315.469843627606,-756.673761128092,-2971.1804668874393,0.00067815323191527
487184.0,13,395696.82874902245,24917880.463285316,-9837398.385902973,-2329.084086751496,-1070.3669143330444,-2859.5819445740926,0.0006781539646205508
487784.0,13,-1001441.8087975839,24183525.200065598,-11514410.108095199,-2325.3251969203484,-1375.6605866738469,-2726.8224776807797,0.000678154786599452
488384.0,13,-2391124.6139616733,23269064.92875672,-13105656.14629658,-2304.263633407755,-1670.3639013540678,-2573.9167162482527,0.0006781556845059468
488984.0,13,-3763020.571261526,22181494.079264548,-14599386.708637899,-2266.0876435754635,-1952.3684573217276,-2402.0121517119787,0.0006781566444750143
489584.0,13,-5106946.876025676,20929044.224160578,-15984578.99913423,-2211.1010900151864,-2219.6602061993867,-2212.3810714542537,0.0006781576522192623
490184.0,13,-6412937.535384866,19521123.869074248,-17251009.508116424,-2139.7208278632097,-2470.33070745174,-2006.4121339330875,0.0006781586931272922
490784.0,13,-7671310.23635182,17968251.692817513,-18389321.105577886,-2052.4736575370353,-2702.5877865996463,-1785.6015899136746,0.0006781597523633703
491384.0,13,-8872731.233974585,16281983.598618502,-19391084.737469576,-1949.9928703906153,-2914.765619633059,-1551.5441650082541,0.0006781608149679865
491984.0,13,-10008278.022474589,14474833.923033033,-20248855.53290211,-1833.014397155524,-3105.3342627257703,-1305.9236095846463,0.0006781618659588974
492584.0,13,-11069499.557495404,12560191.136932751,-20956223.132545304,-1702.3725617654286,-3272.908640122644,-1050.5029143798774,0.0006781628904322579
493184.0,13,-12048473.798301402,10552228.364803446,-21507856.04612174,-1558.9954364745513,-3416.2569948955343,-787.1141840712668,0.0006781638736634468
493784.0,13,-12937862.330818856,8465808.97290629,-21899539.834463857,-1403.8967884352983,-3534.3053789516634,-517.6471377982539,0.0006781646200235053
494384.0,13,-13730961.907668468,6316387.9568426125,-22128209.002873536,-1238.182487573759,-3626.158737026472,-244.04214801400076,0.0006781654781666446
494984.0,13,-14421752.310667234,4119908.5594004453,-22191972.004538286,-1063.0269216409326,-3691.0869590128955,31.726532583049423,0.0006781662529563578
495584.0,13,-15004940.940195568,1892695.5292173885,-22090129.838192206,-879.6782919949302,-3728.5449058110107,307.65889834554326,0.0006781669313702081
496184.0,13,-15476003.190477863,-348655.2675495376,-21823187.33559028,-689.4488485015047,-3738.1743614192487,581.7420464308143,0.0006781675010500974
496784.0,13,-15831218.646719975,-2587390.2438065247,-21392857.21302718,-493.7075170848261,-3719.8087297401134,851.9626095342643,0.0006781679503923031
497384.0,13,-16067702.734522596,-4806714.063671835,-20802056.587223936,-293.87200405318094,-3673.4768983441236,1116.3195838374454,0.0006781682686339968
497984.0,13,-16183433.504852977,-6989907.676283075,-20054895.72022789,-91.40036393083426,-3599.406176928898,1372.8375324444662,0.0006781684459356712
498584.0,13,-16177273.229730684,-9120447.838205816,-19156658.77116722,112.2179758194194,-3498.024208272611,1619.5801309735523,0.0006781684734588675
499184.0,13,-16048984.480213473,-11182127.486093124,-18113776.354949977,315.4717311450544,-3369.959741676906,1854.664006415057,0.0006781683434385646
499784.0,13,-15799240.36057536,-13159176.251307435,-16933789.740544293,516.8378061717711,-3216.042153774306,2076.2728031493098,0.0006781680492495676
500384.0,13,-15429628.582029264,-15036380.33550702,-15625306.565351998,714.7918412675929,-3037.2995996814534,2282.671391512456,0.0006781675854662087
500984.0,13,-14942649.116473671,-16799200.86411227,-14197947.99166746,907.825101566696,-2834.9588580041077,2472.2167372456256,0.0006781663000513668
501584.0,13,-14341704.923272744,-18433889.88509838,-12662287.391505465,1094.4322585706661,-2610.4277293408504,2643.38559264799,0.0006781654857283811
502184.0,13,-13631086.097771775,-19927603.022418905,-11029780.299762111,1273.1588395759934,-2365.30737515412,2794.768101815975,0.0006781644932160583
502784.0,13,-12815946.483610094,-21268507.393161874,-9312686.43980288,1442.5892725588908,-2101.371308420303,2925.094927961995,0.0006781633223267413
503384.0,13,-11902273.194357488,-22445884.21086563,-7523983.51224805,1601.3650731870575,-1820.558310290608,3033.246829626444,0.0006781619742463126
503984.0,13,-10896848.766439252,-23450224.634692296,-5677273.410092057,1748.1970147395907,-1524.9603212123761,3118.2668862276964,0.0006781604515395392
504584.0,13,-9807206.003253145,-24273317.786930002,-3786681.323346632,1881.8771787769617,-1216.8084492651642,3179.3717677457944,0.0006781587581443063
505184.0,13,-8641575.62501304,-24908329.7992246,-1866748.3718401573,2001.2907337188653,-898.4571226020649,3215.9618426314382,0.0006781568993543383
505784.0,13,-7408826.93679284,-25349872.77596851,67681.46764147234,2105.42727703151,-572.3664506093834,3227.629917515437,0.0006781548817901184
506384.0,13,-6118401.831202945,-25594062.615944915,2001579.247869998,2193.3915684865296,-241.0828987169195,3214.1684074369937,0.0006781527133578502
506984.0,13,-4780242.54977557,-25638564.71178441,3919852.73906936,2264.4134775687185,92.78157642379324,3175.57474654639,0.0006781504031964382
507584.0,13,-3404713.735774063,-25482626.651353553,5807470.795148273,2317.856968126055,426.5717427372185,3112.0548667964904,0.0006781479616126277
508184.0,13,-2002519.4178058477,-25127097.175256427,7649589.177952918,2353.2279481906294,757.6124302016809,3024.0245960039642,0.0006781454000046065
508784.0,13,-584615.6651687259,-24574430.7986169,9431676.539245706,2370.180822807317,1083.2327229052526,2912.108856553638,0.0006781427307745413
509384.0,13,837880.2508867253,-23828677.680673733,11139639.200907383,2368.5236027496076,1400.7907051520624,2777.1385813767215,0.0006781399672306992
509984.0,13,2253783.2739362,-22895458.518988278,12759943.338367851,2348.22144202676,1707.6984335301265,2620.1453038176483,0.000678137123479973
510584.0,13,3651935.573556685,-21781924.45193173,14279733.162766071,2309.3985017180003,2001.4467864929422,2442.3534215203,0.0006781342143117969
511184.0,13,5021302.116404239,-20496702.168600984,15686943.715283997,2252.338066312184,2279.6298309651547,2245.170180198253,0.0006781312550745903
511784.0,13,6351065.730620695,-19049824.643929068,16970406.933051616,2177.480870585796,2539.9683425772832,2030.1734696255253,0.0006781282615460046
512384.0,13,7630720.585102752,-17452648.13275586,18119949.719582938,2085.421629145093,2780.3321228323043,1799.0975698148998,0.0006781252497983651
512984.0,13,8850163.014222158,-15717756.264219245,19126482.852521043,1976.9037959846876,2998.7607728822813,1553.8170285391323,0.000678122236060789
513584.0,13,9999778.6486453,-13858852.271437457,19982079.685276005,1852.81261659024,3193.482609310299,1296.3288905531995,0.0006781192365795287
514184.0,13,11070524.86331244,-11890640.565945147,20680043.743844043,1714.1665690312248,3362.931441633099,1028.7335326900845,0.0006781162674781201
514784.0,13,12054007.623071842,-9828699.017235039,21214964.481921352,1562.1073219848245,3505.7609730519225,753.2143862372706,0.0006781133446189217
515384.0,13,12942551.892976915,-7689343.421389468,21582760.632069632,1397.8883656370385,3620.8566338543633,472.01684774030963,0.0006781104834676026
515984.0,13,13729264.88137683,-5489485.736463115,21780710.773509804,1222.8624950080896,3707.3447091344174,187.42669102719765,0.0006781076989620818
516584.0,13,14408091.49678443,-3246487.7243381436,21807470.923328448,1038.4683437291121,3764.5986773193627,-98.25170344723323,0.0006781050053873317
517184.0,13,14973861.520928662,-978011.6686183307,21663079.142740935,846.2161791673003,3792.2427314748957,-382.71699077308057,0.0006781024162573545
517784.0,13,15422328.127083229,1298130.1637968477,21348947.329057164,647.6731768147911,3790.152509640805,-663.6920768490916,0.0006780999442055041
518384.0,13,15750197.501388134,3564125.6821015766,20867840.533025213,444.4483930277046,3758.453111787012,-938.9446281207178,0.0006780976008841753
518984.0,13,15955149.452234779,5802311.17694328,20223844.296689488,238.1776507682663,3697.5145278339805,-1206.3066230596742,0.0006780953968747263
431984.0,14,13899759.294480981,14381477.969319854,17716986.818921395,-3280.1462579455706,956.019295414146,1776.305716657825,0.0007442863682754438
432584.0,14,11881881.386935472,14900225.841332477,18714812.01509146,-3441.944208107118,772.2646217365216,1547.6605110969954,0.0007442882800527739
433184.0,14,9774600.946086256,15306856.247750668,19571789.469824392,-3577.999372978345,582.4995150555001,1307.11663090636,0.0007442901205376055
433784.0,14,7593692.357764081,15598180.772436025,20281304.941629972,-3687.2445619189434,388.1173141328758,1056.4308857575359,0.0007442918814351254
434384.0,14,5355513.624119705,15771859.202806253,20837823.164054655,-3768.800434237354,190.5512896961513,797.4415468204542,0.0007442935550216602
434984.0,14,3076891.3108419757,15826420.602570005,21236933.106584907,-3821.9834274085083,-8.734682603995793,532.0566956914656,0.000744295134203333
435584.0,14,775001.0828325811,15761278.68451292,21475386.053126287,-3846.31267266444,-208.25585427967573,262.241874034707,0.0007442966125710458
436184.0,14,-1532755.5956832557,15576741.233898254,21551126.08345149,-3841.513590132989,-406.51684719727655,-9.992833681494036,0.0007442978280885542
436784.0,14,-3828877.585829585,15274013.484931964,21463312.65218906,-3807.5313265752216,-602.0215832355615,-282.6069937556907,0.0007442990887675095
437384.0,14,-6095893.1117269285,14855195.023311682,21212334.70034195,-3744.520785503447,-793.2847516369416,-553.5430886846698,0.0007443002339976017
437984.0,14,-8316489.800671256,14323270.323262515,20799816.218359787,-3652.8573351130863,-978.842320792648,-820.7420539392872,0.0007443012605686935
438584.0,14,-10473645.664001856,13682092.63465486,20228612.819995917,-3533.1349423590905,-1157.2627841676936,-1082.1582667547914,0.0007443021661601337
439184.0,14,-12550759.785355164,12936361.191886563,19502799.12221024,-3386.1649020296413,-1327.1583867535721,-1335.775109725804,0.0007443029493647213
439784.0,14,-14531781.777672656,12091591.704522973,18627646.743135348,-3212.9728587555533,-1487.1963515608422,-1579.6207774934755,0.0007443036097061026
440384.0,14,-16401338.970729684,11154080.15167531,17609592.80025812,-3014.7940448360177,-1636.1100070062976,-1811.784201612665,0.0007443041476492692
440984.0,14,-18144860.24604458,10130859.96331645,16456198.868521664,-2793.0666724599273,-1772.7097065001376,-2030.4309533610653,0.0007443045646038707
441584.0,14,-19748695.40108044,9029652.738890156,15176100.44517444,-2549.4234382610334,-1895.8934231965145,-2233.8189700616117,0.0007443048629201029
442184.0,14,-21200228.90206229,7858812.725883706,13778947.064150937,-2285.681121012473,-2004.6568961524367,-2420.313938027019,0.0007443050458769951
442784.0,14,-22487986.876802273,6627265.357433249,12275333.306415437,-2003.828279344733,-2098.103199449809,-2588.404155097971,0.0007443051176629865
443384.0,14,-23601736.293839443,5344440.151390554,10676720.976166997,-1706.0101226173056,-2175.45519686894,-2736.7116542386257,0.0007443049271166928
443984.0,14,-24532574.6648241,4020198.9577577333,8995353.518439317,-1394.5163921581443,-2236.0491515494714,-2864.017641631422,0.000744304792664626
444584.0,14,-25273010.679750115,2664758.5865090657,7244161.5333483135,-1071.757937096847,-2279.3634819154468,-2969.256356306409,0.0007443045647512719
445184.0,14,-25817032.65985701,1288610.6677435203,5436662.668632669,-740.2513207519888,-2305.010210030731,-3051.5382566333774,0.0007443042508544597
445784.0,14,-26160165.631499235,-97562.39790799469,3586854.591033894,-402.5972351662575,-2312.7433864498516,-3110.156419406,0.0007443038591504017
446384.0,14,-26299515.490475606,-1482973.8637780435,1709102.8522075904,-61.45866709466591,-2302.4625740490487,-3144.5944200066856,0.0007443033984502866
446984.0,14,-26233799.71502828,-2856820.7655269764,-181975.49486596748,280.4619156389096,-2274.2149571137475,-3154.532468203066,0.0007443028781307645
447584.0,14,-25963364.103396915,-4208372.900074555,-2071631.434174077,620.4461067216306,-2228.196012927472,-3139.851677888389,0.0007443023080589145
448184.0,14,-25490185.172802407,-5527061.769224208,-3945105.517261747,955.7835609972087,-2164.748704152929,-3100.636374906576,0.0007443016985123681
448784.0,14,-24817858.029458754,-6802568.583457738,-5787750.173528412,1283.7961633087275,-2084.361173150946,-3037.1743761499083,0.0007443010600953352
449384.0,14,-23951569.700006053,-8024910.417610433,-7585151.556708228,1601.8620685278972,-1987.6629434477684,-2949.9552046573335,0.0007443004036513434
449984.0,14,-22898058.099586517,-9184523.621758701,-9323249.673611397,1907.439310958185,-1875.4196581704914,-2839.6662386314524,0.0007442997401735529
450584.0,14,-21665557.057896145,-10272343.589509275,-10988455.486552343,2198.0894890580294,-1748.5275759398562,-2707.186897905146,0.0007442989243925387
451184.0,14,-20263727.750078283,-11279880.123243403,-12567764.022566222,2471.496336596875,-1608.0009527719133,-2553.580537994684,0.0007442982798835595
451784.0,14,-18703577.246597514,-12199287.75993631,-14048862.167534767,2725.4913461978094,-1454.9696642997608,-2380.085048569913,0.0007442976613037804
452384.0,14,-16997365.678996053,-13023429.722484026,-15420229.592156142,2958.0693330282293,-1290.6643340266128,-2188.1012001244426,0.0007442970793322258
452984.0,14,-15158502.139514314,-13745935.703141712,-16671232.71240024,3167.406573501496,-1116.4061387123388,-1979.179631600963,0.0007442965443448747
453584.0,14,-13201430.949327143,-14361252.476022393,-17792210.213323046,3351.8760968504985,-933.5946664870119,-1755.0063884369315,0.0007442960663296993
454184.0,14,-11141509.431517977,-14864686.9990114,-18774549.488954257,3510.060857236259,-743.695111807938,-1517.387250460468,0.0007442956548055873
454784.0,14,-8994878.50637612,-15252441.666713335,-19610753.34711215,3640.764666353364,-548.2249746813768,-1268.23106199341,0.0007442953187459104
455384.0,14,-6778327.482584597,-15521641.478095116,-20294496.459916875,3743.02080538303,-348.74043434734466,-1009.5322858556448,0.0007442950665074357
455984.0,14,-4509154.450212044,-15670352.984316438,-20820671.175751235,3816.0982741780426,-146.82256668547927,-743.3530072269916,0.0007442949057651919
456584.0,14,-2205023.6907306695,-15697594.98169992,-21185422.443425674,3859.5056736514243,55.93642985735795,-471.8046126300765,0.0007442948434538196
457184.0,14,116178.49323366326,-15603341.009953493,-21386171.73151641,3872.9927534809954,257.9468426795091,-197.02936393484785,0.0007442948857158419
457784.0,14,2436487.7670076136,-15388513.798002496,-21421630.002092388,3856.5520122352527,457.6336868795164,78.81818496112089,0.0007442948810994859
458384.0,14,4738006.433391306,-15054971.971053202,-21291799.579178143,3810.406534695538,653.4537188850886,353.5880258045577,0.0007442951473737208
458984.0,14,7003042.629354745,-14605489.01305716,-20997965.855920095,3735.018923649267,843.901562475724,625.1542199634787,0.0007442955314932907
459584.0,14,9214248.532256685,-14043725.378748432,-20542678.238182068,3631.075185634926,1027.5253700153403,891.430308523008,0.0007442960360647612
460184.0,14,11354752.96447017,-13374193.740409678,-19929721.485854052,3499.4784361967786,1202.9366830385352,1150.3858248436657,0.0007442966627564851
460784.0,14,13408288.529181544,-12602218.014185932,-19164077.637918886,3341.3387061537296,1368.8204664398768,1400.0614923308924,0.0007442974122924225
461384.0,14,15359312.249614393,-11733886.642284095,-18251879.14315408,3157.961343379168,1523.9442640116429,1638.5834178004227,0.0007442982844534407
461984.0,14,17193118.928866837,-10776000.661337247,-17200353.812049747,2950.8341905647394,1667.1664379059148,1864.1762035151016,0.0007442992780858715
462584.0,14,18895946.551786516,-9736017.104947697,-16017762.24459243,2721.6137184392155,1797.443469459115,2075.17492148209,0.0007443003911170514
463184.0,14,20455073.15286527,-8621988.298249103,-14713328.41654928,2472.110289442697,1913.8363123551903,2270.035912789045,0.0007443016205775244
463784.0,14,21858904.67335648,-7442497.605056431,-13297164.12466668,2204.2727194360205,2015.5158010993393,2447.3463922506135,0.0007443029626295495
464384.0,14,23097053.425332617,-6206592.184687527,-11780187.999795852,1920.1722952108134,2101.76712807954,2605.8328541507835,0.0007443044126015276
464984.0,14,24160406.733137283,-4923713.489830425,-10174040.000784542,1621.9871099069558,2171.990034107731,2744.3711864118977,0.0007443058085229305
465584.0,14,25041186.357720576,-3603624.948658455,-8490990.907396207,1311.9825772232907,2225.7150359970274,2861.981092367699,0.000744307457151773
466184.0,14,25732996.546204224,-2256340.021653323,-6743850.326533688,992.498858406332,2262.5848890900347,2957.8484982731625,0.000744309195107765
466784.0,14,26230863.263765864,-892047.7011316819,-4945870.35518419,665.9312511541086,2282.369248321854,3031.317631875979,0.0007443110148322963
467384.0,14,26531262.717151962,478961.62017363077,-3110648.008162658,334.714100516959,2284.961503006908,3081.8967039250765,0.0007443129081791716
467984.0,14,26632139.921066824,1846370.3788986858,-1252026.1432037528,1.3041533060303152,2270.3783005715377,3109.25962025952,0.0007443148664756789
468584.0,14,26532917.289795384,3199907.5894698137,616006.3709364975,-331.8358886567867,2238.7583754794086,3113.246713454214,0.000744316880586601
469184.0,14,26234493.38504346,4529421.69769488,2479414.658140781,-662.2535600163558,2190.3607195796153,3093.864535664874,0.0007443189409807516
469784.0,14,25739231.985215846,5824952.146660395,4324217.448529783,-987.5225208631917,2125.5621274088953,3051.2847519237794,0.0007443210377996335
470384.0,14,25050941.670666568,7076799.281355556,6136585.762470901,-1305.2581035145067,2044.8541466733186,2985.84216967468,0.0007443231609278179
470984.0,14,24174846.144694768,8275592.236092745,7902940.14608595,-1613.1324831287156,1948.839460433072,2898.031936073844,0.0007443253000646594
471584.0,14,23117545.532136764,9412354.464588184,9610045.957864262,-1908.88944205398,1838.2277236261039,2788.505929802872,0.0007443274447969598
472184.0,14,21886969.011353068,10478566.526952922,11245106.170732087,-2190.359210459164,1713.8324406209713,2658.0674485138566,0.0007443294283623406
472784.0,14,20492318.459884916,11466226.234431906,12795851.573061498,-2455.470290876233,1576.5595259243494,2507.6697122495652,0.0007443315529338257
473384.0,14,18944004.983735695,12367904.65693682,14250626.896792611,-2702.265899508385,1427.4109093720826,2338.404482888684,0.0007443336519181521
473984.0,14,17253576.493038595,13176799.479869565,15598473.951776959,-2928.914771562629,1267.4721687010044,2151.499032796264,0.0007443357151846435
474584.0,14,15433638.293685544,13886783.955858326,16829210.034891613,-3133.723962920352,1097.9073905947055,1948.3078360060765,0.0007443377328545294
475184.0,14,13497766.409638686,14492451.792608706,17933501.740909234,-3315.150532779615,919.9520168999461,1730.3044242945994,0.0007443396953714298
475784.0,14,11460414.129896548,14989157.589448767,18902933.63599001,-3471.8125695172175,734.9052195847765,1499.0725042467259,0.000744341593570147
476384.0,14,9336812.198713688,15373052.548869234,19730071.359373488,-3602.4995012024697,544.121811654397,1256.296336873481,0.0007443434187433635
476984.0,14,7142865.49359409,15641115.074145658,20408518.022600174,-3706.1815359505313,349.0050525757411,1003.7497781683446,0.0007443450808565222
477584.0,14,4895032.215599736,15791176.881548012,20932967.857655074,-3782.018724102805,150.99228644028665,743.2875774012356,0.0007443467360155461
478184.0,14,2610222.6064704517,15821941.712716045,21299245.27152636,-3829.3680385674297,-48.446424382525834,476.8300695700934,0.0007443482954013205
478784.0,14,305668.74231825955,15733000.578540293,21504344.773610637,-3847.7905521098023,-247.8234568072581,206.35299311180918,0.00074434975274876
479384.0,14,-2001196.9054171746,15524839.693477523,21546458.960025005,-3837.0568766471274,-445.642470815143,-66.12623612712186,0.0007443511025382997
479984.0,14,-4292868.359969153,15198842.539099084,21424999.35016475,-3797.1515036362325,-640.4089167980756,-338.5623065131442,0.0007443523400412647
480584.0,14,-6551895.249409558,14757285.53832025,21140608.80637533,-3728.2751470508206,-830.6396894122033,-608.897024684674,0.0007443533868143795
481184.0,14,-8761013.3832731,14203327.324325223,20695165.256653957,-3630.848941278622,-1014.8787002461705,-875.071607306541,0.0007443543889802645
481784.0,14,-10903275.180304233,13540991.262599956,20091776.450659174,-3505.510551181932,-1191.7011407126377,-1135.0457353966265,0.0007443552697935367
482384.0,14,-12962180.81034897,12775141.338700831,19334765.36156829,-3353.1151609503463,-1359.7293591959037,-1386.8107297525787,0.0007443560280348558
482984.0,14,-14921807.070616925,11911451.311477361,18429646.252956368,-3174.7314912958077,-1517.642904932124,-1628.405990763014,0.0007443566634185258
483584.0,14,-16766933.98571861,10956367.182206701,17383091.214427724,-2971.636666600789,-1664.1896238627455,-1857.9349305269832,0.0007443571766015561
484184.0,14,-18483167.829401236,9917063.074315973,16202887.159694714,-2745.309225953614,-1798.1965239432352,-2073.580852344233,0.0007443575691854842
484784.0,14,-20057059.44410178,8801390.688259577,14897883.35309883,-2497.420240386096,-1918.580291320026,-2273.62262041142,0.0007443578437107309
485384.0,14,-21476216.714710318,7617822.569391726,13477929.628196923,-2229.822522192813,-2024.3573324491613,-2456.4499505264243,0.0007443580036433265
485984.0,14,-22729410.048320934,6375389.503769145,11953805.567053115,-1944.5379389066306,-2114.6532130007213,-2620.5781430175193,0.0007443580533539117
486584.0,14,-23806669.790264588,5083612.324699091,10337140.856416436,-1643.741946957886,-2188.712072894629,-2764.6603637273583,0.0007443578418182979
487184.0,14,-24699374.123063523,3752429.1760424445,8640328.191553947,-1329.7509014443274,-2245.9016180262024,-2887.507579215974,0.0007443576877628317
487784.0,14,-25400327.097441647,2392117.6612849673,6876427.471270773,-1004.9987472514222,-2285.724252771811,-2988.0901052793206,0.0007443574416972717
488384.0,14,-25903825.18812571,1013213.5579038318,5059064.006665056,-672.0209478888681,-2307.81996817196,-3065.5552325095578,0.0007443571112465493
488984.0,14,-26205711.668976907,-373573.64655113127,3202320.4563696706,-333.4327467666121,-2311.9715813680946,-3119.234627720588,0.0007443567047216847
489584.0,14,-26303418.088368624,-1757447.5835950216,1320623.730806471,8.092887241979781,-2298.1079502664306,-3148.6518662354993,0.0007443562310550938
490184.0,14,-26195992.17281047,-3127613.368707009,-571372.1332715845,349.8482445668143,-2266.305799125217,-3153.528192633821,0.0007443556997298967
490784.0,14,-25884111.66676537,-4473366.640992458,-2458906.01777505,689.1145345519652,-2216.7900964196765,-3133.786393347423,0.0007443551207038396
491384.0,14,-25370083.78031507,-5784182.386810078,-4327231.513534479,1023.1859442690132,-2149.932947804231,-3089.5526910526114,0.0007443545043285181
491984.0,14,-24657830.091027245,-7049802.640920814,-6161739.235288387,1349.3938060696912,-2066.2509901466537,-3021.1566004382976,0.0007443538612646616
492584.0,14,-23752856.92831057,-8260322.158088521,-7948078.4141816115,1665.1305745665827,-1966.4012968380437,-2929.1287168832373,0.0007443532023943027
493184.0,14,-22662211.453618508,-9406271.162864238,-9672276.51457207,1967.8733112962032,-1851.1758292107188,-2814.1964429855966,0.0007443525387307022
493784.0,14,-21394423.703127466,-10478694.460963484,-11320855.79527586,2255.206682331397,-1721.4935640658564,-2677.2784328912226,0.0007443517250461444
494384.0,14,-19959435.943252165,-11469225.209624289,-12880944.680549266,2524.8433520412236,-1578.3959360851704,-2519.473399551409,0.0007443510848810938
494984.0,14,-18368518.207930602,-12370154.801950587,-14340385.050897134,2774.6461052509876,-1423.03185720684,-2342.0544167772637,0.0007443504728337132
495584.0,14,-16634173.308351725,-13174495.277212732,-15687831.528455714,3002.645289192964,-1256.6508261304384,-2146.4541928318818,0.0007443498995288585
496184.0,14,-14770030.652123831,-13876035.75102149,-16912843.78236149,3207.0559915675312,-1080.5905232581395,-1934.2524393529818,0.0007443493752708117
496784.0,14,-12790730.676067047,-14469391.553944957,-18005970.243932225,3386.292911791888,-896.2645243923293,-1707.161143775027,0.0007443489099590425
497384.0,14,-10711801.046902929,-14950045.784506213,-18958822.592946663,3538.9830852136342,-705.1493846977171,-1467.008674385119,0.0007443485130080105
497984.0,14,-8549525.960863877,-15314382.958809122,-19764140.390731506,3663.976348186617,-508.77126116840896,-1215.7229327025489,0.0007443481932717628
498584.0,14,-6320809.924314606,-15559714.541194713,-20415845.36859769,3760.353470909207,-308.69224384299406,-955.3137761492604,0.0007443479589740047
499184.0,14,-4043037.424978948,-15684296.2418032,-20909085.0154107,3827.4319238386793,-106.4965643301424,-687.854937192773,0.0007443478176442413
499784.0,14,-1733929.9080354809,-15687337.065599523,-21240265.242734596,3864.7692812453442,96.22315493113274,-415.46566345094345,0.0007443477760604974
500384.0,14,588598.5454840169,-15569000.19143367,-21407072.03728448,3872.1643010796574,297.8794555161179,-140.29229696663106,0.0007443478401990369
500984.0,14,2906585.4348639045,-15330395.861641249,-21408482.133919924,3849.6574825515327,496.9042324599735,135.50894035744219,0.0007443473928197103
501584.0,14,5202162.920902379,-14973566.442375107,-21244762.832013927,3797.5208330435207,691.7575772798524,409.79400956976576,0.0007443476827703107
502184.0,14,7457697.775484638,-14501464.195837924,-20917461.391143695,3716.262877652272,880.9457999578929,680.4424293221729,0.0007443480911729583
502784.0,14,9655928.144611724,-13917921.83036371,-20429384.019696314,3606.614525188688,1063.02897171338,945.3779431116752,0.0007443486204445188
503384.0,14,11780095.168313596,-13227616.512986552,-19784565.21440006,3469.5218485363416,1236.6326104043922,1202.5834894943598,0.0007443492720617646
503984.0,14,13814068.867169421,-12436027.714238785,-18988227.82680016,3306.135590941244,1400.4575419601697,1450.1162016925653,0.0007443500465567299
504584.0,14,15742467.363994079,-11549389.413761506,-18046734.457441106,3117.7993042662656,1553.2888746513681,1686.1213852704343,0.0007443509435195048
505184.0,14,17550768.679082602,-10574637.201197196,-16967530.802462988,2906.0362997740003,1694.0040518431297,1908.8454012050454,0.0007443519616082351
505784.0,14,19225414.441485103,-9519350.82289683,-15759081.614071907,2672.535590264231,1821.5799634891368,2116.6474019575703,0.000744353098566044
506384.0,14,20753904.960825376,-8391692.733281868,-14430799.962169923,2419.1369972868783,1935.0991098652478,2308.009887021187,0.0007443543512445453
506984.0,14,22124885.202573773,-7200343.211083724,-12992970.500239285,2147.8155892068694,2033.7548227048837,2481.548061535042,0.000744355715633586
507584.0,14,23328221.3031275,-5954432.596037511,-11456667.4454164,1860.6656056729469,2116.855558850916,2636.01799664312,0.0007443571868968271
508184.0,14,24355067.361574467,-4663471.143318996,-9833667.963301154,1559.8840749654833,2183.8259184911954,2770.3250750958123,0.0007443586030172867
508784.0,14,25197922.244117994,-3337277.29441938,-8136361.738716709,1247.753857824346,2234.2186720748273,2883.523901701956,0.0007443602704461147
509384.0,14,25850676.41614799,-1985904.2805886888,-6377657.303352097,926.627278110625,2267.7021171905308,2974.8318466724872,0.0007443620257171279
509984.0,14,26308648.62437838,-619566.2588249044,-4570885.835749941,598.9089827223187,2284.0705341669636,3043.626696261759,0.0007443638611470531
510584.0,14,26568612.470800754,751436.0042228417,-2729703.128199413,267.039266891044,2283.241887060814,3089.450659700556,0.0007443657684771863
511184.0,14,26628812.939812813,2116789.29148738,-867990.3048398264,-66.52253699101999,2265.2572063364464,3112.0118751599257,0.0007443677389350967
511784.0,14,26488972.97399537,3466241.529307359,1000246.0940557426,-399.3144591889897,2230.279284202623,3111.18494374713,0.0007443697632991869
512384.0,14,26150290.2371176,4789674.406684479,2860974.0811991612,-728.8880266217041,2178.590718373406,3087.010532845507,0.0007443718319656958
512984.0,14,25615424.23611455,6077174.631204888,4700235.687666645,-1052.8240854628664,2110.591337185106,3039.694087484741,0.0007443739350177406
513584.0,14,24888474.00217763,7319103.45184968,6504245.389434038,-1368.748273959651,2026.7950355984044,2969.6036847825535,0.0007443760622960016
514184.0,14,23974946.555589322,8506164.096220538,8259486.9802271165,-1674.3461124548699,1927.826047856428,2877.2670621083544,0.0007443782034706628
514784.0,14,22881716.40044534,9629466.785113296,9952808.393928658,-1967.377681102261,1814.414678664317,2763.3678447623465,0.0007443803481142257
515384.0,14,21616976.27266489,10680591.042088322,11571514.072853161,-2245.692322152278,1687.3924357271355,2628.741722288432,0.0007443823293870681
515984.0,14,20190179.641426258,11651644.76532225,13103453.9628472,-2507.240525277721,1547.6870373342092,2474.3682346225173,0.0007443844496023223
516584.0,14,18611974.838527612,12535320.219739195,14537109.739645762,-2750.0900587183482,1396.3161389991271,2301.369032705395,0.0007443865421513695
517184.0,14,16894131.553869218,13324946.185880275,15861676.532093333,-2972.436780489195,1234.3813685883347,2110.998187660687,0.0007443885969489191
517784.0,14,15049459.833135169,14014536.208048932,17067140.53594084,-3172.6172941759105,1063.0614733662512,1904.6353512604817,0.0007443906041760515
518384.0,14,13091721.99208377,14598832.616071662,18144351.80073172,-3349.120501689848,883.6050734960788,1683.7774601192366,0.0007443925543503897
518984.0,14,11035537.838205988,15073346.042150058,19085091.789958086,-3500.598488199007,697.3229456452348,1450.029701386444,0.0007443944383944977
431984.0,15,12569455.46226523,-8783837.121539608,21142492.710472323,2251.0742082777388,3232.3720958290837,9.307947445836872,0.0004057247526034839
432584.0,15,13867701.608884986,-6811725.753043898,21063009.37612463,2073.5675139525524,3337.085430973356,-274.100757280234,0.0004057232960150188
433184.0,15,15054411.398321586,-4784826.704454498,20814082.84740986,1879.5042026522428,3414.895786995584,-555.1177719209207,0.00040572193709340586
433784.0,15,16120143.65606759,-2719474.310644687,20397858.21285577,1670.5478665415837,3465.1937563419287,-831.378978862481,0.00040572064987410287
434384.0,15,17056494.843025178,-632291.9074789109,19817883.611321557,1448.492032557594,3487.6252040922336,-1100.573703241009,0.00040571946048095927
434984.0,15,17856170.72680778,1459961.3685477944,19079071.043929957,1215.2399342603976,3482.092714705793,-1360.4688145557702,0.0004057183941416734
435584.0,15,18513045.86755714,3540543.994898023,18187643.141231336,972.783122994447,3448.753611200489,-1608.9314081363336,0.000405717474963486
436184.0,15,19022209.95913659,5592883.521022123,17151066.873060107,723.1811598069551,3388.0110523242256,-1843.9510044357023,0.0004057167895770378
436784.0,15,19380001.53448417,7600722.803705233,15977975.489726057,468.5319966860693,3300.5200467247814,-2063.652898910997,0.0004057162317060324
437384.0,15,19584026.988766797,9548263.177984808,14678079.400021395,210.96080280391834,3187.154489915303,-2266.32263244785,0.00040571588458376845
437984.0,15,19633167.58092373,11420296.834165286,13262068.763334539,-47.409289198649276,3049.0079265382583,-2450.4143727048286,0.0004057157659189768
438584.0,15,19527573.175149187,13202332.271304775,11741508.016557299,-304.4761647938717,2887.3740163740504,-2614.5634658015,0.00040571589144096316
439184.0,15,19268643.830794796,14880709.29283471,10128724.567949496,-558.1784779495886,2703.7289035524573,-2757.5949534267975,0.00040571627479131186
439784.0,15,18858999.928645905,16442703.04166514,8436693.120318104,-806.5140070552033,2499.7122517085195,-2878.5294602733843,0.00040571692743842215
440384.0,15,18302441.720108572,17876616.380986016,6678917.174421231,-1047.556420791152,2277.1073473954602,-2976.5865465871507,0.0004057178586147723
440984.0,15,17603899.28970101,19171860.16315911,4869309.195265389,-1279.4703130759153,2037.8206586687375,-3051.185670553698,0.0004057190752764515
441584.0,15,16769373.99297175,20319021.154093448,3022070.8280935604,-1500.5244198490404,1783.861209951203,-3101.9449457265496,0.000405720582084188
442184.0,15,15805872.472519942,21309917.58856558,1151574.4329772822,-1709.1029810558493,1517.320100167468,-3128.677909214878,0.0004057223814048411
442784.0,15,14721334.366171073,22137642.518564254,-727752.9271328116,-1903.7152572489508,1240.3504509015008,-3131.388536882074,0.00040572447333211525
443384.0,15,13524555.121923674,22796595.209948,-2601541.6292510573,-2082.9979294855702,955.144231728312,-3110.2754518096185,0.0004057268136576176
443984.0,15,12225103.2326306,23282501.450669955,-4455589.242190173,-2245.7422330264494,663.9291574915452,-3065.6814508471452,0.0004057294818044946
444584.0,15,10833236.801080618,23592422.395456664,-6275962.115253835,-2390.866923236715,368.92771397734623,-2998.1487668011073,0.0004057324296696372
445184.0,15,9359815.873585328,23724753.663959596,-8049093.950396754,-2517.442002944308,72.35670730022912,-2908.366864694748,0.00040573564879778693
445784.0,15,7816214.205947959,23679214.803828508,-9761877.528481316,-2624.685178517039,-223.59194883844066,-2797.1730047756178,0.0004057391288006976
446384.0,15,6214230.308545508,23456829.98304017,-11401750.332286716,-2711.9622986183476,-516.7651879505058,-2665.541764504565,0.0004057428574616824
446984.0,15,4565998.557737808,23059900.64640074,-12956773.772747936,-2778.786773134113,-805.0615346117654,-2514.5743570614595,0.000405746820848877
447584.0,15,2883900.9478231054,22491970.864017885,-14415705.940171672,-2824.8181228544017,-1086.4426719510143,-2345.487889860272,0.00040575100343590373
448184.0,15,1180479.9675699528,21757786.07216056,-15768067.882925624,-2849.859803334585,-1358.9438904730064,-2159.6046802704564,0.00040575538822873317
448784.0,15,-531646.9997426514,20863245.86654441,-17004203.48082874,-2853.856435863364,-1620.6834939363239,-1958.3417196596906,0.00040575995689766365
449384.0,15,-2239871.4319232665,19815351.457767732,-18115333.029410094,-2836.890565362218,-1869.8712511224812,-1743.2003516984778,0.00040576468991346476
449984.0,15,-3931675.3278417774,18622148.34132479,-19093600.685008977,-2799.179050010938,-2104.8159908243065,-1515.7562071457155,0.00040576956668685526
450584.0,15,-5594710.022928198,17292664.992563352,-19932115.67213821,-2741.06811976534,-2323.9297265348473,-1277.6483818446345,0.0004057745762232523
451184.0,15,-7216875.596604244,15836845.922472714,-20624989.12088901,-2663.033442790433,-2525.7448184438313,-1030.5739361358408,0.0004057796754366143
451784.0,15,-8786391.287429238,14265485.075372681,-21167362.26567056,-2565.66967375649,-2708.902957472648,-776.2727987370841,0.0004057848517113502
452384.0,15,-10291870.10350921,12590151.956014946,-21555432.36044648,-2449.6901893885793,-2872.171559543478,-516.522548381297,0.00040579008165528236
452984.0,15,-11722387.262306407,10823116.926946236,-21786471.60000821,-2315.9215981010716,-3014.4457213140545,-253.12864618942714,0.00040579534154243266
453584.0,15,-13067546.629898205,8977273.328602789,-21858841.14955762,-2165.2991742759514,-3134.752706478576,12.084267613963362,0.00040580060746110637
454184.0,15,-14317544.396545116,7066057.014094916,-21772000.00894969,-1998.8621847481802,-3232.2561854815685,277.28100518136523,0.0004058058554622443
454784.0,15,-15463229.924017675,5103363.425679481,-21526508.73838014,-1817.7490810067645,-3306.260272921216,540.6244555779991,0.00040581106170782793
455384.0,15,-16496163.67948758,3103462.316981826,-21124028.030799277,-1623.1925176226366,-3356.2133904841453,800.2842690333507,0.0004058162026191262
455984.0,15,-17408672.14246673,1080910.2127064448,-20567312.074479423,-1416.5141459054862,-3381.7119656054256,1054.4456667273823,0.0004058212550245592
456584.0,15,-18193899.536247812,-949539.303401879,-19860196.60863693,-1199.1191219730654,-3382.503957435134,1301.3184384114886,0.00040582619630692213
457184.0,15,-18845856.194707543,-2973027.370709452,-19007581.53751311,-972.4902605018989,-3358.4921823832533,1539.1461839371343,0.0004058310045496656
457784.0,15,-19359463.524834972,-4974683.955899209,-18015407.729120206,-738.1801745970256,-3309.7368772466225,1766.2153827176592,0.0004058356701130016
458384.0,15,-19730594.133647308,-6939722.145650432,-16890628.910451174,-497.8108217646743,-3236.4604489355834,1980.8672117530723,0.0004058401501299508
458984.0,15,-19956109.544192705,-8853536.476127122,-15641176.075941777,-253.05668667856116,-3139.046956009808,2181.504636494377,0.00040584443699776516
459584.0,15,-20033891.742617644,-10701800.940671198,-14275916.8090773,-5.643020318319259,-3018.045827004734,2366.605171816314,0.0004058485130311486
460184.0,15,-19962870.33832232,-12470568.377342675,-12804607.71793736,242.6644841575744,-2874.172628953008,2534.7311915161217,0.00040585236194666627
460784.0,15,-19743044.148227394,-14146370.399681687,-11237840.286078362,490.0692477576997,-2708.3095224747535,2684.5411155043,0.00040585596899232474
461384.0,15,-19375496.796645228,-15716317.37075012,-9586979.906617638,734.7542050413277,-2521.504797996748,2814.8008294169376,0.0004058593210715134
461984.0,15,-18862405.805192612,-17168197.81577216,-7864097.979378289,974.8930788068916,-2314.9713329894885,2924.3952472053516,0.0004058624068601667
462584.0,15,-18207044.63394979,-18490576.56851145,-6081897.014860689,1208.662541693504,-2090.0838049801705,3012.3398997997483,0.0004058652169158861
463184.0,15,-17413777.13599863,-19672890.845068485,-4253628.769788303,1434.2552517257122,-1848.374495001916,3077.7924050063825,0.0004058677437776527
463784.0,15,-16488043.90486463,-20705543.339503758,-2393005.5369255715,1649.8937205620794,-1591.5275218754043,3120.0636462705843,0.00040586998205467077
464384.0,15,-15436340.030313551,-21579991.342455015,-514104.826081374,1853.8449416652659,-1321.371360017425,3138.628461869815,0.0004058719285028134
464984.0,15,-14266183.599682476,-22288830.858987097,1368732.459711315,2044.4420998586656,-1039.874106318914,3133.126823945967,0.0004058735930115644
465584.0,15,-12986075.757085415,-22825874.2803703,3241008.6310308953,2220.0747597321756,-749.1136829500268,3103.40802243128,0.0004058749551551423
466184.0,15,-11605449.858949231,-23186220.93625984,5088181.935669843,2379.243223479385,-451.29260529686746,3049.485765699426,0.0004058760291608509
466784.0,15,-10134611.566765714,-23366319.036132663,6895783.428213195,2520.549393553827,-148.7037844822139,2971.5796829332935,0.00040587682083143435
467384.0,15,-8584669.112499136,-23364017.553659555,8649536.736816611,2642.719194733761,156.28204217711664,2870.111139412122,0.0004058773382583682
467984.0,15,-6967453.974397954,-23178607.1503414,10335480.140399095,2744.618265284348,461.23557174467624,2745.7058631927334,0.0004058775917923202
468584.0,15,-5295432.337341165,-22810848.94496764,11940089.527317923,2825.2669334470065,763.6899868401722,2599.1943532273376,0.00040587759399169406
469184.0,15,-3581607.8749283273,-22262990.120223492,13450400.83298904,2883.8541607756147,1061.1635961264328,2431.609866355985,0.0004058773595486332
469784.0,15,-1839416.5837819185,-21538765.50099488,14854130.447451135,2919.750126688444,1351.1838009175372,2244.183821216572,0.00040587690519219475
470384.0,15,-82614.59388322756,-20643384.41788467,16139792.005443593,2932.5171319280416,1631.3120653208293,2038.3385076260654,0.0004058762495687816
470984.0,15,1674839.9343044963,-19583502.38150107,17296807.926477488,2921.918513392782,1899.1695132478021,1815.6770492904295,0.00040587541310032574
471584.0,15,3418909.541563293,-18367177.333901912,18315614.065073643,2887.925289510416,2152.462729736443,1577.970634092787,0.00040587441782114685
472184.0,15,5135604.164460897,-17003810.086537097,19187756.18447063,2830.721994365763,2389.0115113520746,1327.144414332627,0.000405873298100543
472784.0,15,6811105.45566127,-15504071.762799237,19905974.746878576,2750.701361974039,2606.7647407573636,1065.2544389203758,0.0004058720565719088
473384.0,15,8431899.238592258,-13879812.723981032,20464281.669657726,2648.472965967198,2803.837593968475,794.4751071202452,0.0004058707300922434
473984.0,15,9984898.040436374,-12143961.706045548,20858020.962263267,2524.8522498305033,2978.5242422756914,517.0720394606263,0.00040586934514606787
474584.0,15,11457564.163067592,-10310410.702810187,21083917.321288012,2380.8549691049034,3129.3199444929387,235.37960243975152,0.00040586792875693596
475184.0,15,12838026.796215441,-8393889.14018727,21140109.83168717,2217.687164083561,3254.9382573109524,-48.22399323467559,0.00040586650823900097
475784.0,15,14115192.319271393,-6409828.630254036,21026170.536006078,2036.732469755029,3354.3253478074084,-331.34233157253846,0.0004058651109446119
476384.0,15,15278846.273048976,-4374220.116700025,20743107.57592221,1839.5369865392302,3426.6711304700784,-611.5866955685661,0.0004058637640113869
476984.0,15,16319745.633669237,-2303465.362913795,20293352.89150256,1627.7919975410136,3471.4170315321,-886.6017578181655,0.00040586249411222347
477584.0,15,17229700.204939686,-214224.8248808887,19680734.74404178,1403.3148703413815,3488.260270207749,-1154.090587526161,0.00040586132721163223
478184.0,15,18001642.156869695,1876736.0094000753,18910435.599051762,1168.0285216088344,3477.1546357792163,-1411.8385286565838,0.00040586028833161956
478784.0,15,18629682.96901508,3952699.744522321,17988936.158305924,923.9398495577988,3438.3078275678104,-1657.7355429931054,0.0004058594013301089
479384.0,15,19109157.19027279,5997147.556489309,16923946.629656974,673.1174968025323,3372.1735869266927,-1889.796179221685,0.0004058586997134112
479984.0,15,19436653.341114666,7993905.598204351,15724326.079125889,417.6695693599338,3279.4504012760744,-2106.179766918826,0.0004058581825268473
480584.0,15,19610030.453658212,9927284.831800599,14399991.916778168,159.7214664650537,3161.0581099931883,-2305.2033962546843,0.0004058578798321932
481184.0,15,19628422.427683413,11782213.108919287,12961820.405749395,-98.60582961163254,3018.131455893158,-2485.3571274515907,0.00040585780895093724
481784.0,15,19492229.28501551,13544358.318231143,11421539.958135609,-355.2163955721662,2852.0018647851725,-2645.314154060982,0.00040585798520127
482384.0,15,19203096.407195624,15200241.236139141,9791618.809097145,-608.0588612014606,2664.1795152004543,-2783.938781570329,0.0004058584217943691
482984.0,15,18763882.474939775,16737337.259307645,8085148.63889507,-855.1444648247642,2456.3341558635952,-2900.291790456191,0.0004058591297535301
483584.0,15,18178617.019602336,18144166.373469383,6315725.682700656,-1094.5634854462273,2230.2750711534936,-2993.6332894306233,0.00040586011785596226
484184.0,15,17452448.594246592,19410370.94744684,4497330.7937009,-1324.4999216283245,1987.9305771201075,-3063.4232127374735,0.000405861392596723
484784.0,15,16591584.637265183,20526781.163362075,2644209.8241687673,-1543.244340371834,1731.3274029354131,-3109.3196538533607,0.00040586295817396237
485384.0,15,15603224.135968061,21485468.09808795,770755.5674674452,-1749.2048690897605,1462.570277088339,-3131.1752564237986,0.00040586481649439887
485984.0,15,14495484.203358185,22279784.652847454,-1108607.632731484,-1940.9163487726134,1183.8219964000973,-3129.031901804295,0.00040586696719774806
486584.0,15,13277321.773433153,22904394.717174307,-2979535.5288038887,-2117.0422370550104,897.2801402028067,-3103.1240686955443,0.0004058689527687412
487184.0,15,11958451.00184522,23355290.801281303,-4827871.446496749,-2276.4020004991767,605.1752493239064,-3053.8304276762383,0.0004058716779735853
487784.0,15,10549257.938582812,23629801.53502914,-6639748.867684957,-2417.942896302483,309.72848499865154,-2981.7254737713715,0.00040587468137990803
488384.0,15,9060713.438409436,23726588.25627621,-8401687.398339232,-2540.764010925822,13.152450309315554,-2887.529498245719,0.0004058779541337832
488984.0,15,7504284.519639547,23645632.80766327,-10100683.608655887,-2644.112321122185,-282.3680250104519,-2772.108481595262,0.00040588148546843615
489584.0,15,5891845.366816158,23388216.568750143,-11724295.366481708,-2727.3829173784243,-574.6895905759745,-2636.4635612115785,0.00040588526281067256
490184.0,15,4235588.521181723,22956891.602453813,-13260719.750798175,-2790.118238357636,-861.7228756171539,-2481.720327120017,0.0004058892718957498
490784.0,15,2547936.8145766836,22355444.63902612,-14698864.484856086,-2832.0064658048564,-1141.443823253177,-2309.1180839147896,0.00040589349688939643
491384.0,15,841456.5130692888,21588854.59050429,-16028412.906016026,-2852.8792214652176,-1411.903920576217,-2119.9991906863393,0.00040589792051580226
491984.0,15,-871227.9471855424,20663244.24589875,-17239882.550804503,-2852.708696465855,-1671.2394033395167,-1915.798564780445,0.0004059025241905224
492584.0,15,-2577517.3258010056,19585826.745401885,-18324677.479455605,-2831.6043300538477,-1917.6795261787577,-1698.0334103081732,0.0004059072881573688
493184.0,15,-4264918.80736752,18364847.373527184,-19275134.495006856,-2789.80913922949,-2149.5539968731237,-1468.2932089574986,0.0004059121916284826
493784.0,15,-5921124.205369114,17009521.614040438,-20084563.11613245,-2727.6937912861795,-2365.2980224850544,-1228.2301909598684,0.00040591722345951933
494384.0,15,-7534089.344486343,15529967.062580463,-20747281.39945418,-2645.760387246679,-2563.465100814548,-979.5490085605677,0.0004059223403552407
494984.0,15,-9092103.582790421,13937136.568005212,-21258642.908199336,-2544.6263823164954,-2742.7223106104593,-723.9989195208684,0.00040592752963782214
495584.0,15,-10583863.95951942,12242743.676195294,-21615061.504987843,-2425.028025348339,-2901.8623266426175,-463.36384786598757,0.0004059327678338766
496184.0,15,-11998543.146768905,10459187.380806262,-21814029.23944751,-2287.8139247424365,-3039.806391510479,-199.45382774531066,0.00040593803116601123
496784.0,15,-13325855.360287748,8599473.736524662,-21854129.328335594,-2133.940464906204,-3155.608749868437,65.90367986318226,0.0004059432957009929
497384.0,15,-14556119.496893292,6677134.913577393,-21735043.979551695,-1964.467110430978,-3248.4608464918483,330.8724117950134,0.00040594853749813763
497984.0,15,-15680319.430282813,4706145.814784201,-21457557.078253407,-1780.5515687099646,-3317.695329170576,593.615934109533,0.00040595373275771016
498584.0,15,-16690161.374689806,2700838.3556475686,-21023551.711578228,-1583.4447690193806,-3362.7898807191395,852.3063469402355,0.00040595885796912244
499184.0,15,-17578128.19601482,675813.4979669452,-20436002.466772627,-1374.4856049134519,-3383.370886534894,1105.1331280576799,0.0004059638900586997
499784.0,15,-18337530.513771243,-1354148.871088379,-19698962.39751347,-1155.0953773452438,-3379.21692537097,1350.3121763396548,0.0004059688065367509
500384.0,15,-18962554.395591423,-3374182.1091289027,-18817544.516582776,-926.7718684367294,-3350.262051588947,1586.0951095526857,0.0004059735856436262
500984.0,15,-19448305.562259827,-5369427.139338523,-17797897.44192676,-691.0799520684077,-3296.5979784369974,1810.7766553916572,0.0004059782179195861
501584.0,15,-19790848.83598023,-7325127.45447809,-16647176.185416186,-449.65674414413024,-3218.480043218182,2022.7135428519782,0.00040598266083365954
502184.0,15,-19987244.905722115,-9226727.527922701,-15373504.96273499,-204.18609016743721,-3116.3246837446236,2220.321112749349,0.0004059869069093413
502784.0,15,-20035580.89056391,-11059970.887474997,-13985935.562907923,43.59762708595781,-2990.7143002229773,2402.0932149423925,0.00040599093873075443
503384.0,15,-19934996.499311477,-12810999.734711405,-12494398.354376517,291.9213955849359,-2842.397572964297,2566.610804333957,0.00040599474031051543
503984.0,15,-19685704.480681315,-14466454.919409052,-10909646.7691673,538.9832977855494,-2672.2897466295763,2712.5531805505125,0.0004059982972182821
504584.0,15,-19289004.984488256,-16013575.84532108,-9243194.941568254,782.9630855881445,-2481.471964087171,2838.709443893516,0.0004060015967034424
505184.0,15,-18747293.304305155,-17440299.682733905,-7507248.39268142,1022.0336349324366,-2271.1894884469093,2943.990072642773,0.00040600462781078037
505784.0,15,-18064060.461469922,-18735359.16254231,-5714627.719578189,1254.373287006315,-2042.8486476567402,3027.4384991906304,0.0004060073814878333
506384.0,15,-17243886.09436444,-19888378.125266973,-3878685.332243319,1478.179057711048,-1798.0123370608235,3088.242534572706,0.0004060098506825529
506984.0,15,-16292423.137843577,-20889963.900049303,-2013215.382832485,1691.6806680694597,-1538.393922312424,3125.7454636562197,0.0004060120304297932
507584.0,15,-15216373.817563573,-21731795.497141525,-132357.14914581488,1893.1553161448755,-1265.8493987175643,3139.456607629636,0.00040601391792508554
508184.0,15,-14023456.489801116,-22406706.47463483,1749507.791535683,2080.9505094583883,-982.3730599002495,3129.0506827362833,0.0004060155235507512
508784.0,15,-12722363.241083827,-22908761.593537483,3617863.8534330814,2253.4703324258744,-690.0641937756883,3094.4183417515073,0.00040601682730243395
509384.0,15,-11322707.632119216,-23233325.294831064,5458174.639449948,2409.235854895649,-391.1460676897947,3035.61112584003,0.0004060178438633547
509984.0,15,-9834962.661127392,-23377121.92024768,7256000.550883172,2546.8719851391697,-87.92827535397714,2952.889211444611,0.0004060185794986191
510584.0,15,-8270389.10715996,-23338285.481698297,8997119.144568149,2665.1308395369188,217.20546428659554,2846.715201727881,0.00040601904275815425
511184.0,15,-6640954.32516726,-23116398.244617715,10667647.490779096,2762.9073204231663,521.8169348138331,2717.7563232587236,0.0004060192444428266
511784.0,15,-4959241.914320399,-22712516.948115878,12254165.139945026,2839.253917035439,823.4348053644271,2566.8843609895944,0.0004060191975484881
512384.0,15,-3238352.834858006,-22129185.678737495,13743836.272411285,2893.394408846457,1119.5775553545382,2395.1731362584424,0.00040601891718739284
512984.0,15,-1491798.7425687425,-21370434.565046795,15124529.504110703,2924.7361453620583,1407.7776657153136,2203.893375170785,0.00040601842048676565
513584.0,15,266611.4972653445,-20441763.64603375,16384933.748773783,2932.880581974136,1685.60674287535,1994.5048670758692,0.00040601772646469
514184.0,15,2022890.969701402,-19350111.484496675,17514668.49939915,2917.6317685532267,1950.7011890328884,1768.645873714061,0.00040601685588389456
514784.0,15,3762998.2267254954,-18103808.34247305,18504386.89232711,2879.002516530446,2200.787988299597,1528.1198171665849,0.00040601583108444895
515384.0,15,5472963.746517316,-16712514.14128756,19345869.855015203,2817.220817264291,2433.710996024838,1274.8787327834648,0.0004060138083813016
515984.0,15,7139017.240304514,-15187140.889728189,20032110.458704785,2732.719597211908,2647.452011429854,1011.0074068950266,0.0004060125473286993
516584.0,15,8747715.87051475,-13539761.613473635,20557385.508031294,2626.151281098774,2840.159586799971,738.6989243540166,0.00040601120658525114
517184.0,15,10286068.810643103,-11783505.264192218,20917315.273539223,2498.371947264799,3010.166726228638,460.2348257003015,0.00040600981276673785
517784.0,15,11741658.856863122,-9932439.662811875,21108908.760521203,2350.436267628247,3156.0111520976006,177.96044956386845,0.0004060083929785782
518384.0,15,13102758.34684264,-8001443.670496537,21130594.390815407,2183.5869341200455,3276.451962925264,-105.74015682079003,0.00040600697456628703
518984.0,15,14358438.244151343,-6006069.758037996,20982235.508543998,1999.2414198931042,3370.483336123543,-388.4700653267324,0.00040600646343975835
431984.0,16,-26485384.75443757,-3419220.919058733,1805728.555950279,24.47524988147262,-2229.622025344004,-3131.287960184462,0.0002505619203453601
432584.0,16,-26371807.31013603,-4742505.1284143,-77555.35824924806,353.7685207012547,-2178.7795658675045,-3142.06079512207,0.0002505677970142955
433184.0,16,-26061622.160312995,-6030438.049363777,-1960268.0593969335,679.4026664646614,-2111.8797744128615,-3129.4104727886097,0.0002505738805728016
433784.0,16,-25557726.992712654,-7273552.945008482,-3828414.422545659,999.0493622260511,-2029.5020223421243,-3093.56910406102,0.00025058015661449874
434384.0,16,-24864397.491783645,-8462760.639230708,-5668185.333488135,1310.448074792059,-1932.3235922473882,-3034.9229886030407,0.0002505866094311022
434984.0,16,-23987242.985878397,-9589406.458524488,-7466048.592799208,1611.4178045912145,-1821.113360041507,-2954.0066816047392,0.00025059322213267994
435584.0,16,-22933155.310332,-10645323.33189741,-9208836.122100186,1899.8678457257438,-1696.725393186747,-2851.4966981615944,0.00025059997677204346
436184.0,16,-21710251.65215054,-11622880.905864047,-10883827.11101249,2173.807471200447,-1560.0891765926285,-2728.2079185398366,0.00025060686183135493
436784.0,16,-20327810.864014454,-12515031.282119332,-12478827.84220178,2431.3556286564663,-1412.216503333307,-2585.07498378088,0.00025061384286382296
437384.0,16,-18796205.986450143,-13315349.907601159,-13982246.20460224,2670.748374243183,-1254.1750900177803,-2423.163038739701,0.00025062090693960844
437984.0,16,-17126830.840788577,-14018073.430952694,-15383162.828155043,2890.347096048375,-1087.095494710696,-2243.648969159419,0.0002506280331852539
438584.0,16,-15332022.632962856,-14618133.38493172,-16671397.663860375,3088.64553987909,-912.1614358078067,-2047.8171851656673,0.0002506352003309605
439184.0,16,-13424980.376436906,-15111186.086975513,-17837572.242468994,3264.2764828700747,-730.6034463288032,-1837.0523847524744,0.00025064238684706754
439784.0,16,-11419679.470013075,-15493638.717545966,-18873167.530597538,3416.018004228698,-543.6925186670868,-1612.832203395285,0.00025064957108108653
440384.0,16,-9330782.661136456,-15762671.56815491,-19770577.31550442,3542.799407814864,-352.7337104539955,-1376.7197222854718,0.0002506567313949917
440984.0,16,-7173547.594488815,-15916256.432029517,-20523157.0308677,3643.7068365940454,-159.05967676471482,-1130.3557964083864,0.00025066384630247995
441584.0,16,-4963731.123957681,-15953171.088374857,-21125267.910434853,3717.9886025751484,35.97590978954736,-875.451154426581,0.0002506708946059142
442184.0,16,-2717490.554631417,-15873009.8071769,-21572316.325556394,3765.0602379460634,231.00509139285072,-613.7782152679279,0.00025067785553264536
442784.0,16,-451281.9811752597,-15676189.776602233,-21860788.127753656,3784.509254063107,424.65255004632775,-347.1625616298933,0.00025068470887037927
443384.0,16,1818243.8551583923,-15363953.428405147,-21988277.739563074,3776.099151943391,615.541662795158,-77.47366523956924,0.0002506909765479204
443984.0,16,4074349.508530479,-14938365.909896238,-21953511.995469723,3739.775175257201,802.3063070736445,193.3831961131262,0.00025069755702915395
444584.0,16,6300318.445358595,-14402309.078173641,-21756367.766821124,3675.665351649728,983.5920226669027,463.47875660555445,0.0002507039739784355
445184.0,16,8479567.281186577,-13759469.769557511,-21397883.97398694,3584.0852646519165,1158.0683921147381,730.8690391282279,0.0002507102107445232
445784.0,16,10595758.370820072,-13014323.692578273,-20880266.923902523,3465.540017403533,1324.436306269226,993.6067643985974,0.00025071625188350467
446384.0,16,12632913.877035063,-12172114.139090408,-20206888.87061149,3320.725837862827,1481.4366337432461,1249.7531093356517,0.00025072208327807887
446984.0,16,14575530.559645921,-11238825.422010005,-19382279.35929016,3150.530748407056,1627.8591921822504,1497.3901217251987,0.00025072769225166974
447584.0,16,16408694.686417995,-10221150.862054035,-18412108.95539307,2956.034142164962,1762.551987446921,1734.6337828670075,0.00025073306767641243
448184.0,16,18118196.367872283,-9126455.17039326,-17303164.97020089,2738.505100065802,1884.4306688746683,1959.647686837998,0.0002507382000739589
448784.0,16,19690642.514338255,-7962731.110175455,-16063318.8187963,2499.3992788506857,1992.48812963114,2170.657279063415,0.000250743081707967
449384.0,16,21113567.508790527,-6738550.368121654,-14701484.688085888,2240.354201983331,2085.80416122708,2365.9645685011405,0.00025074770666706336
449984.0,16,22375540.586714312,-5463008.628206052,-13227569.252344921,1963.1827932801216,2163.555051134745,2543.9631975287693,0.00025075207093701817
450584.0,16,23466268.925561786,-4145664.961057203,-11652412.157372575,1669.8641333821852,2225.030558360529,2703.1498043688293,0.00025075571420186103
451184.0,16,24376694.634702925,-2796475.3448190577,-9987717.729659708,1362.5366289346334,2269.612629953956,2842.155055363224,0.0002507595528262075
451784.0,16,25099085.847136505,-1425721.5275946604,-8245976.694088784,1043.4800543139058,2296.8296732328486,2959.735115075883,0.0002507631306334106
452384.0,16,25627118.842693903,-43934.12776134908,-6440379.581276253,715.104553299171,2306.3338563389802,3054.8022127802315,0.0002507664516593289
452984.0,16,25955951.024123263,1338188.3602593937,-4584721.135016073,379.9328205221632,2297.9158127984283,3126.4347130205615,0.0002507695219911482
453584.0,16,26082283.04751466,2709864.5841774214,-2693296.5611508093,40.58107444991214,2271.5106034814316,3173.8902142047255,0.0002507723497485702
454184.0,16,26004408.87772424,4060318.5882938798,-780790.2289875959,-300.2620218122812,2227.202428314818,3196.6174049411047,0.0002507749450462301
454784.0,16,25722252.56795914,5378870.49080305,1137842.3331545969,-639.8583355150945,2165.2279057622077,3194.2663838876288,0.00025077731993676815
455384.0,16,25237390.678386126,6655028.663820609,3047498.128066942,-975.4449164652261,2085.9777531107147,3166.697154450971,0.0002507794883342383
455984.0,16,24553059.40262164,7878582.401181059,4933054.873671363,-1304.2600461039815,1989.996722720523,3113.9860213194415,0.00025078146591783366
456584.0,16,23674145.661916845,9039693.980387997,6779502.331091515,-1623.5703444471808,1877.9816784576624,3036.429641967794,0.00025078327001622805
457184.0,16,22607161.651745737,10128988.966738619,8572075.288883975,-1930.698542940533,1750.7777320301334,2934.546522896405,0.00025078491947317754
457784.0,16,21360202.4555971,11137643.662716443,10296386.705110319,-2223.0525181255953,1609.3772968276562,2809.071890172808,0.00025078644192762147
458384.0,16,19942887.55139769,12057467.895704636,11938558.69067269,-2498.1489372890483,1454.8927586927412,2660.969217712267,0.00025078784393064513
458984.0,16,18366284.350817647,12880983.682902459,13485351.27893562,-2753.6464532006016,1288.5759196351482,2491.399997467029,0.0002507891553107048
459584.0,16,16642817.41924845,13601496.169242354,14924284.915857486,-2987.367408838436,1111.7870451222843,2301.7294641803733,0.00025079039929526886
460184.0,16,14786161.923954707,14213157.764153803,16243756.830614325,-3197.322952305906,925.9864875097655,2093.5101939329456,0.00025079159972075314
460784.0,16,12811123.453033775,14711023.727933086,17433148.90766681,-3381.7349597657585,732.7200019611543,1868.4669694681481,0.000250792780818351
461384.0,16,10733505.490837395,15091098.542842312,18482925.707450382,-3539.0553716492527,533.6028300609163,1628.4792733710306,0.0002507939669947281
461984.0,16,8569966.224991547,15350372.420311313,19384721.308718972,-3667.9825820883634,330.30282011791724,1375.5616967268447,0.00025079518261042304
462584.0,16,6337866.550782784,15486847.465836506,20131413.836899556,-3767.4745901466263,124.52287786191573,1111.8426026250827,0.0002507964517588526
463184.0,16,4055111.284618148,15499553.204374693,20717186.760691937,-3836.75869949321,-82.01694341003474,839.5414248486961,0.00025079779804880204
463784.0,16,1739985.695252522,15388551.355431093,21137576.27651545,-3875.337637472934,-287.5973987789211,560.9450106537296,0.00025079924439320084
464384.0,16,-589010.4926071432,15154929.932716275,21389504.349472284,-3882.992051575502,-490.51774392328963,278.38343170558636,0.000250800812806835
464984.0,16,-2913331.5025208713,14800786.502607157,21471297.395859998,-3859.780920094864,-689.1125498473777,-5.794882104310602,0.00025080171283981077
465584.0,16,-5214541.77815717,14329203.492722522,21382689.543584645,-3806.0310304692625,-881.7692481984898,-289.24472440846955,0.0002508035867852696
466184.0,16,-7474489.971448343,13744210.09262113,21124814.007536735,-3722.3382126844863,-1066.9415397747018,-569.6512091567245,0.00025080564161799267
466784.0,16,-9675455.326790847,13050739.24420465,20700178.237241603,-3609.550518226289,-1243.164526118793,-844.7493429005101,0.000250807893996712
467384.0,16,-11800298.11754244,12254574.931208622,20112627.657402895,-3468.7563071319296,-1409.066921891711,-1112.3456023998997,0.00025081035888021165
467984.0,16,-13832599.053316586,11362292.786136324,19367297.064730193,-3301.2685022969754,-1563.3819936924738,-1370.3371931073232,0.00025081304941966596
468584.0,16,-15756787.068003472,10381195.60361043,18470551.82499363,-3108.6071056861533,-1704.9567332743459,-1616.7292659221623,0.0002508163297499841
469184.0,16,-17558264.383431807,9319239.013337672,17429915.423062805,-2892.47927617217,-1832.7599758904053,-1849.651250572118,0.0002508195034033973
469784.0,16,-19223502.958746918,8184962.473940019,16253995.678018339,-2654.760057824417,-1945.887569168226,-2067.3689150920527,0.0002508229305379719
470384.0,16,-20740145.575240683,6987407.926579787,14952396.497713739,-2397.4706220490198,-2043.5672065748736,-2268.2965462751026,0.00025082661638944583
470984.0,16,-22097085.591336787,5736040.859163928,13535626.854556395,-2122.7569732448505,-2125.161034783038,-2451.0059082384696,0.0002508305641396802
471584.0,16,-23284535.57096955,4440669.244551761,12015004.18370358,-1832.8684367898409,-2190.166928655527,-2614.2333833184607,0.00025083477492301656
472184.0,16,-24294083.68033803,3111361.0281430217,10402552.922718868,-1530.1371004803955,-2238.20926220141,-2756.890086792657,0.00025083843655545777
472784.0,16,-25118734.340314526,1758367.3748160116,8710906.132428873,-1216.9541324030115,-2269.074318910254,-2878.0454518599136,0.0002508431688691716
473384.0,16,-25752943.306194026,392036.0192987872,6953193.979938509,-895.7541755020368,-2282.652693353172,-2976.9586582546813,0.00025084815563730667
473984.0,16,-26192633.737284847,-977262.4697422753,5142943.487805781,-568.9931330070642,-2278.972924829834,-3053.058832055326,0.00025085339017984275
474584.0,16,-26435204.92520051,-2339211.9562366283,3293972.5427460396,-239.1307617580759,-2258.1881241115966,-3105.9488266644494,0.00025085886402497517
475184.0,16,-26479529.553355068,-3683624.1901443116,1420286.1989093937,91.38642095935421,-2220.5712171016607,-3135.402805206201,0.0002508645669961947
475784.0,16,-26325940.991874658,-5000509.25290541,-464025.2778183395,420.1410949585254,-2166.5096626808504,-3141.3628027778436,0.0002508704873083834
476384.0,16,-25976211.311426166,-6280142.707437918,-2344886.0511872303,744.7599446463619,-2096.4997631031197,-3123.9344310261304,0.00025087661167174567
476984.0,16,-25433520.702597685,-7513129.232698938,-4208331.562325984,1062.9273309348569,-2011.14067245908,-3083.381876689131,0.00025088292540247043
477584.0,16,-24702418.974491693,-8690462.582638113,-6040602.191792691,1372.397866238604,-1911.128194567554,-3020.122331901543,0.000250889412539111
478184.0,16,-23788779.77979287,-9803581.760819541,-7828233.422689526,1671.0079506459858,-1797.248446753405,-2934.719977982172,0.00025089605596376153
478784.0,16,-22699748.17646684,-10844423.344701804,-9558142.260801533,1956.686342047839,-1670.3714508234061,-2827.879626822593,0.0002509028375272064
479384.0,16,-21443682.3238722,-11805469.774520949,-11217709.537410513,2227.4642761914592,-1531.4428773701993,-2700.4425677079835,0.00025090916711490173
479984.0,16,-20030088.423850022,-12679794.5899441,-12794859.109569123,2481.4825819957427,-1381.4848968307115,-2553.3699599575266,0.0002509161669256596
480584.0,16,-18469552.833899748,-13461101.98733483,-14278130.955786875,2717.0026118469304,-1221.5788396534085,-2387.7505233140896,0.00025092324553610735
481184.0,16,-16773667.272911789,-14143764.390878182,-15656751.963121658,2932.4119312869652,-1052.8661201846076,-2204.7837628023008,0.00025093038197991397
481784.0,16,-14954950.690613562,-14722855.237872882,-16920701.45801978,3126.2318488562814,-876.5400574449136,-2005.7752310347446,0.00025093755492235174
482384.0,16,-13026766.890240455,-15194178.124215888,-18060772.566920158,3297.1240036909808,-693.8395317731622,-1792.1292701893005,0.0002509447427969174
482984.0,16,-11003238.355220309,-15554292.128163707,-19068629.16123844,3443.896562601655,-506.04262635510383,-1565.3416356001337,0.0002509519239424454
483584.0,16,-8899156.503575338,-15800533.300641548,-19936858.31475758,3565.51007852769,-314.46022306169834,-1326.991970978425,0.0002509590767404173
484184.0,16,-6729888.5646689385,-15931032.290755512,-20659018.18111604,3661.083047213185,-120.42951693612758,-1078.7360943991216,0.00025096617975218355
484784.0,16,-4511281.253197274,-15944728.052691828,-21229681.17240952,3729.89718219571,74.6925896547267,-822.2980453596723,0.00025097321185580675
485384.0,16,-2259561.4060709663,-15841377.55592299,-21644472.288123745,3771.402410032216,269.53625366882534,-559.4618366227835,0.0002509801523822191
485984.0,16,8766.250124640297,-15621561.3957331,-21900102.40810375,3785.221568425921,462.72565887082476,-292.06285037281367,0.0002509869812503502
486584.0,16,2277023.920253289,-15286685.194872672,-21994396.260032643,3771.154244211677,652.8834850966288,-21.977327193026948,0.0002509936862123532
487184.0,16,4528468.819442332,-14838976.451305475,-21926315.1817272,3729.182845498369,838.64931139185,248.88129898610197,0.000251000234618654
487784.0,16,6746401.302916003,-14281477.352772683,-21695973.429641195,3659.4729491072417,1018.6710084814704,518.581012919562,0.0002510066159794891
488384.0,16,8914277.744136177,-13618032.237766765,-21304648.996127915,3562.378346985385,1191.623760367344,785.1762274205714,0.00025101281388091465
488984.0,16,11015823.291017096,-12853270.469363924,-20754787.543730598,3438.4427620057636,1356.215745191318,1046.7204085826609,0.0002510188131411976
489584.0,16,13035146.136250572,-11992584.11740885,-20049999.516712207,3288.401276815331,1511.1968683245818,1301.2779687810746,0.00025102459992911444
490184.0,16,14956852.393933436,-11042100.329452466,-19195049.95385698,3113.18079560406,1655.3677920177558,1546.9368159979285,0.0002510301618768925
490784.0,16,16766160.964043064,-10008648.216923874,-18195840.605236135,2913.899379083333,1787.589224179662,1781.8215466617064,0.00025103548818681496
491384.0,16,18449017.66583202,-8899720.109817594,-17059383.96823468,2691.864285486951,1906.7914106529156,2004.107245516657,0.00025104056973041894
491984.0,16,19992207.81708505,-7723427.071638052,-15793768.886206342,2448.5685477175234,2011.9837560020703,2212.033829556283,0.0002510453991391338
492584.0,16,21383466.33162941,-6488448.617095667,-14408117.398347748,2185.685919660738,2102.2644778059976,2403.920844242162,0.0002510499708851384
493184.0,16,22611584.306267794,-5203976.638376763,-12912532.593092222,1905.0640339246127,2176.8301793472006,2578.1825897376575,0.00025105428135116563
493784.0,16,23666511.19213736,-3879653.4566949513,-11318037.034811199,1608.7150613958243,2234.991958712816,2733.340483632665,0.00025105787060594
494384.0,16,24539450.12462794,-2525504.936387431,-9636503.041359263,1298.8072006211178,2276.1573019658786,2868.0501556059266,0.00025106165544786283
494984.0,16,25222947.865713894,-1151867.658410077,-7880572.269878676,977.648223226561,2299.8793183034472,2981.098735161945,0.0002510651801264253
495584.0,16,25710975.053271353,230688.71364433272,-6063567.220024846,647.6726916832068,2305.8371846611044,3071.431385005745,0.0002510684490993163
496184.0,16,25998997.064395666,1611443.2658797996,-4199393.981114172,311.42403837578337,2293.849821944393,3138.16217897147,0.0002510714688732396
496784.0,16,26084033.79834847,2979609.5565578733,-2302436.8704612707,-28.464890923131065,2263.881622105405,3180.5869694662974,0.00025107424798130807
497384.0,16,25964707.13104441,4324424.420586029,-387445.6830826652,-369.29331892330816,2216.0468873775408,3198.1949521001497,0.0002510767969415286
497984.0,16,25641274.860914823,5635239.020352937,1530583.568550093,-708.3158749703181,2150.6128021809536,3190.6786336803984,0.0002510791281958535
498584.0,16,25115650.08957442,6901611.202645116,3436533.368435078,-1042.7675581265503,2068.000774669048,3157.941917347379,0.0002510812560295387
499184.0,16,24391405.142432224,8113398.129510574,5315293.639131712,-1369.8900325139045,1968.786008432389,3100.106036417167,0.0002510831964708528
499784.0,16,23473759.33255346,9260848.076111533,7151893.5321293725,-1686.9589045404468,1853.6951952904492,3017.5130968239064,0.00025108496717150483
500384.0,16,22369550.102332957,10334690.234828029,8931634.553541338,-1991.3115802360505,1723.6022567995856,2910.727026770434,0.00025108658726850734
500984.0,16,21087187.028457873,11326221.613535827,10640223.833767703,-2280.3763800940783,1579.525001620872,2780.529985333101,0.00025108761901157273
501584.0,16,19636590.520581268,12227388.144481493,12263903.384280693,-2551.695699074973,1422.6053639081313,2627.9248811029083,0.00025108900041416417
502184.0,16,18029111.52644291,13030863.048869701,13789579.42115091,-2802.9595659466077,1254.1166021777292,2454.117166417455,0.00025109029590004306
502784.0,16,16277437.804844938,13730115.902036656,15204942.896055477,-3032.0266628467994,1075.4398756964192,2260.5115901864956,0.0002510915288398561
503384.0,16,14395484.447896939,14319475.226209259,16498584.397038799,-3236.9491286216776,888.0535962704264,2048.6973439208045,0.0002510927231697967
503984.0,16,12398271.060311178,14794182.287234876,17660100.116782133,-3415.993988105864,693.5184787507778,1820.43241996287,0.00025109390317614377
504584.0,16,10301786.918508176,15150435.53404171,18680187.682554845,-3567.661916272431,493.4614112117423,1577.625652017399,0.00025109509327524095
505184.0,16,8122845.827071368,15385425.065569032,19550730.557737637,-3690.702990324785,289.5584194285922,1322.316736993429,0.0002510963177917745
505784.0,16,5878932.571981751,15497356.682761218,20264869.922174133,-3784.1291535894984,83.5170231530642,1056.6545868496794,0.00025109760073825047
506384.0,16,3588043.006240972,15485465.265890235,20817063.16112669,-3847.2231946719817,-122.9417049482712,782.8743976678352,0.000251098965598542
506984.0,16,1268519.8901027506,15350017.404128935,21203128.33305244,-3879.5441304795204,-328.1010634677041,503.2738490463003,0.0002511004351182805
507584.0,16,-1061113.3565078264,15092303.389037741,21420274.23689952,-3880.928968871626,-530.2663219505573,220.18885925229867,0.00025110203110470405
508184.0,16,-3382319.069130954,14714618.77846921,21467115.973217867,-3851.4923854214303,-727.7838636834584,-64.02893674120112,0.0002511033155998427
508784.0,16,-5676708.340217811,14220236.513463246,21343675.958942246,-3791.615621254969,-919.048661104124,-347.0428795842574,0.00025110522511037506
509384.0,16,-7926202.828216338,13613368.809283672,21051371.255560774,-3701.9469054649417,-1102.5322038672246,-626.5443840909273,0.00025110731907083717
509984.0,16,-10113187.42075925,12899121.404062135,20592986.949565765,-3583.384212635894,-1276.787523477576,-900.2814582742016,0.00025110961380151706
510584.0,16,-12220657.072355395,12083439.634061262,19972637.08058681,-3437.062806296841,-1440.463554763659,-1166.0776670096657,0.00025111212389898466
511184.0,16,-14232354.278521312,11173047.765918488,19195713.69882295,-3264.339070737438,-1592.3157481392234,-1421.8510314270616,0.0002511148621324108
511784.0,16,-16132896.337121809,10175382.46647005,18268825.162611756,-3066.7724987458,-1731.215028382152,-1665.6310672870188,0.000251117839359497
512384.0,16,-17907891.4144754,9098521.401258884,17199724.82255262,-2846.106232961972,-1856.1550724980864,-1895.573825067064,0.00025112106446211445
512984.0,16,-19544042.66703693,7951107.957851386,15997231.30358059,-2604.24655565647,-1966.2579182982572,-2109.974849996259,0.0002511245443014437
513584.0,16,-21029239.89779129,6742273.073638961,14671141.629997758,-2343.2417075120793,-2060.777950318706,-2307.2800329098454,0.00025112828369213287
514184.0,16,-22352638.443920285,5481555.112439454,13232138.442823447,-2065.260392073378,-2139.1043397837957,-2486.0943709264775,0.0002511322853947573
514784.0,16,-23504725.193865128,4178818.682882147,11691692.536819955,-1772.5702908234077,-2200.7620399208604,-2645.1886993395697,0.0002511365501256653
515384.0,16,-24477371.6661057,2844173.3104609945,10061962.089725042,-1467.517236093027,-2245.4042909658856,-2783.507444814089,0.00025114108388477334
515984.0,16,-25263875.262200534,1487892.3124193102,8355688.671096494,-1152.5030500002883,-2272.839846087838,-2900.1597905502063,0.00025114586894410535
516584.0,16,-25858986.967334606,120333.28318272345,6586093.308790656,-829.9680345730733,-2282.9871366579764,-2994.4387961972225,0.00025115090724968624
517184.0,16,-26258928.57762068,-1248139.7758762361,4766771.081039796,-502.370322639598,-2275.89974438486,-3065.809347554238,0.0002511561917464748
517784.0,16,-26461398.30545137,-2607232.07001912,2911586.562083884,-172.1683462021416,-2251.754893130034,-3113.9096529945946,0.00025116171360465526
518384.0,16,-26465565.966171205,-3946790.8737447746,1034570.431889148,158.19602825427526,-2210.8485799091586,-3138.548602475766,0.0002511674623086744
518984.0,16,-26272058.338355016,-5256875.323810943,-850182.0475521134,486.313223273724,-2153.590204953471,-3139.7021403650815,0.00025117342575504595
431984.0,17,10743209.492265958,24051512.51274024,-1560074.6064943871,-1955.8130014386068,1125.9789303552757,3179.6761558461476,-0.0001198517660782831
432584.0,17,9529418.580677476,24632445.583492514,351439.30474301,-2087.64670876144,809.3963236655583,3187.5417472935483,-0.00011985822725359256
433184.0,17,8241463.501386212,25021687.7253943,2260224.408338689,-2202.866869836735,487.4728381383252,3170.6148627403268,-0.0001198644869316267
433784.0,17,6889562.750701162,25216803.796328586,4151477.3492003996,-2300.668312829045,162.77310331397416,3129.179563493107,-0.000119870537911036
434384.0,17,5484373.19853339,25216896.635811154,6010624.0240114955,-2380.39594560461,-162.14732936233167,3063.713748233709,-0.00011987637467139542
434984.0,17,4036899.23948137,25022595.074578688,7823433.508954128,-2441.546668329778,-484.7633859842041,2974.8804218341998,-0.00011988199339649461
435584.0,17,2558401.2656787923,24636029.42467984,9576126.294467216,-2483.7697488414765,-802.6005981185905,2863.517598829998,-0.0001198873919828097
436184.0,17,1060304.9539582022,24060795.552227817,11255475.246737273,-2506.8570661006743,-1113.255615251749,2730.6295601190473,-0.00011989301182805019
436784.0,17,-445891.3840827504,23301906.864179377,12848903.639098043,-2510.7755231610427,-1414.4063449264368,2577.364812771741,-0.00011989797036121185
437384.0,17,-1948701.7042056462,22365738.789880667,14344567.351471696,-2495.611553631742,-1703.8377756181803,2405.018118002509,-0.00011990271260163366
437984.0,17,-3436740.6430431623,21259962.277687997,15731437.485916812,-2461.6012448352576,-1979.4492863187002,2215.00733709039,-0.0001199072431107062
438584.0,17,-4898805.974863954,19993470.397152696,16999370.72827863,-2409.116342778666,-2239.2685834521235,2008.862323918325,-0.00011991156800770388
439184.0,17,-6323958.188939056,18576297.869738445,18139172.315911017,-2338.658178869065,-2481.462441836235,1788.2112331036833,-0.00011991569490558568
439784.0,17,-7701596.669091293,17019533.963731986,19142651.23761268,-2250.8509581662174,-2704.346003320297,1554.76675882521,-0.00011991902711718303
440384.0,17,-9021529.357561376,15335233.736955114,20002664.828271016,-2146.4348203989684,-2906.39020920457,1310.3129685569718,-0.0001199227864567229
440984.0,17,-10274042.760520047,13536318.373632986,20713160.273872405,-2026.258073071429,-3086.2287432597714,1056.6914771940824,-0.0001199263788289748
441584.0,17,-11449962.547140565,11636478.704076018,21269203.16209669,-1891.2696220205335,-3242.6628438983116,795.7888199518663,-0.00011992981701657482
442184.0,17,-12540711.873036379,9650072.767862124,21667000.961954813,-1742.510997858185,-3374.6654243778335,529.5237493863237,-0.00011993311486042132
442784.0,17,-13538364.417793905,7592021.959234409,21903918.546977386,-1581.1083125062808,-3481.3840659497887,259.83501370864576,-0.00011993628715573837
443384.0,17,-14435692.306890285,5477706.600767543,21978486.459505428,-1408.262722556213,-3562.143770137083,-11.329184144812407,-0.00011993932589497152
443984.0,17,-15226210.59210919,3322856.211430789,21890402.712095357,-1225.2479940721944,-3616.4454502266385,-282.02761842609107,-0.00011994229476194956
444584.0,17,-15904214.04840331,1143447.608136274,21640526.863502163,-1033.3938702126602,-3643.9704818464083,-550.3295923074564,-0.00011994518709844696
445184.0,17,-16464811.917426554,-1044404.9924294017,21230868.777699046,-834.0836132855217,-3644.577810191547,-814.3304923726682,-0.00011994802040958502
445784.0,17,-16903956.45610749,-3224555.801259026,20664570.541379116,-628.744499347264,-3618.303822063605,-1072.1608629751956,-0.00011995081258908413
446384.0,17,-17218466.930428505,-5380933.372795271,19945882.46002161,-418.8397326043756,-3565.360984769524,-1321.9963916865945,-0.00011995358180058416
446984.0,17,-17406048.78837024,-7497645.570623815,19080133.1728514,-205.86035508425414,-3486.1359574875373,-1562.0676232351873,-0.00011995634635813644
447584.0,17,-17465308.000756606,-9559083.280978013,18073694.03086318,8.682868439568892,-3381.1871924920933,-1790.6694375517184,-0.00011995912460624262
448184.0,17,-17395760.543874487,-11550022.575663537,16933937.860464443,223.26761407618915,-3251.242028120981,-2006.1703243939276,-0.00011996193479980229
448784.0,17,-17197836.981414363,-13455725.020198885,15669192.21675351,436.36823669653563,-3097.193260290133,-2207.0214815828926,-0.00011996479498432942
449384.0,17,-16872882.086706232,-15262035.808114499,14288687.216350405,646.4641077077853,-2920.0951650810994,-2391.7657562971813,-0.00011996772287680442
449984.0,17,-16423149.430632573,-16955479.37917012,12802498.031284636,852.0480763572375,-2721.1589318028364,-2559.0464393007765,-0.00011997073574754757
450584.0,17,-15851790.915317334,-18523352.027360998,11221482.269592917,1051.638717561519,-2501.7474933576514,-2707.612473047909,-0.00011997354610127374
451184.0,17,-15162840.766793173,-19953811.892098464,9557211.451383661,1243.7745187722267,-2263.369384396881,-2836.340753897155,-0.00011997677825759988
451784.0,17,-14361194.776602115,-21235963.695864987,7821898.849516225,1427.044677893356,-2007.6725061002626,-2944.223578846734,-0.00011998014337045441
452384.0,17,-13452583.632942822,-22359940.848024625,6028320.997592347,1600.0835902961085,-1736.4362253453469,-3030.390679087308,-0.0001199836557788168
452984.0,17,-12443540.917397495,-23316981.923107196,4189735.072273222,1761.583731442167,-1451.5630267229708,-3094.1134625804043,-0.00011998732881556423
453584.0,17,-11341365.469149517,-24099501.930411093,2319791.561760248,1910.3050005302096,-1155.0690573983575,-3134.812401212391,-0.00011999117470568203
454184.0,17,-10154078.085169863,-24701157.57354445,432442.6018649595,2045.0841380150084,-849.0736036003168,-3152.063953090714,-0.00011999520446939162
454784.0,17,-8890372.529443428,-25116905.828968033,-1458153.7027928063,2164.844159503776,-535.7874378245629,-3145.606911780745,-0.00011999942783098195
455384.0,17,-7559560.8656722875,-25343055.14135565,-3337732.5836376008,2268.603732513821,-217.49998886906383,-3115.3480599354166,-0.00012000385313418662
455984.0,17,-6171513.178889214,-25377308.512099795,-5192025.071317354,2355.4864062581823,103.43469591100336,-3061.3669922655927,-0.0001200084872649991
456584.0,17,-4736591.8119420465,-25218797.748016737,-7006863.064389568,2424.7295885089698,424.61320522454105,-2983.9199628000397,-0.00012001333558285757
457184.0,17,-3265580.3124538492,-24868108.14261862,-8768286.361213434,2475.693148240736,743.5992188042119,-2883.4426045755245,-0.00012001840186115857
457784.0,17,-1769607.383800014,-24327292.877215207,-10462650.856501568,2507.8748245430347,1057.938247766238,-2760.5485258421513,-0.00012002352513376023
458384.0,17,-260066.07080008835,-23599876.453221925,-12076737.477562714,2520.888498703856,1365.1876721452704,-2616.0406491270473,-0.00012002903223103183
458984.0,17,1251471.0236046659,-22690846.785126813,-13597859.920045648,2514.514441939782,1662.91953841761,-2450.8926554451423,-0.00012003475865272537
459584.0,17,2753340.4614331285,-21606634.908671897,-15013971.58071177,2488.675951317024,1948.7521287019997,-2266.2569886910296,-0.00012004070145212643
460184.0,17,4233879.559822815,-20355082.41706448,-16313769.563257579,2443.45110113761,2220.3682889098136,-2063.4569048051785,-0.00012004685597212202
460784.0,17,5681520.300908706,-18945396.07843464,-17486795.0566693,2379.0759572165366,2475.5368999818616,-1843.9794186623508,-0.00012005321586089819
461384.0,17,7084884.701828632,-17388089.538892634,-18523528.845420312,2295.94634282351,2712.134481627477,-1609.4662645236224,-0.0001200597731027037
461984.0,17,8432880.734821608,-15694912.132895943,-19415480.758484922,2194.6180195604784,2928.16663530066,-1361.7028435260402,-0.00012006651806405299
462584.0,17,9714797.814112673,-13878765.004614282,-20155271.862933576,2075.805166418876,3121.7890067970834,-1102.605171995493,-0.00012007343955554928
463184.0,17,10920400.806522597,-11953604.93874763,-20736708.23130155,1940.3770658229655,3291.3274292625733,-834.2048885217702,-0.00012008052490929447
463784.0,17,12040021.479513606,-9934336.502514983,-21154845.161715757,1789.3529362380875,3435.2968959970203,-558.6324244745634,-0.00012008776007161825
464384.0,17,13064646.276396662,-7836693.3072915,-21406040.80688732,1623.8948862496973,3552.4190104293775,-278.09849045899864,-0.0001200951297106131
464984.0,17,13985999.452214418,-5677109.038567419,-21487998.30572195,1445.2975562749975,3641.63556240531,5.126860109605978,-0.00012010245301390171
465584.0,17,14796619.586284632,-3472581.6689995574,-21399795.45858555,1254.9831588108318,3702.129945164131,288.73184574540943,-0.00012011004092164994
466184.0,17,15489930.667018438,-1240526.7483815365,-21141901.552181177,1054.4804574536536,3733.326006570126,570.390379686295,-0.00012011771092690593
466784.0,17,16060303.801590037,1001371.4295558585,-20716180.658466514,845.4164541711226,3734.9042617098585,847.781554181691,-0.00012012544392566586
467384.0,17,16503110.847725501,3235314.418864025,-20125881.185602676,629.4995778683508,3706.8050858436395,1118.613559703926,-0.00012013322025984703
467984.0,17,16814768.356255967,5443546.100979391,-19375611.617941257,408.5031118141636,3649.2308329943626,1380.6467311529573,-0.00012014101988906629
468584.0,17,16992771.325358927,7608509.519763412,-18471302.584698286,184.24769165005728,3562.644777629203,1631.7161508363913,-0.00012014882256705278
469184.0,17,17035716.285495386,9713002.173070882,-17420155.62091584,-41.41685465117007,3447.7668648265158,1869.7534413816009,-0.00012015660802057016
469784.0,17,16943313.39890115,11740327.87010416,-16230579.19826701,-266.6300366257476,3305.5663238463644,2092.807396011109,-0.00012016435612866792
470384.0,17,16716387.430585321,13674443.312540613,-14912112.806755912,-489.5393041312017,3137.2512684009407,2299.063118280971,-0.0001201720471000751
470984.0,17,16356867.624269256,15500097.645673191,-13475340.055511119,-708.3184263822402,2944.255471589406,2486.8593775527816,-0.00012017966164658962
471584.0,17,15867766.69154049,17202963.351091333,-11931791.926322818,-921.1853591423613,2728.222562032816,2654.703928815268,-0.00012018718115040306
472184.0,17,15253149.235223051,18769757.079100903,-10293841.471506517,-1126.4177396764935,2490.9898619273313,2801.2905611635333,-0.00012019395888504583
472784.0,17,14518090.574891716,20188348.497604903,-8574591.442298688,-1322.3751926133496,2234.5608495238707,2925.4938147488324,-0.00012020123621510544
473384.0,17,13668625.317267321,21447858.346527245,-6787755.448321392,-1507.5049324101833,1961.0945326865049,3026.401348596015,-0.00012020836820851359
473984.0,17,12711688.520765193,22538740.864964277,-4947536.120336702,-1680.3611582428164,1672.87550142092,3103.3033909375986,-0.00012021534041488851
474584.0,17,11655048.670414528,23452853.703082673,-3068499.7159009627,-1839.6153852500668,1372.2920755434689,3155.7000323686607,-0.00012022213973889559
475184.0,17,10507234.140171211,24183513.165239654,-1165449.7044845195,-1984.066579915521,1061.8122877179594,3183.3019877569436,-0.0001202287545374953
475784.0,17,9277454.050739627,24725534.968579665,746699.4334922754,-2112.649561351487,743.9598200520214,3186.029038740121,-0.00012023517470199886
476384.0,17,7975514.577780934,25075260.583618227,2653046.8323740307,-2224.441646402119,421.2902391969953,3164.0063093235813,-0.00012024139172459133
476984.0,17,6611731.769848773,25230569.425164763,4538827.030944928,-2318.667553406651,96.36784250956077,3117.5585589056604,-0.00012024739874922039
477584.0,17,5196841.917996348,25190877.342811555,6389527.783708064,-2394.7026128041284,-228.25661035158976,3047.202701068121,-0.00012025319060696923
478184.0,17,3741910.4820620893,24957122.016827606,8191002.882927624,-2452.074361691836,-550.0670481669315,2953.6387725530485,-0.00012025876383623188
478784.0,17,2258240.5249727666,24531735.995479893,9929579.12031295,-2490.4626234066523,-866.6019332971999,2837.7395852148115,-0.00012026411668818326
479384.0,17,757281.9366712011,23918608.339231085,11592156.21698154,-2509.692405036614,-1175.4733444353042,2700.5405271279856,-0.00012026908541559178
479984.0,17,-749460.052931807,23123035.13967994,13166301.720206214,-2509.754405804205,-1474.3812111670595,2543.2223549801242,-0.00012027399884350054
480584.0,17,-2250510.8889747234,22151661.171170928,14640334.262899136,-2490.7667608525708,-1761.132297139444,2367.105636337237,-0.00012027869677440138
481184.0,17,-3734513.340637683,21012412.33659968,16003402.52954625,-2452.9933627007936,-2033.6514260986037,2173.632495430702,-0.0001202831840975141
481784.0,17,-5190309.656956713,19714420.649322357,17245554.475369286,-2396.8326134264626,-2289.9940498520546,1964.3542268518347,-0.00012028746724755644
482384.0,17,-6607020.408475607,18267942.486342013,18357798.590545528,-2322.811222753246,-2528.3566724052716,1740.917597252182,-0.00012029155413862524
482984.0,17,-7974119.400282232,16684271.080921717,19332156.92997118,-2231.577441969911,-2747.0857647771027,1505.0511954947146,-0.00012029545408942161
483584.0,17,-9281504.35945285,14975644.143453654,20161709.983919285,-2123.8938532825177,-2944.6852530874207,1258.5519460412604,-0.00012029917774076206
484184.0,17,-10519563.16953217,13155147.442633068,20840633.527163778,-2000.6298216211387,-3119.8226754780403,1003.2718768768298,-0.00012030273696628039
484784.0,17,-11679235.485839237,11236615.115801357,21364227.63180154,-1862.7537020583095,-3271.334111496812,741.105210668627,-0.00012030614477717907
485384.0,17,-12752069.617479974,9234527.410768386,21728938.06287049,-1711.324881418212,-3398.2279911039964,473.9758267016326,-0.00012030941522183312
485984.0,17,-13730274.60469326,7163906.494269678,21932370.297034957,-1547.4857178743166,-3499.6878898881832,203.82512186950035,-0.0001203125632809905
486584.0,17,-14606767.37566187,5040211.12020289,21973296.44246455,-1372.4551138895222,-3575.073852550251,-67.40125532579012,-0.00012031544088893433
487184.0,17,-15375215.445026152,2879229.385690079,21851655.165584277,-1187.5136412390045,-3623.925705659363,-337.75856314801814,-0.00012031839231097796
487784.0,17,-16030073.966513347,696973.0151799712,21568545.15580573,-994.0055396500209,-3645.9600175472174,-605.3231809166591,-0.00012032127078495166
488384.0,17,-16566618.700950311,-1490430.0525628403,21126212.06552675,-793.3238452307717,-3641.0720335992473,-868.1969470652098,-0.00012032409390758748
488984.0,17,-16980973.810955435,-3666841.980677223,20528029.2893933,-586.9039929091139,-3609.3341915204273,-1124.5189526542488,-0.00012032687963974762
489584.0,17,-17270134.893183295,-5816220.77303044,19778472.727255624,-376.21572972669753,-3550.994650006859,-1372.4754673278244,-0.0001203296461875325
490184.0,17,-17431987.18711969,-7922725.000380108,18883089.69796061,-162.75501977342492,-3466.4752947395764,-1610.3096008333782,-0.00012033241188263978
490784.0,17,-17465318.94632977,-9970817.213277727,17848462.143799797,51.964080143059846,-3356.3692359939687,-1836.3307353041419,-0.00012033519506234587
491384.0,17,-17369829.942850977,-11945365.742914798,16682164.244305858,266.4175984254198,-3221.4377967053197,-2048.9237598967934,-0.00012033801394947073
491984.0,17,-17146135.05898052,-13831744.583464472,15392714.540314764,479.0799060603931,-3062.6069748785785,-2246.558133502841,-0.00012034088653268638
492584.0,17,-16795762.904254995,-15615931.032900147,13989522.656129133,688.4320788565127,-2880.96335014382,-2427.796793257765,-0.00012034383044753924
493184.0,17,-16321149.380180664,-17284600.744545396,12482830.700449035,892.9703875733716,-2677.7493913970175,-2591.3049166265837,-0.00012034686285857657
493784.0,17,-15725626.208792362,-18825219.66696456,10883649.553093012,1091.2156502997993,-2454.357461609806,-2735.856991424858,-0.00012034937080269252
494384.0,17,-15013403.622437682,-20226133.457743935,9203689.264492821,1281.7191944970753,-2212.3262781845715,-2860.351478692309,-0.0001203526291305839
494984.0,17,-14189549.009094581,-21476651.013621267,7455286.079386815,1463.0760128995926,-1953.3303841590346,-2963.809648569642,-0.00012035602347123221
495584.0,17,-13259958.74686933,-22567125.998699054,5651322.687862563,1633.9311196321942,-1679.174826501995,-3045.3899079877265,-0.00012035956796487243
496184.0,17,-12231325.179947019,-23489032.15744726,3805144.7281235806,1792.9894888013769,-1391.785919375046,-3104.3938931674948,-0.00012036327572412403
496784.0,17,-11111097.839008009,-24235033.407241482,1930472.5396330445,1939.0254200803945,-1093.2015787898488,-3140.2737686362943,-0.00012036715873315037
497384.0,17,-9907438.987299519,-24799047.787678827,41308.64453155995,2070.8919681922284,-785.5605755696895,-3152.639040698341,-0.00012037122775189359
497984.0,17,-8629173.472929299,-25176304.588732082,-1848158.711257809,2187.5303755911827,-471.0906479091126,-3141.2627740776734,-0.00012037549222618322
498584.0,17,-7285732.911266125,-25363393.950309027,-3723655.5528951483,2287.9794315034765,-152.09542871443716,-3106.087086407167,-0.00012037996020457162
499184.0,17,-5887094.274290271,-25358308.20655078,-5570925.222822723,2371.384664142711,169.05983894602207,-3047.227783168296,-0.00012038463826279788
499784.0,17,-4443713.0261771865,-25160474.24167476,-7375833.907500695,2437.0072568805235,489.96380256632403,-2964.9779862643486,-0.00012038953143681873
500384.0,17,-2966451.015834612,-24770776.13269598,-9124477.983746417,2484.232564011089,808.1756949210164,-2859.810603323782,-0.00012039464316536915
500984.0,17,-1466499.2981583811,-24191567.363688253,-10803292.554037394,2512.5850512834577,1121.2409067121905,-2732.376595273994,-0.0001204001547310504
501584.0,17,44703.19780119881,-23426671.90922412,-12399159.772185415,2521.707827208862,1426.718847259091,-2583.516164973585,-0.00012040563920862984
502184.0,17,1555555.5400600098,-22481374.087117575,-13899516.882452998,2511.410604031093,1722.189426963807,-2414.2396531019995,-0.00012041134255903738
502784.0,17,3054384.2339973785,-21362395.60688233,-15292462.623533368,2481.647530074578,2005.2824873358886,-2225.7352904400727,-0.00012041726148063744
503384.0,17,4529535.318893674,-20077860.451415345,-16566860.535613105,2432.5283400794037,2273.696791715318,-2019.360830705433,-0.00012042339096328542
503984.0,17,5969468.673038382,-18637246.862080052,-17712438.433986165,2364.321290208757,2525.221548410538,-1796.6360905936049,-0.00012042972430710515
504584.0,17,7362853.601666787,-17051326.39848055,-18719882.768403247,2277.4546146562343,2757.7580086866524,-1559.2334942300533,-0.00012043625315642568
505184.0,17,8698664.781280873,-15332090.130918406,-19580926.672699463,2172.516370646379,2969.3408402741775,-1308.9666035146695,-0.0001204429675492131
505784.0,17,9966277.56313778,-13492662.208526198,-20288430.513020545,2050.2525597911886,3158.1589519888703,-1047.7766570744564,-0.00012044985598213551
506384.0,17,11155561.582088292,-11547201.243021078,-20836453.771809123,1911.5634404723417,3322.5754270509656,-777.7171853748393,-0.0001204569054911808
506984.0,17,12256971.577476608,-9510790.152467998,-21220317.16019413,1757.4979777250487,3461.1462131584044,-500.9368166616029,-0.00012046410174750969
507584.0,17,13261634.313104058,-7399315.316251537,-21436653.934333507,1589.2464132901534,3572.6372174573307,-219.66043625886724,-0.00012047142916797838
508184.0,17,14161430.677873727,-5229335.63720618,-21483449.49444898,1408.129853967307,3656.038011832178,63.831557267625115,-0.00012047905984783382
508784.0,17,14949070.777792536,-3017945.2519628676,-21360068.526290186,1215.593653544786,3710.580541775661,347.2229930094801,-0.00012048659831948144
509384.0,17,15618163.539816907,-782625.9066448063,-21067268.971620675,1013.1880139488753,3735.7407688110584,628.1866253155225,-0.00012049421499022431
509984.0,17,16163276.856047224,1458903.4430321855,-20607202.577068098,802.5580572146448,3731.252071591459,904.4056558543233,-0.00012050189062551801
510584.0,17,16579989.2812448,3688841.604919768,-19983401.549108453,585.4270787373055,3697.1083665146875,1173.597178673533,-0.00012050960547180539
511184.0,17,16864931.964865666,5889461.850887937,-19200751.43913345,363.57975981461425,3633.5655768022916,1433.5351657622596,-0.00012051733942944505
511784.0,17,17015820.280782603,8043268.582213793,-18265450.414050814,138.84450450946406,3541.139916015949,1682.0729321254162,-0.000120525072229841
512384.0,17,17031474.706669495,10133152.059296792,-17184955.321486555,-86.92482357800213,3420.6029858924876,1917.16471562075,-0.00012053278361463297
512984.0,17,16911830.672030397,12142539.311813911,-15967915.170934968,-311.8674738457564,3272.973757872459,2136.8860233388154,-0.00012054045351476183
513584.0,17,16657937.268104117,14055539.402617136,-14624092.85272086,-534.1343929708388,3099.5075754895033,2339.452423077048,-0.00012054806222722692
514184.0,17,16271944.889449738,15857081.314969849,-13164276.099604614,-751.9065252710413,2901.6823783439686,2523.2364944802707,-0.00012055559058740288
514784.0,17,15757082.050889462,17533042.865327522,-11600178.85608261,-963.4125439172054,2681.18240537309,2686.782698278907,-0.00012056302013487885
515384.0,17,15117621.644277832,19070369.567522597,-9944334.062272001,-1166.9442220967162,2439.88086665243,2828.823720983958,-0.00012057052266720595
515984.0,17,14358838.088818707,20457179.936710935,-8209981.047667393,-1360.8782818189839,2179.814968031179,2948.27557529149,-0.00012057770304745875
516584.0,17,13486953.851653807,21682862.148209743,-6410944.452690667,-1543.6819796258521,1903.1707307366773,3044.2680609847043,-0.00012058473497813472
517184.0,17,12509079.07041917,22738153.03860961,-4561512.288373077,-1713.9320763821363,1612.25564830849,3116.134659148874,-0.00012059160428005801
517784.0,17,11433143.087553319,23615205.1812281,-2676310.074469881,-1870.3248526849575,1309.4760345289528,3163.4190613743745,-0.00012059829815059456
518384.0,17,10267819.683589235,24307639.158236463,-770174.3559221177,-2011.6858964776277,997.3129718456491,3185.87544040904,-0.00012060480525779649
518984.0,17,9022446.918734292,24810581.34692277,1141973.2767587453,-2136.9781489932707,678.2982866356632,3183.466430356557,-0.000120611115819262
431984.0,18,4160642.1482628426,-21993371.3802891,14131665.631255174,2832.705191990901,-1020.8293888212148,-2458.019699183476,-0.00036929943370945216
432584.0,18,5841951.238822753,-22520110.18222436,12604067.180964524,2768.1300416455097,-733.5001087829053,-2630.601606549707,-0.0003692945538704851
433184.0,18,7478038.135020478,-22872533.46119839,10978891.644649893,2682.038927330802,-440.1439086857242,-2783.0145489532306,-0.0003692897543893685
433784.0,18,9056171.03253451,-23047705.679365516,9268621.203334356,2575.057725825817,-143.04859937115998,-2914.0159404930455,-0.00036928502920601647
434384.0,18,10564044.806125963,-23044077.247914203,7486434.782780361,2447.9834308644718,155.45777002974592,-3022.5302945581298,-0.0003692803716633793
434984.0,18,11989882.297501668,-22861503.045301594,5646104.542767653,2301.778783580748,453.0263914000748,-3107.659757593925,-0.0003692757745586812
435584.0,18,13322531.906813497,-22501249.061360426,3761886.443697157,2137.5652557283092,747.3076627003452,-3168.6931192192837,-0.00036927123019971536
436184.0,18,14551560.637476671,-21965986.94358217,1848405.7269415532,1956.6177272637697,1035.9725591456834,-3205.1157459182073,-0.0003692667963742108
436784.0,18,15667340.755695343,-21259776.200890843,-79460.9246781642,1760.3412229716128,1316.7281934232365,-3216.604790431818,-0.0003692623331143936
437384.0,18,16661131.428060837,-20388034.591989327,-2006707.1400742782,1550.2787835064564,1587.3452494536814,-3203.0484190808384,-0.00036925789720983757
437984.0,18,17525151.412840497,-19357496.067451507,-3918319.257395759,1328.0856043919018,1845.6725613578676,-3164.5371604245893,-0.0003692534796546378
438584.0,18,18252644.31458496,-18176157.30614953,-5799399.6094145775,1095.5180797080732,2089.657422736851,-3101.3662434721487,-0.00036924907129256033
439184.0,18,18837934.83373633,-16853213.012347642,-7635288.955845543,854.4185966102882,2317.363687269932,-3014.0333271021354,-0.00036924466289199614
439784.0,18,19276475.57384509,-15398980.639745165,-9411686.927572617,606.6994594669583,2526.988758673382,-2903.2342400704165,-0.0003692402452216516
440384.0,18,19564883.940099288,-13824815.28360103,-11114769.290147223,354.3261318544046,2716.8792685923886,-2769.8567793450848,-0.0003692358091262367
440984.0,18,19700968.78264156,-12143015.598727614,-12731300.8742901,99.29999476252874,2885.5452610541074,-2614.9726438290927,-0.0003692313456014093
441584.0,18,19683746.56251545,-10366721.703533819,-14248743.079287505,-156.35917456179413,3031.6727257096095,-2439.8276081480553,-0.0003692268458672459
442184.0,18,19513446.944314424,-8509806.116458543,-15655354.92960726,-410.6307967953137,3154.1343485767,-2245.8300663818477,-0.00036922230143953235
442784.0,18,19191507.844994478,-6586758.839616918,-16940286.753822085,-661.5109536327516,3251.998377618244,-2034.5380977832344,-0.00036921770419819886
443384.0,18,18720560.016532034,-4612567.461503156,-18093665.75161119,-907.0314201614551,3324.5298005245895,-1807.6442212848387,-0.0003692126456994548
443984.0,18,18104401.86872599,-2602595.1626628106,-19106672.220802046,-1145.268933741599,3371.218163055804,-1566.9639092590114,-0.0003692079198461299
444584.0,18,17347963.83885199,-572453.8487696284,-19971606.910564806,-1374.3717705513886,3391.746081511127,-1314.4136991654843,-0.0003692031196401082
445184.0,18,16457264.148391936,1462121.4527652394,-20681947.89594526,-1592.5679682659868,3386.01309912216,-1051.9977669820912,-0.00036919823902710795
445784.0,18,15439355.537559085,3485399.140643847,-21232397.22102149,-1798.1810631864873,3354.1288831339275,-781.7895316949948,-0.00036919327259596146
446384.0,18,14302263.98119612,5481776.165315932,-21618916.92356969,-1989.6430624858597,3296.410293391659,-505.91380456784526,-0.00036918821561856787
446984.0,18,13054920.028447099,7435900.82489527,-21838754.333650086,-2165.5062053079832,3213.3766617209344,-226.52881842729613,-0.0003691830640838106
447584.0,18,11707083.515793147,9332792.203847138,-21890456.64104017,-2324.453434806911,3105.7433929862036,54.19167498149302,-0.0003691778147252575
448184.0,18,10269262.440099355,11157955.299209807,-21773874.832873244,-2465.3075246156604,2974.4140143095397,334.0760632732466,-0.0003691724650425308
448784.0,18,8752626.803116854,12897490.95863264,-21490157.201062318,-2587.0388239905765,2820.4708109719586,610.9721251171785,-0.00036916701331630015
449384.0,18,7168918.252141841,14538199.83917944,-21041732.70813471,-2688.7716055231213,2645.1641960088027,882.7637289756914,-0.0003691614586169172
449984.0,18,5530356.344179279,16067679.68367188,-20432284.579340108,-2769.789017455735,2449.9009655620644,1147.3868495675677,-0.0003691558008067675
450584.0,18,3849542.2725768257,17474415.29515995,-19666714.671628628,-2829.539992363291,2236.2347269153506,1402.8460117829184,-0.0003691501064065465
451184.0,18,2139360.8419709457,18747860.64257235,-18751098.44135209,-2867.628146364358,2005.8400031784822,1647.2235302266554,-0.00036914424548604405
451784.0,18,412881.2718534935,19878512.97191904,-17692632.707562182,-2883.8327275448096,1760.516416126497,1878.700849344036,-0.000369138285720578
452384.0,18,-1316741.8084935136,20857977.857465994,-16499574.659113856,-2878.094929485128,1502.1619021660217,2095.565356130932,-0.00036913223004121556
452984.0,18,-3036367.147588945,21679025.67520712,-15181174.256812172,-2850.519748120024,1232.7606397288082,2296.223100033975,-0.0003691260820947562
453584.0,18,-4732964.393122133,22335638.914987165,-13747600.085481685,-2801.373371210929,954.3677297141649,2479.2089776146813,-0.00036911984621260606
454184.0,18,-6393709.7735875705,22823050.28014184,-12209859.399902627,-2731.079524496299,669.0937384997944,2643.195804522033,-0.00036911352737507895
454784.0,18,-8006079.334496042,23137771.51233168,-10579713.025835752,-2640.214847401872,379.0892092458664,2787.0022692535836,-0.000369107131171468
455384.0,18,-9557939.164551962,23277612.938768726,-8869585.780373834,-2529.5033711824344,86.52923652154777,2909.5997724397184,-0.00036910066375624124
455984.0,18,-11037632.08816269,23241693.793022133,-7092473.074197896,-2399.8101709650455,-206.40181122451656,3010.1181628335007,-0.0003690941318017224
456584.0,18,-12434060.340904944,23030443.409214634,-5261844.352856951,-2252.134260624748,-497.52534684662544,3087.850386868466,-0.00036908754244761903
457184.0,18,-13736763.783611737,22645593.432974648,-3391544.0257835547,-2087.600796010551,-784.6833321033355,3142.2560726438355,-0.00036908090324776313
457784.0,18,-14935993.060052948,22090161.202245064,-1495690.6647576448,-1907.448103290416,-1065.7498651221026,3172.9602812967332,-0.0003690738219318824
458384.0,18,-16022778.569033006,21368424.626934156,411425.9354957789,-1713.0366671106183,-1338.6568294111466,3179.7701980162847,-0.00036906710658026436
458984.0,18,-16988991.520579096,20485888.69476481,2315446.19602241,-1505.812895909542,-1601.3896209258064,3162.652880493756,-0.0003690603659661513
459584.0,18,-17827401.656878065,19449243.832539223,4202044.703086852,-1287.3167770066204,-1852.012464142887,3121.75004361647,-0.00036905360872786227
460184.0,18,-18531727.45427841,18266316.606843345,6057032.218288629,-1059.1670793825901,-2088.677890615121,3057.3728501192522,-0.000369046843622271
460784.0,18,-19096680.199320078,16946012.96047428,7866456.859629729,-823.0505455167604,-2309.6387924283144,2969.9995886137153,-0.0003690400794623141
461384.0,18,-19518001.432740644,15498254.362142848,9616703.5895726,-580.7107340721094,-2513.259894667435,2860.27243622178,-0.00036903332505419114
461984.0,18,-19792493.56331361,13933907.238950998,11294591.456148732,-333.9365495060181,-2698.02861278013,2728.9933188763534,-0.00036902658913460113
462584.0,18,-19918043.47723117,12264706.083117694,12887468.042320188,-84.5504936979728,-2862.565259025673,2577.1188797157292,-0.0003690198803083622
463184.0,18,-19893638.992134806,10503170.646987855,14383300.586879924,165.60332525220701,-3005.6325595475973,2405.75456377784,-0.00036901320698675923
463784.0,18,-19719377.75990598,8662516.681897271,15770764.334185041,414.6722698650947,-3126.146042735404,2216.1482335198857,-0.0003690064022777822
464384.0,18,-19396470.07560021,6756566.589216285,17039321.01218654,660.803955794835,-3223.1756000866217,2009.68091478018,-0.0003689998242556834
464984.0,18,-18927231.731604625,4799645.7082493035,18179303.468444668,902.1642134328987,-3295.962401272266,1787.860601575329,-0.0003689933052148539
465584.0,18,-18315071.759854436,2806484.4081349857,19181983.812381994,1136.945952751364,-3343.918661537096,1552.3113433320505,-0.00036898685220175737
466184.0,18,-17564471.47329832,792111.8543283204,20039641.187110055,1363.3827010953096,-3366.634644470866,1304.7633884778684,-0.0003689804717842916
466784.0,18,-16680956.204743102,-1228252.1288350206,20745622.034687035,1579.7611696756608,-3363.88301826162,1047.0421208750477,-0.00036897417000194394
467384.0,18,-15671059.726579282,-3239307.4033424854,21294393.56446207,1784.4346009564422,-3335.623578133896,781.0567493165723,-0.0003689681924847707
467984.0,18,-14542280.504623508,-5225785.573794079,21681589.412721675,1975.8315060730838,-3281.9996789923675,508.7854838684375,-0.0003689620638876106
468584.0,18,-13303032.126709934,-7172562.936301451,21904048.4642608,2152.473142237894,-3203.347752778038,232.26525726205398,-0.0003689560284242763
469184.0,18,-11962585.306423845,-9064773.38652183,21959844.45841862,2312.9815413527595,-3100.1912856491604,-46.42436786685275,-0.00036895008959114396
469784.0,18,-10531003.641604042,-10887920.950367194,21848307.49582486,2456.0917174602228,-2973.2405990576067,-325.1754522384075,-0.0003689442501626137
470384.0,18,-9019072.690442543,-12627990.854522714,21570036.47319525,2580.662398638206,-2823.389816659948,-601.8669756345538,-0.00036893851216597475
470984.0,18,-7438222.826282173,-14271558.366083067,21126902.240854215,2685.686109264754,-2651.7123952049474,-874.3806089378659,-0.00036893287686154885
471584.0,18,-5800446.285603718,-15805894.539548755,20522041.226179413,2770.2984884788484,-2459.4551807564508,-1140.616861129211,-0.00036892734472839303
472184.0,18,-4118209.071850716,-17219067.814574417,19759839.290541977,2833.7881001367546,-2248.0295108300634,-1398.5087439465551,-0.0003689215157800698
472784.0,18,-2404357.1984977666,-18500041.582106493,18845905.919399295,2875.59836217937,-2019.008072453806,-1646.04932024099,-0.00036891618819906587
473384.0,18,-672020.4980139714,-19638764.401970275,17787038.153168134,2895.3421750210105,-1774.10570901349,-1881.2916225774013,-0.0003689109604810084
473984.0,18,1065488.6507295333,-20626254.97857913,16591174.999283066,2892.8014446409757,-1515.1733282045773,-2102.3761245717883,-0.0003689058299564954
474584.0,18,2794778.5334982593,-21454678.97066401,15267341.99107593,2867.9322493400055,-1244.1830724022325,-2307.5439539511744,-0.00036890079319404904
475184.0,18,4502483.326308658,-22117417.524622984,13825586.295441939,2820.8671729850194,-963.2136005135026,-2495.1523891123034,-0.00036889584602287545
475784.0,18,6175369.316523045,-22609126.62895176,12276902.697175145,2751.9161263838296,-674.4341092052907,-2663.6896621352366,-0.0003688909835619373
476384.0,18,7800441.192132396,-22925786.555945665,10633150.919423828,2661.5655896375315,-380.08721282478064,-2811.788885623034,-0.0003688862002552115
476984.0,18,9365047.433729041,-23064740.733684186,8906964.851432575,2550.47622671792,-82.47082483653571,-2938.24092210839,-0.0003688814899129334
477584.0,18,10856983.817355255,-23024723.48289936,7111654.36520633,2419.4788443251346,216.0807940414178,-3042.0060199801633,-0.00036887684575855837
478184.0,18,12264594.02356663,-22805876.15887672,5261100.509377381,2269.568689895068,513.2166353295308,-3122.2240490843037,-0.0003688722604811
478784.0,18,13576866.349940633,-22409751.35672179,3369644.968729708,2101.898107947958,806.5889863095306,-3178.2231823608604,-0.0003688677262924336
479384.0,18,14783525.532270357,-21839305.043886438,1451974.8253504056,1917.7723556580427,1093.876352869865,-3209.5287999658935,-0.0003688633006823758
479984.0,18,15875118.627290549,-21098876.181571424,-476996.429058388,1718.6202693573057,1372.7928773532312,-3215.86102557017,-0.0003688588440927526
480584.0,18,16843094.72402607,-20194154.562627878,-2402250.878411683,1506.010434961858,1641.1250144505773,-3197.149494777545,-0.0003688544129972782
481184.0,18,17679876.148405313,-19132136.507279802,-4308788.579847796,1281.6193962617021,1896.739720249951,-3153.5270015203105,-0.0003688499983507262
481784.0,18,18378921.98669815,-17921069.017967287,-6181750.90941578,1047.221886056138,2137.606192018401,-3085.3307486515505,-0.0003688455909730807
482384.0,18,18934782.46244795,-16570382.860818667,-8006542.68906931,804.6754304568759,2361.8137657568514,-2993.099664927372,-0.0003688411816247207
482984.0,18,19343143.76826033,-15090615.21158329,-9768952.078024462,555.9041197309186,2567.58866005262,-2877.5697391748854,-0.0003688367610821876
483584.0,18,19600862.909671888,-13493322.632159319,-11455267.042282175,302.8817364266131,2753.3093683565116,-2739.667425554044,-0.00036883232021379437
484184.0,18,19705992.239291493,-11790985.25790837,-13052387.260210998,47.61444085621224,2917.5205226790586,-2580.5012029067725,-0.0003688278500543373
484784.0,18,19657793.484440234,-9996903.175298225,-14547930.383720146,-207.8767807522138,3058.945075997474,-2401.35139841109,-0.00036882334187818397
485384.0,18,19456741.197879314,-8125086.052169468,-15930331.652132541,-461.57369906414397,3176.4946777093305,-2203.658410421172,-0.00036881878727003603
485984.0,18,19104515.686203122,-6190137.147744112,-17188935.947353456,-711.4782521143884,3269.2781454957944,-1989.0094868754345,-0.00036881417819269966
486584.0,18,18603985.602486312,-4207133.064591233,-18314081.25421751,-955.6285079984275,3336.6041160821246,-1759.1220350920894,-0.000368809106766303
487184.0,18,17959180.484593987,-2191499.398738296,-19297174.19109447,-1192.1196243038312,3378.000974057735,-1515.8366904880809,-0.0003688043660963205
487784.0,18,17175253.516294967,-158885.8108744882,-20130753.699962128,-1419.1126705516024,3393.1961287427325,-1261.0881047959613,-0.00036879954973794354
488384.0,18,16258435.314516392,1874960.904362266,-20808546.69212775,-1634.8542888184722,3382.132026911764,-996.8961773146623,-0.00036879465176638856
488984.0,18,15215979.026240345,3894322.976817279,-21325512.341671236,-1837.6893223883,3344.9608171712007,-725.346377726331,-0.0003687896669089961
489584.0,18,14056097.50719615,5883636.413430002,-21677875.899553083,-2026.0735449895178,3282.0410430325555,-448.5718551329556,-0.00036878459058394865
490184.0,18,12787893.274827778,7827613.205145867,-21863151.772242863,-2198.5851614336516,3193.9325681647924,-168.73546741029946,-0.00036877941893290786
490784.0,18,11421281.993438097,9711359.97474245,-21880155.88259334,-2353.9350062735607,3081.3898483279336,111.98808335524538,-0.00036877414884740287
491384.0,18,9966910.28390101,11520492.12616462,-21729007.435454484,-2490.9753884080037,2945.3536793298185,391.42983589754886,-0.0003687687779888718
491984.0,18,8436068.672695193,13241242.636740744,-21411120.3068463,-2608.7075501126074,2786.9415616168203,667.4437163360053,-0.0003687633048023235
492584.0,18,6840600.506017223,14860564.719143976,-20929184.362497624,-2706.287728326794,2607.4368298389936,937.9231034988987,-0.00036875772852365
493184.0,18,5192807.655341459,16366227.668209244,-20287137.088650674,-2783.031823798335,2408.276700057831,1200.816687467449,-0.0003687520491806777
493784.0,18,3505354.097305077,17746905.193724252,-19490126.198876962,-2838.4193629908464,2191.043320823748,1454.147037979641,-0.0003687463330096909
494384.0,18,1791166.7157947663,18992256.279672347,-18544462.53919741,-2872.092818522456,1957.4345227852132,1696.0104571945237,-0.00036874045108572384
494984.0,18,63337.3031748198,20092997.014933705,-17457566.499186706,-2883.8622342475537,1709.2727243013492,1924.6118902837902,-0.0003687344708503263
495584.0,18,-1664977.0977959186,21040964.186133515,-16237905.431684915,-2873.7020374629747,1448.4748144219038,2138.2623258739413,-0.0003687283953877402
496184.0,18,-3380652.612774536,21829169.86312416,-14894924.675696028,-2841.749970914695,1177.0408391445167,2335.393593023775,-0.0003687222284919528
496784.0,18,-5070695.709439506,22451846.855338603,-13438972.164907742,-2788.3042682196947,897.0386461320077,2514.568316713546,-0.0003687159746345756
497384.0,18,-6722338.4076772155,22904484.938357927,-11881217.366032152,-2713.8198013182837,610.5884140883422,2674.488759285679,-0.0003687096389282213
497984.0,18,-8323130.929255217,23183857.800674926,-10233565.208881183,-2618.9032728008174,319.8471702115885,2814.004544353817,-0.00036870322708572307
498584.0,18,-9861031.230891217,23288040.71897094,-8508565.672095764,-2504.307525630855,26.993388485197556,2932.119268544685,-0.00036869674537555317
499184.0,18,-11324490.905396469,23216419.02306732,-6719319.685975486,-2370.925041133296,-265.7882488308186,3027.996013486916,-0.0003686902005738017
499784.0,18,-12702536.975514373,22969687.459263753,-4879382.007783034,-2219.780693387238,-556.3218539972245,3100.961775762435,-0.0003686835999130791
500384.0,18,-13984849.143729245,22549840.603351038,-3002661.716049159,-2052.0238246209055,-842.4550374241057,3150.5108361856014,-0.0003686769510287069
500984.0,18,-15161831.802800037,21960154.50905531,-1103321.2489251415,-1868.9153502650759,-1122.0695465476888,3176.3041650431965,-0.00036866986211151994
501584.0,18,-16224682.346782733,21205159.721291777,804327.334117883,-1671.8358845041723,-1393.110314337076,3178.182447951591,-0.00036866314056092643
502184.0,18,-17165450.371252928,20290606.42800629,2705922.874902917,-1462.2505190952288,-1653.5758956465127,3156.14883897954,-0.00036865639553828363
502784.0,18,-17977094.621191625,19223420.98157305,4587159.671023552,-1241.7156723657133,-1901.547134600578,3110.3800690833355,-0.0003686496357134342
503384.0,18,-18653531.80478417,18011655.12282937,6433889.1343575325,-1011.8643875938877,-2135.195681502967,3041.2219185969575,-0.0003686428698617592
503984.0,18,-19189679.34501139,16664427.742770715,8232220.672525013,-774.3954533689895,-2352.795935077589,2949.186706575787,-0.0003686361068015833
504584.0,18,-19581491.458064497,15191859.62846657,9968620.762609212,-531.0621817837571,-2552.736396836712,2834.949867216865,-0.00036862935533134246
505184.0,18,-19825988.365130834,13605001.567316627,11630009.664902415,-283.6608803259137,-2733.5304030652987,2699.3456258438428,-0.0003686226241668621
505784.0,18,-19921278.467884153,11915756.205881897,13203855.233385466,-34.019052572267356,-2893.826198019331,2543.361784405439,-0.0003686159218790892
506384.0,18,-19866573.341437094,10136794.082315158,14678263.287574084,216.01663691757062,-3032.4163091356013,2368.133624357718,-0.00036860925683262656
506984.0,18,-19662195.422087587,8281464.275351311,16042064.01747014,464.5925967108958,-3148.246181527427,2174.9369334037915,-0.0003686026371254174
507584.0,18,-19309578.291463904,6363700.138310761,17284893.899934534,709.8607022906833,-3240.422025006837,1965.180162057908,-0.00036859607052993357
508184.0,18,-18811259.46769435,4397920.209713513,18397273.017797716,949.9913371486441,-3308.22091558807,1740.394384525351,-0.000368589628898042
508784.0,18,-18170865.77890941,2398927.2167035043,19370674.88713638,1183.183749474673,-3351.0845433303,1502.2291035669948,-0.00036858319043514147
509384.0,18,-17393090.940383554,381799.93008646555,20197594.03408982,1407.6821163991553,-3368.642927374257,1252.433746508066,-0.00036857682589685244
509984.0,18,-16483665.9496501,-1638214.1428287188,20871603.595076967,1621.7857038467805,-3360.7061858932275,992.8518563762168,-0.0003685705412068364
510584.0,18,-15449321.790464751,-3645809.8560206583,21387407.494501032,1823.8619220702305,-3327.270694782207,725.4076899686437,-0.0003685643417042703
511184.0,18,-14297744.820442814,-5625736.671016963,21740884.90310664,2012.358579482938,-3268.5210014949707,452.09340459156783,-0.0003685582321016181
511784.0,18,-13037524.9248376,-7562911.660441039,21929126.80948446,2185.815867839007,-3184.8305231662443,174.955509953308,-0.00036855221644643024
512384.0,18,-11678096.62460733,-9442532.530745937,21950464.288090646,2342.8779882842246,-3076.7609638721588,-103.9193643246874,-0.00036854629808752204
512984.0,18,-10229673.380669229,-11250189.889409065,21804488.078901105,2482.304320317066,-2945.060389652132,-382.41932301190946,-0.00036854047964586897
513584.0,18,-8703175.39439698,-12971977.947360113,21492059.132621143,2602.9800289140353,-2790.659905902417,-658.4226056257843,-0.00036853476299054255
514184.0,18,-7110151.266641245,-14594602.816348769,21015309.82195267,2703.925999342987,-2614.6688901206994,-929.813443066218,-0.0003685291492199862
514784.0,18,-5462693.943271188,-16105487.534781095,20377635.57436928,2784.3079848723,-2418.368743834142,-1194.4982662597295,-0.0003685236386489064
515384.0,18,-3773351.521807246,-17492872.75266582,19583676.71276502,2843.444680341406,-2203.2053008865573,-1450.4203976750534,-0.0003685178314481058
515984.0,18,-2055032.820649678,-18745913.358143628,18639290.44778897,2880.815601827777,-1970.778899183147,-1695.5836635698115,-0.0003685125249997668
516584.0,18,-320910.5388202667,-19854766.969012197,17551513.25820828,2896.066205807001,-1722.834656635876,-1928.0581714579914,-0.00036850731794450646
517184.0,18,1415680.9263588171,-20810677.973535214,16328512.846151223,2889.01335512817,-1461.2495317511944,-2146.0038227963614,-0.0003685022074513516
517784.0,18,3141348.9921707613,-21606052.54310745,14979530.849306563,2859.6486451717465,-1188.018856865648,-2347.684408575657,-0.000368497189931295
518384.0,18,4842748.374701882,-22234525.374975964,13514816.036125025,2808.1404382775095,-905.2413535836764,-2531.4829780276905,-0.00036849226106138713
518984.0,18,6506687.384511818,-22691017.099177748,11945548.46312256,2734.8343717200023,-615.1029095138554,-2695.916476655706,-0.00036848741581512156
431984.0,19,15104834.806239426,19047126.00115465,-11385575.43690465,-1119.735810608366,2508.015816897889,2673.405517833192,0.0006979545331436071
432584.0,19,14377930.024039388,20479512.566685703,-9741257.334501738,-1302.023899098537,2263.6213573014593,2804.0385612358273,0.0006979573563710571
433184.0,19,13544521.499115903,21760201.200745415,-8024767.442619647,-1474.5263965963093,2002.6618985503205,2913.8022474223226,0.000697960232777814
433784.0,19,12610849.610855192,22879812.161747262,-6248862.962301878,-1636.0222619027572,1727.0272829303408,3001.939402372427,0.0006979631460834518
434384.0,19,11583865.349174358,23830128.397094883,-4426712.431385768,-1785.3664571009713,1438.7007772990632,3067.838525323451,0.0006979660797617586
434984.0,19,10471182.84013903,24604148.32050464,-2571807.3304005214,-1921.4961245867776,1139.7475376255547,3111.0366977583976,0.000697969017151068
435584.0,19,9281028.233474854,25196131.58200183,-697872.0747641755,-2043.4364386186535,832.3028615997988,3131.221956262315,0.0006979719415650589
436184.0,19,8022185.295929947,25601637.544861887,1181227.068419485,-2150.3055033107676,518.5613204500835,3128.2335254097734,0.0006979745665144748
436784.0,19,6703936.774367109,25817557.164608732,3051575.3304434735,-2241.322201143891,200.75998963657514,3102.0695878862907,0.000697977415497232
437384.0,19,5336005.087400973,25842136.02892291,4899300.326775153,-2315.8071395115676,-118.82707998843182,3052.878417967772,0.0006979802024089477
437984.0,19,3928487.3143658284,25674991.142585743,6710666.8514680825,-2373.1899907618085,-437.9064239582623,2980.9650490963845,0.0006979829115676853
438584.0,19,2491789.0820717914,25317119.170245387,8472169.591712892,-2413.013100332975,-754.1770913043301,2886.789302058107,0.0006979855278143136
439184.0,19,1036555.6380430087,24770896.796135228,10170625.853938203,-2434.935432720181,-1065.3441273025214,2770.96478758698,0.0006979880366178437
439784.0,19,-426399.31830659136,24040072.849620886,11793267.455956623,-2438.7361278449075,-1369.132412890578,2634.257219117283,0.0006979904241783052
440384.0,19,-1886166.7921817973,23129751.990338765,13327831.347233938,-2424.3176217932146,-1663.300860931336,2477.5819737631055,0.0006979926775266312
440984.0,19,-3331817.353705682,22046369.752426654,14762648.482339146,-2391.708276450041,-1945.65695618408,2302.000833146418,0.0006979947846209767
441584.0,19,-4752477.3835285045,20797658.761288896,16086730.432625057,-2341.064453782579,-2214.0716099758106,2108.717831324648,0.000697996734438847
442184.0,19,-6137406.3460440785,19392605.959854607,17289853.179432355,-2272.671962766923,-2466.4942823473066,1899.0741351610147,0.0006979985170643663
442784.0,19,-7476074.689298357,17841400.7156201,18362637.49004723,-2186.946800582771,-2700.9683041853314,1674.5418833976928,0.000698000123769974
443384.0,19,-8758242.384847816,16155373.154505596,19296625.474558342,-2084.431880920036,-2915.6417906704924,1436.712485798559,0.0006980012787389768
443984.0,19,-9974034.866525529,14346926.05381123,20084351.263816133,-1965.808928204864,-3108.8013232091907,1187.3055811692532,0.0006980025130975091
444584.0,19,-11114022.539845897,12429452.2766703,20719408.39621551,-1831.8774934755893,-3278.859565165275,928.1337412966941,0.0006980035531900298
445184.0,19,-12169294.644956019,10417248.064231161,21196509.052005358,-1683.5646966206493,-3424.3889377151204,661.1083096244996,0.000698004395716462
445784.0,19,-13131532.958731793,8325415.280910702,21511537.242545113,-1521.9180320817798,-3544.131404921505,388.22307899252917,0.0006980050388626006
446384.0,19,-13993082.36879031,6169755.6021367535,21661594.162476245,-1348.10014421348,-3637.0123085971595,111.54081375348179,0.0006980054823317382
446984.0,19,-14747017.953544682,3966656.707359815,21645035.11477312,-1163.3823663145104,-3702.1533022265767,-166.82146761102558,0.0006980057273651371
447584.0,19,-15387207.824410915,1732971.0789832831,21461497.289876755,-969.13698762037,-3738.884151179865,-444.7083885652917,0.0006980057767506312
448184.0,19,-15908370.969862862,-514111.8527272232,21111917.723252077,-766.8282330707768,-3746.7531581192916,-719.9431970059278,0.0006980056348187279
448784.0,19,-16306129.337257016,-2757199.335290063,20598540.817716982,-558.0019644436644,-3725.535970135249,-990.3457088334685,0.000698005307425682
449384.0,19,-16577053.39912316,-4978833.662971971,19924914.89863422,-344.27413803326215,-3675.242528593982,-1253.7510536485954,0.0006980048019231357
449984.0,19,-16718700.477578482,-7161634.1218217425,19095877.37180351,-127.31808282466068,-3596.1219345977065,-1508.029030534138,0.0006980041271140686
450584.0,19,-16729645.167796735,-9288441.303618046,18117528.118267953,91.15502373208756,-3488.6654968298353,-1751.099552972326,0.000698003024275627
451184.0,19,-16609501.127259832,-11342461.729672708,16997191.364945542,309.3880306250228,-3353.6048974277273,-1980.9697992049153,0.0006980020428766422
451784.0,19,-16358933.926312022,-13307413.1138747,15743364.829060031,525.6278011933707,-3191.912654908478,-2195.7278911397134,0.0006980009266382335
452384.0,19,-15979664.249137398,-15167665.869583275,14365658.088020297,738.1183984357995,-3004.7948598742414,-2393.579690703312,0.0006979996894544609
452984.0,19,-15474461.314423054,-16908381.560046613,12874719.03646874,945.1234702236407,-2793.683703855263,-2572.8629623469296,0.0006979983462487621
453584.0,19,-14847126.248825982,-18515645.597680055,11282149.573644497,1144.94304505817,-2560.2267201818704,-2732.064900243807,0.0006979969128527478
454184.0,19,-14102465.375195902,-19976592.723755684,9600411.118480487,1335.9302676689886,-2306.2733211461295,-2869.8383116632567,0.0006979954058748746
454784.0,19,-13246253.516841922,-21279523.66613456,7842720.837124952,1516.5078193487655,-2033.8587511477947,-2985.0161697962544,0.0006979938425603157
455384.0,19,-12285187.575200526,-22414011.45893333,6022939.637041803,1685.183764865289,-1745.1856340678123,-3076.6242725625716,0.0006979922406435162
455984.0,19,-11226830.794801373,-23370996.029941972,4155453.1352593824,1840.56657193886,-1442.6033488736962,-3143.891775560077,0.0006979906181950662
456584.0,19,-10079548.28186502,-24142865.817073286,2255046.940546589,1981.3790607331039,-1128.5855182936243,-3186.2594064717923,0.00069798899346464
457184.0,19,-8852434.486608723,-24723525.360627573,336777.6957506237,2106.471059365681,-805.7059393088737,-3203.3852137054096,0.0006979873847218286
457784.0,19,-7555233.386311143,-25108448.156152047,-1584158.6570413674,2214.8320633878343,-476.61311067611757,-3195.1497184032737,0.0006979850755150654
458384.0,19,-6198253.204084939,-25294713.39147112,-3492559.181567344,2305.594682068099,-144.00516857741252,-3161.648660855443,0.0006979835526398289
458984.0,19,-4792273.831950042,-25281028.141339637,-5373347.608411339,2378.0515542289063,189.39835145128177,-3103.202694634521,0.000697982099095932
459584.0,19,-3348452.785564255,-25067732.20350394,-7211703.5504009295,2431.6549360501804,520.8816323274303,-3020.3450423818,0.0006979807316657924
460184.0,19,-1878226.741539481,-24656787.853264146,-8993189.774117475,2466.0221616528097,847.7590095615133,-2913.816479072601,0.0006979794663891689
460784.0,19,-393211.67268630676,-24051753.960132662,-10703874.203801878,2480.937570557402,1167.4002495538703,-2784.5561100219197,0.0006979783184294927
461384.0,19,1094897.5724408198,-23257745.218433958,-12330445.714861032,2476.3525103107854,1477.2546958300572,-2633.6900930296315,0.0006979773019500078
461984.0,19,2574427.0994957564,-22281377.2825506,-13860322.546968322,2452.383479350988,1774.8739703180456,-2462.518538290721,0.0006979764300009003
462584.0,19,4033822.113450924,-21130698.774135955,-15281752.319060914,2409.3085089705446,2057.932960499581,-2272.5008446438633,0.0006979757144183899
463184.0,19,5461742.355770468,-19815111.27608495,-16583902.7932605,2347.5619124256027,2324.248871714228,-2065.239747290331,0.0006979751657365538
463784.0,19,6847153.89793649,-18345278.544165503,-17756942.70648395,2267.7275531119612,2571.7981750927515,-1842.4643602465662,0.0006979747931124349
464384.0,19,8179416.455555313,-16733026.251037676,-18792112.162000407,2170.5308018488467,2798.731333605275,-1606.0124968146786,0.0006979746042647814
464984.0,19,9448365.07235806,-14991234.177691396,-19681782.006734475,2056.829983269591,3003.3876182515214,-1357.8157184504726,0.0006979743355611254
465584.0,19,10644388.05039723,-13133719.08443182,-20419503.384741873,1927.6038009985637,3184.2956511706116,-1099.8685250228596,0.0006979745311773952
466184.0,19,11758494.65442937,-11175117.051806806,-21000044.236654464,1783.9441476242437,3340.195780435214,-834.228541238186,0.0006979749246974462
466784.0,19,12782379.68038729,-9130757.523375656,-21419416.772075813,1627.0422427561662,3470.0359146218266,-562.9864565342256,0.000697975517749995
467384.0,19,13708479.474713132,-7016536.573787906,-21674893.54959641,1458.1774261150051,3572.97752542042,-288.2514877142582,0.0006979763104223238
467984.0,19,14530021.074835015,-4848788.374736583,-21765013.394176345,1278.7051184592738,3648.3971777253405,-12.134499080915184,0.0006979773012778446
468584.0,19,15241064.119332604,-2644156.3350087893,-21689577.45348254,1090.0447077604183,3695.886216313129,263.2681163713517,0.0006979784873850063
469184.0,19,15836535.52999481,-419464.95938607305,-21449635.88461959,893.66749299894,3715.248769725947,535.8896920206762,0.000697979864356786
469784.0,19,16312257.039798731,1808406.6286431272,-21047465.712462433,691.0847996617215,3706.498240071578,803.7076046066862,0.0006979814263999672
470384.0,19,16664965.701311588,4022648.6573428446,-20486540.434299886,483.83636220251844,3669.8524499462646,1064.7566052516645,0.0006979831663733815
470984.0,19,16892327.559188947,6206641.428365368,-19771491.96424658,273.4790500296541,3605.727615198101,1317.1411405683257,0.0006979850758542858
471584.0,19,16992944.708704665,8344072.144990737,-18908065.516658995,61.57599556786977,3514.7313054735228,1559.0466609349926,0.0006979871452120573
472184.0,19,16966356.011556506,10419047.228807112,-17903068.12424323,-150.31001274269306,3397.6550219681103,1788.7540783087502,0.0006979890945903234
472784.0,19,16813031.63017519,12416199.929046286,-16764310.860666282,-360.6417335865448,3255.463736672604,2004.632401127943,0.000697991450206584
473384.0,19,16534361.873025488,14320792.511400532,-15500546.314850565,-567.8941225917933,3089.289317270617,2205.1724168727965,0.0006979939303912586
473984.0,19,16132640.418131942,16118812.571800131,-14121400.923757337,-770.5785253744183,2900.419120538383,2388.977224237881,0.0006979965215397027
474584.0,19,15611042.320947494,17797063.741887745,-12637303.077520315,-967.2473921019699,2690.2862850230035,2554.773232912503,0.0006979992092910104
475184.0,19,14973597.033280218,19343250.171149075,-11059407.408065556,-1156.5023340964901,2460.459286374676,2701.416099895504,0.0006980019786302125
475784.0,19,14225156.70372716,20746054.687826782,-9399515.697060449,-1337.0017421820273,2212.6312175959197,2827.8959486642734,0.0006980048139930634
476384.0,19,13371360.009342734,21995210.475520898,-7669994.814780982,-1507.4679911464555,1948.6088330258358,2933.341922084321,0.0006980076993729148
476984.0,19,12418591.754666409,23081566.120067928,-5883692.074885818,-1666.6942559338347,1670.301379850385,3017.0261145942236,0.0006980106184292133
477584.0,19,11373938.460674094,23997143.891079854,-4053848.367245082,-1813.5509645661934,1379.7092274293523,3078.3669220579295,0.0006980135545971894
478184.0,19,10245140.15368478,24735191.125411812,-2194009.4127495894,-1946.9919104441992,1078.9122930339674,3116.931839048929,0.0006980164911983304
478784.0,19,9040538.553642403,25290224.57694212,-317935.47109888244,-2066.0600427421086,770.0582529277759,3132.4397235256984,0.0006980194115512459
479384.0,19,7769022.160555864,25658067.440810453,1560489.83004295,-2169.8938228998963,455.35228256109576,3124.760852528235,0.0006980220291165929
479984.0,19,6439966.462083384,25835879.770745397,3427353.3753130496,-2257.728941222602,137.03768831370667,3093.924865998927,0.0006980248675257892
480584.0,19,5063174.618992082,25822180.00574175,5268803.2679598695,-2328.908333167567,-182.60596972928647,3040.1113690329175,0.0006980276407369911
481184.0,19,3648811.655684619,25616860.14503991,7071143.596540148,-2382.8833546373485,-501.28289401471966,2963.6567546838173,0.0006980303331599189
481784.0,19,2207337.862755361,25221192.439766336,8820927.141989006,-2419.218856834073,-816.6924608475034,2865.052042197489,0.0006980329297480388
482384.0,19,749439.3982927091,24637828.128213502,10505047.961639613,-2437.597061072305,-1126.542771394865,2744.941745246923,0.0006980354161034717
482984.0,19,-714043.3063097652,23870787.896780618,12110833.05398662,-2437.8210357639855,-1428.5645607182923,2604.122038623168,0.0006980377785793427
483584.0,19,-2172189.076206696,22925443.860639423,13626132.65917642,-2419.8177275520593,-1720.525462566902,2443.538159931662,0.0006980400043790284
484184.0,19,-3614071.168197835,21808492.865471825,15039408.712444488,-2383.6404892322817,-2000.2446138020168,2264.280976782188,0.0006980420816517202
484784.0,19,-5028833.765056149,20527920.92741114,16339820.927210623,-2329.471038501458,-2265.6075659393755,2067.5826460687786,0.0006980439995836674
485384.0,19,-6405769.422968003,19092958.653951183,17517309.942569014,-2257.6207740616637,-2514.5814526222225,1854.8112905851797,0.0006980457484844268
485984.0,19,-7734397.062025236,17514027.525276225,18562676.92795821,-2168.53136957111,-2745.2303411957864,1627.4646197690486,0.0006980473198673898
486584.0,19,-9004540.236661654,15802676.692525348,19467659.101997092,-2062.7744848844577,-2955.725136845663,1387.156069682117,0.0006980484381229168
487184.0,19,-10206404.091758713,13971511.78669699,20224999.953455385,-1941.0509592719175,-3144.3812971879643,1135.6311751117667,0.000698049634721978
487784.0,19,-11330652.913181018,12034112.437764132,20828514.47494007,-1804.1883160618397,-3309.6403612304402,874.7205944473943,0.0006980506362594642
488384.0,19,-12368484.816121971,10004942.55928854,21273147.731121425,-1653.1378836791548,-3450.1075480442046,606.3532844475701,0.0006980514397236728
488984.0,19,-13311704.693363024,7899251.178280592,21555026.380889893,-1488.97046390215,-3564.560427063826,332.5380256016625,0.0006980520435960798
489584.0,19,-14152794.178957181,5732964.994671825,21671502.383427907,-1312.870865737078,-3651.962590332145,55.349691295991114,0.0006980524478808431
490184.0,19,-14884977.971796505,3522573.0555366315,21621188.13008415,-1126.1311939571497,-3711.476378070032,-223.085712457394,0.0006980526541230013
490784.0,19,-15502285.770702727,1285004.172180755,21403982.29069406,-930.1428604557851,-3742.4744227366486,-500.60716969259744,0.0006980526654146723
491384.0,19,-15999609.05868079,-962502.1513383156,21021085.70984878,-726.3873077718848,-3744.5497695636477,-775.0358406845115,0.0006980524863886347
491984.0,19,-16372751.973015219,-3202530.365947404,20475006.754544646,-516.4254585242342,-3717.5243305102244,-1044.193179561567,0.0006980521231987896
492584.0,19,-16618475.511828505,-5417628.045931567,19769555.600397427,-301.885931563031,-3661.4554345019274,-1305.9198176423633,0.0006980515834871228
493184.0,19,-16734534.358125038,-7590448.383668226,18909827.049314186,-84.45209475505567,-3576.640250302586,-1558.0950140171988,0.0006980508763369434
493784.0,19,-16719705.690139461,-9703894.930089701,17902171.455729216,134.15440898986049,-3463.6174892902936,-1798.6545739237638,0.0006980492775746563
494384.0,19,-16573809.119648263,-11741265.719167236,16754154.455326065,352.1787479138417,-3323.168513152093,-2025.6182734121624,0.0006980482683387968
494984.0,19,-16297717.90970029,-13686398.65322757,15474503.490120789,567.8634084613707,-3156.3120831248857,-2237.098073440585,0.0006980471268863961
495584.0,19,-15893360.122222662,-15523812.247646522,14073043.926743215,779.4546231120223,-2964.30000667496,-2431.32503442866,0.0006980458673253821
496184.0,19,-15363710.104644664,-17238843.0771196,12560623.267511053,985.2215112447531,-2748.6082454690713,-2606.665739473873,0.000698044504770275
496784.0,19,-14712769.87319713,-18817777.155201755,10949024.726245191,1183.4728858343024,-2510.9256121502654,-2761.6395731140706,0.0006980430552188739
497384.0,19,-13945540.416364444,-20247973.76997591,9250870.796868512,1372.5739502069453,-2253.1397831891404,-2894.934597461225,0.0006980415354190642
497984.0,19,-13067983.050481578,-21517980.188123975,7479517.734577001,1550.9626286170421,-1977.3207592278548,-3005.4217430847916,0.0006980399627270993
498584.0,19,-12086971.116009455,-22617635.733157407,5648942.035948024,1717.1652727526111,-1685.7019624534005,-3092.1670569852236,0.0006980383549588775
499184.0,19,-11010232.459126344,-23538163.872374266,3773620.153806706,1869.8114918674585,-1380.6592154409118,-3154.4417831855612,0.0006980367302358688
499784.0,19,-9846283.294351406,-24272251.10883908,1868402.8099632245,2007.6478671168986,-1064.6878954816218,-3191.730091955305,0.0006980351068274631
500384.0,19,-8604354.185395572,-24814111.665569887,-51614.63032831812,2129.5503305650573,-740.3786007083781,-3203.734320181313,0.000698033502991576
500984.0,19,-7294308.457461373,-25159537.36294992,-1971224.0745020483,2234.53469965378,-410.39071010257425,-3190.3803090446136,0.0006980315615581593
501584.0,19,-5926557.413266889,-25305930.933013104,-3875237.958344209,2321.7670470188395,-77.43025279514472,-3151.8067984475774,0.0006980299824335095
502184.0,19,-4511964.714615721,-25252325.415172227,-5748620.848779652,2390.5693211630237,255.7828047440645,-3088.3788548559546,0.0006980284760038898
502784.0,19,-3061752.894039316,-24999385.6504661,-7576619.551350842,2440.425877895376,586.536740388967,-3000.6722047170906,0.0006980270589191368
503384.0,19,-1587404.1572269686,-24549394.935990267,-9344889.086213479,2470.986720078123,912.1550894932864,-2889.468455845725,0.0006980257470592955
503984.0,19,-100560.29394741077,-23906226.121478472,-11039613.54849439,2482.0690443581943,1230.021725176754,-2755.74544531468,0.0006980245554027566
504584.0,19,1387077.3786974363,-23075297.93698802,-12647620.764317758,2473.656901551139,1537.6047082383993,-2600.665558038035,0.0006980240135798466
505184.0,19,2863849.069244652,-22063517.555080663,-14156488.062012713,2445.898873118795,1832.478796742841,-2425.5623590765817,0.0006980231712728121
505784.0,19,4318232.040671658,-20879209.883164223,-15554642.07150615,2399.104280087931,2112.3458805694186,-2231.9255445457843,0.000698022487533276
506384.0,19,5738936.884206853,-19532035.478962664,-16831446.468127906,2333.7375254298004,2375.053746273495,-2021.3848287384849,0.000698021972631418
506984.0,19,7114998.1470593745,-18032897.718711387,-17977281.012070067,2250.4111129209505,2618.61256342194,-1795.6927996944376,0.0006980216354470273
507584.0,19,8435860.694178414,-16393840.81486906,-18983609.791904785,2149.8773653771786,2841.209159782715,-1556.7071247401218,0.0006980214834109393
508184.0,19,9691460.75095245,-14627940.110064887,-19843038.358510993,2033.019037116993,3041.2218129746516,-1306.375934177201,0.0006980206805421155
508784.0,19,10872300.933597263,-12749185.317090888,-20549361.290467504,1900.839066733482,3217.2186213412247,-1046.7054026424873,0.0006980208465997685
509384.0,19,11969519.054795112,-10772360.113597248,-21097596.015521824,1754.449566873937,3367.9819578617767,-779.7624036725582,0.000698021211031809
509984.0,19,12974949.931289446,-8712916.468923062,-21484008.57902171,1595.0603013391883,3492.502228958602,-507.64287533433384,0.0006980217751631015
510584.0,19,13881180.334135368,-6586847.348086269,-21706127.45813898,1423.9668137239719,3589.9838699029156,-232.45781049040227,0.0006980225387793812
511184.0,19,14681596.7176956,-4410558.019696729,-21762747.44404771,1242.5383579967445,3659.8464929641486,43.6834835622485,0.0006980235001471112
511784.0,19,15370425.709803887,-2200737.255942686,-21653923.754569873,1052.205781972815,3701.7242225083155,318.68934067546553,0.0006980246560445407
512384.0,19,15942767.380527932,25770.549673469737,-21380956.88067493,854.4494926590374,3715.4633799076028,590.5008096617462,0.0006980260018031938
512984.0,19,16394621.376650015,2252091.4217946725,-20946368.716694154,650.7876139722409,3701.118688085508,857.1057774105989,0.0006980275313589852
513584.0,19,16722906.067277055,4461445.1769618755,-20353870.554556966,442.7644284605317,3658.9481669879124,1116.5520984153732,0.0006980292373121379
514184.0,19,16925470.893011544,6637265.409415212,-19608323.538355142,231.9391760199254,3589.406887873213,1366.9597112523495,0.0006980311109950753
514784.0,19,17001102.1473184,8763315.463293903,-18715692.178911164,19.875264740280272,3493.1397467644474,1606.5317430001226,0.0006980331425474729
515384.0,19,16949522.478034087,10823800.033483801,-17682991.4603307,-191.8670494847579,3370.973550128637,1833.5677621723914,0.000698035854012523
515984.0,19,16771384.166763362,12803470.931728274,-16518228.431599494,-401.7525984850805,3223.907727781308,2046.4602863722528,0.0006980381672442318
516584.0,19,16468257.033073535,14687728.972212123,-15230338.185502883,-608.2625534020801,3053.105743964607,2243.7220925553524,0.0006980406024498098
517184.0,19,16042610.476712534,16462718.880795378,-13829115.423360175,-809.9154349111321,2859.884844099663,2423.980770979334,0.0006980431458656478
517784.0,19,15497790.500789098,18115418.766693573,-12325141.733928384,-1005.2724996021226,2645.7059697950062,2585.9884949742354,0.0006980457829916627
518384.0,19,14837991.77379109,19633723.340685777,-10729709.155909918,-1192.9457083437753,2412.163254690137,2728.6278047439732,0.000698048498694062
518984.0,19,14068225.023552246,21006520.77678777,-9054740.447661377,-1371.605260821347,2160.9732549442956,2850.9166844782003,0.0006980512773105942
431984.0,20,16188791.286987476,-508115.7856056262,21109056.897914447,1146.7531200161638,3605.837988800785,-798.2151101222568,0.0001228004545826283
432584.0,20,16814374.11525824,1654512.1325606657,20550395.27399786,937.0815556327209,3598.5484214210696,-1062.9025556528627,0.0001228118516722573
433184.0,20,17311924.009841956,3804540.0708920034,19835223.502180006,720.2010046356158,3563.84724139386,-1319.5828383602066,0.00012282322625654723
433784.0,20,17677603.56876366,5925585.971162945,18968932.35068211,497.7505978853245,3501.9780931422047,-1566.303927174595,0.0001228345758572342
434384.0,20,17908572.26497799,8001474.770493331,17958062.8098729,271.4138019126028,3413.3891746359463,-1801.1857087170167,0.00012284589818373944
434984.0,20,18003009.477078624,10016360.325209614,16810258.860265214,42.90612140617304,3298.7305774483375,-2022.434110623131,0.00012285719115069955
435584.0,20,17960130.069370985,11954845.351391215,15534211.91750668,-186.03751164473124,3158.850164418532,-2228.3547060049173,0.00012286845289403414
436184.0,20,17780192.34921478,13802098.593043879,14139597.160708647,-413.6750291960186,2994.7806692106933,-2417.363332535681,0.00012287932653929
436784.0,20,17464498.329119325,15543967.975277463,12637002.870300295,-638.272690997689,2807.7617488787428,-2588.0080157190837,0.00012289052178472644
437384.0,20,17015385.938585855,17167089.414349403,11037851.397262232,-858.1140178400083,2599.188229823881,-2738.9656409156332,0.00012290168166395257
437984.0,20,16436213.758345589,18658990.26590188,9354314.666211994,-1071.5158434445864,2370.6289901738264,-2869.0625607601114,0.00012291280532084062
438584.0,20,15731337.713068519,20008186.31676787,7599223.044011099,-1276.8403778165734,2123.8086668758906,-2977.28155824792,0.00012292389217500403
439184.0,20,14906080.120407289,21204271.777667407,5785968.869044033,-1472.5078733204177,1860.5952244026375,-3062.770286016103,0.00012293494192682823
439784.0,20,13966691.609560993,22238001.14373822,3928405.6644395078,-1657.009041293085,1582.986575360037,-3124.84869931472,0.0001229460454787088
440384.0,20,12920303.69157691,23101364.108878434,2040741.0868604798,-1828.9166496681626,1293.0948061049758,-3163.0143669901577,0.00012295702124037752
440984.0,20,11774878.296255318,23787648.023951374,137431.14395728658,-1986.8973728467229,993.1318957217289,-3176.9481720163767,0.0001229679607041915
441584.0,20,10539146.6980114,24291493.915403415,-1766932.5359541415,-2129.7222220809817,685.3920253206772,-3166.5169119672273,0.00012297886470119513
442184.0,20,9222544.10110125,24608940.469504815,-3657734.712240435,-2256.276641362385,372.2343221388944,-3131.77530888202,0.0001229897343359903
442784.0,20,7835138.054896616,24737457.609929774,-5520449.658517394,-2365.569696785234,56.06469441561967,-3072.966368129652,0.000123000570978767
443384.0,20,6387551.749007414,24675969.008679897,-7340753.8944667075,-2456.7449335131123,-260.6818969953173,-2990.5218717907906,0.00012301092837258066
443984.0,20,4890881.827924123,24424862.88272136,-9104638.562018769,-2529.0772930315184,-575.5642204175332,-2885.0531638128587,0.0001230217039226159
444584.0,20,3356613.9753269227,23985991.98290482,-10798517.908864092,-2581.9948583868004,-886.1486479429524,-2757.356729995398,0.00012303245207870986
445184.0,20,1796533.1620777613,23362661.1631751,-12409336.725251323,-2615.0735022393405,-1190.031949826242,-2608.402008557499,0.00012304317515430386
445784.0,20,222632.29698603787,22559603.746849652,-13924672.817373708,-2628.043327998746,-1484.8596576316709,-2439.325835120257,0.0001230538756584327
446384.0,20,-1352981.2327320995,21582946.362336982,-15332834.915675428,-2620.7912494130337,-1768.3449684976206,-2251.4238433817577,0.00012306455627640568
446984.0,20,-2918180.145701699,20440162.56671004,-16622954.961974388,-2593.362279362027,-2038.2871823921978,-2046.1405017070376,0.0001230752198490302
447584.0,20,-4460912.189780552,19140015.603737935,-17785073.98446459,-2545.9595048307638,-2292.589501902361,-1825.0578634766584,0.00012308586935054386
448184.0,20,-5969294.612071897,17692490.7431733,-18810220.82385117,-2478.9427384113415,-2529.2760283436496,-1589.88312354571,0.00012309650786543325
448784.0,20,-7431707.384287526,16108717.744056998,-19690483.035948247,-2392.8258504355845,-2746.5077944652944,-1342.4350867502867,0.00012310713856433043
449384.0,20,-8836884.40160174,14400884.075341828,-20419069.36521794,-2288.272799749399,-2942.5976826899123,-1084.6296668110756,0.000123117764679186
449984.0,20,-10174001.89053177,12582139.611175595,-20990363.259044394,-2166.0923949690623,-3116.0240885531393,-818.4645449955684,0.00012312838947792682
450584.0,20,-11432763.533070281,10666493.17124881,-21399966.97736566,-2027.2284676972934,-3265.439129792004,-546.0014934111974,0.00012313912600305188
451184.0,20,-12603480.210421542,8668704.158152463,-21644735.94387687,-1872.7655699764787,-3389.6958176258395,-269.35605521979153,0.00012314975842998645
451784.0,20,-13677146.871075848,6604164.735748044,-21722802.919721227,-1703.900452373342,-3487.8324897937564,9.328470098460809,0.00012316039929554986
452384.0,20,-14645512.161219804,4488780.0557424035,-21633592.187117025,-1521.9454072302212,-3559.0969767802717,287.8925373662695,0.00012317105175199802
452984.0,20,-15501142.63518968,2338843.2553978227,-21377823.20256213,-1328.3143638319282,-3602.9481805780288,564.1790619625839,0.00012318171886071728
453584.0,20,-16237480.249612825,170907.74128116947,-20957503.96333035,-1124.5114079403866,-3619.0600732556964,836.050688833608,0.0001231924035683128
454184.0,20,-16848892.788573895,-1998342.3856463023,-20375914.11984432,-912.1185891361386,-3607.3238885423907,1101.4068375846557,0.0001232031086836569
454784.0,20,-17330716.829564437,-4152222.6914272998,-19637578.008313127,-692.7831303708897,-3567.8484997525484,1358.200372436627,0.00012321383685608533
455384.0,20,-17679292.927134156,-6274178.485208968,-18748227.864108194,-468.2041585921605,-3500.958995838286,1604.4537517404947,0.00012322459055491756
455984.0,20,-17891992.76053449,-8347913.548594767,-17714757.55900906,-240.11907820058536,-3407.193485225199,1838.2745192806433,0.00012323537205046373
456584.0,20,-17967238.062501565,-10357516.476803381,-16545167.283919584,-10.289710454857868,-3287.298174107142,2057.870008586385,0.0001232461833966664
457184.0,20,-17904511.217939105,-12287583.61950541,-15248499.672225825,219.51167820910155,-3142.220781819454,2261.5611417137125,0.00012325702641550917
457784.0,20,-17704357.569650672,-14123337.776759557,-13834767.899883112,447.51718305418217,-2973.107620882851,2447.7986669590923,0.00012326754590090514
458384.0,20,-17368378.98763172,-15850740.87553501,-12314876.56563152,671.973493938086,-2781.273114510992,2615.1608670370483,0.000123278456223848
458984.0,20,-16899220.02026023,-17456602.026797768,-10700535.548844546,891.1612195987501,-2568.2197118619015,2762.3852627656815,0.00012328940217244894
459584.0,20,-16300545.153600173,-18928676.964505922,-9004168.274171403,1103.4040759637116,-2335.605050647536,2888.363513123866,0.000123300384527805
460184.0,20,-15577008.634624775,-20255760.582876116,-7238814.5716495495,1307.0827363117157,-2085.2335507964253,2992.152956844929,0.00012331140379091544
460784.0,20,-14734216.677383825,-21427770.904168084,-5418029.193880693,1500.647062432146,-1819.0418839396784,3072.983166040907,0.00012332246017944656
461384.0,20,-13778682.48034311,-22435824.047808632,-3555776.76995097,1682.627696704473,-1539.0835428891032,3130.261111339683,0.00012333355362668927
461984.0,20,-12717774.460349876,-23272299.68721505,-1666324.0409780275,1851.646934964811,-1247.5126469154075,3163.5749211881403,0.0001233446837826981
462584.0,20,-11559658.1569995,-23930896.56412351,235869.76835339738,2006.4288084661218,-946.5671205401086,3172.6962300236187,0.00012335585001758362
463184.0,20,-10313232.304324826,-24406677.71525563,2136263.5860810503,2145.8083118680856,-638.551384040377,3157.581121413891,0.00012336705142691455
463784.0,20,-8988059.604442656,-24696105.15179179,4020345.286438329,2268.73972287797,-325.81869305345424,3118.3696829168025,0.00012337828683917066
464384.0,20,-7594292.769911526,-24797063.81741952,5873741.802394416,2374.303967782883,-10.753262692837552,3055.384199243538,0.0001233895548251735
464984.0,20,-6142596.35185992,-24708874.728837214,7682327.807859642,2461.7134265813374,304.24831993884413,2969.125313268234,0.0001234004974298692
465584.0,20,-4644065.423355348,-24432297.348461222,9432331.779430723,2530.3235686035655,616.7925691361563,2860.270416010607,0.00012341182542327113
466184.0,20,-3110140.6267872304,-23969521.068096943,11110439.592629926,2579.6278251194485,924.5103894716468,2729.663817180453,0.0001234231802762446
466784.0,20,-1552521.6798461769,-23324146.25832271,12703893.809525074,2609.267153448728,1225.0722467491191,2578.312697237488,0.00012343455965869727
467384.0,20,16921.067692404613,-22501154.843470097,14200588.712883167,2619.0306483388686,1516.2057737867724,2407.3784828022876,0.0001234459610563186
467984.0,20,1586235.9792576022,-21506870.800296504,15589160.1781633,2608.85667236442,1795.7123150925845,2218.1678682684214,0.00012345738178969406
468584.0,20,3143479.8012312725,-20348910.911592964,16859069.817792356,2578.832929149165,2061.48286075711,2012.1228642793674,0.0001234688190345805
469184.0,20,4676807.023590522,-19036126.183874287,18000682.84167597,2529.1954907788895,2311.513274122257,1790.8099478700642,0.00012348026984319404
469784.0,20,6174558.308878056,-17578534.392566666,19005339.12627148,2460.326795952761,2543.918723822624,1555.908391921684,0.0001234917311663577
470384.0,20,7625347.380897203,-15987244.267952017,19865417.033939987,2372.7526402047424,2756.9472367416074,1309.1978539746947,0.0001235031998763522
470984.0,20,9018145.781061597,-14274371.880753264,20574389.574324537,2267.1381839610367,2948.992294231817,1052.5453064801316,0.00012351467279030944
471584.0,20,10342364.919085177,-12452949.827922296,21126872.549892753,2144.283008341653,3118.604399594277,787.8913923299807,0.0001235261466939862
472184.0,20,11587934.654465498,-10536830.183124436,21518664.306229874,2005.1184224237807,3264.504344003361,517.2384761808987,0.00012353760354822044
472784.0,20,12745379.14009973,-8540579.831709333,21746777.200082533,1850.6881343517484,3385.581278082109,242.62754217168134,0.00012354900122257513
473384.0,20,13805886.306691408,-6479374.232520661,21809459.82398774,1682.1594084698518,3480.917802840254,-33.86407650225688,0.00012356039030724693
473984.0,20,14761374.582347516,-4368883.017008543,21706210.623665135,1500.8022823391264,3549.7853900875702,-310.1459746240253,0.00012357176770463858
474584.0,20,15604553.412442049,-2225153.778503608,21437782.356716156,1307.983523813933,3591.6527965039595,-584.1278792928766,0.00012358313040447926
475184.0,20,16328978.31007559,-64492.58334289305,21006177.469777208,1105.1568126686789,3606.1902464860905,-853.7348998190888,0.00012359447550640452
475784.0,20,16929099.856971473,2096657.615367584,20414634.38135027,893.8522838346804,3593.272231161812,-1116.922725125656,0.0001236058002417733
476384.0,20,17400306.292341992,4241839.835739022,19667604.725280944,675.6654921159181,3552.9788945343103,-1371.6926734249757,0.00012361710199456635
476984.0,20,17738959.36183238,6354706.354665112,18770721.664708763,452.24586233401556,3485.595983915096,-1616.1064976032453,0.00012362837832121548
477584.0,20,17942423.13568427,8419141.56925482,17730759.44243116,225.28469306107513,3391.613348497332,-1848.300848558781,0.00012363962696921736
478184.0,20,18009085.544990793,10419383.56632159,16555584.391034475,-3.4972135952525605,3271.721977192837,-2066.5012977940423,0.0001236508458943931
478784.0,20,17938372.427553743,12340143.528003193,15254097.684782254,-232.36221933769548,3126.809574776306,-2269.0358199635243,0.00012366203327666034
479384.0,20,17730753.862109557,14166722.341359995,13836169.926681364,-459.5696607056259,2957.948731402804,-2454.344020097188,0.00012367318499869988
479984.0,20,17387743.049049668,15885122.278728018,12312569.374342805,-683.3853886179729,2766.4131969409173,-2621.003888261652,0.00012368430534776513
480584.0,20,16911886.68827033,17482155.481851418,10694881.04790943,-902.0996625020855,2553.6340922645622,-2767.720780881395,0.0001236953901585606
481184.0,20,16306748.252156507,18945545.79822491,8995421.104290111,-1114.0371833992454,2321.2129924840633,-2893.352845020382,0.00012370643862712156
481784.0,20,15576883.071821637,20264024.434969682,7227144.501845778,-1317.5706299705075,2070.904753237501,-2996.9164982347343,0.000123717450226251
482384.0,20,14727805.835253846,21427418.389975276,5403547.487347577,-1511.133266982357,1804.6048275019725,-3077.5946268540047,0.00012372842471014995
482984.0,20,13765950.58343656,22426730.911576446,3538565.4723317474,-1693.2312057146316,1524.3353939755116,-3134.7435876211916,0.00012373936211692026
483584.0,20,12698623.440715741,23254213.284591995,1646467.0452412819,-1862.455214503183,1232.2303829946702,-3167.898936129503,0.00012375026276890188
484184.0,20,11533948.379499335,23903427.29683879,-258255.0877425254,-2017.4919776491215,930.5194984524334,-3176.779813402513,0.0001237611272708223
484784.0,20,10280806.38289759,24369297.804899685,-2160995.3994201478,-2157.1347020619637,621.5113464730841,-3161.2919311769315,0.00012377195650575435
485384.0,20,8948768.431254596,24648154.89065265,-4047148.2078368706,-2280.2929733514948,307.5757934457497,-3121.529106936278,0.0001237827516288938
485984.0,20,7548022.798750386,24737765.180340853,-5902220.817304738,-2386.00176671577,-8.874312834225066,-3057.7733114447,0.0001237935140591892
486584.0,20,6089297.044162456,24637351.958826296,-7711946.351222685,-2473.4310518283937,-325.40139268018254,-2970.4954808789944,0.0001238047070036698
487184.0,20,4583776.24462343,24347603.91931462,-9462394.546564864,-2541.886701267665,-639.5642100763196,-2860.3434700556636,0.00012381540908854054
487784.0,20,3043015.77381951,23870672.363048874,-11140081.644510914,-2590.825737001733,-948.9344043603634,-2728.1510769144556,0.0001238260842105934
488384.0,20,1478852.3483313266,23210156.611602332,-12732075.703538213,-2619.8549016044867,-1251.1175123059272,-2574.923050374579,0.0001238367347208603
488984.0,20,-96688.12332418002,22371077.977713164,-14226098.49581107,-2628.7358129911777,-1543.7717165479944,-2401.8298604928887,0.00012384736316236296
489584.0,20,-1671484.3013787493,21359842.292757314,-15610622.31252842,-2617.3872869264405,-1824.626663850544,-2210.1988136273435,0.00012385797225051307
490184.0,20,-3233414.1433977326,20184191.28750068,-16874960.981892675,-2585.8863632520524,-2091.501781970252,-2001.5038185714836,0.00012386856485208594
490784.0,20,-4770449.813336527,18853143.19304205,-18009354.319368742,-2534.468015369931,-2342.323925436476,-1777.3538844117652,0.00012387914396293584
491384.0,20,-6270751.978255749,17376923.028221544,-19005045.285692103,-2463.5235359643348,-2575.144185231137,-1539.4804452007156,0.00012388971268463377
491984.0,20,-7722762.702692613,15766883.134680375,-19854349.19160389,-2373.5976057399266,-2788.153704246845,-1289.7236199134616,0.0001239002742002203
492584.0,20,-9115296.161623906,14035414.610043328,-20550714.358710505,-2265.3840658610957,-2979.698349454731,-1030.017528315775,0.000123910831749274
493184.0,20,-10437626.411824347,12195850.372306794,-21088773.722268242,-2139.720428569118,-3148.292102802359,-762.3747940953306,0.00012392138860250454
493784.0,20,-11679571.59510405,10262360.475903857,-21464386.899316683,-1997.576086530915,-3292.626209706082,-488.87069996626775,0.00012393194489932833
494384.0,20,-12831573.247455519,8249841.670690576,-21674672.670231845,-1840.0646529632554,-3411.591095216747,-211.6250109852571,0.00012394251057533997
494984.0,20,-13884771.557504626,6173799.410000077,-21718030.798287295,-1668.4049368002582,-3504.267878590162,67.21256923561283,0.0001239530852907441
495584.0,20,-14831074.053605542,4050226.786124904,-21594154.194381822,-1483.9309474335917,-3569.9472276824954,345.4815658612333,0.00012396367218163072
496184.0,20,-15663218.508575886,1895478.9234840143,-21304030.420887914,-1288.076099339299,-3608.1318253348463,621.0275458073047,0.00012397427428865063
496784.0,20,-16374829.055192113,-273855.190649759,-20849932.930086743,-1082.3615764987799,-3618.5400018548175,891.7193546384829,0.00012398489453327712
497384.0,20,-16960465.147820912,-2441082.517044927,-20235402.076497287,-868.3840067274843,-3601.1075574992115,1155.4660982691305,0.000123995535695064
497984.0,20,-17415662.99287002,-4589536.344125002,-19465216.09513827,-647.802561383828,-3555.987771973084,1410.233719205882,0.0001240062003900851
498584.0,20,-17736969.13839402,-6702706.165719139,-18545352.323284023,-422.3256000995898,-3483.5496163513453,1654.0610233159414,0.00012401689105072974
499184.0,20,-17921965.982932806,-8764365.998606086,-17482939.025227547,-193.69698278049896,-3384.374200576345,1885.0750209520456,0.00012402760990701345
499784.0,20,-17969289.034764335,-10758700.10336728,-16286198.257190028,36.31782781038032,-3259.2495065364456,2101.5054555328434,0.00012403835896954924
500384.0,20,-17878635.82449062,-12670425.103172632,-14964380.282111168,265.9457500069118,-3109.1634724641513,2301.6984031654574,0.00012404914001430838
500984.0,20,-17650766.501306035,-14484907.687605418,-13527690.098050252,493.4224730252113,-2935.299868546458,2484.1301154797293,0.00012406041652242818
501584.0,20,-17287495.879538674,-16188275.825231567,-11987206.999976343,716.9962986896793,-2739.011047564386,2647.4132309108186,0.0001240712654959612
502184.0,20,-16791677.613301024,-17767526.194100484,-10354796.60578287,934.9569232942889,-2521.8323446060954,2790.315041848375,0.00012408215025183845
502784.0,20,-16167180.070416763,-19210621.32549979,-8643018.515386244,1145.638208043931,-2285.4524512444373,2911.760961856183,0.00012409307151712532
503384.0,20,-15418854.544228138,-20506580.712160677,-6865028.023520552,1347.433510779707,-2031.7039325121361,3010.8435652578687,0.0001241040297381172
503984.0,20,-14552495.966253027,-21645562.973062497,-5034473.826208423,1538.8077974878295,-1762.5485012274526,3086.8288545461796,0.00012411502507752873
504584.0,20,-13574796.506277617,-22618938.90846392,-3165392.337622303,1718.3090974686013,-1480.0614201159788,3139.1611344196317,0.00012412605741387374
505184.0,20,-12493292.475597331,-23419354.948413365,-1272099.4648592635,1884.579223732421,-1186.4151680962436,3167.4664777068297,0.00012413712634302162
505784.0,20,-11316304.99641979,-24040786.58183291,630919.3039568232,2036.3636886938816,-883.8625086819469,3171.554780367229,0.00012414823118189915
506384.0,20,-10052874.942511136,-24478581.43849224,2529119.6425438467,2172.5207538970694,-574.719098640937,3151.4204140071447,0.00012415937097429064
506984.0,20,-8712692.692762207,-24729491.781825125,4408009.111606992,2292.02956119276,-261.34577396714155,3107.241494831287,0.00012417054449867518
507584.0,20,-7306023.270334985,-24791696.25565547,6253257.031464374,2393.9973013816416,53.86935199301638,3039.377797597464,0.00012418175027802507
508184.0,20,-5843627.694397819,-24664810.81150739,8050802.39168318,2477.665229777127,368.5284533283218,2948.3653112332595,0.00012419298311440457
508784.0,20,-4336679.948604704,-24349888.92066397,9786960.647295455,2542.414455501335,680.2434951569487,2834.9197037274557,0.00012420424814721135
509384.0,20,-2796682.746523911,-23849410.689621147,11448525.005314505,2587.7690414614945,986.6514499979652,2699.9182351106283,0.00012421553959411085
509984.0,20,-1235380.0501529379,-23167261.900005627,13022865.596700868,2613.3997294662195,1285.4333578619776,2544.400812688424,0.00012422685508890055
510584.0,20,335331.54027544893,-22308702.467648126,14498023.376211792,2619.125743832907,1574.3308526119868,2369.559810295983,0.00012423819208482514
511184.0,20,1903492.2668000488,-21280324.922142606,15862798.854309434,2604.9157078827575,1851.1625873508715,2176.730882591728,0.00012424954787391924
511784.0,20,3457168.8905568337,-20090003.221599888,17106834.983030956,2570.8875051218374,2113.8400294382773,1967.3828215307494,0.00012426091960748227
512384.0,20,4984543.933322004,-18746832.322761256,18220693.64963635,2517.3070974903344,2360.382530979849,1743.1065303410396,0.00012427230431753637
512984.0,20,6474003.863732832,-17261058.979991496,19195925.280370235,2444.5863181448717,2588.9315866182324,1505.6031930763957,0.00012428369893911418
513584.0,20,7914225.622583162,-15644004.295669202,20025131.106134567,2353.2796609398283,2797.7641963380593,1256.6717201458064,0.00012429510033321815
514184.0,20,9294260.898522843,-13907978.589353165,20702017.691922422,2244.080093143558,2985.305256737408,998.1955522098975,0.00012430650531029174
514784.0,20,10603617.5845865,-12066189.194104135,21221443.382257402,2117.8139220221315,3150.13890979902,732.1289065759217,0.00012431791065403868
515384.0,20,11832337.513474923,-10132642.385301959,21579456.291699994,1975.4392769225942,3291.0206001782685,460.4828341393347,0.00012432930864647698
515984.0,20,12971071.99411158,-8122036.866791192,21773324.004327588,1818.0212141510626,3406.878802373224,185.30963780665093,0.0001243407047721787
516584.0,20,14011149.797987854,-6049657.273165667,21801553.86660898,1646.7507447521696,3496.8340234792868,-91.3108440347351,0.00012435209170412906
517184.0,20,14944643.118091907,-3931258.753464964,21663904.76757915,1462.9185592228298,3560.197836349941,-367.2869501695821,0.00012436346636080244
517784.0,20,15764426.968030209,-1782950.1087650238,21361389.712232295,1267.910168115679,3596.4800529804875,-640.5303209666389,0.0001243748257524074
518384.0,20,16464233.053600725,378926.18353338074,20896269.30744057,1063.1959465846949,3605.3926264814463,-908.9711464687477,0.0001243861670033243
518984.0,20,17038697.516812045,2537915.87570337,20272036.15985509,850.3205519117773,3586.8521625337435,-1170.5733423009497,0.00012439748737374991
431984.0,21,26261924.66537253,3875744.3263728726,-1414812.2409638732,-490.8790568559626,2162.9239179367146,-3172.134992749465,0.0004148990682570313
432584.0,21,25867525.65126819,5156987.776651239,-3310366.18288412,-822.9122240342472,2105.3919833794043,-3142.037507515311,0.0004148995060951841
433184.0,21,25275647.225735404,6398861.323139646,-5180643.271309986,-1148.686851620006,2031.785135431656,-3087.9492632330125,0.00041489993918883883
433784.0,21,24490794.027406216,7591880.742102515,-7011359.755461661,-1465.7205693677754,1942.6614238694308,-3010.278438040655,0.0004149003663141478
434384.0,21,23518942.041139234,8726932.608612385,-8788531.154067863,-1771.5964094647386,1838.6967439411005,-2909.6121928331586,0.0004149007862925106
434984.0,21,22367493.682956867,9795343.611783408,-10498578.554339286,-2063.9810272703685,1720.679847002686,-2786.7123955947986,0.00041490119799953025
435584.0,21,21045222.09245026,10788946.590101087,-12128431.913281571,-2340.642334609306,1589.5065085699516,-2642.5100469666627,0.00041490160037357027
436184.0,21,19562204.88277995,11700142.98872432,-13665629.89423097,-2599.468313049571,1446.1727861875652,-2478.0985665584362,0.00041490197865441507
436784.0,21,17929748.734341823,12521960.12561912,-15098413.7139842,-2838.4754684140044,1291.768069533199,-2294.725262606554,0.0004149023593619668
437384.0,21,16160303.229379034,13248105.517429398,-16415818.468965312,-3055.8354357203207,1127.4662845258833,-2093.78278884175,0.00041490272800127903
437984.0,21,14267367.290963028,13873014.561083004,-17607756.12861466,-3249.8813324795206,954.5176048384952,-1876.7983736219408,0.00041490308383800446
438584.0,21,12265386.95047918,14391893.428226821,-18665093.01923444,-3419.1225474604184,774.23897770811,-1645.4225573986996,0.00041490342623525
439184.0,21,10169645.95555761,14800756.057968132,-19579719.991608888,-3562.2563151662507,588.0042410602497,-1401.4168651991824,0.000414903754658505
439784.0,21,7996149.89998123,15096455.073649766,-20344614.90884315,-3678.177912541648,397.2337815631886,-1146.6406051090707,0.0004149040686798008
440384.0,21,5761504.73040038,15276706.379318036,-20953896.970098708,-3765.9893933573326,203.38380756292946,-883.036885329954,0.0004149043679810666
440984.0,21,3482790.528478286,15340107.236825716,-21402872.443830907,-3825.0067852900347,7.935314617479435,-612.6179492844782,0.0004149046523566544
441584.0,21,1177431.5050100985,15286147.671316197,-21688071.445161834,-3854.765685078991,-187.61717534133916,-337.44993461216797,0.00041490492171501097
442184.0,21,-1136936.8255908324,15115215.10092269,-21807275.455844685,-3855.0251982627406,-381.77701738926385,-59.63716766029293,0.00041490517607947985
442784.0,21,-3442602.2964555067,14828592.135660626,-21759535.351599168,-3825.7701818337646,-573.0569034631092,218.69388985203784,0.0004149054155882261
443384.0,21,-5721911.327293833,14428447.533507477,-21545179.69718691,-3767.2118619207968,-759.9884783655586,495.41024898534647,0.00041490562504198244
443984.0,21,-7957405.354061708,13917820.280503493,-21165813.535918746,-3679.786189559516,-941.1409141818318,768.3915230049458,0.00041490583573505654
444584.0,21,-10131952.594001641,13300597.398574997,-20624307.13673765,-3564.1515111886865,-1115.121075131061,1035.5420760582665,0.000414906032668588
445184.0,21,-12228881.585437898,12581484.565836081,-19924775.071444865,-3421.1834373406123,-1280.5916378346121,1294.8100872782798,0.000414906216421494
445784.0,21,-14232109.12468887,11765970.791744672,-19072545.724659037,-3251.968535499984,-1436.279674493568,1544.2027504059033,0.0004149063876740585
446384.0,21,-16126264.410648849,10860286.898880579,-18074121.37514513,-3057.7962490019117,-1580.9866013894452,1781.8017868401996,0.00041490654720277375
446984.0,21,-17896807.91119676,9871358.202508122,-16937129.13989448,-2840.149201948181,-1713.597574974688,2005.7784215633749,0.0004149066958744294
447584.0,21,-19530144.00506409,8806751.734092591,-15670263.127793988,-2600.6919586679232,-1833.0902567640696,2214.407698353947,0.0004149068346394924
448184.0,21,-21013726.493962828,7674618.401187179,-14283218.222415244,-2341.258320131123,-1938.5428727151161,2406.0820149286783,0.00041490696452482875
448784.0,21,-22336156.129258092,6483630.520040212,-12786615.984143054,-2063.837253112917,-2029.1414980576246,2579.323764096339,0.00041490708662582284
449384.0,21,-23487269.35519964,5242915.198364418,-11191923.229780298,-1770.557560631961,-2104.1865045664276,2732.7969736448113,0.0004149072020979548
449984.0,21,-24458217.5365053,3961984.0834165034,-9511363.912105901,-1463.6714140769336,-2163.098114021868,2865.317845477983,0.000414907312147902
450584.0,21,-25241536.286881477,2650659.6006750613,-7757824.469812655,-1145.5345715435192,-2205.420270354799,2975.8626351329185,0.00041490693874814404
451184.0,21,-25831202.71319557,1319000.762001106,-5944756.408979288,-818.5971388584427,-2230.827219834931,3063.581630387698,0.000414907041913563
451784.0,21,-26222683.9246471,-22776.903817010112,-4086069.590343241,-485.37107182921244,-2239.1216881762984,3127.7969729813963,0.0004149071434807953
452384.0,21,-26412971.628752317,-1364378.9829815615,-2196026.33134777,-148.41936770523373,-2230.2394212393606,3168.0139865617743,0.0004149072447639855
452984.0,21,-26400605.76826843,-2695512.1761801518,-289130.64115541446,189.66611672147351,-2204.2489557813824,3183.923549467433,0.0004149073470794743
453584.0,21,-26185685.8536272,-4005963.9885398475,1619984.0851054136,526.284913312708,-2161.3510787239175,3175.404502708748,0.0004149074517356214
454184.0,21,-25769870.05988857,-5285681.782159235,3516668.382622601,858.8482547641904,-2101.87723238658,3142.5245588986754,0.00041490756002269223
454784.0,21,-25156362.098723724,-6524850.553330051,5386370.128705075,1184.7992823071854,-2026.2868797172548,3085.539705736527,0.0004149076732028886
455384.0,21,-24349885.980913255,-7713968.808149254,7214747.135183048,1501.6329817480434,-1935.1638528002347,3004.8921110953147,0.0004149077925006028
455984.0,21,-23356648.88836546,-8843921.92789895,8987778.015500564,1806.9156836315633,-1829.2117168938253,2901.206550074349,0.0004149079190929717
456584.0,21,-22184292.475444026,-9906052.4390633,10691870.438378362,2098.3039679210224,-1709.2481908288648,2775.2853873892814,0.0004149080541008068
457184.0,21,-20841833.01623501,-10892226.631784864,12313965.906119792,2373.562819752663,-1576.1986726887874,2628.102161025137,0.0004149081985799697
457784.0,21,-19339590.913761716,-11794896.97888828,13841640.150675233,2630.583863184301,-1431.0904725281423,2460.7959899850357,0.0004149083383135106
458384.0,21,-17689110.084728133,-12607159.989978341,15263198.796665924,2867.3976052847224,-1275.038608187352,2274.6539593213056,0.0004149085043909462
458984.0,21,-15903068.18575001,-13322808.859573685,16567766.58019886,3082.1946374252984,-1109.2460921318907,2071.113672083959,0.00041490868264603016
459584.0,21,-13995177.916098578,-13936380.651303967,17745370.570562553,3273.3352368237993,-934.9885153108316,1851.743475019862,0.0004149088738013497
460184.0,21,-11980080.668467242,-14443197.654072639,18787016.045215853,3439.362863758308,-753.6055550445857,1618.2322256823973,0.0004149090784802486
460784.0,21,-9873233.178489778,-14839402.587753478,19684754.69732027,3579.0151134590787,-566.4905308218089,1372.3760601490894,0.00041490929720211343
461384.0,21,-7690788.122142634,-15121987.420343595,20431744.646822043,3691.2331225122402,-375.0795772887092,1116.0643698121596,0.0004149095303784697
461984.0,21,-5449469.609486032,-15288815.60238249,21022301.827925555,3775.169365965315,-180.84052227876845,851.2651030112235,0.0004149097783099152
462584.0,21,-3166444.553187012,-15338637.577118495,21451942.39652563,3830.193795188987,14.738441066585324,580.0095111811037,0.0004149100411839117
463184.0,21,-859190.9121199131,-15271099.47745719,21717415.873006497,3855.8982804733328,210.16019862658683,304.37646196420235,0.00041491031907344903
463784.0,21,1454636.175666747,-15086744.972769452,21816728.808163736,3852.099336180109,403.93018696749846,26.476443415445782,0.00041491061193658875
464384.0,21,3757339.349871912,-14787010.279837321,21749158.83233528,3818.839119908291,594.5678042979501,-251.56461595029745,0.0004149109196168875
464984.0,21,6031314.161130574,-14374212.382458832,21515259.059253868,3756.384790039428,780.6190792913417,-527.6215359463785,0.00041491076203689306
465584.0,21,8259182.629196771,-13851530.741425103,21116852.652049582,3665.2257693723413,960.66207265174,-799.586234439789,0.0004149110984026816
466184.0,21,10423926.328641204,-13222982.10977405,20557018.00653751,3546.0701041946454,1133.326071598225,-1065.383500895026,0.0004149114484436522
466784.0,21,12509014.893288624,-12493389.538691754,19840064.3156917,3399.8384296059676,1297.296250549388,-1322.9868110602913,0.00041491181156705955
467384.0,21,14498531.56292044,-11668345.06468784,18971497.921055786,3227.656736329884,1451.3249616305063,-1570.4335736000564,0.0004149121870805405
467984.0,21,16377293.74596385,-10754166.706024524,17957979.671745937,3030.8475468549423,1594.241068777314,-1805.839878987399,0.000414912574197458
468584.0,21,18130967.910156164,-9757850.038505392,16807273.63109012,2810.919650261728,1724.9586837797822,-2027.4146183705855,0.00041491297204294996
469184.0,21,19746177.961942933,-8687014.718654,15528187.526154837,2569.5564783062696,1842.485244232091,-2233.472873462298,0.0004149133796606356
469784.0,21,21210606.323398083,-7549846.357219271,14130505.392975584,2308.603213718587,1945.928878510285,-2422.4484845664892,0.000414913796019928
470384.0,21,22513086.968502343,-6355034.178275364,12624912.92496749,2030.0527293318548,2034.5050082704224,-2592.9057103500154,0.0004149142200238968
470984.0,21,23643689.73850278,-5111704.928749216,11022916.083446832,1736.0304635827679,2107.542144512137,-2743.549899833334,0.00041491465051762144
471584.0,21,24593795.31859154,-3829353.5298058838,9336753.577116642,1428.7783441208296,2164.4868389541916,-2873.2371042709965,0.0004149150862969733
472184.0,21,25356160.168789994,-2517771.1571073034,7579304.13626989,1110.638534037629,2204.907038437457,-2980.981886565615,0.00041491551107106185
472784.0,21,25924971.867580026,-1186970.1974285902,5763987.520151185,784.0331298240119,2228.4981451261683,-3065.9673489227757,0.0004149159537187821
473384.0,21,26295892.126632985,152890.53161832038,3904664.5943993456,451.4500342653446,2235.0809131735973,-3127.5470971058994,0.0004149163978406597
473984.0,21,26466090.234452534,1491583.645948254,2015530.830267483,115.42153045465079,2224.6056668014694,-3165.252800344832,0.0004149168421292903
474584.0,21,26434264.40578512,2818890.5603873413,111008.95571541556,-221.49401485097087,2197.1519313982494,-3178.7969944883184,0.00041491728527600627
475184.0,21,26200651.760778327,4124679.003559143,-1794360.4580276394,-556.7313359946687,2152.927845240106,-3168.075249582182,0.0004149177259807901
475784.0,21,25767026.711475477,5398979.898921093,-3686029.320988303,-887.7375093787831,2092.268625826162,-3133.1669925488663,0.00041491816296212363
476384.0,21,25136687.76131434,6632063.038494101,-5549552.43788682,-1211.991114857864,2015.6341008078161,-3074.3349779690507,0.00041491859496670217
476984.0,21,24314432.808770716,7814510.984034266,-7370697.186678883,-1527.021181984211,1923.6053195799689,-2992.023408717301,0.0004149190207789405
477584.0,21,23306523.13125598,8937290.642822385,-9135551.642887156,-1830.4257864301555,1816.880267646146,-2886.8547170047036,0.0004149194392302021
478184.0,21,22120636.309142232,9991821.981795866,-10830630.341000045,-2119.8901635561583,1696.268711850104,-2759.6250252062623,0.00041491984920768164
478784.0,21,20765808.431670643,10970043.36427577,-12442976.880801376,-2393.2042084915015,1562.6862104622037,-2611.29831467068,0.0004149202496628763
479384.0,21,19252366.67818437,11864472.677645784,-13960262.216172554,-2648.279738452393,1417.144832761748,-2442.9994699625113,0.00041491957732588613
479984.0,21,17591848.93749387,12668265.861992182,-15370880.270566788,-2883.164386684736,1260.7555676624916,-2256.005486845648,0.00041491988771490276
480584.0,21,15796920.143244985,13375267.125020383,-16664034.097822376,-3096.059492165204,1094.705227058726,-2051.736737554759,0.00041492018589194305
481184.0,21,13881274.418444088,13980057.639099898,-17829820.20324201,-3285.3319504811175,920.2574409730328,-1831.7459633816156,0.00041492047113978224
481784.0,21,11859531.97923483,14477996.835362628,-18859304.01305312,-3449.527308578618,738.7407392052897,-1597.706823873904,0.0004149207428396268
482384.0,21,9747128.4071712,14865258.242339011,-19744588.547012497,-3587.3810730826763,551.5385773368466,-1351.4013900124398,0.00041492100047590746
482984.0,21,7560197.608863359,15138859.200482978,-20478875.311765533,-3697.8286241743103,360.07891778844277,-1094.7067816322278,0.00041492124364029555
483584.0,21,5315449.326326133,15296684.216882529,-21056516.942048974,-3780.013652358198,165.823440503982,-829.5810429272067,0.0004149214720349112
484184.0,21,3030042.10401015,15337501.769927172,-21473061.175290164,-3833.295045131713,-29.743538486295677,-558.0483566676211,0.00041492168547469513
484784.0,21,721452.6552707979,15260974.42065637,-21725285.8066583,-3857.2521610310005,-225.12635914740267,-282.1837040127349,0.00041492188388892365
485384.0,21,-1592657.3982644926,15067662.135720314,-21811224.33586926,-3851.6884397475055,-418.82943597800073,-4.097082441656311,0.0004149220673218524
485984.0,21,-3894576.4165317253,14759018.776123732,-21730182.083749037,-3816.6333089326786,-609.3687166669959,274.0826007288458,0.00041492223593248034
486584.0,21,-6166677.847586054,14337381.762023192,-21482742.640923604,-3752.343547684907,-795.2830328394898,550.2222368181924,0.0004149227219544158
487184.0,21,-8391556.91864801,13805954.896871312,-21070764.41728137,-3659.2969882566085,-975.1456023237358,822.2072623510418,0.0004149228617755668
487784.0,21,-10552161.92260556,13168784.723861592,-20497367.803636655,-3538.1962762015874,-1147.5747672416317,1087.9485280467352,0.00041492298793191165
488384.0,21,-12631926.897952866,12430730.095871335,-19766912.108435743,-3389.959131148597,-1311.2449075745785,1345.404718787752,0.0004149231010220844
488984.0,21,-14614898.949409232,11597425.61324632,-18884963.238267403,-3215.7127768520527,-1464.896739587202,1592.5966539543497,0.0004149232017452203
489584.0,21,-16485861.435094565,10675238.974114468,-17858251.94160398,-3016.785540133046,-1607.3471646171247,1827.6227044503923,0.0004149232908956504
490184.0,21,-18230451.688692093,9671222.58499512,-16694622.977721618,-2794.696847684644,-1737.4985503974183,2048.6736483020027,0.0004149233693568506
490784.0,21,-19835272.337255176,8593059.786570136,-15402975.571724594,-2551.1456918721783,-1854.347366828568,2254.046841870055,0.00041492343809469093
491384.0,21,-21287995.31797715,7449006.09540237,-13993195.589046843,-2287.997650503246,-1956.9921027309567,2442.1595881552385,0.00041492349815003575
491984.0,21,-22577457.74825361,6247825.905910294,-12476079.933128564,-2007.2705588679014,-2044.640395520497,2611.56158933537,0.00041492355063075246
492584.0,21,-23693748.862639792,4998725.137494735,-10863253.737381313,-1711.1189449812741,-2116.615311924503,2760.9463775370155,0.00041492359670319053
493184.0,21,-24628287.297621697,3711280.348814689,-9167080.986238694,-1401.8173507252652,-2172.3607247436985,2889.1616258646586,0.00041492363758319667
493784.0,21,-25373888.191332832,2395364.7366739907,-7400569.044331128,-1081.7401622504567,-2211.4450414227204,2995.2150676778347,0.0004149240136910319
494384.0,21,-25924818.894955445,1061072.528122696,-5577269.272180272,-753.3529983366938,-2233.567424095047,3078.2950891577702,0.00041492404827434107
494984.0,21,-26276844.36618759,-281360.1752264155,-3711170.613246775,-419.1789327696049,-2238.5560228689615,3137.7579438607413,0.00041492408150584103
495584.0,21,-26427259.855604727,-1621633.7937442574,-1816592.5946197782,-81.78834987896158,-2226.372137127762,3173.145694048434,0.0004149241147006361
496184.0,21,-26374912.102693196,-2949465.211980343,91925.83095922717,256.2234843493767,-2197.109828971201,3184.1865632605877,0.00041492414917411436
496784.0,21,-26120208.26331918,-4254667.391600856,1999738.8679302211,592.2566990236544,-2150.9951784381483,3170.7970461227155,0.0004149241862317783
497384.0,21,-25665112.59429765,-5527228.223618389,3892207.2896202793,923.7271255888616,-2088.384486478685,3133.0825163359978,0.0004149242271591541
497984.0,21,-25013130.926269792,-6757387.983674996,5754811.762949673,1248.0864670935466,-2009.7614415699438,3071.3363292032786,0.00041492427321185993
498584.0,21,-24169283.060948983,-7935714.766929289,7573265.172126182,1562.8421626569702,-1915.7332750893688,2986.037428502174,0.0004149243256059123
499184.0,21,-23140063.33193182,-9053177.297939816,9333623.038106134,1865.5767836458087,-1807.0259394696668,2877.846480797132,0.0004149243855083468
499784.0,21,-21933389.66842101,-10101214.53553616,11022391.150103087,2153.966803029852,-1684.4783516537693,2747.6005732227277,0.00041492445402822805
500384.0,21,-20558541.597177807,-11071801.522633107,12626629.553265715,2425.8005858865645,-1549.0357523464272,2596.3065232152107,0.00041492453220811834
500984.0,21,-19026087.988403562,-11957510.811170064,14134051.855146965,2678.9969563598333,-1401.745793747757,2425.133237372056,0.0004149249589520897
501584.0,21,-17347803.63492143,-12751569.841073722,15533120.256236097,2911.6151083115415,-1243.7362191872053,2235.400988452905,0.00041492505906600726
502184.0,21,-15536578.671406157,-13447911.944770824,16813133.0215027,3121.8787603498813,-1076.2268915592224,2028.5730395825904,0.0004149251714962144
502784.0,21,-13606317.871032747,-14041222.720830549,17964306.470934045,3308.1833327825625,-900.506410262738,1806.2427912277128,0.0004149252969469324
503384.0,21,-11571832.90641035,-14526980.182287322,18977849.36593503,3469.1097067979035,-717.9254767476023,1570.1215793463778,0.0004149254360222282
503984.0,21,-9448727.734379617,-14901488.748364285,19846029.518454865,3603.4348761461733,-529.8863719109384,1322.025277715897,0.00041492558922145046
504584.0,21,-7253278.1128491545,-15161906.807389844,20562232.11418086,3710.1410401878343,-337.8320676493628,1063.8601324162169,0.00041492575693548154
505184.0,21,-5002306.204307461,-15306267.666780183,21121009.336683035,3788.4230773065365,-143.2350606080323,797.607944967599,0.0004149259394438309
505784.0,21,-2713051.2490206966,-15333493.758594725,21518120.950286105,3837.6943515251396,52.41398279049753,525.3107242804223,0.0004149261369125893
506384.0,21,-403037.3112426426,-15243404.02161536,21750565.571328323,3857.590819031214,247.61768069267262,249.0549301231956,0.00041492634939325747
506984.0,21,1910060.8856905412,-15036714.432774741,21816602.42975499,3847.973415080436,440.88340067128604,-29.04456771557538,0.00041492657682245415
507584.0,21,4208553.014411952,-14715031.711746749,21715763.49518524,3808.928715281197,630.7346474094782,-306.8606899622353,0.0004149268190225037
508184.0,21,6474867.901151484,-14280840.346439393,21448855.948796395,3740.7681850265076,815.7208457126522,-582.272085793678,0.0004149274143605456
508784.0,21,8691687.859984195,-13737482.673182087,21017954.891792182,3644.0242115509527,994.4340570493673,-853.1724565331258,0.0004149276850996892
509384.0,21,10842079.794429239,-13089132.992613109,20426386.458423134,3519.447481766696,1165.5110574697687,-1117.496783652814,0.00041492796940742287
509984.0,21,12909623.902478911,-12340765.066112319,19678701.669792358,3367.999744581248,1327.6492842529847,-1373.230048806722,0.00041492826667211826
510584.0,21,14878538.169829452,-11498113.759678071,18780640.927866753,3190.8464983299614,1479.6151825082393,-1618.4241481846457,0.0004149285761834985
511184.0,21,16733797.893716412,-10567630.975779515,17739089.621778056,2989.347878393668,1620.253430003655,-1851.21252583905,0.00041492889713811603
511784.0,21,18461249.36638715,-9556436.231536645,16562025.154634627,2765.0481183651154,1748.49555231006,-2069.824157194468,0.0004149292286455269
512384.0,21,20047716.887529433,-8472262.258030124,15258455.797636922,2519.663668938036,1863.3678690749148,-2272.5967848233668,0.00041492956973511333
512984.0,21,21481102.323972587,-7323396.030070023,13838351.835379817,2255.07006698847,1963.9987174302082,-2457.9893147066664,0.00041492991936350153
513584.0,21,22750476.488991763,-6118615.667670982,12312569.520360336,1973.2876548862807,2049.624903944988,-2624.5932877568175,0.0004149302764225192
514184.0,21,23846161.67239602,-4867123.67958925,10692768.4055775,1676.466256912545,2119.597342124197,-2771.143348317892,0.0004149306397476322
514784.0,21,24759804.71604474,-3578477.0453648753,8991322.671374846,1366.8689257663382,2173.3858381992427,-2896.5266386258345,0.0004149310081267969
515384.0,21,25484439.87435841,-2262514.9976712842,7221227.516423492,1046.8561195409497,2210.5810238834124,-2999.7923700969163,0.000414931718099085
515984.0,21,26014542.342788093,-929282.9225053634,5395998.763309534,718.8629775521609,2230.905252829221,-3080.1536225102905,0.00041493209278789056
516584.0,21,26346068.676842015,411041.65110824164,3529572.932915655,385.38845259819357,2234.2027709018403,-3137.0010808846805,0.00041493246870721233
517184.0,21,26476488.30262864,1748227.7069225977,1636199.735744581,48.97161501324052,2220.4488029254776,-3169.9022857437685,0.00041493284454957396
517784.0,21,26404802.532149635,3072067.989098308,-269665.5976005509,-287.82616075136417,2189.747731787878,-3178.606194739711,0.0004149332190080821
518384.0,21,26131552.254562113,4372456.437691192,-2173471.9829431362,-622.440405883189,2142.332326351404,-3163.045081096705,0.0004149335907863262
518984.0,21,25658814.027497,5639464.878570987,-4060682.89524552,-952.322795799464,2078.5620251967393,-3123.3350845800683,0.0004149339586082017
431984.0,22,18275882.58530718,13316203.730674589,13998217.040223537,-2721.4835465807246,1255.397627874975,2446.5874868970636,-1.3767217028952334e-05
432584.0,22,16575451.395349577,14017700.979875011,15411021.500208665,-2942.8484363229277,1081.7972129972545,2259.793594952487,-1.3763098606155852e-05
433184.0,22,14749041.26941577,14612667.41308502,16706686.210197484,-3141.201846707098,900.5212755325026,2056.4225487323934,-1.3758775350474953e-05
433784.0,22,12810874.966748944,15096920.176587613,17875749.83357696,-3315.194665882078,712.9764997379821,1838.1009979947207,-1.3754252213964194e-05
434384.0,22,10775925.738929559,15467129.747327736,18909755.131949466,-3463.672547458558,520.5986652161599,1606.5457189993342,-1.3749535614727346e-05
434984.0,22,8659799.308500743,15720834.005101603,19801298.59852659,-3585.6793674711494,324.8418526541177,1363.5493806724342,-1.3744633372862888e-05
435584.0,22,6478614.289288384,15856445.952481631,20544071.593218632,-3680.459165335402,127.16805440118708,1110.9664929486858,-1.3739554638179424e-05
436184.0,22,4248882.12015849,15873255.306736445,21132893.097899713,-3747.457261418819,-70.96372475867338,850.7013277993916,-1.3734626699291182e-05
436784.0,22,1987386.1420917744,15771424.5144918,21563734.446131315,-3786.3173524183267,-268.1031233415847,584.6878382291878,-1.3729227418154929e-05
437384.0,22,-288936.8935937267,15551978.791228687,21833736.033866752,-3796.8831171124802,-462.8230595274413,314.88650470736775,-1.372368624030118e-05
437984.0,22,-2563115.301746401,15216791.414127901,21941216.37197276,-3779.193190476295,-653.7244420659343,43.26531327023753,-1.3718016776347201e-05
438584.0,22,-4818258.465185297,14768563.908780113,21885673.865619306,-3733.478143630715,-839.4450912917852,-228.21074372401642,-1.3712233511152106e-05
439184.0,22,-7037670.527715972,14210801.649110723,21667781.489047986,-3660.1561381430324,-1018.667256069192,-497.5912930825641,-1.3706351699166696e-05
439784.0,22,-9204961.286263214,13547785.110190637,21289374.663977798,-3559.827923960587,-1190.1246857471267,-762.9517497667629,-1.3700387256778188e-05
440384.0,22,-11304153.923428698,12784537.02908418,20753432.607989322,-3433.2712562779966,-1352.6092848458716,-1022.4040490814458,-1.3694356652193686e-05
440984.0,22,-13319789.260681257,11926785.710164793,20064053.402855977,-3281.434790205675,-1504.9773802657198,-1274.1069688328525,-1.3688276793359432e-05
441584.0,22,-15237026.2408139,10980924.69226702,19226423.01328185,-3105.4314955316036,-1646.1556309510704,-1516.276072628125,-1.3682164914372066e-05
442184.0,22,-17041738.366423175,9953968.976802949,18246778.465531666,-2906.531617603456,-1775.1466082912461,-1747.193307301742,-1.3676038460804316e-05
442784.0,22,-18720605.829427633,8853507.999609347,17132365.374596126,-2686.1551948158353,-1891.0340722426913,-1965.2162867794002,-1.3669914974341826e-05
443384.0,22,-20261202.977347713,7687655.605625665,15891390.087986205,-2445.8630023159685,-1992.9874543881447,-2168.786685667897,-1.3664128260453317e-05
443984.0,22,-21652081.386507276,6464996.6568913665,14532966.04423173,-2187.3526186304703,-2080.268612542185,-2356.441455294895,-1.365806303218238e-05
444584.0,22,-22882846.86878449,5194531.6952875545,13067055.762940846,-1912.4429086063228,-2152.2332385962873,-2526.8175287661106,-1.3652052819162546e-05
445184.0,22,-23944231.9309446,3885618.2334446,11504407.057430197,-1623.068989195539,-2208.3370918327337,-2678.6626568873107,-1.364611439410097e-05
445784.0,22,-24828162.00700733,2547909.911616045,9856484.654374277,-1321.2711517800758,-2248.13940777671,-2810.842772640401,-1.3640264051862572e-05
446384.0,22,-25527815.606254052,1191293.3043741444,8135396.97975483,-1009.1842483831017,-2271.3065238813783,-2922.3497577618855,-1.3634517497995565e-05
446984.0,22,-26037677.895712126,-174177.38166988734,6353818.327364703,-689.0264049784884,-2277.6151813241104,-3012.3089264022474,-1.3628889739384295e-05
447584.0,22,-26353587.28646729,-1538347.5115684513,4524906.591150571,-363.08701344617543,-2266.9554635748723,-3079.9861830566533,-1.362339497754176e-05
448184.0,22,-26472774.56573972,-2891030.8914149804,2662216.7752322294,-33.71395856292696,-2239.333322786992,-3124.794797269851,-1.36180465051024e-05
448784.0,22,-26393894.093867842,-4222080.033989939,779610.5368237463,296.6999553390153,-2194.8726359734537,-3146.301722802562,-1.3612856606128011e-05
449384.0,22,-26117046.569221366,-5521457.512649524,-1108837.9326813598,625.7314016659063,-2133.8167246949924,-3144.233374434841,-1.3607836460893668e-05
449984.0,22,-25643792.856661536,-6779308.052552391,-2988939.324979235,950.9417611452441,-2056.52926494937,-3118.4807618551754,-1.3602996055874475e-05
450584.0,22,-24977158.378489804,-7986030.962083282,-4846489.501351423,1269.8931732632136,-1963.494508481393,-3069.1038676704757,-1.3598344099705224e-05
451184.0,22,-24121627.58278105,-9132352.458848985,-6667372.147264296,1580.165377024397,-1855.3167332077744,-2996.3351460394892,-1.359388794593129e-05
451784.0,22,-23083128.034328397,-10209397.395202711,-8437663.217002716,1879.3732833552108,-1732.7188392449475,-2900.582010377377,-1.3589633523407238e-05
452384.0,22,-21869003.71963713,-11208759.839402366,-10143736.510101639,2165.185193700061,-1596.5400084999612,-2782.4281736108164,-1.3585585275227181e-05
452984.0,22,-20487977.220681842,-12122571.921907019,-11772369.640009912,2435.341549536169,-1447.7323502578986,-2642.6337031792336,-1.3581746107084544e-05
453584.0,22,-18950100.493280455,-12943570.313779397,-13310849.57527277,2687.6740663940022,-1287.3564629419877,-2482.1336559399524,-1.3578117345956219e-05
454184.0,22,-17266865.444025323,-13665470.769221801,-14747479.840641223,2920.0640067730874,-1116.6411996528273,-2302.0912019557136,-1.3574279270407624e-05
454784.0,22,-15450486.232908024,-14281818.869749032,-16070109.923687324,3130.695528149425,-936.7224881342773,-2103.675346971635,-1.35710729345482e-05
455384.0,22,-13514729.275770294,-14787810.3138945,-17268538.11941526,3317.739357789679,-749.0083554615675,-1888.3740097463324,-1.3568070619716105e-05
455984.0,22,-11474240.401425721,-15179194.572532807,-18333104.491074417,3479.585070389625,-554.9256311258503,-1657.7762328157505,-1.3565267130648315e-05
456584.0,22,-9344576.06772886,-15452598.333948264,-19255146.2744293,3614.8077572733127,-355.9696482443312,-1413.6139511013898,-1.356265567554922e-05
457184.0,22,-7142086.934041201,-15605563.052090995,-20027079.943234824,3722.1847189740633,-153.69269700112818,-1157.7500576801278,-1.3560227903009409e-05
457784.0,22,-4883791.887402517,-15636575.244932307,-20642475.544427756,3800.7107526477944,50.30859132181138,-892.1646164491829,-1.355797395354241e-05
458384.0,22,-2587243.4592841086,-15545088.941982588,-21096122.22420118,3849.6117239863656,254.40682351520962,-618.9392917257167,-1.3555882525786877e-05
458984.0,22,-270385.7491390449,-15331539.751956657,-21384083.921328552,3868.356121736087,456.9582511501237,-340.2401081991998,-1.3553940957215144e-05
459584.0,22,2048593.8574692493,-14997350.110080363,-21503744.284508914,3856.664310919778,656.3178409066159,-58.298698771355205,-1.3552135318968199e-05
460184.0,22,4351417.730014674,-14544925.368639529,-21453839.976112857,3814.5152286176713,850.8548187093979,224.60775888491523,-1.3550450524207636e-05
460784.0,22,6619874.207569173,-13977640.512464784,-21234481.654641874,3742.1503034743773,1038.9684754642626,506.17767540574846,-1.3548870449142513e-05
461384.0,22,8835975.285091376,-13299817.410889441,-20847162.08067694,3640.0744263098013,1219.1040043955024,784.1069741865709,-1.3547378065660263e-05
461984.0,22,10982113.982638367,-12516692.65650109,-20294750.963365477,3509.0538532133874,1389.7681277580473,1056.1114981269855,-1.3545955584272411e-05
462584.0,22,13041219.554410849,-11634376.185411748,-19581476.352976937,3350.1109827569185,1549.5442648213855,1319.9495660954756,-1.3544584605885048e-05
463184.0,22,14996908.676319532,-10659801.020075493,-18712892.585349176,3164.516013560129,1697.1069940359598,1573.4443315882427,-1.3543246280727163e-05
463784.0,22,16833630.770727523,-9600664.619894795,-17695834.991095506,2953.775555180781,1831.2355704511237,1814.5055905695501,-1.3541921472623377e-05
464384.0,22,18536805.77106094,-8465362.395680077,-16538361.817142008,2719.6188631208506,1950.826367812529,2041.1517877944505,-1.3540907234968314e-05
464984.0,22,20092952.047870554,-7262914.621059422,-15249683.91888391,2463.978763912067,2054.903483828689,2251.525240086364,-1.3539551828997428e-05
465584.0,22,21489804.66195757,-6002886.212658574,-13840082.965332372,2188.9752516011,2142.6287443392207,2443.917041857259,-1.3538152496016816e-05
466184.0,22,22716419.94351911,-4695302.411732898,-12320819.57218754,1896.8919317823759,2213.3090651964676,2616.7787973201434,-1.3536690634591473e-05
466784.0,22,23763267.421863332,-3350559.731070725,-10704031.981212681,1590.1531657428086,2266.4025112896247,2768.7380386309615,-1.3535148189406242e-05
467384.0,22,24622307.166965656,-1979333.957160689,-9002626.856491623,1271.2993403454943,2301.5224040004664,2898.6102396523493,-1.3533507806146073e-05
467984.0,22,25287051.224574856,-592484.7001152188,-7230161.396483268,942.9607989103013,2318.439601441578,3005.408703661784,-1.3532318643806111e-05
468584.0,22,25752613.010109816,799033.3503774498,-5400730.837763075,607.8329671205586,2317.0826415915167,3088.3506937226784,-1.3530433853572992e-05
469184.0,22,26015734.10615391,2184273.8580358317,-3528831.677299323,268.64789156467526,2297.5366612835696,3146.8636785604212,-1.3528404685622183e-05
469784.0,22,26074801.544287674,3552386.001957507,-1629243.148599633,-71.85062631482117,2260.0399730994072,3180.586473563755,-1.3526217952684997e-05
470384.0,22,25929846.513837084,4892706.679964502,283101.9507998119,-410.9329157852983,2204.9793633779577,3189.3693042016894,-1.3523861792026048e-05
470984.0,22,25582528.495486744,6194847.935368206,2193243.6681071343,-745.9080512558728,2132.8838615193845,3173.271317146378,-1.3521325751925742e-05
471584.0,22,25036104.920947324,7448780.2415004615,4086319.169607086,-1074.1472176816635,2044.4172116140217,3132.5559584150274,-1.3518600863782232e-05
472184.0,22,24295387.29136055,8644910.815500908,5947683.473074813,-1393.1050623391225,1940.3637876010505,3067.6884550423392,-1.3515530291305107e-05
472784.0,22,23366684.20713892,9774156.854675377,7763026.423138301,-1700.3418751393747,1821.6407160047331,2979.311345164422,-1.3512407031434965e-05
473384.0,22,22257733.401109084,10828012.016742703,9518482.951184355,-1993.5389376542737,1689.2550185554246,2868.258822624468,-1.3509077420081023e-05
473984.0,22,20977622.964740552,11798607.067488264,11200737.935603354,-2270.5168007090706,1544.3143791231382,2735.5295419551107,-1.35055388500133e-05
474584.0,22,19536703.448156226,12678763.627339713,12797123.703641094,-2529.2491511171233,1388.0104480465432,2582.278467808125,-1.350179034033932e-05
475184.0,22,17946491.95998235,13462041.063378103,14295709.960832525,-2767.8751236359412,1221.6073374676703,2409.8038867326413,-1.3497832523935539e-05
475784.0,22,16219569.497974288,14142776.4195012,15685385.686683105,-2984.7096132489,1046.4300460241163,2219.5338135756124,-1.3493667622548173e-05
476384.0,22,14369472.707586303,14716117.389120346,16955932.69959888,-3178.2516474059935,863.8529469067732,2013.0119952578925,-1.3489299410362337e-05
476984.0,22,12410581.218781207,15178048.411231615,18098090.71306687,-3347.1909054662774,675.288454990287,1791.8836960449999,-1.3484733166892113e-05
477584.0,22,10358001.649115201,15525410.035376111,19103613.811466556,-3490.412494182137,482.17596972670276,1557.8814272700808,-1.347997562007529e-05
478184.0,22,8227449.287333265,15755911.753650442,19965318.366333496,-3607.000103697579,285.9711714465716,1312.8107617516187,-1.3475034880467566e-05
478784.0,22,6035128.390144637,15868138.538724294,20677122.49168973,-3696.2376784427847,88.13573023551407,1058.5363497816454,-1.3469920367424328e-05
479384.0,22,3797612.3418402863,15861551.279943783,21234077.198343452,-3757.612163042976,-109.87087140225776,796.9684694937654,-1.3464594070947653e-05
479984.0,22,1531721.9502813881,15736481.880652916,21632389.44771689,-3790.802923505344,-306.60728839558317,530.0488517868849,-1.3459165285153256e-05
480584.0,22,-745591.1048328413,15494122.082315238,21869437.421130363,-3795.6943636539154,-500.6493513438238,259.7388865242955,-1.3453597991548335e-05
481184.0,22,-3017363.622648922,15136508.002566695,21943778.132860452,-3772.3632806928736,-690.6049516871841,-11.993455593521753,-1.3447905974448447e-05
481784.0,22,-5266736.090250594,14666499.395758443,21855147.78649329,-3721.0775774238446,-875.1203142917749,-283.1854950394651,-1.3442103866725038e-05
482384.0,22,-7477065.843819042,14087754.431084342,21604455.10601259,-3642.291800172122,-1052.8874283232024,-551.8913761020825,-1.3436207044682254e-05
482984.0,22,-9632037.36565885,13404700.172071857,21193767.924142636,-3536.6420352593755,-1222.651040487437,-816.1931491490687,-1.3430231520057493e-05
483584.0,22,-11715769.365940934,12622499.007836418,20626293.289801244,-3404.9402355817415,-1383.2152386296736,-1074.2114236058849,-1.3424193829677791e-05
484184.0,22,-13712918.334583987,11747011.267819406,19906351.339536216,-3248.1680324258764,-1533.4496553361423,-1324.1156192214044,-1.3418110923258867e-05
484784.0,22,-15608778.274846166,10784754.232953534,19039343.15806299,-3067.470071183115,-1672.295320943605,-1564.133847026428,-1.3412000049794587e-05
485384.0,22,-17389376.34615816,9742857.738464996,18031712.832145844,-2864.1468935471044,-1798.770193363524,-1792.5624526603272,-1.3405878642952811e-05
485984.0,22,-19041564.149988588,8629016.54785907,16890903.88164428,-2639.6473735055533,-1911.9743885234236,-2007.7752535554152,-1.3399764205869897e-05
486584.0,22,-20553103.890140317,7451439.468445268,15625311.491744827,-2395.5600112716916,-2011.0916692157398,-2208.2333164220427,-1.3393324843158859e-05
487184.0,22,-21912752.309251834,6218796.485652811,14244223.040366933,-2133.6071217934796,-2095.407992712114,-2392.4904593714778,-1.3387276415706138e-05
487784.0,22,-23110333.644828774,4940161.441972256,12757766.480524583,-1855.6319467330832,-2164.2950674404397,-2559.206411111151,-1.338128673276031e-05
488384.0,22,-24136813.290446594,3624953.7081136354,11176840.44429278,-1563.5916435880736,-2217.228470947493,-2707.151972275362,-1.3375372425404579e-05
488984.0,22,-24984362.248035237,2282876.656285774,9513046.163638268,-1259.5465499785003,-2253.788015192078,-2835.217751226421,-1.336954962233952e-05
489584.0,22,-25646416.03652666,923854.0203363821,7778613.283438183,-945.6494270677936,-2273.6613190852618,-2942.4218875203283,-1.3363833839117173e-05
490184.0,22,-26117726.9814583,-442036.1520654047,5986319.848021814,-624.1338570059227,-2276.6472054139704,-3027.9174263396703,-1.3358905636259058e-05
490784.0,22,-26394409.115610026,-1804627.8307110555,4149414.1141539467,-297.30270376242277,-2262.6579341504116,-3090.99962496863,-1.3353447447405859e-05
491384.0,22,-26473976.300936922,-3153737.915943407,2281519.6651372327,32.485774037522674,-2231.7225987963434,-3131.1123464970524,-1.334813807518298e-05
491984.0,22,-26355371.337098774,-4479235.717837842,396549.1951847092,362.8310631950958,-2183.9884430456,-3147.854466029259,-1.3342989527848907e-05
492584.0,22,-26038987.10142929,-5771114.747186771,-1491391.6160853768,691.305129741419,-2119.722425068396,-3140.985482081049,-1.3338012691508887e-05
493184.0,22,-25526678.50804321,-7019564.928675696,-3368102.1767290286,1015.4678332129226,-2039.311994404118,-3110.4305039055994,-1.3333217241653693e-05
493784.0,22,-24821765.43112022,-8215044.3667524755,-5219387.175074891,1332.8837540609775,-1943.2701272424843,-3056.280595776497,-1.3328262354701996e-05
494384.0,22,-23929023.021566577,-9348354.464964857,-7031162.539757771,1641.136875053016,-1832.2147893863348,-2978.8114752838383,-1.3323853429093878e-05
494984.0,22,-22854666.7911163,-10410707.047797916,-8789555.40424416,1937.8516914972624,-1706.8970270040681,-2878.4627150551214,-1.3319646865417197e-05
495584.0,22,-21606321.550210025,-11393797.736969966,-10481013.397145338,2220.7093750074955,-1568.1786612573055,-2755.854169508641,-1.331564674786008e-05
496184.0,22,-20192981.76619364,-12289873.59143785,-12092409.634975426,2487.467151472043,-1417.0336478344896,-2611.7819025270046,-1.3311855616882253e-05
496784.0,22,-18624959.967287306,-13091799.034682402,-13611148.070848435,2735.977496867039,-1254.5434049274056,-2447.216502172995,-1.3308274430543593e-05
497384.0,22,-16913823.56539106,-13793118.600123279,-15025267.319022866,2964.207496034559,-1081.8909885475898,-2263.29982284399,-1.330490253719482e-05
497984.0,22,-15072320.078434229,-14388115.79194975,-16323541.976245904,3170.2581492799054,-900.3540751634897,-2061.340044378007,-1.3301737660342216e-05
498584.0,22,-13114290.870577397,-14871867.342602149,-17495580.403453104,3352.3833831949187,-711.296730584489,-1842.8049569551922,-1.3298775896425463e-05
499184.0,22,-11054573.681190196,-15240292.144264668,-18531917.887241844,3509.0084970376747,-516.1599662029408,-1609.3134053625781,-1.3296011726150217e-05
499784.0,22,-8908894.378748339,-15490194.141691891,-19424104.07259642,3638.7477556245194,-316.45110874541297,-1362.624856105035,-1.3293438039894155e-05
500384.0,22,-6693748.550514495,-15619298.498871213,-20164783.549330167,3740.4208253292973,-113.73203702431488,-1104.6270855054527,-1.3291046177557335e-05
500984.0,22,-4426273.301712429,-15626280.435306584,-20747768.560978793,3813.066639804726,90.39368456354418,-837.3211514712359,-1.3288410973333812e-05
501584.0,22,-2124112.605861806,-15510785.834233306,-21168102.366853002,3855.9610174485438,294.29433665729107,-562.8088542803176,-1.3286350759598343e-05
502184.0,22,194728.10514048254,-15273444.019528858,-21422113.106342196,3868.621108523487,496.32493139282485,-283.27029991546317,-1.3284437707517479e-05
502784.0,22,2512030.233499694,-14915870.943962134,-21507456.32765753,3850.8186338735463,694.8421662063691,-0.9479878130117356,-1.3282657646121074e-05
503384.0,22,4809516.043719911,-14440663.508988623,-21423145.853675365,3802.5849115568635,888.2200940552915,281.8742377160978,-1.3280995269770426e-05
503984.0,22,7069005.319164691,-13851384.419092853,-21169572.19641722,3724.2141978988716,1074.865952806951,562.8925038401703,-1.3279434261612478e-05
504584.0,22,9272573.137410572,-13152537.572300594,-20748508.002793904,3616.264051179582,1253.2359791133304,839.8049568309256,-1.3277957428396345e-05
505184.0,22,11402706.96182373,-12349534.06553845,-20163100.18564584,3479.5526109404636,1421.8509628839922,1110.334226500983,-1.3276546845320924e-05
505784.0,22,13442461.199541753,-11448649.038564533,-19417848.58538914,3315.1527471907775,1579.3112939249272,1372.2499711251396,-1.3275184009385815e-05
506384.0,22,15375607.365380645,-10456969.726354316,-18518571.209684573,3124.3830990115425,1724.3112547290748,1623.3911534063413,-1.3273849999546587e-05
506984.0,22,17186778.018994674,-9382335.233078552,-17472356.30631509,2908.796088945832,1855.652322979628,1861.6876945421316,-1.3272525641835496e-05
507584.0,22,18861602.709491357,-8233268.677053744,-16287501.732281975,2670.1630657107694,1972.255263935661,2085.181159983951,-1.3271191677505018e-05
508184.0,22,20386834.51372445,-7018902.298046086,-14973442.138673488,2410.456694143136,2073.172626946065,2292.0434145428258,-1.327014538254267e-05
508784.0,22,21750464.121201217,-5748897.557674337,-13540665.701424895,2131.8314665150715,2157.5906138007094,2480.597309892368,-1.3268734973088243e-05
509384.0,22,22941824.032435913,-4433358.274961826,-12000619.269323517,1836.6011058739891,2224.8473654010177,2649.3282739078577,-1.326725835672058e-05
509984.0,22,23951676.428897664,-3082741.781553582,-10365605.924831932,1527.2153504772577,2274.431283286362,2796.901004099723,-1.3265697606773113e-05
510584.0,22,24772287.79151383,-1707766.282995388,-8648674.20594614,1206.2348793923607,2305.9865918829473,2922.1702906409837,-1.3264035527779605e-05
511184.0,22,25397487.99629756,-319316.68193561677,-6863501.191546909,876.3054550610352,2319.315197179533,3024.1901552892896,-1.326225580034668e-05
511784.0,22,25822713.716265284,1071650.1929664435,-5024270.7870589625,540.1315852469365,2314.3766902826696,3102.2205144038353,-1.3260343115998547e-05
512384.0,22,26045035.94695843,2454199.8495776067,-3145548.708781405,200.45011366128773,2291.28655600877,3155.731346814565,-1.3258283300662112e-05
512984.0,22,26063171.716642898,3817512.8275598623,-1242155.6650399645,-139.99586860808404,2250.312680558419,3184.404399102209,-1.3256063425676122e-05
513584.0,22,25877480.27378715,5150974.831571605,670959.7987146754,-478.48242577047745,2191.8702817896733,3188.1325089554966,-1.325367190543517e-05
514184.0,22,25489944.257883977,6444263.388502173,2578847.3831373774,-812.329164376162,2116.515409890195,3167.0166702176075,-1.3251098581011835e-05
514784.0,22,24904136.55020334,7687430.209480879,4466678.723270519,-1138.9223169026486,2024.9371848432786,3121.360999866143,-1.324833478933088e-05
515384.0,22,24125173.698960528,8870978.570930071,6319867.436298613,-1455.7359556320957,1917.942718213143,3051.67074794343,-1.3245223897313402e-05
515984.0,22,23159656.812802054,9985934.88944091,8124184.501736778,-1760.353034502426,1796.472247062436,2958.6239227074916,-1.3242059479875657e-05
516584.0,22,22015600.997195996,11023914.703001503,9865868.120989414,-2050.4815468911693,1661.5514151012121,2843.0907001197666,-1.3238688056074902e-05
517184.0,22,20702354.900250867,11977181.527217232,11531726.68354222,-2323.971588915061,1514.3050989925148,2706.1024460671947,-1.323510734573736e-05
517784.0,22,19230511.04467069,12838699.36078157,13109234.892842857,-2578.829025895073,1355.939875196653,2548.844264999626,-1.3231316693525455e-05
518384.0,22,17611808.472680937,13602178.202350188,14586622.098970061,-2813.2273994499888,1187.7324933478403,2372.6418712477266,-1.3227317053831745e-05
518984.0,22,15859028.864903873,14262112.602219837,15952952.526949363,-3025.517844444842,1011.0183070150208,2178.9478974972867,-1.3223110963497294e-05
431984.0,23,-3508857.2626517313,-14717776.876698662,21935918.74643068,3823.4745181232174,-82.83929251126511,531.7976670330986,0.0006396841443499483
432584.0,23,-1204418.3324720564,-14711607.110722149,22171429.147617858,3853.2952169555165,103.36126322915308,252.70104648145713,0.0006396874166076964
433184.0,23,1109154.7525150836,-14593818.832801268,22238688.37243077,3853.8962900541796,289.0403095666901,-28.709942926553754,0.0006396905944851884
433784.0,23,3414296.039545796,-14365145.838164466,22136942.19594393,3825.1886079159854,472.79527466285913,-310.3181531105945,0.0006396936739120253
434384.0,23,5693451.448706499,-14027161.607997846,21866710.93781736,3767.3013825352386,653.2296393580181,-589.9924092895232,0.0006396966515499758
434984.0,23,7929210.138374318,-13582272.611317081,21429793.26866062,3680.583886029227,828.9632822278138,-865.6030160780817,0.0006396995248224006
435584.0,23,10104436.452734679,-13033705.385246508,20829260.642011438,3565.6056077335215,998.6429688578166,-1135.037648291262,0.0006397022919383992
436184.0,23,12202401.592090562,-12385487.387583267,20069442.13207417,3423.1568369158354,1160.9535440057641,-1396.2184231382416,0.0006397046936198062
436784.0,23,14206913.483674508,-11642421.20060257,19155899.625287496,3254.2372218345813,1314.6258575443467,-1647.1145699629878,0.0006397072460899218
437384.0,23,16102445.068801662,-10810053.168599645,18095393.08471019,3060.0630383858943,1458.4512615210995,-1885.7643904321908,0.0006397096919026912
437984.0,23,17874258.365577355,-9894635.0918718,16895836.175739013,2842.052231750664,1591.2890597771996,-2110.287709790966,0.0006397120325371944
438584.0,23,19508524.260436166,-8903080.231241483,15566242.143133586,2601.817752524643,1712.0771526661279,-2318.9028214489917,0.0006397142702899394
439184.0,23,20992436.536256462,-7842913.394527527,14116660.22965313,2341.1570061250222,1819.8415441613568,-2509.9420254540337,0.0006397164082619498
439784.0,23,22314319.070657756,-6722215.453446866,12558102.921663592,2062.039457362729,1913.7053150876047,-2681.866553203289,0.000639718450339191
440384.0,23,23463725.10007218,-5549562.638632991,10902464.431734651,1766.5924363161414,1992.8969474463229,-2833.280699017421,0.0006397204011663541
440984.0,23,24431527.477904446,-4333961.031090941,9162430.938891765,1457.0852201335697,2056.757885846783,-2962.94497775446,0.0006397222661140775
441584.0,23,25209998.90613043,-3084776.7381162895,7351383.218376752,1135.911494860212,2104.7492255570396,-3069.788129825369,0.0006397240512397685
442184.0,23,25792881.18961521,-1811662.3088184425,5483292.40202838,805.5703310806206,2136.45742277223,-3152.917801048231,0.0006397257632422555
442784.0,23,26175442.65129509,-524480.0071573388,3572609.715070807,468.6458362698048,2151.598931398491,-3211.6297348879434,0.0006397274094105784
443384.0,23,26354522.930102054,766777.4309283239,1634151.0708287726,127.78553858539752,2150.022858307933,-3245.413729276446,0.0006397282736393926
443984.0,23,26328564.658612024,2052067.632285559,-317022.21532623074,-214.32158288526242,2131.71649767945,-3253.9658270951973,0.0006397298122253905
444584.0,23,26097631.235159323,3321380.5032613524,-2265725.675559874,-554.9686340280984,2096.8013839486102,-3237.182616508818,0.0006397313097928546
445184.0,23,25663410.744173057,4564820.457306194,-4196776.027956148,-891.454118348385,2045.536210093099,-3195.1696181496286,0.0006397327753761841
445784.0,23,25029205.532162804,5772687.854676956,-6095115.781558312,-1221.1056077233363,1978.3143165196018,-3128.2396149288916,0.0006397342182719597
446384.0,23,24199907.578286577,6935559.061718434,-7945937.2645298485,-1541.303268745912,1895.6606617120292,-3036.9105550739005,0.0006397356479630315
446984.0,23,23181959.8006019,8044364.272576008,-9734804.751407294,-1849.502982166414,1798.2274793083677,-2921.9014197585966,0.0006397370740407746
447584.0,23,21983303.63843458,9090462.310321596,-11447773.465546172,-2143.25877712288,1686.7886650283228,-2784.126091657507,0.0006397385061262752
448184.0,23,20613313.419251747,10065711.65882922,-13071504.2671708,-2420.244310533767,1562.2329567519857,-2624.685291827468,0.0006397399537912231
448784.0,23,19082718.178281702,10962537.023043655,-14593372.890746988,-2678.2731363041507,1425.5559897239443,-2444.8566821626305,0.0006397414264792924
449384.0,23,17403511.747479297,11773990.772451214,-16001572.666399658,-2915.3175284882354,1277.8513258222547,-2246.0832584688246,0.0006397429334287827
449984.0,23,15588852.064251134,12493808.6892161,-17285209.747040074,-3129.5256467063496,1120.3005706395954,-2029.960184225238,0.0006397444835972781
450584.0,23,13652950.681525199,13116459.598621748,-18434390.09050219,-3319.2403804202563,954.1618121402746,-1798.2230508919884,0.0006397458274583778
451184.0,23,11610954.154824471,13637187.97586872,-19440296.671196826,-3482.9984941021175,780.7619237222189,-1552.7210490372552,0.0006397474891221541
451784.0,23,9478817.300910803,14052050.358272124,-20295258.128138375,-3619.5632931340656,601.4792192453749,-1295.4165830771326,0.0006397492184863785
452384.0,23,7273171.237978232,14357943.836763658,-20992805.993804183,-3727.9192254995196,417.734993622142,-1028.3569886566943,0.0006397510226996595
452984.0,23,5011186.366837152,14552627.48203771,-21527721.714645743,-3807.2822931875926,230.980167498787,-753.6590844189175,0.0006397529083071054
453584.0,23,2710432.101711344,14634736.262331272,-21896072.635959283,-3857.1045665588,42.68280461770064,-473.4907205829214,0.0006397548812005307
454184.0,23,388734.61767098587,14603787.51088499,-22095236.89705064,-3877.07645613653,-145.68430659594242,-190.05218700876736,0.0006397569465746069
454784.0,23,-1935966.066272927,14460180.02694614,-22123917.22400693,-3867.126790487012,-332.6558765943268,94.44231595013773,0.0006397591088892474
455384.0,23,-4245758.389500418,14205185.96740115,-21982143.7227481,-3827.420776533005,-516.7860223614309,377.7829520960099,0.0006397613718384421
455984.0,23,-6522899.7131627295,13840935.752906345,-21671265.88213585,-3758.355942912898,-696.6597493248632,657.7820922658544,0.0006397637383256789
456584.0,23,-8749953.78695711,13370396.272050617,-21193934.094511233,-3660.5561874868813,-870.9039101266417,932.2915648653835,0.0006397662104460228
457184.0,23,-10909924.138260303,12797342.719211595,-20554071.088232115,-3534.864066593568,-1038.1975560941714,1199.2191718165361,0.0006397687894748464
457784.0,23,-12986382.234245583,12126324.401651323,-19756833.674099375,-3382.32955172603,-1197.2788108241732,1456.543228117156,0.0006397712168784406
458384.0,23,-14963590.604333691,11362625.095516846,-18808565.588169668,-3204.206861504577,-1346.9651247465613,1702.3318482902916,0.0006397740104955765
458984.0,23,-16826616.889147907,10512218.27214779,-17716741.851670578,-3001.9311392359527,-1486.1442733629456,1934.7495393567024,0.0006397769099177746
459584.0,23,-18561443.058301527,9581717.44417529,-16489904.913940346,-2777.112713479,-1613.7932828459248,2152.07457287514,0.0006397799131567447
460184.0,23,-20155064.95426241,8578322.55700318,-15137593.932763329,-2531.5211149811166,-1728.9820259639464,2352.709142479742,0.0006397830174438105
460784.0,23,-21595583.494331617,7509762.638035399,-13670267.46308664,-2267.070135498303,-1830.8789076217993,2535.1895698993108,0.0006397862192554021
461384.0,23,-22872286.749397792,6384235.261630031,-12099220.349745186,-1985.8022341753185,-1918.755713553611,2698.195310880104,0.0006397895143437446
461984.0,23,-23975722.538927782,5210343.324878634,-10436495.537011128,-1689.8724330561533,-1991.9916307207504,2840.556758990562,0.0006397928977724019
462584.0,23,-24897761.261678062,3997029.6241605897,-8694791.508398179,-1381.5318331223984,-2050.0764545288785,2961.2618563187975,0.0006397963639563188
463184.0,23,-25631648.756205387,2753509.7138899667,-6887366.065059625,-1063.1108712420964,-2092.6130031369084,3059.4615290645347,0.0006397999067059934
463784.0,23,-26172049.05408628,1489203.5176424996,-5027937.141329564,-737.0024270025883,-2119.318762928941,3134.4739729948096,0.000639803519275405
464384.0,23,-26515076.95167768,213666.14858849812,-3130581.3424684275,-405.64487701455664,-2130.026791736672,3185.7878187518845,0.0006398071944133227
464984.0,23,-26658320.493859343,-1063481.8946394671,-1209630.442335461,-71.50348789895278,-2124.683270069554,3213.063821237658,0.0006398106671337588
465584.0,23,-26600852.787063856,-2332623.114681661,720430.9561949617,262.93970543931164,-2103.357549019077,3216.1374349788766,0.0006398144440553556
466184.0,23,-26343234.61694909,-3584213.442040093,2645072.160224123,595.2123700888665,-2066.2251753454643,3195.0165074618703,0.000639818259307563
466784.0,23,-25887506.380460974,-4808849.439857747,4549819.018054879,922.8618239132237,-2013.5766592689445,3149.881848287099,0.0006398221041847637
467384.0,23,-25237170.47384606,-5997335.309141543,6420357.436802847,1243.4727125400466,-1945.8124355457335,3081.0849128311593,0.0006398259697702871
467984.0,23,-24397164.037319046,-7140748.073066797,8242635.1251132535,1554.6827718135482,-1863.4398823373267,2989.1449504849647,0.0006398298470001626
468584.0,23,-23373822.309754077,-8230500.780561589,10002961.326380404,1854.1982102439074,-1767.0697743705232,2874.745254555607,0.000639833726727676
469184.0,23,-22174832.84422052,-9258403.390044924,11688104.001522843,2139.808669691122,-1657.4121876774836,2738.728535625198,0.0006398375997883725
469784.0,23,-20809180.862192307,-10216721.005544167,13285383.934705423,2409.4017228790526,-1535.2718708649313,2582.091436649077,0.0006398414570651567
470384.0,23,-19287086.050747648,-11098229.147647832,14782765.248088304,2660.9768651738864,-1401.543095824732,2405.9782048645834,0.0006398452895531363
470984.0,23,-17619931.133848105,-11896265.75097595,16168941.822817355,2892.6589554919483,-1257.2039992168309,2211.673532913492,0.0006398490884238562
471584.0,23,-15820183.638778707,-12604779.257535597,17433418.535464145,3102.7102010881204,-1103.3110738552575,2000.5946367145689,0.0006398529756588802
472184.0,23,-13901304.908195673,-13218374.515385788,18566590.458356354,3289.5457946285455,-940.9899361316402,1774.2822235622527,0.0006398566818683187
472784.0,23,-11877662.547620157,-13732351.158847079,19559810.370782778,3451.740176452375,-771.4320684495833,1534.3912831728496,0.0006398603296622022
473384.0,23,-9764425.827012207,-14142740.960581196,20405456.458362874,3588.041229452558,-595.8846603498849,1282.6804424396673,0.0006398639115351979
473984.0,23,-7577460.169089774,-14446338.773918271,21096990.411856145,3697.3792419845204,-415.6432059078137,1021.0008790094996,0.0006398674204578839
474584.0,23,-5333215.031065915,-14640728.871255187,21629009.237323485,3778.8758215614776,-232.04302828801667,751.2844102658938,0.0006398708499297494
475184.0,23,-3048606.851410378,-14724306.027160676,21997289.69604117,3831.851327580065,-46.450263211061326,475.5308386411606,0.0006398742704492764
475784.0,23,-740897.3439318597,-14696291.472936286,22198825.063634012,3855.8335304945217,139.74690425572433,195.7946476383899,0.0006398775239160114
476384.0,23,1572431.3170591667,-14556742.605309265,22231853.528705046,3850.5604026896513,325.14859461634035,-85.82902046986412,0.0006398806820835481
476984.0,23,3873804.82144063,-14306557.464118956,22095878.252111897,3815.9862905212535,508.35267987882025,-367.21895903245735,0.0006398837410276324
477584.0,23,6145686.922987305,-13947472.912113339,21791678.454429533,3752.284350076675,687.9650803735183,-646.2430265113809,0.0006398866975628221
478184.0,23,8370710.998077619,-13482056.735773833,21321311.350456953,3659.847964462574,862.6101435666671,-920.7737375964274,0.0006398895492708646
478784.0,23,10531812.00342142,-12913693.507825267,20688104.66308801,3539.290581854053,1030.9411538838435,-1188.704219973458,0.0006398922945237335
479384.0,23,12612357.978392603,-12246564.204688106,19896639.55408294,3391.4446721313325,1191.6551873579688,-1447.9633417027712,0.0006398946746647924
479984.0,23,14596279.32644057,-11485619.32255537,18952723.770541254,3217.3550990277354,1343.486394732617,-1696.536372472459,0.00063989720523559
480584.0,23,16468197.081779314,-10636545.919628471,17863354.849816915,3018.278278436474,1485.2424546255638,-1932.474939654048,0.000639899629349653
481184.0,23,18213545.56063965,-9705728.454875086,16636673.928748742,2795.6720176845292,1615.7972751124653,-2153.9174715217628,0.0006399019486541701
481784.0,23,19818691.298975892,-8700203.532819297,15281909.636964884,2551.1871876273667,1734.1052552896413,-2359.1040493686373,0.0006399041656119306
482384.0,23,21271045.814300973,-7627608.878305189,13809312.633809404,2286.656800051074,1839.2106993218306,-2546.3918396264635,0.0006399062834870501
482984.0,23,22559171.31531724,-6496126.803101966,12230081.044196483,2004.083246133578,1930.2566739851159,-2714.26987631812,0.0006399083063240334
483584.0,23,23672878.259407237,-5314422.525869441,10556277.225422364,1705.6237477089994,2006.4931945552858,-2861.3730136698414,0.0006399102389202003
484184.0,23,24603313.694327924,-4091577.7776424903,8800736.40805827,1393.5741018906508,2067.2846254136803,-2986.494867973312,0.0006399120867915764
484784.0,23,25343039.37524115,-2837020.194390636,6976967.865213264,1070.3508292505126,2112.1161857640554,-3088.599570757775,0.0006399138561324206
485384.0,23,25886098.721999392,-1560449.0646642875,5099049.373160135,738.4718654541832,2140.5994574772967,-3166.8321622471767,0.0006399155537686381
485984.0,23,26228071.774295717,-271758.06210541213,3181515.8298912356,400.53596517841095,2152.4768013245625,-3220.5274650525275,0.0006399171871054033
486584.0,23,26366117.33145526,1019044.2379855016,1239243.2402905573,59.20165927654239,2147.6263950402113,-3249.2154228007917,0.0006399180396647541
487184.0,23,26299002.152167883,2301915.9240877093,-712672.2850829663,-282.8378908325847,2126.0570471194387,-3252.6340086349906,0.0006399195686861269
487784.0,23,26027115.620067943,3566863.3889787477,-2659036.164401821,-622.8742009372811,2087.9197048773003,-3230.7214907914454,0.0006399210585005106
488384.0,23,25552470.926722623,4804023.525591119,-4584680.316072632,-958.2095989082625,2033.4996190044674,-3183.625503589438,0.0006399225182056812
488984.0,23,24878691.78379387,6003744.988428432,-6474587.695667197,-1286.1802325847882,1963.2161957770768,-3111.700692624125,0.0006399239571463245
489584.0,23,24010984.948934466,7156667.874868136,-8314016.043478187,-1604.1795387784698,1877.6197057149056,-3015.506201666888,0.0006399253848376554
490184.0,23,22956098.7409299,8253801.012675062,-10088619.480771098,-1909.6812483644064,1777.3866856458578,-2895.8011288452026,0.000639926810887359
490784.0,23,21722267.91886614,9286596.07649047,-11784566.736093882,-2200.2616504397206,1663.3140816839132,-2753.5379949212233,0.0006399282449166198
491384.0,23,20319145.46673395,10247017.79285912,-13388654.82126674,-2473.6208483994355,1536.3122002991984,-2589.854297371947,0.0006399296964810171
491984.0,23,18757721.982703954,11127609.54191039,-14888417.03370529,-2727.602756176009,1397.3965530178243,-2406.062253448506,0.0006399311749920687
492584.0,23,17050233.517979976,11921553.722973984,-16272224.236145608,-2960.2136033952065,1247.6786968411689,-2203.636862663372,0.0006399326896401933
493184.0,23,15210058.840715257,12622726.319758823,-17529378.45477821,-3169.638743230677,1088.3561867871347,-1984.2024435046378,0.000639934249319841
493784.0,23,13251607.350555401,13225745.221024973,-18650198.01451013,-3354.261372575389,920.7015013646544,-1749.5197137863845,0.0006399356046804868
494384.0,23,11190198.26814463,13726011.60477436,-19626092.94376348,-3512.660181690469,746.0517757662235,-1501.4624434434652,0.0006399372792353229
494984.0,23,9041933.003781619,14119744.842584386,-20449631.56544236,-3643.6432292448494,565.7950002906938,-1242.0112978578663,0.0006399390230272039
495584.0,23,6823562.195757799,14404009.527373066,-21114595.40053544,-3746.2409662502523,381.35913177229963,-973.2291827085813,0.0006399408430880914
496184.0,23,4552347.844406234,14576735.469475716,-21616024.07050547,-3819.7164814719954,194.19930202102296,-697.2447627894683,0.0006399427458355385
496784.0,23,2245922.541219913,14636730.150341984,-21950249.039086964,-3863.569562374121,5.78533977423308,-416.23396678719917,0.0006399447370240681
497384.0,23,-77853.01835439459,14583683.737898078,-22114916.253371436,-3877.5385215236142,-182.41061682563344,-132.40139354674056,0.0006399468217025639
497984.0,23,-2401032.92662678,14418166.762130134,-22108997.69535473,-3861.5998428784624,-368.9262884459898,152.0381791090525,0.0006399490041779494
498584.0,23,-4705728.091162796,14141620.621417679,-21932791.968832992,-3815.9657293736436,-552.3210846036914,434.8779941317368,0.0006399512879853528
499184.0,23,-6974246.1864189645,13756341.155539166,-21587914.151726525,-3741.079656717986,-731.1874881283898,713.9370496143351,0.0006399536758648821
499784.0,23,-9189228.386646343,13265455.579467148,-21077275.239412274,-3637.6100579946706,-904.161899252561,987.0772108585887,0.0006399561697450644
500384.0,23,-11333781.815400949,12672893.122691138,-20405051.589644738,-3506.4422793375443,-1069.934857852839,1252.219561780178,0.0006399587707329332
500984.0,23,-13391606.126276182,11983349.860821435,-19576645.006374165,-3348.6686853435126,-1227.2561712033648,1507.3602584767395,0.0006399612199376319
501584.0,23,-15347116.99789273,11202247.53883447,-18598633.037527546,-3165.578674045786,-1374.9614036395656,1750.5835276816083,0.000639964035285742
502184.0,23,-17185556.586155187,10335688.442429947,-17478712.630721744,-2958.6448464944347,-1511.9531892783516,1980.0773161953327,0.0006399669561379873
502784.0,23,-18893102.27970162,9390404.607196338,-16225634.265107784,-2729.51062895948,-1637.2263151734319,2194.144132515043,0.000639969980344457
503384.0,23,-20456964.337146264,8373703.514156448,-14849129.960749716,-2479.975715827141,-1749.8695798901058,2391.2125720720046,0.0006399731049793216
503984.0,23,-21865475.295232467,7293410.086318734,-13359834.736742718,-2211.98098649385,-1849.07131506471,2569.847281709424,0.0006399763263674235
504584.0,23,-23108170.175699513,6157805.597559519,-11769202.416747445,-1927.5927985509968,-1934.1240714871722,2728.7577227098886,0.0006399796401159961
505184.0,23,-24175857.146423098,4975563.988012097,-10089416.495275307,-1628.9867968701092,-2004.4284795723227,2866.8057326427297,0.0006399830411511675
505784.0,23,-25060678.371334024,3755686.0743517,-8333296.77751696,-1318.4313678568074,-2059.4963003714424,2983.011896927391,0.0006399865237588916
506384.0,23,-25756160.857082877,2507432.134331249,-6514202.499465906,-998.2708570468553,-2098.9526881694346,3076.5607495995237,0.0006399900816299322
506984.0,23,-26257257.17210519,1240253.3333190582,-4645932.624549143,-670.9086568092525,-2122.5376892647664,3146.8048293514707,0.00063999370790853
507584.0,23,-26560375.97554017,-36277.55293339444,-2742623.998921439,-338.79025960641155,-2130.1070038221505,3193.2676215819624,0.0006399973952443711
508184.0,23,-26663402.417039033,-1312535.7641259513,-818647.790704854,-4.384819107952779,-2121.628799362783,3215.6442778186133,0.0006400008785171247
508784.0,23,-26565708.113949217,-2578913.6070747995,1111493.6466549211,329.82558804790347,-2097.1960402884265,3213.8069915583487,0.0006400046644376458
509384.0,23,-26268151.449716404,-3825889.7367644254,3033272.676520563,661.3713815111861,-2057.005756756353,3187.7979762419677,0.0006400084869494861
509984.0,23,-25773067.70907344,-5044096.715249487,4932239.298456967,987.8060685507284,-2001.3701211033365,3137.832841210522,0.000640012337295098
510584.0,23,-25084249.485072933,-6224387.599729253,6794124.340196646,1306.72367698411,-1930.7106839119106,3064.2973343335234,0.0006400162065187187
511184.0,23,-24206917.52130459,-7357900.762692291,8604940.835573617,1615.7744444723844,-1845.5552811550815,2967.7443046914655,0.0006400200855303425
511784.0,23,-23147682.2123664,-8436122.664413467,10351083.281464137,1912.6801189479718,-1746.534379262088,2848.8897717328127,0.0006400239651704225
512384.0,23,-21914496.019069277,-9450948.240968836,12019424.235894503,2195.2488286344797,-1634.3768749617998,2708.6081220817478,0.0006400278362749479
512984.0,23,-20516597.08168443,-10394738.582084533,13597407.733526763,2461.3894801949564,-1509.9053644645771,2547.9264516958597,0.0006400316897405463
513584.0,23,-18964444.341001317,-11260375.583182713,15073139.0071382,2709.125642119339,-1374.030894577524,2368.018067939035,0.0006400355165892579
514184.0,23,-17269644.50384655,-12041313.2650615,16435470.01458959,2936.6088676518452,-1227.7472068622703,2170.1951635852947,0.0006400393080326277
514784.0,23,-15444871.21777662,-12731625.462964548,17674080.28038252,3142.1314075261594,-1072.124485076055,1955.900673029298,0.0006400430555347623
515384.0,23,-13503777.075053992,-13326049.49775803,18779552.412286837,3324.1381474965156,-908.3062652537475,1726.697834522095,0.0006400464921077445
515984.0,23,-11460897.44293213,-13820026.128518447,19743442.779066987,3481.238382235758,-737.4877066428171,1484.2663261043708,0.0006400501274287201
516584.0,23,-9331550.319942353,-14209734.064080372,20558344.46255039,3612.215653052004,-560.9295734178526,1230.3829686335675,0.0006400536953271298
517184.0,23,-7131727.568165706,-14492120.683035469,21217945.25695751,3716.0378786937176,-379.9357359587861,966.9162230576193,0.0006400571888745295
517784.0,23,-4877982.016704535,-14664927.289771756,21717077.869374458,3791.8659558902386,-195.8481931730172,695.8126869593733,0.0006400606016820283
518384.0,23,-2587309.426629066,-14726709.217073716,22051762.8352574,3839.0614448594865,-10.038110376982956,419.08431137893734,0.0006400639279494426
518984.0,23,-277026.2241534223,-14676850.457882611,22219243.58200406,3857.193131806969,176.10351968354263,138.7949278077772,0.0006400671625108201
431984.0,24,16533798.226132212,-19027873.2869696,7215411.602629339,1241.5906788018415,2266.9568334376195,2952.3325780269097,-2.183730748054532e-05
432584.0,24,17211849.916671544,-17593722.117980525,8955813.938660815,1017.2046511986609,2510.4649775538583,2844.794174696204,-2.1829241697787466e-05
433184.0,24,17752525.439681094,-16019156.243137993,10624716.12081786,783.9939862689951,2734.662139783878,2714.181440681736,-2.1821386023773043e-05
433784.0,24,18151096.867328838,-14316369.663494926,12208548.931645824,543.8573681244904,2937.559838944902,2561.451498707399,-2.1813717686368772e-05
434384.0,24,18404002.032813545,-12498698.443834122,13694382.297389675,298.7772944600167,3117.3427601746703,2387.773979306007,-2.1806212217005614e-05
434984.0,24,18508888.8403301,-10580509.683539212,15070050.36409555,50.800357824233515,3272.391514213561,2194.522454399297,-2.179884365802136e-05
435584.0,24,18464647.258263953,-8577077.455844339,16324270.449851386,-197.98394092128365,3401.3033460723555,1983.2627894042232,-2.1791584789700444e-05
436184.0,24,18271428.274061684,-6504447.06909247,17446753.9524021,-445.4642751848844,3502.911202354442,1755.739497937343,-2.17847500910916e-05
436784.0,24,17930648.93097869,-4379289.618083949,18428308.061571658,-689.5353101932853,3576.2954048823594,1513.8544419502334,-2.1777625222325093e-05
437384.0,24,17444984.23739629,-2218747.7342968155,19260925.443114102,-928.1139575867029,3620.8008694609916,1259.6527017426286,-2.1770523313719524e-05
437984.0,24,16818344.182782255,-40276.200104851276,19937861.86380083,-1159.1671468859731,3636.0418366537474,995.2966400439727,-2.1763414660518007e-05
438584.0,24,16055837.607918695,2138521.6917980406,20453699.839793786,-1380.7332490290366,3621.907246240586,723.0430026233739,-2.1756269621265486e-05
439184.0,24,15163722.762854926,4300059.149171531,20804397.588544663,-1590.9435872205179,3578.5613262975385,445.21775705368356,-2.1749058895612503e-05
439784.0,24,14149345.42686294,6426930.037907396,20987322.65001896,-1788.0424985896211,3506.440297929171,164.1901179607405,-2.1741753797296986e-05
440384.0,24,13021065.57199932,8502069.902612207,21001269.852528214,-1970.405582016891,3406.245308571918,-117.65373443036948,-2.1734326518507113e-05
440984.0,24,11788173.750328496,10508911.664704693,20846463.598712813,-2136.5558223208923,3278.931803328205,-397.93673776267644,-2.1726750382054292e-05
441584.0,24,10460798.547921555,12431533.964713205,20524544.740322832,-2285.177345106734,3125.6956304857695,-674.3163479179498,-2.1719000078098965e-05
442184.0,24,9049806.572129067,14254800.314057542,20038542.58675977,-2415.126626847834,2947.956250759799,-944.5088067674567,-2.171105188256045e-05
442784.0,24,7566696.519894704,15964487.45813227,19392832.84334702,-2525.44105788447,2747.337477259464,-1206.3118771367742,-2.170288385478846e-05
443384.0,24,6023488.787784951,17547401.722531833,18593082.644142155,-2615.3452160985794,2525.6482251531797,-1457.6289499147836,-2.169481737172399e-05
443984.0,24,4432613.253750682,18991481.50835201,17646183.141760085,-2684.252632560958,2284.851761871777,-1696.4745540950717,-2.1686152069454538e-05
444584.0,24,2806793.40007399,20285887.570216022,16560172.363886505,-2731.7686507986577,2027.0537623068528,-1921.0108975661753,-2.1677213444960714e-05
445184.0,24,1158933.709644137,21421076.752609417,15344148.568068415,-2757.6873753151594,1754.4701257419974,-2129.5480836832244,-2.166798819434577e-05
445784.0,24,-497993.04533937573,22388862.407188542,14008176.023391409,-2761.9881674311546,1469.4045035479608,-2320.558967584542,-2.1658465424411178e-05
446384.0,24,-2151055.2852542168,23182459.976066187,12563184.717752747,-2744.829867216744,1174.2241991515427,-2492.6880170196737,-2.164863670279286e-05
446984.0,24,-3787468.1663366035,23796518.326182187,11020865.44760182,-2706.5433358249747,871.3367578145392,-2644.757728132177,-2.1638496084015736e-05
447584.0,24,-5394694.255649319,24227137.328700308,9393561.717214305,-2647.6225900170016,563.1675558078605,-2775.772717072252,-2.16280401126235e-05
448184.0,24,-6960538.569421616,24471872.34607814,7694159.792753551,-2568.714803172811,252.13863995296379,-2884.9216495434935,-2.1617267804792407e-05
448784.0,24,-8473237.367270915,24529726.423685394,5935978.152724706,-2470.6094407402247,-59.35099101179776,-2971.577201691449,-2.1606180610027293e-05
449384.0,24,-9921540.250261012,24401131.082560204,4132657.456651505,-2354.2267842340816,-368.943529874114,-3035.29426720113,-2.1594782354666017e-05
449984.0,24,-11294785.256809138,24087916.676292744,2298052.0234623076,-2220.6060780354796,-674.3388505780737,-3075.8066375868457,-2.1583079168989188e-05
450584.0,24,-12582966.185591228,23593273.463137798,446124.42466193833,-2070.8858777814685,-973.3028745069819,-3093.030052689272,-2.157095679386664e-05
451184.0,24,-13776795.638143323,22921703.498388033,-1409160.4918796513,-1906.3226074566232,-1263.706447332693,-3087.0258609461853,-2.155867094126809e-05
451784.0,24,-14867755.217000214,22078966.506277647,-3253930.949104653,-1728.2327813817478,-1543.498313593261,-3058.0404658229268,-2.1546111428449485e-05
452384.0,24,-15848143.955252128,21072017.899064716,-5074505.944288975,-1538.01216620595,-1810.7407621153097,-3006.4674595287424,-2.153329260718048e-05
452984.0,24,-16711117.501362678,19908941.87032799,-6857485.4939007275,-1337.1169267390674,-2063.611794252231,-2932.84764183514,-2.1520230584696198e-05
453584.0,24,-17450721.14057543,18598879.5792801,-8589836.70172472,-1127.0529234069768,-2300.412393341435,-2837.86105110638,-2.1506943088431724e-05
454184.0,24,-18061916.50890982,17151953.312721856,-10258974.958199456,-909.3655045009784,-2519.5726289092236,-2722.3188226765196,-2.1493449325415307e-05
454784.0,24,-18540602.304802127,15579187.29235714,-11852840.1977988,-685.6298108033619,-2719.6567357928607,-2587.15498694676,-2.1479769837391936e-05
455384.0,24,-18883629.309375785,13892425.710711487,-13359968.203523304,-457.4415894679578,-2899.3673086578933,-2433.4182951795074,-2.1465926352598808e-05
455984.0,24,-19088810.020398222,12104248.495004974,-14769556.995312095,-226.40849619209166,-3057.548748359485,-2262.2641371346613,-2.14519416349694e-05
456584.0,24,-19154923.188885324,10227885.217507336,-16071528.37282633,5.85815020736527,-3193.190088865515,-2074.946591913431,-2.1437839331407434e-05
457184.0,24,-19081713.522770926,8277127.495273906,-17256584.70324813,237.75120872682305,-3305.427322626765,-1872.8106320136123,-2.1423643817648545e-05
457784.0,24,-18869886.83335722,6266238.676348331,-18316261.627263427,467.6752266976314,-3393.544703649156,-1657.2816851258813,-2.1409433686694434e-05
458384.0,24,-18521100.54761121,4209869.841397371,-19242973.27938289,694.0536435664684,-3456.9788703650033,-1429.8692374146715,-2.1395126876058573e-05
458984.0,24,-18037950.454816014,2122960.3758121263,-20030058.93331313,915.3356902387715,-3495.316469220085,-1192.1428701091786,-2.1380802808584874e-05
459584.0,24,-17423952.815633774,20652.281257138588,-20671819.28143122,1130.00337432984,-3508.297870934958,-945.7358880129271,-2.1366487219227493e-05
460184.0,24,-16683522.69700096,-2081803.3501552613,-21163551.288172226,1336.5781900038235,-3495.8175932681165,-692.3352384671882,-2.1352205791354567e-05
460784.0,24,-15821948.215357179,-4169138.9904498495,-21501578.03188901,1533.6278693032514,-3457.925220078774,-433.6740916310864,-2.133798400017653e-05
461384.0,24,-14845361.259931602,-6226162.364182055,-21683274.18823265,1719.7730297957994,-3394.8262420703686,-171.52444207844425,-2.1324134364922584e-05
461984.0,24,-13760701.665866544,-8237855.847545056,-21707086.471422072,1893.694663376265,-3306.882437140957,92.31133929957493,-2.13101066584654e-05
462584.0,24,-12575682.021457609,-10189461.466867123,-21572550.08269221,2054.140258322411,-3194.612587147643,356.0076012140205,-2.1296212203637892e-05
463184.0,24,-11298743.634978779,-12066580.829150753,-21280299.692246847,2199.9316036811024,-3058.692396754172,617.7245451568539,-2.1282474084145145e-05
463784.0,24,-9939010.363392252,-13855267.608410308,-20832075.408622555,2329.9720128333884,-2899.9542830957685,875.6169890022305,-2.1268914399946895e-05
464384.0,24,-8506237.553460939,-15542121.252678595,-20230723.257143162,2443.253882851437,-2719.3866466313157,1127.843821729038,-2.125555411573109e-05
464984.0,24,-7010755.739915725,-17114380.867330406,-19480189.22749851,2538.8658057417533,-2518.133680574293,1372.577695252664,-2.124246825876516e-05
465584.0,24,-5463412.738313495,-18560014.35555301,-18585510.031951483,2616.0027922797767,-2297.488782819706,1608.017144480152,-2.1229564401668203e-05
466184.0,24,-3875505.4013488386,-19867813.6083682,-17552791.889761858,2673.9707209806957,-2058.8983999977163,1832.3956383029986,-2.1216914545200968e-05
466784.0,24,-2258711.746032984,-21027480.226863954,-16389187.370383067,2712.1964997736386,-1803.953543165309,2043.9951240562848,-2.1204533656105538e-05
467384.0,24,-625015.9618396629,-22029712.256022178,-15102862.503381066,2730.2353024727527,-1534.3857373287299,2241.158250834497,-2.119243486007732e-05
467984.0,24,1013370.7623037938,-22866286.71255119,-13702956.56840889,2727.7781117096292,-1252.0604923669423,2422.301587264699,-2.1180629318120755e-05
468584.0,24,2644093.8585051196,-23530137.78539802,-12199533.778958688,2704.6588689939663,-958.9692662100425,2585.929356001477,-2.1169126111816435e-05
469184.0,24,4254743.16561067,-24015429.75405696,-10603526.57201447,2660.8610623880063,-657.2197821574161,2730.64757362951,-2.115793213908781e-05
469784.0,24,5832944.488410325,-24317623.59055891,-8926670.294132758,2596.523564189577,-349.02458308312714,2855.178449549037,-2.114705202216101e-05
470384.0,24,7366454.4191173455,-24433536.14710506,-7181429.174858012,2511.9455165769564,-36.687733771530475,2958.3748616677335,-2.1136488029488104e-05
470984.0,24,8843257.783002643,-24361390.78752426,-5380913.60069116,2407.590053537586,277.4103810711216,3039.2346915967764,-2.112624001344516e-05
471584.0,24,10251666.939199887,-24100858.301891334,-3538788.846148288,2284.0866437509208,590.8301716276345,3096.9147690398513,-2.1116305365613972e-05
472184.0,24,11580422.496077187,-23653086.86475895,-1669174.9845804188,2142.2391354494293,901.0980091630605,3130.736147369968,-2.110684168556178e-05
472784.0,24,12818791.834387502,-23020720.41868919,213458.23835668585,1982.9954793000302,1205.7023429498192,3140.228406101812,-2.1097515920290008e-05
473384.0,24,13956670.15210149,-22207903.36137906,2094408.1742335032,1807.488714105328,1502.1528739394482,3125.092612897944,-2.1088480795150785e-05
473984.0,24,14984675.988928575,-21220271.99830406,3958858.463558809,1617.0024002528628,1787.9798716616865,3085.2427968963625,-2.107972382243037e-05
474584.0,24,15894244.150484724,-20064930.971686956,5792004.732879715,1412.9706347634913,2060.765100019053,3020.8053551958064,-2.1071230150130597e-05
475184.0,24,16677713.318357129,-18750414.577465307,7579183.884214422,1196.968383009817,2318.1673977518476,2932.124250615175,-2.1062982653720027e-05
475784.0,24,17328407.120352067,-17286632.568677388,9306005.735342195,970.6995018137911,2557.948589335961,2819.763682707972,-2.1054962053362452e-05
476384.0,24,17840707.28416596,-15684800.394824512,10958485.408237685,735.9825055035221,2777.9992697713947,2684.507995499469,-2.1047147056365258e-05
476984.0,24,18210117.551879633,-13957354.11513985,12523174.739012334,494.7341915868915,2976.3639710715333,2527.358639476121,-2.1039514524102282e-05
477584.0,24,18433317.12664968,-12117850.527969195,13987290.895747138,248.95130919817598,3151.265197249617,2349.5280706588073,-2.1032039662158186e-05
478184.0,24,18508202.55639849,-10180853.36892423,15338840.346500661,0.6905185052878551,3301.1258104394506,2152.4305441494125,-2.1024696231930314e-05
478784.0,24,18433917.130021963,-8161806.7363863485,16566736.322987903,-247.95305023659535,3424.5892649657785,1937.6698406776654,-2.10174567814279e-05
479384.0,24,18210867.02157569,-6076896.942040951,17660907.959003564,-494.8682431824145,3520.537699639163,1707.0264819762845,-2.101017012606211e-05
479984.0,24,17840723.80190015,-3942905.8477962604,18612399.540065967,-737.9510900235094,3588.1045743220416,1462.4300789010686,-2.100305279617014e-05
480584.0,24,17326413.225959644,-1777054.7564598583,19413457.91797046,-975.1280376479432,3626.6887704504034,1205.953439833217,-2.0995952337204842e-05
481184.0,24,16672089.616497084,403155.98026753124,20057607.403831653,-1204.3790296405718,3635.960161870462,939.7804176906086,-2.098883903129651e-05
481784.0,24,15883096.977022588,2580111.043151431,20539710.40360164,-1423.759890928186,3615.8637963742585,666.1841556731022,-2.098168328114013e-05
482384.0,24,14965916.96922528,4736245.192562731,20856013.250197306,-1631.4235725781812,3566.6196864034805,387.5017156259655,-2.0974455887162255e-05
482984.0,24,13928104.636665486,6854206.989229355,21004176.61207532,-1825.6398692398661,3488.7187296538937,106.10799692312537,-2.0967128319071485e-05
483584.0,24,12778212.899542075,8917018.919842454,20983290.21590157,-2004.813254981581,3382.9148930272127,-175.61054621253024,-2.0959672978033666e-05
484184.0,24,11525707.036883414,10908231.768951941,20793871.920625094,-2167.4985402577977,3250.213888224205,-455.28188686815173,-2.095206344595787e-05
484784.0,24,10180870.527633972,12812071.240962058,20437851.470677167,-2312.414118379588,3091.858651487084,-730.5736280588729,-2.0944274718709503e-05
485384.0,24,8754703.736896139,14613575.043275412,19918539.52773653,-2438.4526409796435,2909.312010281026,-999.2169854508726,-2.0936283420468885e-05
485984.0,24,7258817.0059960745,16298718.884853028,19240582.82529597,-2544.689035230725,2704.2369736425185,-1259.029161721728,-2.092806799690987e-05
486584.0,24,5705319.228304696,17854530.546953168,18409906.40064187,-2630.387348175253,2478.475694542446,-1507.9358540211933,-2.091995009489305e-05
487184.0,24,4106706.6990017826,19269188.36563511,17433644.804029748,-2694.9975349080564,2234.0241800375234,-1743.9810500594986,-2.0911230047741002e-05
487784.0,24,2475745.387075781,20532110.226221498,16320061.813843118,-2738.1645025600583,1973.0116952584062,-1965.3558341413884,-2.090223372507533e-05
488384.0,24,825359.5864229687,21634023.47473776,15078462.747665057,-2759.720146459749,1697.6741560461571,-2170.4029883101944,-2.089294831181273e-05
488984.0,24,-831480.4892412126,22567022.524610072,13719098.721367504,-2759.680548519269,1410.3302883477452,-2357.6300799892,-2.0883363416121913e-05
489584.0,24,-2481867.444898136,23324611.50855583,12253065.282470047,-2738.2398390605813,1113.3576400182585,-2525.7178111601784,-2.087347111453228e-05
490184.0,24,-4113061.303614527,23901732.766444698,10692196.725780964,-2695.762434197179,809.1693504346515,-2673.5259435464945,-2.0863265973172306e-05
490784.0,24,-5712589.070051728,24294781.7004672,9048957.503630152,-2632.7739217691237,500.19197568583195,-2800.0969299895823,-2.085274504635165e-05
491384.0,24,-7268338.523030424,24501608.69063888,7336332.056201871,-2549.9508694210167,188.84460809761208,-2904.657421399679,-2.0841907853940325e-05
491984.0,24,-8768645.662150275,24521508.890757784,5567714.280017643,-2448.109820421854,-122.4805305474531,-2986.6178479068362,-2.0830756339174452e-05
492584.0,24,-10202375.387256611,24355200.81765632,3756797.7302019345,-2328.195727633934,-431.4359002802099,-3045.57029231266,-2.0819294808634266e-05
493184.0,24,-11558995.133221146,24004794.7063768,1917467.5203005192,-2191.270055137809,-735.7347907418081,-3081.284884222138,-2.0807529856199446e-05
493784.0,24,-12828640.902799517,23473751.682328254,63695.19189419553,-2038.4915289996663,-1033.1594125139645,-3093.7127971165633,-2.0795813446616188e-05
494384.0,24,-14002178.037482128,22766834.449500408,-1790565.3219963135,-1871.1330892593494,-1321.5991480862517,-3082.9489786592967,-2.0783470183328304e-05
494984.0,24,-15071251.19846037,21890051.26292159,-3631474.017918322,-1690.5266257025978,-1599.0236736941124,-3049.272544259852,-2.0770856032111464e-05
495584.0,24,-16028330.580247777,20850593.017427865,-5445400.497062067,-1498.080567337439,-1863.5179814850292,-2993.10807411828,-2.075798571722536e-05
496184.0,24,-16866749.92712497,19656765.246599723,-7219013.518327814,-1295.2615344683677,-2113.284356919142,-2915.0257349434787,-2.0744875691242128e-05
496784.0,24,-17580738.252419416,18317915.430102754,-8939366.072678506,-1083.5837378682127,-2346.6494004993947,-2815.733264464996,-2.073154399857717e-05
497384.0,24,-18165445.31352245,16844356.42115359,-10593975.567346403,-864.5988778420952,-2562.0699126238896,-2696.0678083820076,-2.0718010133911465e-05
497984.0,24,-18616961.149839256,15247286.644641716,-12170899.060719399,-639.8865563316883,-2758.1377821586143,-2556.987717093533,-2.070429489654608e-05
498584.0,24,-18932329.994241636,13538707.631862782,-13658803.547982907,-411.0451950849972,-2933.584018700962,-2399.5643852330504,-2.069042024158011e-05
499184.0,24,-19109558.860451303,11731339.374368608,-15047031.34240834,-179.68343567259058,-3087.2820636717747,-2224.974193385333,-2.0676409128660065e-05
499784.0,24,-19147621.090822235,9838533.899518255,-16325660.628007924,52.58801719531016,-3218.250506966732,-2034.4905888523142,-2.066228536891554e-05
500384.0,24,-19046455.122934423,7874187.395980289,-17485561.276817884,284.1641590379668,-3325.655324506492,-1829.4763213044967,-2.0648073470575506e-05
500984.0,24,-18806958.7381894,5852651.139648945,-18518446.16237398,513.4554612662057,-3408.8097918968597,-1611.3749704066536,-2.06336737155229e-05
501584.0,24,-18430978.858941037,3788641.543392105,-19416917.284035765,738.8857516723359,-3467.1838232567425,-1381.7068878100192,-2.0619360932404526e-05
502184.0,24,-17921297.07456331,1697149.0197113482,-20174508.649894487,958.9129285961247,-3500.393672124643,-1142.0566943705637,-2.0605036170777094e-05
502784.0,24,-17281611.313376896,-406653.35580136254,-20785723.583957452,1172.0267178604881,-3508.210860341863,-894.0693313033166,-2.059072516991617e-05
503384.0,24,-16516513.259344693,-2507502.144161029,-21246068.174897637,1376.7576686863927,-3490.5612647139146,-639.4418567061562,-2.0576453585358144e-05
503984.0,24,-15631461.799838614,-4590136.307202974,-21552080.20079378,1571.6839079645174,-3447.5260099706397,-379.91600280880726,-2.056224683234755e-05
504584.0,24,-14632752.43660632,-6639390.443449702,-21701353.56528315,1755.4379498881033,-3379.342217641441,-117.27057352049886,-2.0548129929512398e-05
505184.0,24,-13527482.611815229,-8640288.40907794,-21692558.131581344,1926.713610550268,-3286.403579777866,146.6863969006849,-2.0534127342951325e-05
505784.0,24,-12323512.872629365,-10578137.213506907,-21525454.791420735,2084.2730668641875,-3169.2607059702364,410.12580441769995,-2.05202628309682e-05
506384.0,24,-11029423.77614997,-12438621.04259816,-21200905.55641222,2226.9540868233566,-3028.6211720728556,671.2060337807436,-2.0506559289760487e-05
506984.0,24,-9654468.423043692,-14207895.213653933,-20720878.41143267,2353.6774437275735,-2865.3491798294444,928.0819892775454,-2.0493038600457403e-05
507584.0,24,-8208520.50407471,-15872679.805913907,-20088446.625294585,2463.4545106323844,-2680.4647185965077,1178.914664135289,-2.047972147800995e-05
508184.0,24,-6702017.9749724325,-17420352.34223223,-19307782.24887417,2555.3970932117913,-2475.14275369597,1421.878694882318,-2.046650466468303e-05
508784.0,24,-5145900.83719563,-18839040.871848937,-18384142.93725819,2628.716899871001,-2250.7084759863656,1655.1836351524937,-2.0453651482859663e-05
509384.0,24,-3551546.7053388916,-20117712.665339507,-17323853.036200084,2682.7461874536166,-2008.6378411059195,1877.0696439241904,-2.0441055538450872e-05
509984.0,24,-1930699.014467245,-21246263.462182615,-16134276.595012989,2716.937078369345,-1750.5509978253954,2085.8301446249493,-2.0428731431846217e-05
510584.0,24,-295391.80644849874,-22215602.599842235,-14823783.47609233,2730.8714792793235,-1478.2074237335023,2279.8219298900876,-2.0416691896231642e-05
511184.0,24,1342130.3416149803,-23017734.752882548,-13401707.508862251,2724.26855874484,-1193.4991027350552,2457.4784922672575,-2.040494767564012e-05
511784.0,24,2969496.78887094,-23645837.158526067,-11878296.473013815,2696.9917996111935,-898.4421649385043,2617.3238519109086,-2.0393507412230027e-05
512384.0,24,4574299.398798658,-24094331.35624264,-10264653.637184007,2649.0554526701294,-595.1668543350299,2757.986762863106,-2.038237754440317e-05
512984.0,24,6144184.788850508,-24358948.392360695,-8572670.662128545,2580.6302006868755,-285.9057120683618,2878.215144161371,-2.0371562217474506e-05
513584.0,24,7666949.725315792,-24436786.380394418,-6814951.782395438,2492.0478283031994,27.020106809125764,2976.890546256738,-2.036106320867575e-05
514184.0,24,9130638.999009654,-24326359.268628668,-5004729.307303016,2383.8046848054464,341.2164272878766,3053.0424283820234,-2.0350879868307682e-05
514784.0,24,10523644.986144906,-24027635.653277524,-3155770.629530284,2256.5637244394743,654.2335577611232,3105.8619901163815,-2.0341009078843882e-05
515384.0,24,11834808.246099813,-23542066.450080533,-1282276.6918058686,2111.1632075855,963.5926522761545,3134.7055388473736,-2.03317860334754e-05
515984.0,24,13053516.478680156,-22872600.660351053,601225.1836785378,1948.5820529979762,1266.7788793482675,3139.145499054624,-2.0322520908683863e-05
516584.0,24,14169804.572635917,-22023687.216416333,2479999.0749575496,1769.9863628341293,1561.3058751704064,3118.9226436336166,-2.0313544082806783e-05
517184.0,24,15174449.630768761,-21001263.63309764,4339220.695678127,1576.6904547252977,1844.7119741261536,3073.994146298399,-2.0304842575956943e-05
517784.0,24,16059062.969977994,-19812729.353353243,6164104.068184672,1370.157406446443,2114.5921599773956,3004.530813245254,-2.0296401060498434e-05
518384.0,24,16816176.517139796,-18466903.928834293,7940031.41932657,1151.9889215071657,2368.623754268163,2910.921784253298,-2.028820195802713e-05
518984.0,24,17439322.386160463,-16973969.65109672,9652685.110743131,923.9128912842499,2604.5923459807013,2793.7766543801768,-2.028022556181688e-05
431984.0,25,5004085.145615691,-15200100.512134723,-21558216.530467853,3754.566018481344,593.2442425452213,486.24153778366144,0.000427846381834345
432584.0,25,7235448.199498458,-14788277.844835809,-21186915.87170582,3678.82259569776,778.8039660561731,750.7620593855315,0.00042784676537049074
433184.0,25,9413099.78974261,-14266687.665573746,-20658323.30151067,3575.587325043805,958.9501940634563,1010.235691458156,0.0004278470158074887
433784.0,25,11520726.084912287,-13638975.567544201,-19976035.73109049,3445.4894677691227,1132.357702613891,1262.7649862908604,0.00042784711831100316
434384.0,25,13542447.14056021,-12909572.196691442,-19144779.70740461,3289.3480960627007,1297.7353742761995,1506.4828098537757,0.00042784705905259373
434984.0,25,15462930.366488658,-12083670.300763294,-18170389.73085457,3108.1708463909526,1453.8348779198404,1739.5645137632239,0.0004278468253145775
435584.0,25,17267502.97892185,-11167196.521802383,-17059779.177302137,2903.151607448676,1599.4595397209555,1960.2404686425325,0.00042784640559010573
436184.0,25,18942262.684830647,-10166777.957952764,-15820903.6623169,2675.6665743131857,1733.47824842265,2166.8061386821023,0.0004278457645359133
436784.0,25,20474186.38187849,-9089702.584143588,-14462716.357119309,2427.2712173419786,1854.8149781493732,2357.646368297255,0.0004278449436012637
437384.0,25,21851234.573500294,-7943875.52586984,-12995115.81984095,2159.691307069825,1962.4874943373927,2531.2318149101625,0.0004278439103339063
437984.0,25,23062452.720361926,-6737768.52319288,-11428885.412733167,1874.8169156386796,2055.5966574323497,2686.143612848801,0.00042784265894664367
438584.0,25,24098066.840813436,-5480364.557675953,-9775624.85047989,1574.6924624345304,2133.3403590113367,2821.0838219519665,0.0004278411852620451
439184.0,25,24949573.042598378,-4181097.038386995,-8047673.7590191765,1261.5054662811729,2195.022207782946,2934.888506589163,0.0004278394867653269
439784.0,25,25609819.77384139,-2849783.857273493,-6258027.449730196,937.5734789192527,2240.059815883716,3026.540422796965,0.0004278375626459492
440384.0,25,26073081.675591014,-1496556.595683082,-4420245.199824672,605.3291661333153,2267.992542415386,3095.1811177270024,0.00042783541382695415
440984.0,25,26335123.908064317,-131785.25495148962,-2548351.4556636238,267.30353848986874,2278.488541526776,3140.1222289976567,0.00042783304298112123
441584.0,25,26393255.836593337,1234001.0200856766,-656730.5104289168,-73.89262566184435,2271.350956117131,3160.8557592300344,0.0004278304545330922
442184.0,25,26246373.00395634,2590196.657499685,1239984.6520039034,-415.5890773258057,2246.523096107458,3157.0630940531837,0.00042782765464672776
442784.0,25,25894986.38546462,3926205.149591201,3127028.512759286,-755.0779784537493,2204.092442796499,3128.6225311250996,0.00042782465119709277
443384.0,25,25341238.003933378,5231526.620855311,4989623.174832498,-1089.6374391327365,2144.3010159591922,3075.610064596078,0.0004278218937276674
443984.0,25,24588902.23094488,6495846.224852672,6813101.580471918,-1416.5549197878324,2067.5158949905453,2998.3233661072063,0.0004278185133568548
444584.0,25,23643371.963218648,7709123.528048891,8583032.093442172,-1733.1541446204938,1974.2748464322767,2897.253430133657,0.00042781496279788227
445184.0,25,22511629.43811317,8861680.387924936,10285343.775477938,-2036.819902409271,1865.2536501589425,2773.1041420832403,0.0004278112561723075
445784.0,25,21202201.39588392,9944287.434159294,11906450.42981914,-2325.024385693222,1741.2699748626897,2626.7843494596596,0.000427807408934242
446384.0,25,19725098.617446702,10948247.640002336,13433372.14200405,-2595.3530479532465,1603.277827373578,2459.4024722315435,0.0004278034377484922
446984.0,25,18091740.106940962,11865475.992210487,14853852.779544882,-2845.529836228585,1452.3602364636863,2272.258604112382,0.0004277993603550393
447584.0,25,16314862.440308733,12688574.212799668,16156471.948997468,-3073.4413734169707,1289.7202165456758,2066.8341295892324,0.00042779519542111475
448184.0,25,14408415.055805778,13410899.528337125,17330749.945002187,-3277.1596673703084,1116.6700970026782,1844.7789378356815,0.000427790962382373
448784.0,25,12387442.509973744,14026626.54879302,18367244.295733087,-3454.962939579541,934.6193426029807,1607.8963712484767,0.0004277866812748856
449384.0,25,10267954.955546228,14530801.407025097,19257636.612012044,-3605.3541947322037,745.0610280117744,1358.1261011042097,0.00042778237255987366
449984.0,25,8066788.3087889,14919387.419793205,19994808.58102842,-3727.0771931122217,549.5571632991364,1097.525173582194,0.0004277780569432497
450584.0,25,5801455.589776172,15189301.67491537,20572906.163972538,-3819.130703882979,349.7233652177729,828.2476629617129,0.00042777372970240234
451184.0,25,3489992.332658261,15338441.947872633,20987390.82231307,-3880.77381266355,147.21157181804296,552.5224125923128,0.00042776946236250743
451784.0,25,1150794.9859158439,15365704.043836351,21235078.124064226,-3911.539674123499,-56.30521631922616,272.63120434468584,0.00042776524987175565
452384.0,25,-1197541.4454393857,15270988.729392234,21314161.963058643,-3911.2341558745197,-259.15065141456637,-9.114767029109942,0.0004277611120847467
452984.0,25,-3536387.9047219297,15055198.856386393,21224225.31665543,-3879.937024658911,-459.66152334002805,-290.3979829356914,0.0004277570681983611
453584.0,25,-5847244.540614122,14720226.567895984,20966237.11761725,-3817.998646426346,-656.2040600163236,-568.9175434763599,0.0004277531365866228
454184.0,25,-8111901.033378243,14268930.945212776,20542535.58075123,-3726.033518195897,-847.1895878143869,-842.4115050466485,0.0004277493346453416
454784.0,25,-10312592.163396595,13705106.544495322,19956798.443969388,-3604.910826520263,-1031.0893273522017,-1108.67828342835,0.00042774567864818885
455384.0,25,-12432146.926634638,13033443.395664178,19214000.76744446,-3455.7422822995063,-1206.4481277781217,-1365.5968263695906,0.0004277421836156289
455984.0,25,-14454129.661870254,12259479.142703239,18320361.0970391,-3279.867526780449,-1371.896974536222,-1611.1452999400803,0.00042773886319787526
456584.0,25,-16362971.837724237,11389544.091828708,17283276.93592135,-3078.837437752384,-1526.1641403349668,-1843.4180781395532,0.0004277357295727823
457184.0,25,-18144093.34731479,10430700.000818258,16111250.579041637,-2854.3956876840493,-1668.0848851651456,-2060.640873397402,0.00042773279335931493
457784.0,25,-19784012.242700085,9390673.462581612,14813806.526175924,-2608.458903181379,-1796.603953018457,-2261.186598095542,0.000427730503456685
458384.0,25,-21270442.799434155,8277785.042192996,13401401.306983648,-2343.0958504104415,-1910.8050996420075,-2443.575630964895,0.00042772798743815927
458984.0,25,-22592380.26702046,7100874.1858070595,11885327.526659574,-2060.5058914203114,-2009.8817706969348,-2606.5012483589144,0.0004277256907108006
459584.0,25,-23740172.83430892,5869222.312370226,10277612.967022486,-1762.997136284554,-2093.16383931818,-2748.825680505868,0.00042772361711184017
460184.0,25,-24705580.60503023,4592473.622609416,8590915.954896195,-1452.9645770911704,-2160.114034812145,-2869.5879375393083,0.00042772176872567447
460784.0,25,-25481821.449990787,3280555.041372936,6838418.240249238,-1132.8684711454293,-2210.328840726225,-2968.0069951582336,0.000427720145890791
461384.0,25,-26063604.013655227,1943595.9625889913,5033716.449966351,-805.2132213574415,-2243.5381594519936,-3043.4832218122438,0.0004277187472204503
461984.0,25,-26447148.222519178,591848.5078147002,3190713.1364424573,-472.5269582720963,-2259.6038562364365,-3095.5981859709614,0.0004277175696362487
462584.0,25,-26630193.75614864,-764391.058884418,1323508.3553953262,-137.34198933491712,-2258.5173026271927,-3124.1129954582493,0.00042771660841361747
463184.0,25,-26611997.032653,-2114859.188749533,-553707.3844236125,197.82375743011283,-2240.3960423392277,-3128.9653283851358,0.00042771585723827045
463784.0,25,-26393317.32903558,-3449399.6808193,-2426758.0522828856,530.4842049606889,-2205.4797017143387,-3110.265317370706,0.00042771530827259707
464384.0,25,-25976392.704332683,-4758035.663111849,-4281584.255885451,858.2014577848427,-2154.1252628409256,-3068.2904460933178,0.0004277149522309998
464984.0,25,-25364906.538498703,-6031038.380430228,-6104341.907275025,1178.601148549465,-2086.796206711583,-3003.482899394228,0.0004277147534270929
465584.0,25,-24563944.796827704,-7258993.608821992,-7881497.810163951,1489.3857140944647,-2004.0792256504214,-2916.429799824528,0.00042771475004177174
466184.0,25,-23579945.90128743,-8432862.739124779,-9599919.914582388,1788.3483467595133,-1906.6446454065654,-2807.875682646786,0.00042771490389944194
466784.0,25,-22420642.735411238,-9544041.816384224,-11246963.920166796,2073.3840263769575,-1795.2625380386949,-2678.7017448433407,0.0004277152008213016
467384.0,25,-21094998.010633644,-10584415.995190674,-12810554.874759221,2342.500430700562,-1670.790680673746,-2529.921122712595,0.00042771562565877783
467984.0,25,-19613133.47912585,-11546410.183685044,-14279263.876735834,2593.827691688484,-1534.1679760726415,-2362.6706244381685,0.0004277161624036648
468584.0,25,-17986253.573346637,-12423035.683489878,-15642379.712829702,2825.6272551253346,-1386.4077830654292,-2178.202257037579,0.00042771679430145075
469184.0,25,-16226563.998953337,-13207932.78350734,-16889975.325992264,3036.2999193884007,-1228.5911862432763,-1977.874595320927,0.00042771750396725864
469784.0,25,-14347185.761101704,-13895409.28111737,-18012969.033668056,3224.3931277909683,-1061.8602228652364,-1763.1440244795776,0.0004277182735038781
470384.0,25,-12362065.058829274,-14480474.913053626,-19003180.43304289,3388.6075843917292,-887.411074480029,-1535.5558729814288,0.0004277190846214213
470984.0,25,-10285879.440075727,-14958871.680732343,-19853380.937031817,3527.8032557929405,-706.4872214665171,-1296.735438867891,0.00042771991875817595
471584.0,25,-8133940.572642799,-15327100.051774712,-20557338.883844282,3641.004811616625,-520.3725507156272,-1048.378900574991,0.0004277207572022618
472184.0,25,-5922094.322944049,-15582440.937184004,-21109859.041798227,3727.4061640579703,-330.3875127537455,-792.2424793445847,0.00042772202107150214
472784.0,25,-3666616.252771222,-15722973.868585564,-21506817.098786507,3786.3764271151304,-137.8696694293208,-530.1394605059915,0.0004277228120400751
473384.0,25,-1384108.189754297,-15747590.141483763,-21745187.41437903,3817.461545188973,55.81488171301069,-263.921053444006,0.00042772355150249945
473984.0,25,908610.7738651796,-15656002.443396386,-21823065.97483733,3820.3893040182566,249.291151704696,4.527067198051056,0.00042772422136590254
474584.0,25,3194613.5891443244,-15448749.71136061,-21739686.968218375,3795.0718938957675,441.17961841286984,273.296429034382,0.0004277248039949265
475184.0,25,5456976.453573913,-15127197.564085469,-21495433.335506804,3741.6083171003993,630.1038581875696,540.4661502146125,0.00042772528233056415
475784.0,25,7678891.280173033,-14693534.12218285,-21091841.027274888,3660.28619537976,814.6983834960158,804.1136675576731,0.0004277256400071233
476384.0,25,9843779.063756531,-14150761.087325446,-20531596.753386043,3551.5829061044137,993.6167010846289,1062.3258311402644,0.00042772586146682496
476984.0,25,11935403.727758704,-13502679.943019405,-19818528.997581147,3416.1659604589854,1165.5395976227676,1313.210382760017,0.00042772593207148423
477584.0,25,13937985.977784831,-12753873.136714391,-18957592.059495997,3254.892523381353,1329.1836503791246,1554.9078238455536,0.00042772583821066375
478184.0,25,15836316.622653088,-11909680.106351005,-17954842.885457277,3068.807963463806,1483.3099493533964,1785.6036639454646,0.0004277255674056247
478784.0,25,17615868.75157592,-10976168.025252016,-16817410.457941987,2859.1433122755757,1626.733004569305,2003.541024034144,0.0004277251084083361
479384.0,25,19262907.976628646,-9960097.29107674,-15553457.680616954,2627.3107629856318,1758.3323733512418,2207.0325813796007,0.00042772489206253483
479984.0,25,20764600.806608703,-8868880.771868717,-14172134.591699908,2374.901523599662,1877.0514526814418,2394.477664273372,0.00042772402831011173
480584.0,25,22109117.609403607,-7710539.301141914,-12683525.491280816,2103.6748485244484,1981.9222315881061,2564.3695556509842,0.0004277229508999866
481184.0,25,23285733.708909553,-6493649.771189625,-11098586.015482048,1815.5528022442275,2072.063936646622,2715.3129276616314,0.00042772165436891284
481784.0,25,24284923.615803804,-5227288.77624639,-9429073.236171182,1512.609689375392,2146.69457115757,2846.036070237825,0.0004277201348751977
482384.0,25,25098449.18970832,-3920970.7621674165,-7687467.611212696,1197.0604422488782,2205.139535243981,2955.403906041369,0.00042771839024936044
482984.0,25,25719440.2952243,-2584581.0929626124,-5886887.199329503,871.2471800044895,2246.839818464845,3042.43057487955,0.0004277164200333057
483584.0,25,26142466.83011951,-1228304.3338321636,-4040994.4554920457,537.6239124058222,2271.3596196790254,3106.2913880882356,0.0004277142255070422
484184.0,25,26363600.99850305,137451.8573493841,-2163896.050648199,198.7393982742536,2278.3932398909687,3146.3339375831397,0.0004277118097020376
484784.0,25,26380468.720978305,1502136.7415279003,-270036.2957298142,-142.7817899303011,2267.7710883625114,3162.088132989422,0.0004277091774003816
485384.0,25,26192289.12024478,2855139.825928635,1625915.1090328577,-484.2598981761399,2239.464641053558,3153.274934484112,0.0004277063351190437
485984.0,25,25799901.096434154,4185876.823089927,3509180.136228393,-822.9821738308392,2193.5901940400663,3119.813549640611,0.00042770329107865476
486584.0,25,25205775.966730945,5483877.673079715,5364993.5222178865,-1156.2265447505215,2130.41741024685,3061.8229659278877,0.0004277000294562358
487184.0,25,24414016.160892222,6738874.590549183,7178725.650931248,-1481.285721958507,2050.345672293369,2979.641004670748,0.0004276966130943823
487784.0,25,23430337.947352886,7940891.850808093,8936008.089600077,-1795.4934379240638,1953.9402149614934,2873.802295640973,0.00042769302930795226
488384.0,25,22262039.251741353,9080333.28936228,10622858.560717765,-2096.2499156512013,1841.9052031797112,2745.0528355685265,0.0004276892925011338
488984.0,25,20917951.61890515,10148068.29498995,12225804.582189623,-2381.0480392577538,1715.085735499612,2594.342690215525,0.0004276854183870029
489584.0,25,19408376.611566015,11135514.693734856,13732004.309020197,-2647.499120132434,1574.4619399686492,2422.8200927215817,0.0004276814238627728
490184.0,25,17745006.937924404,12034717.519964982,15129363.024650758,-2893.3579523645003,1421.1413103588209,2231.823033507863,0.00042767732687161745
490784.0,25,15940832.881762642,12838422.634382209,16406643.78513716,-3116.546731292676,1256.3493362537006,2022.868378006267,0.00042767314625237663
491384.0,25,14010034.862433683,13540144.196217822,17553570.76244941,-3315.17741447642,1081.418520811267,1797.6386049961463,0.0004276689015786934
491984.0,25,11967863.197283134,14134225.06788083,18560923.909981057,-3487.5721227075906,897.7759194130293,1557.9663147155968,0.00042766461298934913
492584.0,25,9830506.368001498,14615889.323760852,19420623.682771705,-3632.281209720892,706.9293693343424,1305.8167100046012,0.00042766030101174863
493184.0,25,7614949.298009378,14981286.148573484,20125804.684617817,-3748.0986722926473,510.4526135306043,1043.2683033880526,0.00042765598638065384
493784.0,25,5338820.900873172,15227524.844004996,20670877.797869395,-3834.076942917947,309.96857204604976,772.493057140951,0.00042765161888473255
494384.0,25,3020247.07364445,15352698.564165112,21051576.77417442,-3889.5269026566284,107.1369257468314,495.7309004122221,0.0004276473608672982
494984.0,25,677675.8217639579,15355901.645324854,21264997.158928514,-3914.037976409944,-96.36861953363376,215.27227827073577,0.00042764316180915593
495584.0,25,-1670277.5386814205,15237233.203990158,21309615.62096885,-3907.4713937501324,-298.8731067859262,-66.56843235539594,0.000427639041446224
496184.0,25,-4004996.732739033,14997792.619959537,21185298.399900414,-3869.961881944778,-498.71798565332364,-347.47524092797323,0.0004276350188221571
496784.0,25,-6308027.345319414,14639664.816837324,20893295.385333814,-3801.9137126238,-694.2773030144211,-625.153390852345,0.00042763111212504605
497384.0,25,-8561234.54479283,14165896.31114951,20436221.152684458,-3703.9937156305614,-883.973088344092,-897.351327522587,0.0004276278496809547
497984.0,25,-10746964.68216452,13580461.086689333,19818021.03191418,-3577.1208832371485,-1066.2904319174947,-1161.8827030596667,0.00042762422522431493
498584.0,25,-12848182.01830178,12888220.259181406,19043928.634327892,-3422.4542282793122,-1239.7902557489374,-1416.6450086528919,0.00042762076465391666
499184.0,25,-14848615.371007845,12094871.976205572,18120408.43277113,-3241.3774021011277,-1403.122050938656,-1659.6387754967418,0.0004276174813280342
499784.0,25,-16732886.029004857,11206895.340297967,17055089.475462694,-3035.481696927336,-1555.034620965941,-1888.9839844535452,0.000427614387113455
500384.0,25,-18486626.802206963,10231488.07115799,15856689.391953852,-2806.5472949790765,-1694.3854839186479,-2102.934802086899,0.00042761149230218274
500984.0,25,-20096590.806685142,9176498.208901988,14534928.953739753,-2556.523442733252,-1820.144418169683,-2299.894638945448,0.0004276082685288391
501584.0,25,-21550741.111782048,8050355.289425195,13100445.407032942,-2287.50646538984,-1931.4172457913678,-2478.417548915645,0.0004276057968216051
502184.0,25,-22838341.702550933,6861990.720722508,11564688.549989792,-2001.719672106522,-2027.4244082223108,-2637.230921174962,0.0004276035453548888
502784.0,25,-23950021.0023568,5620762.916964712,9939823.312757967,-1701.490430814883,-2107.5219268644587,-2775.232682093116,0.0004276015176083192
503384.0,25,-24877829.630257964,4336377.288264126,8238623.493675167,-1389.2285988372507,-2171.198938843962,-2891.4983394888504,0.0004275997153087674
503984.0,25,-25615283.637271143,3018806.096989368,6474364.258167786,-1067.404988313841,-2218.0783419007353,-2985.2837989592717,0.00042759813844015193
504584.0,25,-26157394.956974924,1678208.2631582129,4660713.427987266,-738.5303733742148,-2247.916227728699,-3056.02644837934,0.00042759678526683206
505184.0,25,-26500689.44277028,324849.81654935726,2811622.5635678074,-405.1352357123005,-2260.6002184210415,-3103.3446523919156,0.00042759565236969284
505784.0,25,-26643212.973045945,-1030974.3759810185,941218.7557699516,-69.75040633611593,-2256.1468269626525,-3127.0358109154968,0.0004275947346939693
506384.0,25,-26584526.191847973,-2379017.051692579,-936302.0494832124,265.11127692813636,-2234.697964883134,-3127.0731421160012,0.00042759402560781546
506984.0,25,-26325688.516934503,-3709152.678325903,-2806779.4659177843,596.9722129691097,-2196.516718668967,-3103.6013514195265,0.0004275935169706137
507584.0,25,-25869232.090425245,-5011448.853929089,-4656190.188967939,923.4061323910131,-2141.9825118333833,-3056.9313446005985,0.00042759319921002747
508184.0,25,-25219126.36590328,-6276234.660199431,-6470746.1919223415,1242.0530891213948,-2071.5787267230776,-2987.5383058417424,0.00042759308182472504
508784.0,25,-24380734.15134041,-7494165.53916878,-8236988.387956337,1550.6329733552257,-1985.9150472634115,-2896.0382961566297,0.00042759311184626113
509384.0,25,-23360759.316272005,-8656284.888994044,-9941877.601069916,1846.9585181918974,-1885.6793154405198,-2783.2058810105113,0.0004275932963149376
509984.0,25,-22167187.745182473,-9754081.566353772,-11572879.19490598,2128.946608245434,-1771.6592563062652,-2649.949805713845,0.0004275936208436312
510584.0,25,-20809221.3423008,-10779543.74075276,-13118043.917737355,2394.628859735691,-1644.729001420891,-2497.3090832861135,0.0004275940700975739
511184.0,25,-19297206.08201057,-11725208.746461138,-14566083.578637302,2642.1611885075586,-1505.8424916988438,-2326.444680294592,0.0004275946279052016
511784.0,25,-17642554.59697166,-12584208.922505736,-15906441.634897826,2869.8324968228167,-1356.0267970166979,-2138.6310083776593,0.0004275952773720698
512384.0,25,-15857663.82105148,-13350313.402448632,-17129358.59149519,3076.0725547877264,-1196.37537958222,-1935.2472657552676,0.0004275960009972717
512984.0,25,-13955828.157587212,-14017965.829830894,-18225932.137234345,3259.4591502346216,-1028.0413168036112,-1717.7686571973177,0.00042759678079184733
513584.0,25,-11951148.598622605,-14582317.98255331,-19188171.95649406,3418.724575724649,-852.2304891527572,-1487.7575062216004,0.0004275975983987273
514184.0,25,-9858438.179425042,-15039259.290748931,-20009049.160965838,3552.761513436388,-670.1947294653309,-1246.8542600081328,0.0004275984352137893
514784.0,25,-7693124.116509541,-15385442.228591552,-20682540.28327636,3660.6283684012615,-483.22492241803957,-996.7683758920019,0.000427599272507643
515384.0,25,-5471147.335156391,-15618303.48306441,-21203665.6817792,3741.5543153680046,-292.6442318064778,-739.2697589169672,0.0004276005314112486
515984.0,25,-3208857.4021351533,-15736081.286687128,-21568522.762693517,3794.9427207627664,-99.80026360584884,-476.1766109024657,0.0004276013135545644
516584.0,25,-922908.6640863618,-15737827.761578212,-21774312.74353872,3820.3763571168174,93.94094673062614,-209.3498465330797,0.00042760204046069823
517184.0,25,1369849.1374868134,-15623417.677067745,-21819362.29459388,3817.61984716814,287.20300911448544,59.31942045476604,0.0004276026941191701
517784.0,25,3652480.5277034794,-15393552.444623038,-21703138.918794144,3786.622744680695,478.60647059271787,327.9193643339145,0.00042760325700144305
518384.0,25,5908075.781923368,-15049759.662207948,-21426260.240933005,3727.5218287433368,666.776485605466,594.5279013547822,0.0004276037121794214
518984.0,25,8119863.606412308,-14594388.022581575,-20990496.961074498,3640.6427852097204,850.3506961129992,857.223489870055,0.0004276040434419804
431984.0,26,-24054070.297329914,-6972973.1448771255,-9666537.838224547,1692.032463708449,-2072.0253044206156,-2744.6680066019467,-0.00035732062392029374
432584.0,26,-22950928.423676737,-8188747.996216344,-11275547.001018882,1982.668176719782,-1978.2858446008438,-2615.178261461693,-0.0003573211440959035
433184.0,26,-21677750.88638293,-9343855.83735701,-12801004.812394759,2258.4842177632017,-1869.9373190213614,-2466.3750481046086,-0.0003573216340692609
433784.0,26,-20244027.45825015,-10429763.09825165,-14231640.746795954,2517.514981709404,-1747.7656068383615,-2299.337376717511,-0.0003573221099259001
434384.0,26,-18660393.431053158,-11438435.845837621,-15556868.840164356,2757.9086385576034,-1612.648134746836,-2115.2650074545686,-0.00035732258784561434
434984.0,26,-16938558.031334188,-12362393.157557962,-16766858.017947393,2977.937556708055,-1465.548813854236,-1915.4715293667969,-0.00035732308399442686
435584.0,26,-15091226.740993733,-13194757.340406101,-17852598.11659529,3176.00828660049,-1307.5126657479316,-1701.3770300205254,-0.0003573236144166105
436184.0,26,-13132017.95843815,-13929300.714135015,-18805961.327348832,3350.670707343901,-1139.660510176168,-1474.500007967258,-0.00035732486803590873
436784.0,26,-11075373.2853962,-14560489.340217732,-19619758.975234903,3500.6287912701105,-963.1813947742415,-1236.4504879673425,-0.00035732551408365593
437384.0,26,-8936464.061259443,-15083522.084226666,-20287792.96461341,3624.7468129750787,-779.3285071608835,-988.9193868392663,-0.0003573262407358806
437984.0,26,-6731091.437170946,-15494366.616034064,-20804902.10048576,3722.0592152042027,-589.4108639021329,-733.6706379198976,-0.00035732706248507885
438584.0,26,-4475582.383655153,-15789790.823702144,-21167002.666293558,3791.7778929554233,-394.7865186170121,-472.5311579049883,-0.0003573279931768702
439184.0,26,-2186681.1680461355,-15967389.881928008,-21371123.040326215,3833.2993223519697,-196.85495905091534,-207.38057706013868,-0.00035732904591101184
439784.0,26,118563.2205609121,-16025608.64608961,-21415432.002667,3846.211045659046,2.9509404682445606,59.85961572165751,-0.0003573302329456014
440384.0,26,2422913.2956764,-15963759.10564605,-21299260.382463347,3830.297423222987,203.17342515271312,327.2375303737481,-0.00035733156560504756
440984.0,26,4709062.487817414,-15782032.622836523,-21023115.685664847,3785.544548407121,402.3388314689681,592.7829434705845,-0.00035733305419243324
441584.0,26,6959757.224498906,-15481506.679318972,-20588689.339890618,3712.144208313441,598.9670224986924,854.5199720797666,-0.00035733470790693723
442184.0,26,9157921.078106292,-15064145.85587148,-19998856.19746897,3610.496761834431,791.5812740868973,1110.4803345647038,-0.0003573365347670188
442784.0,26,11286780.303915184,-14532796.779794713,-19257665.951585207,3481.212798022327,978.718586157402,1358.7171620602107,-0.0003573385415401047
443384.0,26,13329990.096792052,-13891176.785727466,-18370326.07378739,3325.112606651687,1158.9433052534728,1597.317154358156,-0.0003573409407815504
443984.0,26,15271760.200765077,-13143856.087453399,-17343176.438130356,3143.2282493225266,1330.8463986479142,1824.4239861819553,-0.0003573433223132212
444584.0,26,17096980.12333486,-12296233.28307987,-16183654.236471415,2936.795819203201,1493.0744454384078,2038.2401969737896,-0.00035734589596721135
445184.0,26,18791341.489399057,-11354503.992618797,-14900250.62043578,2707.2540462419606,1644.329219256007,2237.0512959021507,-0.00035734866296125665
445784.0,26,20341457.401277207,-10325622.625185765,-13502457.754963817,2456.2369661008524,1783.3821801699357,2419.2388108814903,-0.0003573516230351399
446384.0,26,21734977.290579643,-9217257.237194367,-12000706.786252664,2185.5654013506132,1909.0859165166373,2583.295462680287,-0.0003573547744355924
446984.0,26,22960696.08667873,-8037737.559219645,-10406296.756884443,1897.2363779791401,2020.385380678454,2727.8400333516524,-0.00035735811391291117
447584.0,26,24008656.438436173,-6795996.3541336525,-8731314.703839477,1593.4104363986494,2116.3287648289393,2851.631722436165,-0.00035736163672984766
448184.0,26,24870242.709299307,-5501504.366722581,-6988547.305982974,1276.3968327962239,2196.0778515987236,2953.5837701221208,-0.0003573653366832155
448784.0,26,25538265.47362353,-4164199.2286869576,-5191384.586302952,948.6366679613253,2258.9176669558865,3032.7761169072814,-0.0003573692061385379
449384.0,26,26007035.276807573,-2794408.790325092,-3353716.317435805,612.6840256924592,2304.265259001939,3088.466865163447,-0.0003573732360779058
449984.0,26,26272424.48553422,-1402769.4585055273,-1489821.923058089,271.18525031380807,2331.677427429075,3120.1023101056808,-0.0003573774161610535
450584.0,26,26331916.14567876,-140.07929967722157,385745.3269884574,-73.14291828573786,2340.863661391159,3127.3214139825955,-0.00035738194246573977
451184.0,26,26184638.872543085,1402486.8656227253,2258277.858173543,-417.5393076298811,2331.66556769051,3109.9779382604274,-0.00035738638697031653
451784.0,26,25831387.138793584,2794078.5622077277,4113038.376637919,-759.2203028718609,2304.0990712967077,3068.1214666849764,-0.00035739094346526334
452384.0,26,25274625.910605296,4163654.8593689417,5935384.573506093,-1095.4077501212146,2258.3306488017743,3002.0153195987596,-0.0003573955971852996
452984.0,26,24518479.703015,5500382.971229672,7710895.51702716,-1423.3549224932965,2194.6840276198895,2912.132588392055,-0.00035740033253352146
453584.0,26,23568705.5898684,6793671.564545211,9425497.056970034,-1740.3731206907512,2113.6386504735956,2799.153691852172,-0.000357405133211279
454184.0,26,22432650.260149088,8033263.352324586,11065584.997764887,-2043.858032496683,2015.8263239860555,2663.9615080287867,-0.0003574099823559651
454784.0,26,21119191.400035817,9209325.098538091,12618144.579956101,-2331.3154500473806,1902.026060847773,2507.6341001505493,-0.00035741486268524184
455384.0,26,19638663.923047453,10312533.958293341,14070864.839130426,-2600.3859464576894,1773.1571623120901,2331.4351049512647,-0.00035741975664610367
455984.0,26,18002771.807348277,11334159.120045068,15412246.471344888,-2848.868127158255,1630.2706247030883,2136.8019009488785,-0.00035742464656708054
456584.0,26,16224486.522977568,12266137.780410668,16631701.922953285,-3074.7400959191964,1474.5389888711104,1925.3317210037858,-0.0003574295148118203
457184.0,26,14317933.236142378,13101144.56633963,17719646.53831348,-3276.178810248735,1307.2447838343207,1698.76591617521,-0.00035743434393226175
457784.0,26,12298266.29035737,13832653.581087638,18667579.779365737,-3451.57919447413,1129.7686943193005,1458.9732277400772,-0.0003574397897920095
458384.0,26,10181534.891825564,14454992.602097165,19468155.350498743,-3599.5598128507836,943.5720488183671,1207.9287730347655,-0.00035744449002181035
458984.0,26,7984541.511308185,14963388.552929228,20115240.433892813,-3718.9875328229405,750.187622523178,947.6976874968168,-0.00035744910140017436
459584.0,26,5724694.377268655,15354004.065122748,20603962.059026882,-3808.977315913719,551.2009364644887,680.412572975691,-0.0003574536086930514
460184.0,26,3419855.466497137,15623964.899906961,20930741.60631847,-3868.9001185703833,348.2355956911975,408.25316937351056,-0.00035745799755439303
460784.0,26,1088186.1254350622,15771378.01300628,21093316.680649854,-3898.385601517215,142.93766417940418,133.42542351977497,-0.000357462254642196
461384.0,26,-1252008.0265869054,15795340.30271945,21090750.516131405,-3897.3219460840946,-63.03983929500907,-141.85923750483553,-0.00035746636772369706
461984.0,26,-3582431.225247058,15695938.18237041,20923429.125833064,-3865.85289446043,-268.0521125005507,-415.4041470865266,-0.00035747032576884596
462584.0,26,-5884949.118798256,15474238.237211037,20593046.568074644,-3804.3721772447757,-470.47721472162743,-685.0468973971083,-0.0003574741190313823
463184.0,26,-8141736.263654463,15132269.332697062,20102578.842113156,-3713.5155307542245,-668.730013800894,-948.6778689163768,-0.00035747773911704256
463784.0,26,-10335418.195952319,14672996.63400089,19456247.048419666,-3594.150537562076,-861.2752885292539,-1204.257598429758,-0.00035748117903862007
464384.0,26,-12449206.861614164,14100288.074496528,18659470.55070323,-3447.3645462678187,-1046.6398662599515,-1449.8328286768647,-0.0003574844332577867
464984.0,26,-14467028.665975515,13418873.648072325,17718810.79394447,-3274.452018791875,-1223.419024752261,-1683.5542436543697,-0.00035748777656587554
465584.0,26,-16373642.109178662,12634299.57591321,16641907.660946451,-3076.8951492335395,-1390.3052030526273,-1903.6769573972974,-0.0003574906487561446
466184.0,26,-18154750.1872401,11752874.357812822,15437406.684213063,-2856.354008378916,-1546.0685901221618,-2108.5911228288664,-0.00035749332754018433
466784.0,26,-19797098.14829828,10781612.497881236,14114881.639009092,-2614.645306146135,-1689.5836017185027,-2296.81899012573,-0.00035749581333433455
467384.0,26,-21288563.56197679,9728172.658652509,12684750.69084108,-2353.7258108278957,-1819.8305921800975,-2467.0265210328494,-0.0003574981080224597
467984.0,26,-22618235.14214065,8600792.538050923,11158188.148777034,-2075.6743755302155,-1935.9011552847555,-2618.0302096441887,-0.0003575002149249514
468584.0,26,-23776480.34357625,7408221.261984972,9547033.046829222,-1782.6739185507222,-2037.0023158597664,-2748.8023927663826,-0.00035750206780959436
469184.0,26,-24755004.25003544,6159647.580967131,7863692.354715217,-1476.9929794585025,-2122.459712593259,-2858.4753383856923,-0.0003575038146347559
469784.0,26,-25546893.277128678,4864630.361149988,6121047.2247835435,-1160.9684120612492,-2191.7197105114815,-2946.343651162785,-0.0003575053917988412
470384.0,26,-26146652.7451818,3533024.1069223457,4332352.988453646,-836.9874861311889,-2244.350700522691,-3011.865852623253,-0.0003575068078693296
470984.0,26,-26550231.72616712,2174905.9077312057,2511141.0755188228,-507.47089021893095,-2280.043508584688,-3054.664648392887,-0.00035750807256027824
471584.0,26,-26755038.226569567,800501.9522304018,671120.538045954,-174.85616504268967,-2298.611056914989,-3074.5262291240488,-0.00035750919665277587
472184.0,26,-26759944.645627495,-579885.6749303648,-1173920.0451094646,158.41893265990544,-2299.9813776587844,-3071.4013438152347,-0.00035751093551152974
472784.0,26,-26565283.340014093,-1955950.8833345338,-3010207.9890620615,489.9292829786639,-2284.2198263151267,-3045.392152452267,-0.0003575118144770274
473384.0,26,-26172833.929825887,-3317455.310514866,-4824083.227855887,817.2808269722976,-2251.491092693093,-2996.7652021248978,-0.0003575125907203772
473984.0,26,-25585801.118421152,-4654297.567462547,-6602089.919739401,1138.1222833966722,-2202.0804235988235,-2925.9368797873944,-0.0003575132783974177
474584.0,26,-24808784.571667477,-5956581.291013494,-8331067.141227273,1450.1592216352856,-2136.3845309590542,-2833.471748937088,-0.00035751389226482757
475184.0,26,-23847740.770473067,-7214681.067560201,-9998236.461714752,1751.1669506596463,-2054.9080892811244,-2720.0776741674717,-0.0003575144475774357
475784.0,26,-22709937.275727883,-8419306.122882444,-11591286.417554947,2039.0028357875906,-1958.2598749175302,-2586.600475214782,-0.00035751495998360023
476384.0,26,-21403899.750370186,-9561561.568059446,-13098453.609986758,2311.6180745085326,-1847.1485729003064,-2434.018144493526,-0.0003575154454191075
476984.0,26,-19939352.065076694,-10633007.005866641,-14508600.17034283,2567.068963264387,-1722.3782683144798,-2263.4346503405095,-0.0003575159200000155
477584.0,26,-18327149.795663897,-11625712.311395774,-15811287.348165194,2803.5276849091765,-1584.843630752994,-2076.073336946473,-0.00035751639991484635
478184.0,26,-16579207.403306454,-12532310.40506549,-16996844.983501934,3019.2926417925314,-1435.5247925632502,-1873.269921548818,-0.00035751690131651984
478784.0,26,-14708419.374664403,-13346046.83604433,-18056436.624221366,3212.7983522252002,-1275.4819145672518,-1656.4650801656062,-0.0003575174402144138
479384.0,26,-12728575.607470678,-14060825.957377085,-18982120.03989833,3382.6246958153615,-1105.8520901446752,-1427.1950528992784,-0.000357518169029746
479984.0,26,-10654271.012863062,-14671253.736118706,-19766902.93115692,3527.506851894986,-927.8326325492211,-1187.089499004702,-0.00035751882983728865
480584.0,26,-8500810.817904085,-15172676.276075415,-20404793.316344056,3646.342517190626,-742.6904815372402,-937.8535852110325,-0.0003575195742369132
481184.0,26,-6284109.582551076,-15561214.984513687,-20890844.830539063,3738.2009513261246,-551.7447986880583,-681.2647533258124,-0.0003575204166008716
481784.0,26,-4020586.367379505,-15833797.137813793,-21221196.072092865,3802.3303314311424,-356.3623432302587,-419.1613969793249,-0.00035752137063422315
482384.0,26,-1727055.3719870213,-15988182.063637812,-21393103.9693907,3838.164759774912,-157.9497838430891,-153.43247647117306,-0.000357522449276434
482984.0,26,579387.4028070176,-16022982.596868742,-21404970.768585782,3845.330611166866,42.05443764724433,113.99345564094186,-0.0003575236646062772
483584.0,26,2881481.0552944844,-15937681.541129388,-21256364.28984224,3823.6521278617943,242.18870345054376,381.15983391267594,-0.0003575250277506244
484184.0,26,5161919.774104334,-15732642.860692445,-20948031.09108547,3773.1561552275048,440.9772832999402,646.0942700004896,-0.0003575265487977617
484784.0,26,7403475.38183806,-15409117.325351378,-20481902.17621674,3694.075898493644,636.939860315722,906.8213462155638,-0.0003575282367159024
485384.0,26,9589121.817918677,-14969242.334611285,-19861090.89090106,3586.853570129489,828.6015040223533,1161.375990322487,-0.00035753009927761125
485984.0,26,11702160.866305396,-14416035.658614168,-19089882.6650174,3452.1417894475903,1014.5030621847786,1407.8173916024957,-0.00035753214299088365
486584.0,26,13726348.57234689,-13753382.787330117,-18173716.20824201,3290.8025347160474,1193.213550180599,1644.2423836952069,-0.0003575345800122555
487184.0,26,15646020.38891927,-12986017.94659198,-17119156.25520805,3103.9097897379024,1363.3347243012145,1868.80440494816,-0.00035753700012773105
487784.0,26,17446216.05825377,-12119498.23710329,-15933857.013215283,2892.740175896089,1523.5221982460669,2079.722175744543,-0.0003575396127615384
488384.0,26,19112801.733160064,-11160170.878602402,-14626516.613006474,2658.7720168474298,1672.4903745072647,2275.299364179772,-0.00035754241883499867
488984.0,26,20632588.39505567,-10115133.643895745,-13206822.403974565,2403.677414226697,1809.025593034218,2453.9387380089706,-0.00035754541778727116
489584.0,26,21993445.67504111,-8992188.367255785,-11685387.07705833,2129.313320666745,1931.9975470397508,2614.157293908019,-0.0003575486075625654
490184.0,26,23184409.74024512,-7799787.644695518,-10073675.772257607,1837.7105368004184,2040.3704633936225,2754.6010406129576,-0.0003575519846091905
490784.0,26,24195783.976900358,-6546974.907545606,-8383924.432370585,1531.0605983996086,2133.213891117218,2874.0592261251745,-0.00035755554389097876
491384.0,26,25019231.189768277,-5243318.149757081,-6629049.797238749,1211.700557476737,2209.7129310529785,2971.477785772886,-0.00035755927891150557
491984.0,26,25647856.050563637,-3898837.693983543,-4822551.572640285,882.0957033008734,2269.1777328858193,3045.971779333752,-0.00035756318175139907
492584.0,26,26076276.56849504,-2523928.4893011153,-2978407.4516602024,544.820314859596,2311.052082989197,3096.8365825006113,-0.0003575672431188785
493184.0,26,26300683.425757788,-1129277.5415302592,-1110961.8100065342,202.53658405723758,2334.9209086013093,3123.5576014231638,-0.00035757145241349235
493784.0,26,26318886.090069845,274223.19109032565,765191.3615830721,-142.02761801432752,2340.521670220368,3125.8161995422115,-0.00035757647115799453
494384.0,26,26130344.866094127,1675565.4355108077,2635327.929062716,-486.1047486485217,2327.7286433002596,3103.504176029595,-0.00035758093978144914
494984.0,26,25736188.145750213,3063719.1530024805,4484719.540163934,-826.9100818579445,2296.5871064070084,3056.715244396072,-0.00035758551750482263
495584.0,26,25139213.94167405,4427725.429114114,6298758.345246253,-1161.6695767140966,2247.294372177622,2985.7552264967953,-0.00035759018938192987
496184.0,26,24343875.726274215,5756791.219096584,8063083.348227058,-1487.6459450326108,2180.2048539414122,2891.1394218622163,-0.0003575949396603413
496784.0,26,23356252.23451928,7040383.233127887,9763705.482224371,-1802.1652370548418,2095.828172927356,2773.5896737242483,-0.00035759975191299715
497384.0,26,22184001.348677546,8268320.110870108,11387130.1565324,-2102.6431055204976,1994.8254483505589,2634.029010158554,-0.0003576046091774486
497984.0,26,20836298.393672563,9430861.792238273,12920475.817912936,-2386.610346639364,1878.0037872642397,2473.5738890117204,-0.00035760949410122434
498584.0,26,19323759.414014652,10518795.015336959,14351587.105051778,-2651.7373214303198,1746.309028381325,2293.524125116779,-0.00035761438909169893
499184.0,26,17658350.237863727,11523513.919170214,15669141.24099012,-2895.856876922264,1600.8168307624999,2095.350627131606,-0.00035761927646874925
499784.0,26,15853282.354016867,12437094.796927439,16862746.402921077,-3116.985413452847,1442.7222330198413,1880.681117407128,-0.0003576241386184309
500384.0,26,13922896.827325348,13252364.133583236,17923030.929425534,-3313.3417809309162,1273.3278402456065,1651.2840499443566,-0.0003576289581458833
500984.0,26,11882537.409321902,13962959.341442352,18841722.508308373,-3483.3663883343525,1094.0293566147714,1409.0537098495868,-0.0003576339254026335
501584.0,26,9748415.902248127,14563380.470128201,19611715.629169833,-3625.724299316571,906.3075020334469,1155.9805380691191,-0.00035763860936605877
502184.0,26,7537467.534505815,15049035.155718822,20227128.939014662,-3739.3323595876686,711.7043668200648,894.1471910200927,-0.00035764320131585374
502784.0,26,5267203.348499424,15416272.664326904,20683348.869906772,-3823.3563765679087,511.8141198634009,625.6975124924477,-0.00035764768618446537
503384.0,26,2955557.3881390914,15662409.640039206,20977061.65614239,-3877.2189272555806,308.2659450015707,352.81824779555353,-0.0003576520498168121
503984.0,26,620732.039295095,15785746.331850927,21106272.674507953,-3900.6014805774607,102.70842355397183,77.71812987745464,-0.00035765627908423855
504584.0,26,-1718957.0033018778,15785573.522701414,21070313.34494267,-3893.4436462833046,-103.20591902376789,-197.3927713817896,-0.00035766036198742673
505184.0,26,-4045234.4708151757,15662170.326268101,20869835.83865597,-3855.939677201923,-307.83569386804635,-470.3231598081645,-0.00035766428774742956
505784.0,26,-6340016.375593806,15416793.133858074,20506795.995483644,-3788.532396691258,-509.56516738607496,-738.9198327864183,-0.00035766804688419374
506384.0,26,-8585556.520107659,15051656.097873447,19984424.989849474,-3691.9047606200897,-706.8180511178764,-1001.0859904964178,-0.0003576716312821375
506984.0,26,-10764587.325665839,14569903.628282625,19307190.403011207,-3566.9692925310123,-898.0704212714222,-1254.7983489308172,-0.00035767503424254484
507584.0,26,-12860453.794070182,13975575.453252811,18480747.456975304,-3414.8556514492952,-1081.8626532371156,-1498.1229072765977,-0.00035767825052272274
508184.0,26,-14857239.36523938,13273564.866695097,17511881.35146942,-3236.8978466484514,-1256.8082557742398,-1729.2303283644642,-0.00035768148429753723
508784.0,26,-16739883.945227569,12469570.786870567,16408440.93651713,-3034.613959243305,-1421.6117460640487,-1946.4043449763808,-0.000357684317501092
509384.0,26,-18494290.843203418,11570044.257255716,15179266.261103157,-2809.6970851890737,-1575.0649466307837,-2148.059646861371,-0.0003576869572241279
509984.0,26,-20107424.973774053,10582130.304176776,13834108.812822798,-2563.993305627853,-1716.0625758405836,-2332.7469324625104,-0.0003576894041816057
510584.0,26,-21567400.151883647,9513605.59714846,12383546.953481501,-2299.485181791867,-1843.6064052846907,-2499.1621171605575,-0.0003576916605508755
511184.0,26,-22863555.75861581,8372812.718435206,10838896.854358878,-2018.273737849227,-1956.8103398944468,-2646.152849956464,-0.0003576937299385822
511784.0,26,-23986522.581196032,7168591.684933737,9212119.924022049,-1722.560342587213,-2054.904405640457,-2772.7235677978406,-0.0003576956173376913
512384.0,26,-24928277.80801516,5910209.358715984,7515727.58006952,-1414.6286699328934,-2137.237702082067,-2878.0391669091014,-0.0003576973290754057
512984.0,26,-25682189.25933581,4607287.347548783,5762684.167725225,-1096.8268917873238,-2203.280386146102,-2961.427382266929,-0.0003576988727527598
513584.0,26,-26243049.019065358,3269728.9570637345,3966308.773795487,-771.5502298605887,-2252.6247595407754,-3022.3799740103004,-0.0003577002571766777
514184.0,26,-26607096.70258079,1907645.713654191,2140176.626386392,-441.2239669767751,-2284.985535345714,-3060.552823360302,-0.00035770149228526885
514784.0,26,-26772032.650495023,531283.9331767287,298020.7110276675,-108.28699338181876,-2300.1993598201143,-3075.7650409055414,-0.00035770258906710987
515384.0,26,-26737021.400168538,-849048.1339908666,-1546365.77505435,224.8245547109792,-2298.2179561959438,-3067.9991764075776,-0.0003577037665003633
515984.0,26,-26502685.717874777,-2223052.7882948373,-3379225.882788894,555.6906447007648,-2279.1292012290564,-3037.3906872627313,-0.0003577046232172914
516584.0,26,-26071091.62619732,-3580513.1917774617,-5186933.2702887645,881.9246851968838,-2243.120589061448,-2984.236608410776,-0.000357705379997227
517184.0,26,-25445724.89306372,-4911363.046550531,-6956084.642084855,1201.1857745288064,-2190.4993218508457,-2908.983672277658,-0.0003577060511284827
517784.0,26,-24631459.19907917,-6205754.0723338565,-8673589.569038045,1511.1924792400894,-2121.683402517362,-2812.225835119399,-0.00035770665147974906
518384.0,26,-23634516.45020839,-7454121.504708686,-10326757.454954933,1809.7356044703802,-2037.1980614465353,-2694.6993023023465,-0.00035770719639695867
518984.0,26,-22462419.574363004,-8647247.31837175,-11903381.3447944,2094.690398194755,-1937.6718309478244,-2557.2770911548105,-0.0003577077015983126
431984.0,27,-17671051.646572344,-5857731.146965707,18737209.037516654,-515.4788208249568,-3548.2761112834846,-1522.5982904370946,-0.00012049480378135349
432584.0,27,-17911332.24872368,-7961138.721832863,17752007.478422392,-284.8525395294664,-3458.7088583851264,-1759.123992894944,-0.00012050616690408168
433184.0,27,-18012743.077298485,-10002832.128061801,16629139.5700799,-52.85310936693804,-3342.6957316042744,-1981.179221691212,-0.0001205172868264515
433784.0,27,-17975004.848312788,-11967263.454852618,15377780.980266823,178.6995265566154,-3201.3345579511297,-2187.136772707394,-0.00012052815862922996
434384.0,27,-17798921.830160107,-13839598.938882846,14008039.159228588,408.01545502514705,-3035.9080266461274,-2375.5206989015287,-0.00012053877935824084
434984.0,27,-17486359.76572972,-15605825.254051123,12530860.27856083,633.3486745586157,-2847.867824877233,-2545.014133135288,-0.00012054914801872965
435584.0,27,-17040215.802596487,-17252846.103434533,10957932.012899175,853.0098136193557,-2638.8180710465144,-2694.4652094390767,-0.00012055926555396536
436184.0,27,-16464381.077030066,-18768568.740785148,9301583.29073835,1065.3719561880798,-2410.494731480224,-2822.8941479956493,-0.00012056951313088594
436784.0,27,-15763697.093539556,-20141980.32454977,7574682.001127842,1268.9037161463466,-2164.7627980063785,-2929.483838417954,-0.00012057913867154363
437384.0,27,-14943905.474318616,-21363213.979512595,5790531.54846315,1462.1438951018506,-1903.5776533749386,-3013.5986071357815,-0.00012058852711912913
437984.0,27,-14011593.493124772,-22423604.466245107,3962767.496179337,1643.7323564287508,-1628.9825152261897,-3074.771843175983,-0.00012059768667957031
438584.0,27,-12974134.766738912,-23315733.98401714,2105254.60630534,1812.4109240865866,-1343.0883434544876,-3112.707326520684,-0.00012060662719287079
439184.0,27,-11839626.311465826,-24033468.13574036,231985.22833084554,1967.0289928803918,-1048.0578399685373,-3127.276511173622,-0.00012061536004125813
439784.0,27,-10616822.505319329,-24571982.431033988,-1643020.4212996,2106.5481364923126,-746.090045133214,-3118.5149069188524,-0.0001206238980496651
440384.0,27,-9315066.537134761,-24927779.698702324,-3505811.581780005,2230.0457988386124,-439.4055905363332,-3086.6177045342693,-0.00012063225537958599
440984.0,27,-7944219.87272851,-25098698.810287666,-5342601.448710192,2336.7181580250385,-130.23264053388607,-3031.934777255722,-0.00012064044741727175
441584.0,27,-6514590.215407103,-25083915.13136557,-7139858.50520321,2425.882252545734,179.20646909153618,-2954.9651769685465,-0.00012064849065714314
442184.0,27,-5036858.385497628,-24883933.118649326,-8884394.402985785,2496.977456789295,486.7079077772032,-2856.3512276105375,-0.00012065640258121442
442784.0,27,-3522004.492762774,-24500571.470699076,-10563448.171151226,2549.5663877920997,790.0983717792511,-2736.872301221805,-0.00012066420153523344
443384.0,27,-1981233.9933991013,-23936941.274728023,-12164766.44531117,2583.3350150866336,1087.2480751802352,-2597.4428516588014,-0.00012067228531525143
443984.0,27,-425902.38343622535,-23197417.230989207,-13676680.27089364,2598.0938114630785,1376.0751383432266,-2439.0878335553443,-0.00012067991645259381
444584.0,27,1132557.6224188488,-22287602.83652705,-15088176.969972871,2593.7756845192353,1654.5658653422179,-2262.962555971578,-0.00012068749355962765
445184.0,27,2682710.6278950423,-21214289.26565022,-16388968.362355007,2570.436324396113,1920.7778824872194,-2070.328003058664,-0.00012069503715111958
445784.0,27,4213191.646190487,-19985408.495856687,-17569554.597958878,2528.252938270013,2172.851419588574,-1862.5480983840403,-0.00012070256795638265
446384.0,27,5712778.617246573,-18609980.812130243,-18621283.627947435,2467.5229578426106,2409.018545082173,-1641.0824086595026,-0.00012071010678645571
446984.0,27,7170464.037755761,-17098056.876946107,-19536406.222168375,2388.662475545175,2627.6121451238396,-1407.4786615051648,-0.00012071767440109343
447584.0,27,8575525.542769745,-15460654.512375334,-20308126.419097204,2292.204403519409,2827.074693124598,-1163.3650412605082,-0.00012072529137587486
448184.0,27,9917595.272124194,-13709690.313965488,-20930647.2709271,2178.7963372573377,3005.9668453765853,-910.4422180891552,-0.00012073297796974331
448784.0,27,11186727.84186548,-11857906.196276568,-21399211.717802517,2049.1980942178043,3162.975885339757,-650.4750590227701,-0.00012074075399330883
449384.0,27,12373466.720864149,-9918790.958430622,-21710138.39280582,1904.278887040014,3296.9240240409267,-385.2839653370513,-0.00012074863867827737
449984.0,27,13468908.786355652,-7906496.956071966,-21860852.124631554,1745.014081410328,3406.7765471138905,-116.73577894037618,-0.00012075665054841415
450584.0,27,14464766.748787843,-5835752.04745675,-21849908.833479416,1572.480389823439,3491.646188967748,153.26669865853756,-0.00012076518530382483
451184.0,27,15353429.486646026,-3721766.4385406813,-21677014.771592,1387.8559234675188,3550.8152442073892,422.79142144975316,-0.00012077350335465027
451784.0,27,16128019.038309803,-1580135.9274689723,-21343039.04634842,1192.4089601626624,3583.7214139255398,689.8926253667985,-0.00012078199866189613
452384.0,27,16782445.197087806,573260.2029654644,-20850020.136025,987.4965981747537,3589.979288937247,952.6191280433984,-0.00012079068567778736
452984.0,27,17311456.21948777,2722364.849142287,-20201165.166059222,774.5574331683541,3569.383290403204,1209.0270083806286,-0.00012079957754314236
453584.0,27,17710685.631965347,4851052.625879056,-19400841.903916527,555.1044553059791,3521.9136031643106,1457.1922222087023,-0.00012080868597984994
454184.0,27,17976694.551303018,6943242.764042393,-18454563.023734853,330.71707077216183,3447.7413359307284,1695.2238504951379,-0.00012081802118974295
454784.0,27,18107008.976730622,8983014.864545874,-17368962.263401765,103.03219787476814,3347.2327442177875,1921.277942452399,-0.00012082759176089379
455384.0,27,18100151.483748384,10954726.90253777,-16151762.125070477,-126.26559820408261,3220.95233892028,2133.571890322283,-0.00012083740458242696
455984.0,27,17955666.731003214,12843134.764046604,-14811732.81502896,-355.45495030768575,3069.6646944538656,2330.399244828821,-0.00012084746476900189
456584.0,27,17674140.1848587,14633512.48131634,-13358642.181568315,-582.7895108840787,2894.334766380777,2510.144850937923,-0.00012085777559615822
457184.0,27,17257209.473768365,16311772.2159169,-11803196.490852803,-806.5107225763679,2696.1265302587703,2671.30015345656,-0.00012086833844773357
457784.0,27,16707567.85610473,17864582.99063731,-10156971.92500759,-1024.8690998917375,2476.4055136022853,2812.475253070249,-0.00012087953133079725
458384.0,27,16028958.994431544,19279486.553437818,-8432337.237288622,-1236.1080408871635,2236.7106405742343,2932.4269488229475,-0.00012089059490588554
458984.0,27,15226163.271157928,20545010.336025532,-6642366.715533928,-1438.5252943025826,1978.7810743650118,3030.0538894179995,-0.00012090190298408838
459584.0,27,14304974.374988832,21650774.374696154,-4800745.324281539,-1630.4575714018113,1704.5237741607614,3104.4234795580082,-0.00012091344913691475
460184.0,27,13272166.495562937,22587592.231747642,-2921665.301914756,-1810.3044396947196,1416.0071541771804,3154.7815539951157,-0.00012092522500233043
460784.0,27,12135451.75546796,23347563.87546132,-1019715.4089360319,-1976.5445312797408,1115.4466978309201,3180.564040301442,-0.00012093722032728597
461384.0,27,10903427.8895154,23924159.196071394,890236.4095375428,-2127.7516586439806,805.188235331449,3181.407071866589,-0.00012094942302867799
461984.0,27,9585516.305927377,24312290.764827907,2793165.922794716,-2262.610576600727,487.6889717216647,3157.155274140184,-0.00012096181927292493
462584.0,27,8191890.829318085,24508374.516389914,4674019.886613904,-2379.932112855321,165.4964133560352,3107.867964054747,-0.00012097439357405518
463184.0,27,6733397.597912436,24510377.145979676,6517846.349836197,-2478.667380858914,-158.7745971523841,3033.8230294527953,-0.00012098712890990074
463784.0,27,5221466.762306474,24317849.161669977,8309926.52698133,-2557.92078818718,-482.46646676500666,2935.518292056578,-0.00012100000685566914
464384.0,27,3668016.8047282873,23931942.716950476,10035906.664646873,-2616.961562405508,-802.9047310490485,2813.6702034178206,-0.00012101300773383853
464984.0,27,2085352.4474155866,23355413.50956993,11681928.139462968,-2655.233712216532,-1117.4219699197317,2669.2043043093217,-0.00012102602352293244
465584.0,27,486057.3856299091,22592606.63835525,13234754.86292778,-2672.3631862343545,-1423.3967924668555,2503.2700997833385,-0.00012103920669759776
466184.0,27,-1117117.2244736338,21649425.60497167,14681894.3135325,-2668.1643951453684,-1718.2633482602764,2317.199005576834,-0.00012105244797097074
466784.0,27,-2711366.684234189,20533285.32227091,16011713.304629406,-2642.643006974362,-1999.5503217721496,2112.5135227354367,-0.00012106572442833337
467384.0,27,-4283948.001266656,19253049.12331184,17213544.858674124,-2595.996953122444,-2264.9038930369516,1890.90705998915,-0.00012107901283805139
467984.0,27,-5822294.868783841,17818950.57230419,18277785.568445493,-2528.6148547471184,-2512.1124181847113,1654.226808999268,-0.00012109228986069118
468584.0,27,-7314130.915036947,16242501.024264421,19195982.030303866,-2441.0719931011577,-2739.129331205209,1404.4546064290819,-0.00012110553225952182
469184.0,27,-8747579.77308973,14536384.133137438,19960905.252632834,-2334.1238933685395,-2944.0938757885074,1143.686110660818,-0.00012111871710969734
469784.0,27,-10111270.582967676,12714338.723067526,20566612.152688302,-2208.697646898657,-3125.3493284749356,874.108658832522,-0.00012113182200344388
470384.0,27,-11394437.631278759,10791031.617180213,21008493.483028144,-2065.8811476867663,-3281.4584367681923,597.9781959799468,-0.00012114482524867012
470984.0,27,-12587012.954184998,8781922.15791662,21283307.767165933,-1906.910463530205,-3411.2158656908514,317.5956815878978,-0.0001211577060585704
471584.0,27,-13679710.873688554,6703120.249543159,21389201.065575898,-1733.1555989058488,-3513.6575205691292,35.28337955263686,-0.00012117044472999431
472184.0,27,-14664103.721428169,4571239.559716802,21325712.687303282,-1546.1039525609428,-3588.067632576921,-246.63869281263115,-0.0001211834007082235
472784.0,27,-15532687.258578131,2403249.5101170186,21093766.8331924,-1347.347630545341,-3633.9779866084777,-525.8749696491967,-0.00012119580117805304
473384.0,27,-16278937.471782908,216322.88748193346,20695651.300298687,-1138.5603467241162,-3651.173437590303,-800.1771544658277,-0.00012120800848062249
473984.0,27,-16897355.181163505,-1972311.5617092215,20134983.205374964,-921.4835673535233,-3639.6851525397133,-1067.363958276282,-0.00012122000874294808
474584.0,27,-17383501.00083899,-4145516.153121506,19416663.032818418,-697.9077548027198,-3599.7858055367933,-1325.340294450858,-0.00012123178984017348
475184.0,27,-17734019.487006024,-6286386.649331671,18546817.81400465,-469.6547337383196,-3531.9813694055188,-1572.1145289173066,-0.00012124334147558639
475784.0,27,-17946652.86079914,-8378389.097865122,17532734.533095054,-238.56048000577812,-3437.0007206545197,-1805.8138547764506,-0.00012125465524202224
476384.0,27,-18020244.619674686,-10405489.908674639,16382784.90084229,-6.45855369714036,-3315.783362822176,-2024.6976985849483,-0.00012126572466482963
476984.0,27,-17954733.471829787,-12352278.139813973,15106342.678505996,224.8356362217612,-3169.4655847370027,-2227.169115660617,-0.00012127654522682495
477584.0,27,-17751138.128660493,-14204079.146351332,13713694.746646972,453.53958438867676,-2999.3653713471476,-2411.7841780218764,-0.00012128711437588442
478184.0,27,-17411533.569806848,-15947058.932078958,12215947.100820513,677.9173437791462,-2806.9663767335423,-2577.2593997627177,-0.00012129743151600617
478784.0,27,-16939019.454020206,-17568318.72144478,10624926.921147248,896.2920034721603,-2593.9012529984766,-2722.4772799201132,-0.00012130749798282081
479384.0,27,-16337681.617301343,-19055979.03829133,8953082.72520147,1107.0498847376375,-2361.9309180090427,-2846.494279728979,-0.00012131750626242137
479984.0,27,-15612546.097629726,-20399255.49434262,7213378.300160444,1308.678885719025,-2112.9421584313222,-2948.5260865789705,-0.00012132708281461385
480584.0,27,-14769529.405021667,-21588520.507958185,5419194.151468144,1499.734638516352,-1848.9083176106662,-3027.9736055945364,-0.0001213364238358584
481184.0,27,-13815382.11211737,-22615358.358332645,3584221.0541046266,1678.8766380936663,-1571.8873386057758,-3084.4052831791896,-0.00012134553787245076
481784.0,27,-12757628.983520046,-23472608.64727447,1722358.055058772,1844.8675507733105,-1284.0016264296032,-3117.5594761308475,-0.00012135443508653461
482384.0,27,-11604505.360771112,-24154400.324205145,-152388.79409302998,1996.5786182015856,-987.4221671241802,-3127.341538861775,-0.00012136312716260329
482984.0,27,-10364890.305816662,-24656176.19210857,-2026006.5064923398,2132.994096158865,-684.3531639781187,-3113.8200707494543,-0.0001213718163939153
483584.0,27,-9048238.663494729,-24974709.005209655,-3884568.7404691433,2253.2146933567983,-377.0178021339626,-3077.2222720570944,-0.00012138013882639723
484184.0,27,-7664508.617405431,-25108107.87501456,-5714334.441070267,2356.4604074477097,-67.64378551285677,-3017.9290484747467,-0.00012138829926772364
484784.0,27,-6224090.425423701,-25055817.468490615,-7501835.334503584,2442.0724326955424,241.549521105635,-2936.469266673089,-0.00012139631442275511
485384.0,27,-4737732.865491494,-24818609.001349036,-9233963.857165715,2509.5145394367173,548.3637204082377,-2833.5138182662286,-0.00012140420195879793
485984.0,27,-3216469.2961383127,-24398563.94277134,-10898056.59256971,2558.373879411208,850.633275597827,-2709.8693413434585,-0.00012141198038116085
486584.0,27,-1671543.98224153,-23799051.361216404,-12481972.844310237,2588.3627673119154,1146.2376305224716,-2566.474407035812,-0.00012141985822910147
487184.0,27,-114335.40820540488,-23024695.612752255,-13974174.133153275,2599.3127617602454,1433.108519511704,-2404.3820902083658,-0.00012142747690034281
487784.0,27,1443714.3064000923,-22081343.54855221,-15363789.771821203,2591.1829628106025,1709.245587766808,-2224.769048855856,-0.00012143504571949163
488384.0,27,2991175.4028502097,-20976020.112883143,-16640687.963964589,2564.0533846582657,1972.722511953386,-2028.917958663031,-0.00012144258525440608
488984.0,27,4516703.070924795,-19716880.829734962,-17795537.800264303,2518.1253567994004,2221.697447287642,-1818.2129621018985,-0.00012145011626033034
489584.0,27,6009109.824487161,-18313158.202491414,-18819867.830040965,2453.7201791284624,2454.422209127719,-1594.1323355087654,-0.00012145765954701692
490184.0,27,7457436.9583392935,-16775102.709690364,-19706120.15662251,2371.2775050196965,2669.2512087572854,-1358.2409632414697,-0.000121465235845723
490784.0,27,8851024.92429687,-15113918.537445614,-20447699.938116305,2271.3534439423847,2864.6501876898756,-1112.182581025573,-0.00012147286567638837
491384.0,27,10179582.457288124,-13341694.163762102,-21039020.150589354,2154.6183631024282,3039.2047835381463,-857.6717422783543,-0.00012148056921531068
491984.0,27,11433254.267839186,-11471327.891826682,-21475541.441189945,2021.8543562105401,3191.6289469979256,-596.4854550784296,-0.00012148836616365486
492584.0,27,12602687.096004348,-9516448.419736655,-21753806.865828518,1873.9523370032894,3320.773214014323,-330.4544337114465,-0.00012149627561716877
493184.0,27,13679093.89419233,-7491330.534286846,-21871471.271152735,1711.9087058546602,3425.632819966874,-61.453907558683376,-0.00012150431593752353
493784.0,27,14654315.783551408,-5410806.183540999,-21827324.999540217,1536.8229921335055,3505.3513636058856,208.6083326216985,-0.00012151307201784792
494384.0,27,15520882.100845253,-3290169.8959590564,-21621311.89236564,1349.8876029441938,3559.2455219611343,477.79333072469893,-0.0001215214253343494
494984.0,27,16272066.402764022,-1145082.154345939,-21254540.50658364,1152.3917166418873,3586.7868552963314,744.1547532328296,-0.00012152995894926703
495584.0,27,16901940.781844147,1008534.4143184936,-20729289.228420757,945.7096220781574,3587.625842684878,1005.7419017877947,-0.00012153868705393809
496184.0,27,17405425.721051548,3154601.2483173637,-20049004.065197997,731.2957761629984,3561.594044518579,1260.613883280622,-0.00012154762250591604
496784.0,27,17778336.057625197,5276994.103589457,-19218289.079007607,510.6775263090798,3508.709889973195,1506.8523572316271,-0.00012155677672268855
497384.0,27,18017422.351900827,7359656.569199202,-18242889.011423793,285.4469462056877,3429.183659041812,1742.5749093561544,-0.00012156615958199552
497984.0,27,18120407.11291849,9386716.3233664,-17129663.72692546,57.251737646595075,3323.4214922489678,1965.9490086472738,-0.00012157577932978795
498584.0,27,18086015.306255095,11342603.501739537,-15886554.13430088,-172.21483421223547,3192.02824891231,2175.2064792684446,-0.00012158564249693544
499184.0,27,17913998.55316478,13212170.437022416,-14522539.293716554,-401.2249864349053,3035.8090267872985,2368.658390417672,-0.00012159575382584509
499784.0,27,17605152.42610351,14980811.912626255,-13047584.48354858,-628.0284370322364,2855.769153024254,2544.7102377749147,-0.00012160611620818942
500384.0,27,17161326.256307628,16634584.956215352,-11472580.08618958,-850.8653638100182,2653.112459455784,2701.877260025994,-0.00012161673063495358
500984.0,27,16585424.916695157,18160327.276849188,-9809271.074631296,-1067.9863470859295,2429.2422739781287,2838.7979148460167,-0.00012162750888135934
501584.0,27,15881401.848558675,19545772.129196484,-8070178.103833764,-1277.6424298637116,2185.737378989148,2954.2560429492137,-0.00012163862286464908
502184.0,27,15054243.682329217,20779660.473002084,-6268508.6312978715,-1478.1374756300966,1924.3716399827035,3047.1845999813345,-0.00012164998016919146
502784.0,27,14109944.74998495,21851846.885142345,-4418060.135899788,-1667.8190962110507,1647.0855741748446,3116.68658086989,-0.00012166157396866491
503384.0,27,13055472.374279011,22753398.86390073,-2533115.229478806,-1845.1010239583013,1355.978414696328,3162.045907044122,-0.00012167339551062907
503984.0,27,11898722.327326177,23476687.916881125,-628329.481620396,-2008.4793253402884,1053.2932485941647,3182.738793449058,-0.00012168543416279752
504584.0,27,10648464.548254048,24015470.998693164,1281387.1442090205,-2156.5484710060696,741.3998315358559,3178.4435085048767,-0.00012169767747780035
505184.0,27,9314279.287206836,24364960.917632293,3180994.18447064,-2288.0169971807095,422.7751783422666,3149.0482527365916,-0.0001217101112765616
505784.0,27,7906484.010098755,24521884.411398888,5055448.678847684,-2401.7224784353707,99.98208981876064,3094.656900720478,-0.00012172271975012893
506384.0,27,6436051.5719868,24484526.71082561,6889835.91615509,-2496.645524648954,-224.35416168105633,3015.592379893813,-0.00012173548557948389
506984.0,27,4914520.341619104,24252761.566980217,8669501.431058293,-2571.92251633808,-547.5707053871854,2912.397498410996,-0.00012174839007253861
507584.0,27,3353897.130030021,23828065.908636883,10380182.662032513,-2626.8568031453483,-866.9931656427344,2785.8330818586187,-0.0001217614133171974
508184.0,27,1766553.675671625,23213518.401797924,12008138.682003498,-2660.9280551676875,-1179.9605693166627,2636.8701689538775,-0.00012177491291794174
508784.0,27,165119.26160611957,22413782.093228977,13540276.10077738,-2673.799900082623,-1483.8609054555218,2466.6951185150647,-0.00012178810967230621
509384.0,27,-1437632.3380800514,21435070.144580666,14964269.467777455,-2665.3246900759013,-1776.145824799458,2276.6807592092096,-0.00012180135986115357
509984.0,27,-3028896.83214516,20285095.455829017,16268675.334053768,-2635.5466589304065,-2054.36597907681,2068.385883361875,-0.00012181464048941274
510584.0,27,-4595954.787430616,18973004.57021348,17443037.24215201,-2584.702229095952,-2316.194627944982,1843.5368617687475,-0.00012182792828773398
511184.0,27,-6126286.404331138,17509296.514772847,18477980.94583776,-2513.217940699938,-2559.4519911385532,1604.0100819008628,-0.00012184119992209377
511784.0,27,-7607684.26594955,15905727.615479019,19365298.460071508,-2421.7059331775854,-2782.127738823429,1351.8124361659845,-0.00012185443220423108
512384.0,27,-9028362.620592073,14175203.53322633,20098019.885680404,-2310.9570605111508,-2982.401238655579,1089.0601967543764,-0.00012186760230021096
512984.0,27,-10377061.82571044,12331659.975120757,20670472.167586092,-2181.931775744468,-3158.659232676877,817.9566491681618,-0.00012188068793445481
513584.0,27,-11643146.68046495,10389933.707322875,21078324.176245794,-2035.7489702791077,-3309.510681352875,540.7688801318433,-0.0001218936675866824
514184.0,27,-12816697.50005091,8365625.626718419,21318617.741725963,-1873.672996572576,-3433.798583063446,259.80412647993984,-0.00012190652067937288
514784.0,27,-13888592.933201833,6274957.736180165,21389784.51104743,-1697.0991377264181,-3530.608652231734,-22.61391028537744,-0.0001219192277535664
515384.0,27,-14850583.94057225,4134625.319746378,21291648.737923637,-1507.535121544259,-3599.2756637905354,-304.1673389875536,-0.00012193214856918285
515984.0,27,-15695356.762192527,1961649.8217607168,21025416.293257136,-1306.5950498121774,-3639.382434370576,-582.5708530714844,-0.00012194451047082611
516584.0,27,-16416588.180235218,-226774.82866212353,20593650.596602295,-1095.9660845069498,-3650.7641290363554,-855.5870831944907,-0.00012195667623683738
517184.0,27,-17008987.787357993,-2413428.6091227755,20000235.887470823,-877.4012387419477,-3633.5013543473847,-1121.0509398576141,-0.00012196863234645913
517784.0,27,-17468330.83266958,-4581211.766406898,19250328.956139844,-652.6989635949592,-3587.9147191725847,-1376.8872221797046,-0.00012198036704483847
518384.0,27,-17791480.258361645,-6713286.163373076,18350300.227356438,-423.68557758094926,-3514.5561584645984,-1621.1274933294526,-0.00012199187041922024
518984.0,27,-17976398.36266146,-8793210.817922466,17307665.30036057,-192.19816656083185,-3414.1981312382654,-1851.9250566939402,-0.00012200313445654261
431984.0,28,-10357755.915243564,-11562846.219970586,-21543032.329042073,2393.384474892142,-3011.2711298807058,467.2697777733412,-0.0005477031383260649
432584.0,28,-8883950.998510875,-13322991.533370785,-21180536.049224403,2516.3513276677604,-2852.227966751467,740.3319417093082,-0.0005476973864712196
433184.0,28,-7342106.911348688,-14981100.268708343,-20655794.344928816,2620.054270664437,-2671.321583880287,1007.7477767202213,-0.000547691640678351
433784.0,28,-5744026.441634851,-16524462.229184931,-19972810.979051203,2703.694996296865,-2469.9348322247656,1267.4660792568643,-0.0005476859005478006
434384.0,28,-4101945.6431353334,-17941244.036623217,-19136803.35123049,2766.628960967955,-2249.608311369681,1517.4940336276761,-0.0005476801656364238
434984.0,28,-2428440.1496376498,-19220580.293547973,-18154162.987737432,2808.370456203891,-2012.0286126720089,1755.9126046236997,-0.0005476744354609787
435584.0,28,-736328.7901034895,-20352657.394978844,-17032406.970441185,2828.596455726493,-1759.0154142354609,1980.8913797911114,-0.0005476687095018292
436184.0,28,961424.4382164311,-21328789.09032774,-15780120.80238099,2827.150278545346,-1492.5095590377512,2190.7022912491148,-0.0005476631811315954
436784.0,28,2651811.1781088365,-22141484.53862196,-14406892.250248484,2804.038607222604,-1214.550090681531,2383.7347779168554,-0.000547657462028068
437384.0,28,4321876.938453459,-22784505.205536794,-12923238.877389131,2759.437928030132,-927.2705134956393,2558.505702329391,-0.0005476517453952909
437984.0,28,5958821.825572996,-23252913.860338964,-11340526.849987233,2693.688959743145,-632.8744476152294,2713.6725307843312,-0.0005476460306094999
438584.0,28,7550098.835386528,-23543112.83214397,-9670883.858464641,2607.2951504522634,-333.6205798380877,2848.0433597327924,-0.0005476403170327227
439184.0,28,9083510.497462843,-23652872.03287387,-7927105.934643977,2500.918828626256,-31.80521277562957,2960.5861750058343,-0.0005476346040176861
439784.0,28,10547302.864992626,-23581346.396282412,-6122559.034539325,2375.37611021691,270.25548984229215,3050.4368664106123,-0.0005476288909127947
440384.0,28,11930256.106499707,-23329082.58049202,-4271076.154574327,2231.63060102464,570.2434201724027,3116.905932141245,-0.0005476231770671446
440984.0,28,13221770.980255641,-22898014.868921626,-2386850.788439603,2070.785943737905,865.8564622949807,3159.483818243022,-0.0005476174618355311
441584.0,28,14411950.504237521,-22291450.293308184,-484327.5642781421,1894.0772688619115,1154.8263035735843,3177.844849734721,-0.0005476117445834116
442184.0,28,15491676.172858614,-21514043.0917586,1421909.0730885367,1702.8616180474546,1434.9359785305394,3171.84972181408,-0.0005476060246917858
442784.0,28,16452678.116263341,-20571758.703389872,3317247.25301623,1498.607417008988,1704.0370046699616,3141.5465317167223,-0.0005476003015619544
443384.0,28,17287598.79800538,-19471827.51447289,5187160.477394366,1282.883269274596,1960.0679722649893,3087.1691720201793,-0.000547594766526056
443984.0,28,17990048.83300764,-18222689.35236098,7017318.414256816,1057.3450811435969,2201.0624417772506,3009.1401212980504,-0.0005475890352386537
444584.0,28,18554656.84125582,-16833927.150624033,8793699.041614719,823.7242379844529,2425.17611467896,2908.0600803561415,-0.0005475832990906106
445184.0,28,18977109.73446586,-15316193.627726959,10502695.036068622,583.8135413501648,2630.6929569195117,2784.7078933424436,-0.0005475775576081872
445784.0,28,19254185.62762037,-13681128.685974482,12131218.65291897,339.45349614816337,2816.040373213439,2640.0332554505044,-0.0005475718103586225
446384.0,28,19383778.103600815,-11941269.490396138,13666802.104423547,92.51808730901621,2979.8012271008993,2475.149267136022,-0.0005475660569534439
446984.0,28,19364911.837644063,-10109953.715086523,15097693.042260472,-155.09968101598497,3120.7246352624857,2291.323731361915,-0.0005475602970514336
447584.0,28,19197749.482578784,-8201216.7294838615,16412944.412425179,-401.5023690365672,3237.7354553203077,2089.9692667389295,-0.0005475545303612287
448184.0,28,18883589.78608624,-6229683.540225413,17602498.000468984,-644.8026928771396,3329.9423975735435,1872.6323184752353,-0.0005475487566435373
448784.0,28,18424856.98056836,-4210456.339809249,18657261.039540358,-883.1380101755668,3396.6447027430895,1640.9811572314902,-0.0005475429757129514
449384.0,28,17825081.5539642,-2158998.5412963955,19569175.31238493,-1114.684587631326,3437.337339704084,1396.7929632465975,-0.0005475371874393451
449984.0,28,17088872.57548926,-91016.19879887998,20331278.240572345,-1337.6715411325756,3451.714689240007,1141.9400994203118,-0.0005475313917488473
450584.0,28,16221881.943589665,1977661.7502720272,20937755.327505406,-1550.3927460764303,3439.6733791673587,878.3762008232652,-0.0005475257822371479
451184.0,28,15230760.066018239,4031206.602301631,21383984.706741016,-1751.2261692116608,3401.310159754124,608.1190781427524,-0.0005475199717264307
451784.0,28,14123105.278025955,6053907.897331639,21666570.777262393,-1938.6367150741848,3336.9250197565116,333.2383359367521,-0.0005475141539117832
452384.0,28,12907404.846295321,8030295.084422868,21783370.091579314,-2111.1941393815127,3247.0160262484087,55.83747679685209,-0.0005475083289454011
452984.0,28,11592969.901702467,9945255.046088908,21733506.98970764,-2267.582296456091,3132.2760176363704,-221.9616628587327,-0.0005475024970341498
453584.0,28,10189864.060533954,11784147.203612864,21517379.717271093,-2406.6090667336407,2993.587157163872,-498.0350956056034,-0.0005474966584379598
454184.0,28,8708826.40177874,13532914.94184409,21136656.878825948,-2527.215328515485,2832.01406265733,-770.2728544718216,-0.0005474908134678211
454784.0,28,7161189.38425955,15178192.527704872,20594264.26818129,-2628.4829103438738,2648.7955684685094,-1036.595032593034,-0.0005474849624833875
455384.0,28,5558792.321900265,16707406.7310617,19894362.186083227,-2709.641468092571,2445.3351849886153,-1294.9675723580058,-0.0005474791058902149
455984.0,28,3913891.065968523,18108872.395840816,19042313.423270576,-2770.074238836938,2223.190329987831,-1543.41768781379,-0.0005474732441366505
456584.0,28,2239064.5695843613,19371881.25314259,18044642.15335179,-2809.322631755304,1984.0604143450296,-1780.0488072830797,-0.0005474673777103994
457184.0,28,547119.0320172496,20486783.31650784,16908984.04494449,-2827.0896246772304,1729.7738724523674,-2003.0549270094,-0.0005474615071347948
457784.0,28,-1149009.7536187097,21445060.352849334,15644028.010033634,-2823.2420033440644,1462.2744241772532,-2210.7362467738194,-0.0005474558251887847
458384.0,28,-2836354.50129041,22239390.284087643,14259449.847203793,-2797.811084452389,1183.6055901941952,-2401.504083968442,-0.0005474499481075766
458984.0,28,-4502015.979350649,22863703.48779388,12765838.456289014,-2750.9927418937527,895.8961410457715,-2573.9048680954825,-0.00054744406862337
459584.0,28,-6133260.689453678,23313228.67141481,11174615.283547526,-2683.145684787599,601.3433386724207,-2726.623074971495,-0.0005474381873590058
460184.0,28,-7717618.0609027855,23584529.365359616,9497947.252949124,-2594.7887587463665,302.19641154341707,-2858.493210391144,-0.0005474323049508849
460784.0,28,-9242975.508926656,23675530.200055413,7748654.0697501395,-2486.5969987457033,0.7395011783694372,-2968.5086326113437,-0.0005474264220441196
461384.0,28,-10697671.12446497,23585532.74760577,5940110.539506575,-2359.396690876323,-300.72562507564646,-3055.8296948891825,-0.0005474201955059376
461984.0,28,-12070581.339338282,23315221.393314704,4086144.633224811,-2214.1583998986625,-599.8971138528431,-3119.7880662446114,-0.000547414313588103
462584.0,28,-13351207.788288176,22866657.719082348,2200932.0543289063,-2051.9906873579826,-894.4903821179475,-3159.8949137255536,-0.0005474084331096171
463184.0,28,-14529756.173546256,22243265.35571531,298888.15498010913,-1874.1310280256532,-1182.2554920687005,-3175.8425721325825,-0.0005474025547008932
463784.0,28,-15597211.427607482,21449803.97796752,-1605442.0393074134,-1681.9366269390669,-1460.9942258479723,-3167.5074456103825,-0.0005473966789765781
464384.0,28,-16545406.637156906,20492333.202244345,-3497494.8246456427,-1476.8741552219321,-1728.576786229387,-3134.951002968701,-0.0005473908065308668
464984.0,28,-17367085.33647164,19378166.708336473,-5362798.656028427,-1260.5082676504132,-1982.956337060878,-3078.418948939031,-0.0005473850093528138
465584.0,28,-18055957.860925097,18115815.877908207,-7187086.182920638,-1034.491230945156,-2222.1912714200544,-2998.341132842341,-0.0005473791450345011
466184.0,28,-18606748.27055448,16714926.380291006,-8956400.688120166,-800.5482977963446,-2444.4498819988985,-2895.3258419364292,-0.0005473732856074821
466784.0,28,-19015235.73484734,15186203.731845377,-10657204.585257458,-560.4659792829036,-2648.031181870322,-2770.156950104458,-0.0005473674315417167
467384.0,28,-19278286.738508306,13541332.013093013,-12276482.421139421,-316.07816117432253,-2831.376189965934,-2623.787631524457,-0.0005473615832662691
467984.0,28,-19393879.234298285,11792884.828979298,-13801840.40675017,-69.25217367516188,-2993.079883818081,-2457.3332068604304,-0.0005473557411660191
468584.0,28,-19361118.3225516,9954229.455968939,-15221601.233379934,178.12540862371452,-3131.901999518551,-2272.062752000855,-0.0005473499055787098
469184.0,28,-19180243.336512882,8039424.9055442475,-16524893.450291084,424.1631302980534,-3246.7765950580465,-2069.3895297876957,-0.0005473440767923498
469784.0,28,-18852626.278308056,6063114.679342061,-17701734.722546697,666.9790742344858,-3336.8203021066593,-1850.860314181086,-0.0005473382550429933
470384.0,28,-18380761.61605463,4040415.030600149,-18743108.334810946,904.7152276152324,-3401.3392007925213,-1618.1436848453538,-0.0005473324405129148
470984.0,28,-17768247.51780366,1986799.5796312112,-19641032.3585823,1135.551685948594,-3439.834262066771,-1373.0173781573772,-0.0005473266333291921
471584.0,28,-17019758.66221927,-82018.84237657487,-20388620.95594131,1357.720587104536,-3452.0053127388337,-1117.3547880695776,-0.0005473208335627113
472184.0,28,-16141010.659877604,-2150208.7548799273,-20980137.60144951,1569.5208085753623,-3437.754720029053,-853.1092565244243,-0.0005473147673978094
472784.0,28,-15138717.343331475,-4201939.013615811,-21411038.3743973,1769.326450494098,-3397.183389738658,-582.3050502309645,-0.0005473089825513735
473384.0,28,-14020538.841616306,-6221502.6160341995,-21678008.377998114,1955.6062604075717,-3330.597528649467,-307.01310744988325,-0.0005473032050009217
473984.0,28,-12795023.91394567,-8193435.301368897,-21778986.866233245,2126.930814466864,-3238.501543292002,-29.341092702867773,-0.0005472974345904262
474584.0,28,-11471544.725257268,-10102634.319678612,-21713183.616022844,2281.984724223518,-3121.595568001038,248.58421597839998,-0.0005472916711091257
475184.0,28,-10060225.428818077,-11934474.18331116,-21481085.479079287,2419.5768230487074,-2980.7702502254274,524.6332354477088,-0.0005472859142931184
475784.0,28,-8571864.94418541,-13674918.862245694,-21084453.175811253,2538.649412900764,-2817.1000618734256,796.6899331414794,-0.0005472801638273651
476384.0,28,-7017854.507823325,-15310629.564722465,-20526308.339519426,2638.2864971434205,-2631.835183785682,1062.6681039239452,-0.0005472744193480876
476984.0,28,-5410090.61469453,-16829067.27426152,-19810910.89170181,2717.720932517942,-2426.3920217699847,1320.5274417667747,-0.0005472686804455433
477584.0,28,-3760884.0062638046,-18218589.249871057,-18943726.901966818,2776.3404413810417,-2202.3424236643978,1568.2892807611481,-0.0005472629466671575
478184.0,28,-2082865.3932542857,-19468538.737925597,-17931387.158449035,2813.6924338941335,-1961.401677528252,1804.0518817637264,-0.0005472572175209856
478784.0,28,-388888.62986097485,-20569327.191805214,-16781636.746302173,2829.487598938178,-1705.4153811996432,2026.0051437882587,-0.0005472514924794836
479384.0,28,1308067.7650522254,-21512508.205393825,-15503276.005412553,2823.6033543808508,-1436.3479524049137,2232.4445271692725,-0.0005472459651256436
479984.0,28,2995001.0863195555,-22290843.407023866,-14106093.070178708,2796.080405475634,-1156.256921453892,2421.784619450283,-0.0005472402467321412
480584.0,28,4658982.92338597,-22898357.748550385,-12600789.657596147,2747.1292119689524,-867.2929216241114,2592.5709617896487,-0.000547234530677444
481184.0,28,6287259.803282998,-23330386.41537572,-10998898.34877104,2677.123965710262,-571.6725938172078,2743.491623686366,-0.0005472288163333466
481784.0,28,7867351.05487916,-23583610.951634068,-9312694.26736098,2586.6008699887457,-271.6640930150377,2873.3873360453927,-0.0005472231030584845
482384.0,28,9387144.951197201,-23656085.12132359,-7555100.740533037,2476.254034497947,30.43043878249,2981.2604970875395,-0.0005472173902032673
482984.0,28,10834992.043521322,-23547250.145390358,-5739589.88275187,2346.9301337214474,332.29267471959406,3066.2829191207984,-0.0005472116771148756
483584.0,28,12199794.947916558,-23257939.180227827,-3880078.8790854174,2199.62187003469,631.6060383219904,3127.802252780651,-0.0005472059631422844
484184.0,28,13471093.871348474,-22790370.990871634,-1990822.7826821515,2035.4602929450639,926.07362829835,3165.347036267795,-0.0005472002476412711
484784.0,28,14639147.197846757,-22148132.86116532,-86304.67198485797,1855.706035605531,1213.4359892261855,3178.6303285841136,-0.0005471945299793711
485384.0,28,15695006.494854828,-21336152.872358467,1818875.9633905012,1661.7395389217616,1491.488585611625,3167.551897670785,-0.0005471888095407416
485984.0,28,16630585.345683467,-20360661.769946016,3710115.72374566,1455.0503421195638,1758.0988393189973,3132.198946555005,-0.0005471830857308955
486584.0,28,17438721.777152777,-19229144.428592745,5572920.376974377,1237.2241490590447,2011.2240656589388,3072.8457305350407,-0.0005471775497357778
487184.0,28,18113231.943337087,-17950283.13136612,7393014.127106555,1009.9360402690223,2248.9213200573654,2989.9499319638553,-0.0005471718175569182
487784.0,28,18648959.164798364,-16533888.494368618,9156452.841039896,774.9292243549987,2469.371232032683,2884.1511655978647,-0.0005471660804038824
488384.0,28,19041812.1584311,-14990824.81799178,10849729.089065773,534.0070437451029,2670.886046992746,2756.2645008356817,-0.0005471603378106588
488984.0,28,19288796.281374592,-13332925.781575218,12459876.349975014,289.01764559627145,2851.9240433653067,2607.274413635188,-0.0005471545893530238
489584.0,28,19388036.030399736,-11572903.040061407,13974568.430878185,41.83970247603543,3011.1013087728275,2438.327071308152,-0.0005471488346517862
490184.0,28,19338788.87651954,-9724248.142882753,15382213.833434017,-205.63208071729696,3147.2022723657788,2250.721374647547,-0.0005471430733756805
490784.0,28,19141450.350488737,-7801128.557403732,16672044.344646903,-451.50155876001736,3259.1889148288856,2045.8988323213332,-0.0005471373052438911
491384.0,28,18797550.365006357,-5818278.620814361,17834197.181234807,-693.88572230864,3346.2085889147083,1825.4323513395766,-0.0005471315300281859
491984.0,28,18309740.828479744,-3790886.2783497926,18859790.07212622,-930.9291446817501,3407.6003950785084,1591.0140353919608,-0.0005471257475546445
492584.0,28,17681774.67253823,-1734476.4921021769,19740988.7231807,-1160.8181876363951,3442.900068754455,1344.4420899133315,-0.000547119957704967
493184.0,28,16918476.480571482,335207.7763875304,20471066.17101783,-1381.7948574809648,3451.8433478987877,1087.606938836212,-0.0005471141604173569
493784.0,28,16025704.972981008,2402325.87234289,21044453.431601632,-1592.1702188692543,3434.3657023379537,822.4791585673686,-0.0005471080838705892
494384.0,28,15010307.55662919,4451061.472533971,21456782.0297611,-1790.3372598727979,3390.6109881101015,551.0843416484955,-0.0005471022716423465
494984.0,28,13880067.734913552,6465742.03857816,21704915.930842046,-1974.782970824627,3320.9176516504167,275.5025883657899,-0.0005470964521250266
495584.0,28,12643644.97002908,8430959.247364264,21786975.275889605,-2144.099929342933,3225.824295721515,-2.157466334341479,-0.0005470906254838452
496184.0,28,11310508.275081368,10331686.209041325,21702350.049683895,-2296.9968917628053,3106.0633074499938,-279.7722303286495,-0.0005470847919384686
496784.0,28,9890863.650778309,12153391.89134854,21451704.179603122,-2432.3085268505984,2962.555113479338,-555.2193435671278,-0.000547078951761312
497384.0,28,8395575.997202821,13882151.690332271,21036969.97343236,-2549.0041803848085,2796.401022359192,-826.3938304962631,-0.0005470731052754385
497984.0,28,6836086.091656753,15504753.3286007,20461332.952391136,-2646.195608647521,2608.8747121271062,-1091.224095580679,-0.0005470672528520727
498584.0,28,5224323.257199346,17008797.297685526,19729207.204031672,-2723.1436266320748,2401.412430325133,-1347.687643751043,-0.0005470613949077502
499184.0,28,3572614.3761340957,18382791.10124941,18846201.44702652,-2779.26362477807,2175.6019824328323,-1593.8264102373462,-0.0005470555319011246
499784.0,28,1893589.9282253738,19616236.60065187,17819076.06598036,-2814.129916252613,1933.1705928673507,-1827.761587574735,-0.000547049664329456
500384.0,28,200087.7547203675,20699709.813645247,16655691.439009331,-2827.4788851690996,1675.9717302782547,-2047.7078415664926,-0.0005470437927248094
500984.0,28,-1494944.8705692794,21624932.722918585,15364947.921899432,-2819.2128186274454,1405.9684056117437,-2251.9863076835095,-0.0005470376438056196
501584.0,28,-3178549.2171395384,22384835.679213632,13956718.184611259,-2789.3929729715724,1125.228615545515,-2439.0392987501455,-0.0005470317658614838
502184.0,28,-4837854.910136148,22973612.005214985,12441771.46005189,-2738.2505123369283,835.8940497756273,-2607.4390505334313,-0.0005470258856551457
502784.0,28,-6460177.166652201,23386761.766384505,10831691.96307127,-2666.1770485516327,540.1742693152237,-2755.9005508370356,-0.0005470200038149488
503384.0,28,-8033113.675755514,23621126.227708075,9138790.50010187,-2573.7235814628943,240.3273310401289,-2883.2907453072085,-0.0005470141209816816
503984.0,28,-9544639.141400915,23674912.026003335,7376010.679701792,-2461.596311484242,-61.35733061269116,-2988.6371166545714,-0.000547008237803696
504584.0,28,-10983196.988674527,23547704.974885527,5556830.285801256,-2330.6512866995045,-362.5762582099652,-3071.1350586148315,-0.0005470023549319695
505184.0,28,-12337787.535965845,23240473.38700526,3695158.55562134,-2181.887923473297,-661.0294342357184,-3130.1539896702125,-0.0005469964730151473
505784.0,28,-13598051.96026665,22755560.87739953,1805230.1377310264,-2016.4414476473105,-954.4377234078747,-3165.2421604543774,-0.0005469905926946014
506384.0,28,-14754351.412926836,22096668.692050517,-98503.46659297225,-1835.5743112660805,-1240.5601652925366,-3176.130118040539,-0.0005469847145995452
506984.0,28,-15797840.678710118,21268827.686305173,-2001484.1540379908,-1640.6666473172925,-1517.2109888429882,-3162.7327999116287,-0.0005469788393422387
507584.0,28,-16720535.811660903,20278360.157912053,-3889158.322323144,-1433.2058321305192,-1782.276222129317,-3125.1502402733086,-0.0005469729675133215
508184.0,28,-17515375.00556138,19132831.959325038,-5747087.631305477,-1214.775524295802,-2033.7277975627958,-3063.666591631274,-0.0005469672933719558
508784.0,28,-18176273.5270009,17840994.33429291,-7561060.694618701,-987.0424600251214,-2269.6469282206817,-2978.7491960465,-0.0005469614299677568
509384.0,28,-18698169.154012,16412718.368603887,-9317199.49775324,-751.7457110960403,-2488.226791867335,-2871.043400238664,-0.000546955571584088
509984.0,28,-19077061.761717983,14858919.070537783,-11002066.870648257,-510.6822050026117,-2687.7943441449443,-2741.368893530622,-0.0005469497186829548
510584.0,28,-19310043.917405892,13191472.425601859,-12602768.871311698,-265.693418324244,-2866.8211095398847,-2590.713281892244,-0.0005469438716845388
511184.0,28,-19395323.31226022,11423124.890520927,-14107053.39718331,-18.65138571708235,-3023.934906940569,-2420.2246721278557,-0.0005469380309639775
511784.0,28,-19332236.6919054,9567396.218422368,-15503403.92806409,228.55553943854966,-3157.9304043700254,-2231.203030248251,-0.0005469321968484833
512384.0,28,-19121255.178194407,7638476.354639516,-16781127.68525648,474.03706605599064,-3267.7784207696104,-2025.0903763784017,-0.000546926369614827
512984.0,28,-18763980.94037396,5651117.18701105,-17930437.53483565,715.9153798781829,-3352.6339017398523,-1803.459887474431,-0.0005469205494872025
513584.0,28,-18263135.23936461,3620519.9727423666,-18942527.011120807,952.33948270497,-3411.8425057640516,-1568.0039875695509,-0.0005469147366354911
514184.0,28,-17622537.93390437,1562219.2956730733,-19809637.888936214,1181.4993476023408,-3444.9457475819268,-1320.5215131752727,-0.0005469089311739401
514784.0,28,-16847078.601258773,-508035.56690434925,-20525119.78964714,1401.6397823007364,-3451.684655974224,-1062.9040487728332,-0.0005469031331602633
515384.0,28,-15942679.440838736,-2574401.259970668,-21083481.589819778,1611.0762969886969,-3432.0024976962413,-797.120748029726,-0.0005468970685871465
515984.0,28,-14916250.650032163,-4621060.161170898,-21480432.94558978,1808.1984264010223,-3386.043042477869,-525.2065506723364,-0.0005468912855242844
516584.0,28,-13775637.238378972,-6632343.47785791,-21712918.685281377,1991.4966100843587,-3314.1531380868178,-249.2416953197028,-0.0005468855097487947
517184.0,28,-12529559.925002202,-8592849.66515023,-21779141.94120632,2159.5641415975815,-3216.8778613900304,28.660813759009304,-0.0005468797410910512
517784.0,28,-11187548.575640926,-10487562.774648853,-21678578.539206672,2311.110479378446,-3094.9570939463547,306.37224788365774,-0.0005468739793268581
518384.0,28,-9759869.573016595,-12301967.561127685,-21411981.522244908,2444.9712455478125,-2949.3200006440507,581.7644825058103,-0.0005468682241791477
518984.0,28,-8257447.4978474695,-14022160.855253285,-20981375.912198853,2560.117269618362,-2781.07804298082,852.7263468812184,-0.0005468624753200844
431984.0,29,560559.9637251468,-23333631.975649297,-12569117.5263203,2490.254097898951,1448.0685026432893,-2601.3635086032004,-0.00033452398210663206
432584.0,29,2050582.3977709953,-22376067.439969167,-14079598.664757373,2473.4983137994273,1741.5414802100527,-2430.263418068527,-0.0003345199795570417
433184.0,29,3524835.2129833875,-21246404.441915225,-15481771.68279025,2437.7408611478572,2021.3834234071599,-2240.6182142302464,-0.0003345159221658638
433784.0,29,4972003.065236197,-19953471.59969618,-16764952.619415035,2383.2894725553774,2285.4576932924247,-2033.922661901112,-0.00033451180761038765
434384.0,29,6380999.208413913,-18507340.864100907,-17919393.773482665,2310.596056399085,2531.75746664264,-1811.79888990609,-0.0003345076340126586
434984.0,29,7741050.634421954,-16919244.93433702,-18936355.918863513,2220.2521453888157,2758.4206233334894,-1575.9827487828597,-0.00033450339995251034
435584.0,29,9041780.126710879,-15201486.193363529,-19808172.085682638,2112.983282351419,2963.743260768805,-1328.3094403508833,-0.0003344991044769162
436184.0,29,10273284.48842967,-13367338.11742273,-20528302.4415365,1989.641123056364,3146.1913301785717,-1070.6998610680866,-0.0003344954460077518
436784.0,29,11426209.159379467,-11430939.45365822,-21091380.461104434,1851.2010675904467,3304.4129289134967,-805.1400113127995,-0.0003344910266828388
437384.0,29,12491816.832147218,-9407183.577346133,-21493249.03699144,1698.74630379463,3437.244645390467,-533.6730598654385,-0.0003344865459215407
437984.0,29,13462052.009482328,-7311602.008257726,-21730987.77739314,1533.4638123331615,3543.7207751180026,-258.3782894687105,-0.00033448200465953457
438584.0,29,14329599.423605762,-5160244.468462464,-21802930.52178538,1356.6334284336406,3623.0786966679166,18.643540620501565,-0.00033447740429144046
439184.0,29,15087936.589332016,-2969555.8616918353,-21708673.40025941,1169.6176128470718,3674.763116544735,295.2860503945534,-0.0003344727466586361
439784.0,29,15731380.105355412,-756251.2007283587,-21449073.476011306,973.8507671952423,3698.4287439210475,569.4529095133162,-0.00033446803403382674
440384.0,29,16255125.462604653,1462810.5965557918,-21026238.114611637,770.8281815576858,3693.941421904747,839.0732181660477,-0.00033446326910252874
440984.0,29,16655280.168282092,3670753.1411821395,-20443505.280525338,562.0946994483513,3661.377751255473,1102.116502476297,-0.0003344584549416413
441584.0,29,16928890.041913055,5850808.359164055,-19705415.013415627,349.23318207796854,3601.023250195795,1356.6072368278535,-0.0003344535949952951
442184.0,29,17073958.585321974,7986440.7785225855,-18817672.384322245,133.85285016821854,3513.3691002568075,1600.638813544981,-0.0003344486930481798
442784.0,29,17089459.371911615,10061469.495307984,-17787102.275196508,-82.42242225699306,3399.107533081067,1832.3868880335574,-0.0003344437531965633
443384.0,29,16975341.275106233,12060188.065859903,-16621595.775779888,-297.96676990824403,3259.1278981024666,2050.123452250271,-0.0003344388959724956
443984.0,29,16732527.528402265,13967475.16950042,-15330052.213803044,-511.15991502512,3094.5016424814753,2252.222982187846,-0.0003344338938919452
444584.0,29,16362906.34928659,15768911.760490872,-13922308.110235004,-720.40479232243,2906.4857107799867,2437.182333504668,-0.00033442886774582924
445184.0,29,15869316.218427327,17450881.491747245,-12409065.976055823,-924.1345518597582,2696.505327272718,2603.625045074001,-0.00033442382254709514
445784.0,29,15255523.804209836,19000671.093023278,-10801813.998855896,-1120.824602370466,2466.145453425124,2750.312225444104,-0.00033441876344870655
446384.0,29,14526195.51589648,20406562.994892918,-9112740.982796378,-1309.0032503048967,2217.1393295902735,2876.1509982308394,-0.00033441369570567193
446984.0,29,13686863.345467687,21657920.244355377,-7354647.3119110055,-1487.2618713744528,1951.3562326948136,2980.2019372443538,-0.00033440874104781243
447584.0,29,12743881.766206808,22745266.735863306,-5540847.4580816915,-1654.2651319227077,1670.7877712415038,3061.685756080268,-0.00033440367199470965
448184.0,29,11704384.477203649,23660353.162734464,-3685077.232615173,-1808.7597782457954,1377.5346305438688,3119.9884546274875,-0.00033439861028628285
448784.0,29,10576230.115189776,24396220.608796936,-1801389.7227016632,-1949.5838777632173,1073.7914121830543,3154.6659516142076,-0.0003343935611966928
449384.0,29,9367945.494028384,24947251.906649888,95947.00852457214,-2075.675003389368,761.8314347303273,3165.447360929107,-0.00033438852990747665
449984.0,29,8088663.494424544,25309214.24981364,1992554.7329573387,-2186.077905457524,443.99086262163524,3152.2372242437546,-0.00033438352146939425
450584.0,29,6748055.993215233,25479291.999484494,3874051.34285877,-2279.951759033095,122.65392995200716,3115.1141680386204,-0.00033437865788329973
451184.0,29,5356265.296209088,25456109.82058556,5726155.2555063395,-2356.575574950374,-199.77019764979696,3054.340650771009,-0.0003343737094455915
451784.0,29,3923827.1137607032,25239745.24465559,7534793.733071443,-2415.355079666665,-520.8547547610674,2970.347139803395,-0.0003343687978549292
452384.0,29,2461595.1704265894,24831730.977002624,9286205.881458264,-2455.826645641839,-838.1792285222567,2863.739491856534,-0.00033436392727899546
452984.0,29,980660.8796301447,24235046.83690296,10967045.965483408,-2477.6614440440258,-1149.3451081734515,2735.292980796074,-0.00033435910158139667
453584.0,29,-507728.61583285313,23454101.15171234,12564483.775854949,-2480.668518493476,-1451.993325015088,2585.9475738981905,-0.00033435432429215105
454184.0,29,-1992253.9524043659,22494701.678523447,14066301.762175588,-2464.796947106709,-1743.8216156146132,2416.802025503079,-0.00033434959858043214
454784.0,29,-3461608.039014627,21364016.145545878,15460988.222312791,-2430.137056652162,-2022.601697156313,2229.1067958999124,-0.00033434492722978117
455384.0,29,-4904580.951745091,20070522.574695904,16737825.84847327,-2376.920656098432,-2286.19613835336,2024.2558107172333,-0.00033434031261599383
455984.0,29,-6310144.630581499,18623949.618460458,17886974.94503052,-2305.520261155686,-2532.574804219557,1803.7770844814354,-0.0003343357566878732
456584.0,29,-7667536.765883462,17035207.217639502,18899550.65294515,-2216.447286650634,-2759.8307484626707,1569.3222413314456,-0.00033433126095102755
457184.0,29,-8966343.25259634,15316307.9616926,19767693.540843226,-2110.34918978535,-2966.1954235545054,1322.6549760829525,-0.00033432682645487434
457784.0,29,-10196578.83267887,13480279.332719937,20484633.09583404,-1988.002557352765,-3150.0511801442744,1065.6367648217163,-0.0003343228021530752
458384.0,29,-11348763.825931981,11541069.037467645,21044742.740254246,-1850.3200442273771,-3309.9523777938575,800.2202091087265,-0.00033431849112673564
458984.0,29,-12413999.903395759,9513439.90503823,21443587.694512844,-1698.3265784208563,-3444.626113352269,528.4246865524555,-0.00033431424168211014
459584.0,29,-13384039.703672027,7412860.429725777,21677962.97783208,-1533.1640777509024,-3552.9912346291712,252.3277388583176,-0.0003343100529847634
460184.0,29,-14251352.941636384,5255387.801822202,21745922.60962964,-1356.08044598688,-3634.1661539422216,-25.95229962639284,-0.000334305923731342
460784.0,29,-15009187.21174054,3057545.7665660824,21646799.134589106,-1168.4205349104047,-3687.4771937328737,-304.2726413194657,-0.0003343018521579946
461384.0,29,-15651623.116533315,836197.9708707966,21381213.256093863,-971.6161914995296,-3712.465356716758,-580.4828116221283,-0.00033429783605248235
461984.0,29,-16173623.197118534,-1391582.2397682676,20951073.36487048,-767.1754542469536,-3708.891418754555,-852.4417045220247,-0.00033429387276992956
462584.0,29,-16571074.182158362,-3608644.5556565365,20359564.831666995,-556.670974782266,-3676.7392558419347,-1118.034780559883,-0.00033428995925213344
463184.0,29,-16840822.118779033,-5797895.901473678,19611129.020131487,-341.7277528711136,-3616.2173321097093,-1375.1912520473943,-0.0003342860920503134
463784.0,29,-16980700.00227983,-7942434.99223859,18711432.06800448,-124.01028423040111,-3527.7582933615117,-1621.9010941412732,-0.0003342822673511489
464384.0,29,-16989547.58167099,-10025686.110321129,17667323.580352385,94.79076886122107,-3412.0166302465504,-1856.2317161862363,-0.00033427848100591785
464984.0,29,-16867223.049152076,-12031530.982850228,16486785.440750433,312.973683237361,-3269.86482010346,-2076.342469529537,-0.0003342749615862297
465584.0,29,-16614606.648372002,-13944437.324132383,15178871.320609562,528.8339157299521,-3102.3854051721673,-2280.5067751991005,-0.0003342712382900983
466184.0,29,-16233595.53973172,-15749583.779951291,13753636.674266085,740.6866509313434,-2910.865437085498,-2467.11679384207,-0.0003342675392211655
466784.0,29,-15727090.609416679,-17432978.67347653,12222060.69118581,946.8750650881664,-2696.7847743451603,-2634.7037617241854,-0.0003342638592344025
467384.0,29,-15098974.785468515,-18981572.769118007,10595960.102875369,1145.7855484606464,-2461.80477063438,-2781.9488286663413,-0.00033426019303280904
467984.0,29,-14354083.177498896,-20383364.41000892,8887895.863895489,1335.8611711703102,-2207.7548574515067,-2907.694292515572,-0.0003342565352094934
468584.0,29,-13498165.242122442,-21627496.16101889,7111073.457665213,1515.614686470768,-1936.617581202426,-3010.9534300280493,-0.0003342528802907315
469184.0,29,-12537839.285390137,-22704342.05738047,5279237.700672139,1683.640936767816,-1650.5122394783393,-3090.918817134511,-0.0003342492227796221
469784.0,29,-11480539.694860304,-23605584.650652066,3406562.9812354427,1838.6285342667945,-1351.6772796575654,-3146.9690496796734,-0.0003342455571999501
470384.0,29,-10334457.371053673,-24324281.14684327,1507539.9199864531,1979.3706968055558,-1042.451638868772,-3178.6737954258897,-0.00033424187813986387
470984.0,29,-9108473.899471404,-24854918.044453554,-403140.52234900894,2104.7751300676155,-725.2552173774928,-3185.7971289723914,-0.0003342381802949788
471584.0,29,-7812090.068791879,-25193453.801001523,-2310704.4392530737,2213.872859732797,-402.56868732579926,-3168.299122814108,-0.0003342344585105227
472184.0,29,-6455349.373828962,-25337349.270826362,-4200412.879620273,2305.8275849787437,-76.91230556151447,-3126.337417169484,-0.0003342309402773543
472784.0,29,-5048757.534940283,-25285585.22418422,-6057678.593893966,2379.9355263772354,249.17266735716362,-3060.2584508264304,-0.0003342271561431933
473384.0,29,-3603197.4772121375,-25038667.93143444,-7868182.654597871,2435.6407148547432,573.1485976864112,-2970.6041589228366,-0.000334223333903594
473984.0,29,-2129842.955559531,-24598621.558092274,-9617986.382686377,2472.5322029357158,892.4996043529284,-2858.0999077061642,-0.00033421946939041675
474584.0,29,-640069.3229951086,-23968968.4676018,-11293640.86501886,2490.3484159087966,1204.752627035192,-2723.649421180296,-0.00033421555876916636
475184.0,29,854636.6726668812,-23154697.362779703,-12882291.626924966,2488.9784917943225,1507.4972374920485,-2568.326528098187,-0.0003342115985683108
475784.0,29,2342767.4775644047,-22162219.732774083,-14371777.889174815,2468.4623221029733,1798.4047074830576,-2393.3655455895587,-0.0003342075857055112
476384.0,29,3812884.9276883258,-20999315.11638968,-15750725.625835182,2428.989319634921,2075.2461693975993,-2200.150417719325,-0.00033420351751057295
476984.0,29,5253709.295859016,-19675065.7865608,-17008633.716942485,2370.8959528831847,2335.9097219095324,-1990.202736889553,-0.0003341993917449641
477584.0,29,6654206.463762212,-18199781.543478277,-18135952.572152745,2294.66209857015,2578.416350447845,-1765.1687831612978,-0.0003341952066177808
478184.0,29,8003672.529844541,-16584915.374838894,-19124154.686844293,2200.906274309261,2800.934550565041,-1526.8057213092113,-0.00033419096079807554
478784.0,29,9291815.206327334,-14842970.800664112,-19965796.67893778,2090.3798222442747,3001.793560949261,-1276.9670978227211,-0.0003341866534234964
479384.0,29,10508831.095859008,-12987402.16245101,-20654572.22069377,1963.9624100105643,3179.493651587855,-1017.587141175307,-0.0003341825175582691
479984.0,29,11645480.092127094,-11032506.502265561,-21185356.87251316,1822.645241887136,3332.7222782838257,-750.667829081519,-0.00033417808636488543
480584.0,29,12693152.174474668,-8993313.19804758,-21554241.563765503,1667.536201724857,3460.353928845092,-478.2593037512882,-0.0003341735938673343
481184.0,29,13643931.347999295,-6885465.91491683,-21758558.372632127,1499.8416186829172,3561.463097818307,-202.4465375000541,-0.0003341690410904787
481784.0,29,14490652.851472108,-4725102.131667001,-21796896.035526022,1320.8587242280587,3635.3283363071187,74.66724225345394,-0.00033416442951612944
482384.0,29,15226954.514170708,-2528729.637640847,-21669106.09023287,1131.9653220564041,3681.4361803071415,350.9763826885929,-0.0003341597610702219
482984.0,29,15847321.806696475,-313101.16326296236,-21376299.625300728,934.6090198503468,3699.483512896967,624.3884277187377,-0.0003341550381067768
483584.0,29,16347126.354554461,1904911.9383779084,-20920834.79143868,730.296110379999,3689.3783890267246,892.8394299371421,-0.00033415026338880585
484184.0,29,16722657.732699592,4108446.0617303047,-20306295.28657151,520.5801866199914,3651.239360612958,1154.308858102286,-0.0003341454400663409
484784.0,29,16971148.406637225,6280770.897786033,-19537460.077337652,307.0505721908264,3585.393347099307,1406.834014174696,-0.0003341405716517769
485384.0,29,17090791.73091294,8405413.316246059,-18620264.66650025,91.32064472523439,3492.3721026723133,1648.5238819412593,-0.0003341356619927336
485984.0,29,17080752.958934985,10466278.764990306,-17561754.258323055,-124.983874132128,3372.9073360596576,1877.5723368747874,-0.0003341307152426503
486584.0,29,16941173.353537634,12447769.2370502,-16370029.420632767,-340.2347976308663,3227.9246250008678,2092.273749385579,-0.00033412596820891447
487184.0,29,16673166.904039137,14334898.043366492,-15054183.502341973,-552.8201817541299,3058.5357425329325,2291.0222949369822,-0.000334120960930041
487784.0,29,16278810.915505469,16113398.25324643,-13624234.93420184,-761.1450781859287,2866.0304396805495,2472.341660865977,-0.0003341159305344698
488384.0,29,15761129.18820478,17769827.218613736,-12091051.719492745,-963.649792608406,2651.866621216401,2634.882531608753,-0.0003341108820664531
488984.0,29,15124068.807323232,19291664.3549148,-10466270.727849225,-1158.819023367842,2417.659694683168,2777.4349476267003,-0.00033410582070302644
489584.0,29,14372470.431266345,20667402.375334162,-8762211.611004231,-1345.1924318117476,2165.1709255460833,2898.9365564647196,-0.00033410075171588213
490184.0,29,13512032.32447169,21886631.28674442,-6991786.011450052,-1521.374828478814,1896.2948965596565,2998.479894682165,-0.0003340956804326383
490784.0,29,12549268.374629725,22940114.616953146,-5168402.654517924,-1686.0459257092157,1613.0461395578486,3075.3186690459474,-0.00033409061219775163
491384.0,29,11491460.365518317,23819857.383558605,-3305868.935630708,-1837.9696086355514,1317.5450088946657,3128.873007756075,-0.00033408555233332293
491984.0,29,10346604.80744859,24519165.357089955,-1418289.6342312458,-1976.0026775701374,1012.0028671622455,3158.7336545965104,-0.0003340805061000452
492584.0,29,9123354.657635307,25032695.21531911,480036.5959321497,-2099.1030155840995,698.7066556896289,3164.665080898702,-0.00033407547865854274
493184.0,29,7830956.292636655,25356495.231913805,2374722.2939939136,-2206.3371356541124,380.0029247447667,3146.6074922085318,-0.00033407047503134933
493784.0,29,6479182.315593943,25488036.06597141,4251396.83814437,-2296.886977183994,58.28301324686174,3104.675948306821,-0.0003340657336250605
494384.0,29,5078259.292323793,25426232.09051243,6095813.9635791825,-2370.0564546693677,-264.04031034093236,3039.167111927764,-0.00033406079184025993
494984.0,29,3638794.6218654905,25171451.4539095,7893954.982602501,-2425.2762460900494,-584.5399893383673,2950.5473355665895,-0.00033405588773871087
495584.0,29,2171697.453817198,24725516.70781232,9632134.92803541,-2462.1088759730983,-900.798726819735,2839.4570461295607,-0.00033405102543267444
496184.0,29,688098.6843745261,24091694.520163085,11297104.515858209,-2480.252368942696,-1210.4247060624884,2706.7052222811167,-0.0003340462087243972
496784.0,29,-800731.3696122132,23274674.97382593,12876149.912498668,-2479.543148357131,-1511.0690221037257,2553.26443208681,-0.00033404144107701116
497384.0,29,-2283466.7362563414,22280540.406573065,14357189.123721529,-2459.9580156872626,-1800.4430150869302,2380.2646890787946,-0.00033403672558773157
497984.0,29,-3748810.425354015,21116723.89834679,15728864.297174204,-2421.6151750056165,-2076.3353931574043,2188.9861359637976,-0.0003340320649635648
498584.0,29,-5185579.349385747,19791957.581513457,16980629.24158817,-2364.7742705936444,-2336.6290272244914,1980.850572829525,-0.0003340274614997289
499184.0,29,-6582788.926478417,18316211.021825448,18102831.48137168,-2289.8354101814384,-2579.317294874009,1757.4118553005862,-0.0003340229170609773
499784.0,29,-7929736.750631638,16700619.991689973,19086788.186216738,-2197.3371517757296,-2802.519846318592,1520.3451976193141,-0.00033401843306599946
500384.0,29,-9216084.705674825,14957406.032709558,19924855.341730192,-2087.9534384522894,-3004.497661762144,1271.435426014847,-0.00033401401047505934
500984.0,29,-10431939.17282578,13099786.86177088,20610489.71365525,-1962.4874096338417,-3183.664304209474,1012.5615256313874,-0.00033400988179374866
501584.0,29,-11567927.175009532,11141880.419032888,21138302.211605206,-1821.8743878623634,-3338.611109942642,745.6935933790184,-0.00033400558267460205
502184.0,29,-12615271.181838432,9098598.36777552,21504103.889989484,-1667.1635109650051,-3468.1012120017112,472.8627709089296,-0.00033400134502621317
502784.0,29,-13565858.262071606,6985535.002574657,21704942.315430854,-1499.518476150002,-3571.092650854518,196.1561109017408,-0.0003339971679232421
503384.0,29,-14412305.111825334,4818849.276504891,21739128.768356837,-1320.2072846973037,-3646.744805449972,-82.30180584070555,-0.000333993049972662
503984.0,29,-15148017.795450844,2615141.692628323,21606255.786379248,-1130.5930161979077,-3694.42643173497,-360.3653070589091,-0.0003339889893228936
504584.0,29,-15767245.703508638,391326.87189094163,21307204.7666029,-932.1236993961469,-3713.722104142794,-635.8844652790375,-0.0003339849836766229
505184.0,29,-16265129.211888995,-1835497.2282748986,20844143.4301307,-726.3213461754495,-3704.4369607855315,-906.7221940996689,-0.00033398103030724826
505784.0,29,-16637740.567457996,-4048182.41571627,20220513.035158776,-514.7702273511302,-3666.599666789223,-1170.771455699804,-0.0003339771260788657
506384.0,29,-16882117.573781125,-6229664.609976715,19441005.313377973,-299.1044807379176,-3600.4635261661165,-1425.9724230304112,-0.0003339732674696695
506984.0,29,-16996289.70539663,-8363098.319992237,18511529.197127316,-80.99515316337988,-3506.5056906704585,-1670.3294343063217,-0.0003339694505986075
507584.0,29,-16979296.340527512,-10431990.112436049,17439167.500900846,137.86321158660462,-3385.424434007552,-1901.9275737114556,-0.00033396567125509885
508184.0,29,-16831196.85713109,-12420330.238897767,16232123.60907547,355.7673713163663,-3238.134249324669,-2118.947512681101,-0.0003339621577698086
508784.0,29,-16553072.45410071,-14312719.4189275,14899659.678494874,571.0151496373397,-3065.760134926373,-2319.6856737304042,-0.0003339584396351984
509384.0,29,-16147019.648549998,-16094493.86935377,13452024.300524231,781.9256828885835,-2869.6278305414494,-2502.5613669067975,-0.00033395474475775
509984.0,29,-15616135.22954467,-17751842.43349025,11900373.02170901,986.8492503262116,-2651.2542831933756,-2666.135175508088,-0.00033395106795907454
510584.0,29,-14964492.98598821,-19271917.942725003,10256680.617993329,1184.1820355760342,-2412.335367360901,-2809.119967633997,-0.0003339474039167713
511184.0,29,-14197112.248024922,-20642940.724038467,8533646.422442371,1372.3795137652828,-2154.7321504267074,-2930.3918555500613,-0.00033394374720673313
511784.0,29,-13319918.507809315,-21854293.427209347,6744593.449216965,1549.9693490181746,-1880.455640476779,-3028.9997288065733,-0.0003339400923463587
512384.0,29,-12339696.447403118,-22896606.289426163,4903362.200845808,1715.563668835717,-1591.6501649555792,-3104.1732576866434,-0.00033393643383828665
512984.0,29,-11264035.782157065,-23761832.049064822,3024200.1060883626,1867.870588861307,-1290.5755465867085,-3155.329282002256,-0.000333932766214262
513584.0,29,-10101270.403987136,-24443309.825572155,1121647.5841798915,2005.7048706067014,-979.5882582888969,-3182.07652019292,-0.00033392908407874235
514184.0,29,-8860411.379058156,-24935817.39700912,-789578.2330210293,2127.9976056934,-661.121751209737,-3184.2185546865803,-0.000333925382151855
514784.0,29,-7551074.417253239,-25235611.428890515,-2694701.067230715,2233.804832814662,-337.66615920101657,-3161.7550711041436,-0.0003339216553113242
515384.0,29,-6183402.222576611,-25340455.43234122,-4579003.582769124,2322.314488955287,-11.746467443874394,-3114.8837586353216,-0.000333918131180908
515984.0,29,-4767984.07817632,-25249634.68139979,-6427943.092877223,2392.854702049374,314.0938306319181,-3043.988474208783,-0.0003339143401093731
516584.0,29,-3315769.2182976697,-24963959.486913566,-8227268.595256069,2444.895799355484,637.3206115524018,-2949.6496958256635,-0.0003339105101003459
517184.0,29,-1837980.450983595,-24485754.967964537,-9963131.698278256,2478.055963925232,955.4250923129697,-2832.6294138437343,-0.0003339066370470761
517784.0,29,-346024.53903871495,-23818838.941052854,-11622195.32913031,2492.1031503660606,1265.9453054189744,-2693.866434095897,-0.0003339027171823778
518384.0,29,1148598.1602369007,-22968487.693387944,-13191737.384673357,2486.9561694413997,1566.4857760572954,-2534.4678416076927,-0.00033389874710737304
518984.0,29,2634384.286660853,-21941390.155681662,-14659748.802137842,2462.684477154483,1854.7364223947366,-2355.6991233680856,-0.0003338947238171065
431984.0,30,5553752.697833949,17283541.71846982,19510023.71734981,-2779.8596196753488,2334.047638686037,-1315.883479984915,0.0001982233402604832
432584.0,30,3866953.8647884987,18616700.699358378,18647536.539617077,-2839.4630505844743,2106.8680429932647,-1557.3575296350418,0.00019823199146637744
433184.0,30,2150805.227468498,19808538.10502714,17643472.04404152,-2877.6095111779096,1863.2164093128524,-1787.4849274691758,0.0001982405078412775
433784.0,30,418300.26682571694,20849695.25086066,16505176.015020082,-2893.922315981218,1604.8676220472373,-2004.4783707328281,0.00019824888555295084
434384.0,30,-1317389.0598010141,21731915.93115708,15241042.396180792,-2888.1856968816246,1333.7218955466333,-2206.6342880639586,0.00019825712180431175
434984.0,30,-3043010.1727345716,22448118.176892597,13860458.938922713,-2860.349179957515,1051.7926778950496,-2392.347049033081,0.000198265214863264
435584.0,30,-4745330.056780938,22992458.39775948,12373744.376904786,-2810.5308354184663,761.1932501662031,-2560.1229155495066,0.00019827316408499795
436184.0,30,-6411237.178399855,23360387.231299788,10792077.250510698,-2739.0240585817437,464.1195646807912,-2708.59218501595,0.00019828077373637706
436784.0,30,-8027843.693745901,23548695.711534694,9127417.08817709,-2646.279159764572,162.84444049453577,-2836.5277659639873,0.00019828843759156693
437384.0,30,-9582588.844536282,23555552.55769028,7392417.18962833,-2532.931249485476,-140.31477751138914,-2942.849018257611,0.00019829596229874015
437984.0,30,-11063340.26255097,23380529.98766948,5600331.12916844,-2399.7788123108976,-443.0039188881441,-3026.638674106194,0.00019830335162128682
438584.0,30,-12458494.064573199,23024618.82917687,3764912.2920335676,-2247.784624753189,-742.8535388584314,-3087.151661920446,0.00019831061039466327
439184.0,30,-13757072.019355532,22490231.931601048,1900307.698097885,-2078.0702416419813,-1037.4985742334266,-3123.824057362459,0.00019831774449618531
439784.0,30,-14948814.909167541,21781195.567183007,20946.843512870895,-1891.9088230768507,-1324.5985332580074,-3136.2805870375564,0.00019832476080556063
440384.0,30,-16024271.077595443,20902728.558789957,-1858573.5126789436,-1690.7163041286003,-1601.8580055346474,-3124.34052266495,0.0001983316671562741
440984.0,30,-16974879.16557287,19861409.010084756,-3723607.594821438,-1476.0409377810365,-1867.0472572526262,-3088.021819181564,0.00019833847227805366
441584.0,30,-17793044.066306837,18665128.663974196,-5559580.784221595,-1249.5512715040395,-2118.0226600364094,-3027.543370703533,0.00019834518573076508
442184.0,30,-18472205.177442007,17323035.07396918,-7352110.545592388,-1013.0226484904844,-2352.746689679727,-2943.325283318876,0.00019835181783020323
442784.0,30,-19006896.095499694,15845461.937046602,-9087126.880387628,-768.3223550516054,-2569.307224577745,-2835.987092839591,0.0001983583795663675
443384.0,30,-19392794.94197761,14243847.851518987,-10750991.099730022,-517.3952488580921,-2765.934812014283,-2706.340542764799,0.00019836515144670066
443984.0,30,-19626764.84761945,12530645.708238516,-12330611.300496278,-262.239867168797,-2941.0240913731946,-2555.39690672773,0.00019837160790683934
444584.0,30,-19706883.715249576,10719219.678669928,-13813554.282929434,-4.900859568216447,-3093.1427713507387,-2384.3391160977562,0.0001983780301047884
445184.0,30,-19632463.042618576,8823735.928949066,-15188151.172104644,252.5564902896731,-3221.050029436528,-2194.5248762223437,0.00019838443078479322
445784.0,30,-19404055.567982882,6859044.360108365,-16443596.860560419,508.0633691817434,-3323.707321157655,-1987.4714688771314,0.0001983908228721115
446384.0,30,-19023451.51247948,4840554.078349404,-17570041.61795962,759.5664191123046,-3400.288240489722,-1764.8420804492262,0.00019839721936434578
446984.0,30,-18493663.465796,2784103.6686990755,-18558673.98132886,1005.0465865663709,-3450.1861384843637,-1528.4305569567377,0.0001984036332220077
447584.0,30,-17818900.084351256,705827.6528286543,-19401794.05280381,1242.5375861847492,-3473.01939871284,-1280.1447878865831,0.00019841007725947615
448184.0,30,-17004528.917837046,-1377979.4439386511,-20092876.4619983,1470.14373637699,-3468.6343094862777,-1021.9889442042096,0.00019841656403750597
448784.0,30,-16057028.819506578,-3450999.9722748324,-20626622.391682472,1686.0569375587604,-3437.1055152486524,-756.0448137933947,0.00019842310575841638
449384.0,30,-14983932.524976296,-5497029.546893723,-20999000.21491653,1888.5725820157043,-3378.73407174493,-484.4524895499762,0.00019842971416504125
449984.0,30,-13793760.100880196,-7500111.534857683,-21207274.445536226,2076.104207196832,-3294.0431702730975,-209.39067114106737,0.00019843640044445987
450584.0,30,-12495944.205147877,-9444668.231056442,-21250023.00524679,2247.198843598212,-3183.7757534853527,66.94505463229089,0.00019844297932272676
451184.0,30,-11100747.47122005,-11315627.541009441,-21127142.01854402,2400.5401320552564,-3048.869549673735,342.3540841575593,0.00019844985186190457
451784.0,30,-9619173.695658505,-13098544.429599991,-20839840.049136285,2534.9713961955467,-2890.4709797340315,614.6622455678593,0.00019845683162681945
452384.0,30,-8062873.849481974,-14779714.426341256,-20390620.01996893,2649.495122792268,-2709.9066943355706,881.7321818011186,0.00019846392674818876
452984.0,30,-6444047.23010942,-16346280.236887805,-19783250.574581377,2743.281750723255,-2508.673852086113,1141.4834247806407,0.00019847114442062566
453584.0,30,-4775339.3410561895,-17786329.51330389,-19022726.938443113,2815.6744532065454,-2288.425057483104,1391.9093387408618,0.00019847849085110296
454184.0,30,-3069737.4167420035,-19088983.308793545,-18115221.975819245,2866.192173538956,-2050.952233071066,1631.0929276739334,0.00019848597121650303
454784.0,30,-1340464.6163208783,-20244474.647781946,-17068028.151190106,2894.530961096148,-1798.1696578396109,1857.2213807498435,0.00019849358963040407
455384.0,30,399126.1227541026,-21244216.77677029,-15889491.17052879,2900.5636771239374,-1532.0964001771463,2068.5992579319627,0.00019850134911914176
455984.0,30,2135657.62592406,-22080860.792597767,-14588936.128003418,2884.338159108193,-1254.8383653305677,2263.6602460154577,0.00019850925160708148
456584.0,30,3855832.5272114463,-22748342.470286217,-13176587.018326567,2846.073948027619,-968.5701649699264,2440.9774421966886,0.00019851729791094314
457184.0,30,5546534.992357232,-23241918.230518136,-11663480.494796885,2786.157694489546,-675.5170008523755,2599.272147383183,0.00019852548774293563
457784.0,30,7194928.872142167,-23558190.10104817,-10061375.15317625,2705.1333991092342,-377.9407835950017,2737.4228014806645,0.00019853408786294556
458384.0,30,8788554.556885729,-23695120.951790392,-8382654.810011771,2603.7114558621124,-78.10627561497745,2854.4643155246467,0.0001985425596340512
458984.0,30,10315416.581217013,-23652037.52843486,-6640232.713803363,2482.736927770723,221.71149595493034,2949.6022990035995,0.00019855116760645862
459584.0,30,11764071.040100418,-23429624.979215246,-4847449.432119328,2343.1969432629307,519.2601828775707,3022.209569812077,0.0001985599072688292
460184.0,30,13123705.384733003,-23029910.925886907,-3017971.236789233,2186.2073766221183,812.3218370381993,3071.829576811577,0.00019856877314016892
460784.0,30,14384212.884807684,-22456240.32570398,-1165687.3742792623,2013.002973457818,1098.7280034048106,3098.1769529770304,0.00019857775881746852
461384.0,30,15536261.011244047,-21713241.470140934,695392.673669505,1824.9270102655505,1376.3740084666808,3101.136927695725,0.0001985868570290501
461984.0,30,16571353.4804579,-20806783.614308864,2551241.2690666723,1623.4205861211212,1643.232407286997,3080.7636796807187,0.00019859605969309858
462584.0,30,17481885.75841047,-19743926.75169565,4387913.41446397,1410.011634153028,1897.3655669247437,3037.277711558109,0.00019860535798085977
463184.0,30,18261193.87392563,-18532864.06118284,6191645.6935773445,1186.3037296524644,2136.9373763860863,2971.0623246509826,0.00019861474238399665
463784.0,30,18903596.435845625,-17182857.558464803,7948952.828351973,953.9647608946083,2360.224083342991,2882.659268152199,0.00019862420278560713
464384.0,30,19404429.787471853,-15704167.48330025,9646721.369181482,714.7155183007035,2565.6242655652322,2772.7636311064452,0.00019863372853442266
464984.0,30,19760076.322185364,-14107976.110068113,11272300.072643822,470.3170203911752,2751.6696591807586,2642.2200618739953,0.00019864311265062952
465584.0,30,19967985.669436056,-12406305.494047996,12813586.641169682,222.5640485538113,2917.026548015454,2492.0082879486836,0.00019865273519113828
466184.0,30,20026689.281491328,-10611932.231349075,14259110.073984027,-26.733848687039426,3060.51366451563,2323.248049229285,0.00019866238869603215
466784.0,30,19935808.066427495,-8738296.290935932,15598109.049796546,-275.7585900886006,3181.101830489874,2137.1835641690946,0.0001986720611677591
467384.0,30,19696053.16377821,-6799406.93527291,16820605.238986026,-522.6961535721002,3277.9216063772355,1935.177376165856,0.00019868174047739978
467984.0,30,19309219.99288226,-4809745.233458458,17917471.630936265,-765.7477829855611,3350.2683876057963,1718.7017227912033,0.0001986914144487126
468584.0,30,18778175.6111324,-2784163.7913921,18880495.50929056,-1003.1410978541072,3397.606725429094,1489.3294169774526,0.0001987010709423985
469184.0,30,18106839.45292888,-737784.1671067597,19702435.794261616,-1233.1410941303218,3419.573869187263,1248.7242512437354,0.0001987106979401942
469784.0,30,17300157.526794028,1314107.5593385063,20377074.4775931,-1454.061022588987,3415.9825195846806,998.6309319177774,0.0001987202836284028
470384.0,30,16364070.155567193,3356166.586183671,20899261.87962298,-1664.2731285566965,3386.8227748180843,740.8645476512233,0.00019872981648046372
470984.0,30,15305473.353876643,5373096.074589374,21264955.460036557,-1862.2192322019037,3332.2632435560904,477.2995755036276,0.00019873928533815712
471584.0,30,14132173.949148897,7349754.215975748,21471251.91534409,-2046.4211227480719,3252.651291204127,209.85842861903424,0.00019874867949102562
472184.0,30,12852838.454078786,9271261.224454232,21516412.198559243,-2215.487548776508,3148.509463598332,-59.50032396692685,0.0001987582575912289
472784.0,30,11476936.245786859,11123105.60610646,21399879.736556213,-2368.136954010546,3020.5454461626746,-328.79503396129326,0.00019876747271782956
473384.0,30,10014676.936217833,12891248.559641745,21122290.398396328,-2503.1876837055624,2869.632204694219,-596.0322762702369,0.0001987765844535912
473984.0,30,8476941.492343763,14562227.861728119,20685475.391489055,-2619.5802627916123,2696.8157382911827,-859.2212322404936,0.00019878558461970856
474584.0,30,6875208.546570922,16123258.197582986,20092455.87377479,-2716.3828864989227,2503.3074387758,-1116.3868543008007,0.0001987944658398761
475184.0,30,5221475.439015904,17562328.574465334,19347429.451712262,-2792.799680556127,2290.4781293542846,-1365.5837031761412,0.0001988032215994313
475784.0,30,3528174.4819226805,18868295.837652735,18455748.328068517,-2848.1783485215383,2059.8508860328047,-1604.910034952569,0.00019881184629937852
476384.0,30,1808084.8328634314,20030973.54950079,17423888.963719975,-2882.017108836797,1813.0925992611676,-1832.5220615734652,0.0001988203353047715
476984.0,30,74240.42446173355,21041215.46653057,16259413.166400483,-2893.9708172997016,1552.0042431990296,-2046.648292991263,0.00019882868498693348
477584.0,30,-1660165.5362653546,21890992.830540113,14970920.578000115,-2883.856165558943,1278.5098330146752,-2245.6038534785944,0.00019883689275900347
478184.0,30,-3381878.917499233,22573464.679553904,13567992.600790258,-2851.6558433768914,994.6440667182322,-2427.8046490235747,0.00019884495710431358
478784.0,30,-5077685.209904103,23083040.385026142,12061127.881642597,-2797.5215522026638,702.5386670769049,-2591.781247855341,0.00019885287759712874
479384.0,30,-6734512.831109779,23415433.937023185,10461668.440783728,-2721.7793412994965,404.40480643032015,-2736.1916388652444,0.00019886067364019398
479984.0,30,-8339530.822954841,23567707.32763919,8781723.30289551,-2624.915647501478,102.52767363813018,-2859.8367978865185,0.00019886830942752122
480584.0,30,-9880258.64288979,23538307.219824027,7034074.170337813,-2507.597830643547,-200.7668867511245,-2961.6686657142536,0.00019887580671183367
481184.0,30,-11344663.082356106,23327087.633424904,5232084.046894761,-2370.6571265668913,-503.1198042828686,-3040.804000243556,0.00019888316947289195
481784.0,30,-12721258.830855362,22935323.016863946,3389594.7215901087,-2215.088074823056,-802.1605930616447,-3096.5336711993605,0.00019889040275738808
482384.0,30,-13999204.952796588,22365709.292532407,1520819.5145174903,-2042.0426783461073,-1095.5271334367285,-3128.3313331541267,0.00019889751264688397
482984.0,30,-15168396.72760311,21622353.22262033,-359767.9030007305,-1852.823004229553,-1380.8858151319441,-3135.8606260564648,0.00019890429157723967
483584.0,30,-16219555.695490206,20710747.56098627,-2237552.933203931,-1648.871627871249,-1655.952621921293,-3118.980702819155,0.00019891117684470586
484184.0,30,-17144307.141953766,19637737.439696137,-4097893.512499216,-1431.7614501484284,-1918.51290666107,-3077.7500164234925,0.0001989179627126615
484784.0,30,-17935257.28139996,18411470.930786088,-5926244.0411956245,-1203.1829909119306,-2166.442306014716,-3012.4281811547057,0.00019892465889930733
485384.0,30,-18586059.176890373,17041339.128401093,-7708275.4400429465,-964.9307065724298,-2397.7264871121224,-2923.4758331494377,0.00019893127586315687
485984.0,30,-19091470.630553387,15537904.166915499,-9429995.355542729,-718.8878879823412,-2610.480277395618,-2811.552427357094,0.0001989378247198813
486584.0,30,-19447402.8202505,13912814.876278248,-11077867.311412001,-467.0098139198667,-2802.9628502893825,-2677.51012836369,0.0001989448006660281
487184.0,30,-19650957.612698548,12178717.570840469,-12638921.963957084,-211.30863228513067,-2973.606291739111,-2522.3945582505858,0.0001989512491080264
487784.0,30,-19700456.957939275,10349146.40555013,-14100873.004346639,46.16763488803167,-3121.013135665025,-2347.425760546255,0.00019895766580699218
488384.0,30,-19595458.270153098,8438415.362434529,-15452218.371762065,303.3518838465486,-3243.981818008855,-2153.994749620863,0.00019896406355328968
488984.0,30,-19336760.12626727,6461497.8993440075,-16682338.97340803,558.1772488678646,-3341.5152233186272,-1943.649492874904,0.00019897045529675348
489584.0,30,-18926396.245784245,4433901.257795644,-17781588.609499216,808.5960773375507,-3412.8301091710405,-1718.0809047978717,0.00019897685403776275
490184.0,30,-18367618.137889814,2371535.844825022,-18741374.991339218,1052.5987190009923,-3457.364264752374,-1479.1073064382506,0.0001989832727177782
490784.0,30,-17664866.61491819,290581.0807454223,-19554231.004695036,1288.2318804193596,-3474.7813103446383,-1228.6575574940323,0.00019898972411050515
491384.0,30,-16823732.516663875,-1792650.856080968,-20213875.5035128,1513.616304382227,-3464.9730861660664,-968.7530905435704,0.0001989962207148354
491984.0,30,-15850907.127683688,-3861851.9423136944,-20715263.06253756,1726.963548290291,-3428.059621526056,-701.4890936601266,0.00019900277465068942
492584.0,30,-14754122.896654248,-5900854.446287407,-21054622.268070064,1926.5916548061473,-3364.3867172713412,-429.0150983649206,0.0001990093975588297
493184.0,30,-13542085.18048057,-7893764.888838881,-21229482.28029825,2110.9395316847394,-3274.521214764871,-153.51523438363986,0.00019901610050564967
493784.0,30,-12224395.767107027,-9825094.840737317,-21238687.720542286,2278.5858246235166,-3159.2475523768294,122.81127721521563,0.00019902294915018047
494384.0,30,-10811469.704658471,-11679884.947740246,-21082400.975892283,2428.2364096949673,-3019.5449177825203,397.77066744588734,0.00019902984212167156
494984.0,30,-9314444.268123439,-13443827.4212848,-20762094.324708857,2558.7700875869327,-2856.5970080948728,669.1929918821576,0.0001990368440247364
495584.0,30,-7745084.657662105,-15103376.675725363,-20280529.455928076,2669.2223874617603,-2671.7657780390214,934.9509536422216,0.00019904396280980097
496184.0,30,-6115684.272479715,-16645854.612363193,-19641726.705502972,2758.7978425199885,-2466.58080161378,1192.9776586699556,0.00019905120548007298
496784.0,30,-4438962.0627431115,-18059546.594423577,-18850923.879326794,2826.874421249505,-2242.7239773247734,1441.2833410499613,0.00019905857804178735
497384.0,30,-2727957.733119053,-19333787.981166303,-17914525.4085457,2873.00622007968,-2002.0132141178137,1677.9709246366722,0.00019906608546357892
497984.0,30,-995925.8159890734,-20459040.679094005,-16840042.56105879,2896.9244690258806,-1746.385329670979,1901.2503006097688,0.0001990737316451093
498584.0,30,743770.4033874087,-21426959.302279647,-15636025.49602806,2898.536923981249,-1477.8783879935659,2109.4512289224986,0.00019908151939496574
499184.0,30,2477764.174884105,-22230446.66406337,-14311987.995278614,2877.9257378130696,-1198.6136940547265,2301.034799435519,0.00019908945041774816
499784.0,30,4192788.9068226647,-22863698.446494214,-12878325.737047948,2835.343917155008,-910.7776501012713,2474.6034150864693,0.00019909752531016792
500384.0,30,5875779.311277842,-23322237.009997286,-11346228.994485196,2771.2104827030134,-616.603662165285,2628.9092841059733,0.00019910574356590057
500984.0,30,7513968.886738206,-23602934.19940057,-9727590.970964879,2686.1022266118875,-318.35728763625366,2762.8612216335446,0.0001991139059235729
501584.0,30,9094985.658606483,-23704024.543208294,-8034910.705043627,2580.7555965082856,-18.306579428549867,2875.531046281959,0.00019912240516521963
502184.0,30,10606939.362636251,-23625106.192942154,-6281196.15986984,2456.0452867584568,281.27659963589076,2966.156471617852,0.0001991310398138286
502784.0,30,12038507.381426785,-23367133.459137022,-4479862.188478772,2312.984471143433,578.1452353771723,3034.144739485242,0.00019913980516092752
503384.0,30,13379013.528491896,-22932399.003066324,-2644628.59218312,2152.7131276814753,870.0897854207976,3079.07393571898,0.0001991486955372279
503984.0,30,14618501.312214166,-22324506.8929314,-789417.3314301708,1976.4880664067853,1154.953117539093,3100.6933062863486,0.0001991577043614505
504584.0,30,15747801.066188367,-21548336.892498873,1071750.1338499223,1785.672511413424,1430.6446349900937,3098.9224488061495,0.00019916682419475424
505184.0,30,16758590.6988441,-20610000.480827652,2924854.714035395,1581.725333143531,1695.1535550246226,3073.8494609636236,0.00019917604680024656
505784.0,30,17643449.87120956,-19516789.12065191,4755980.157569933,1366.190016407772,1946.5613209104936,3025.7281264905114,0.00019918536320705937
506384.0,30,18395907.461670794,-18277115.30380207,6551411.5522398995,1140.6834388311222,2183.0531397623713,2954.974216467151,0.00019919476377848323
506984.0,30,19010482.220394224,-16900446.905974835,8297731.341620205,906.8845236909947,2402.9286480686737,2862.1609790699767,0.0001992042382836666
507584.0,30,19482716.55371529,-15397235.381495574,9981912.381804233,666.5228207917904,2604.6117140454735,2748.013884886842,0.00019921377597240255
508184.0,30,19809203.478406023,-13778838.546225086,11591407.592521852,421.3657067116858,2786.661589003381,2613.4076015119967,0.0001992236353980675
508784.0,30,19987606.388275985,-12057437.235760964,13114235.811633458,173.2124761196385,2947.7721376656955,2459.3478687382417,0.00019923326523936633
509384.0,30,20016672.3889463,-10245949.06559138,14539063.637476109,-76.12555002294971,3086.792640801671,2286.9815300471787,0.00019924292368013368
509984.0,30,19896238.459703736,-8357936.695963891,15855282.4610298,-324.83058558011544,3202.7251859806083,2097.577446580398,0.0001992525986886029
510584.0,30,19627230.92861804,-6407512.973799638,17053080.914300177,-571.0911296845109,3294.7326966038736,1892.5210920497836,0.00019926227811828425
511184.0,30,19211658.19409846,-4409242.844169418,18123512.135230545,-813.113152653831,3362.1438736471528,1673.305820942638,0.0001992719497920935
511784.0,30,18652596.77157155,-2378042.571545789,19058555.622893523,-1049.1311824786596,3404.4573616783637,1441.5236515404492,0.00019928160158662217
512384.0,30,17954170.7372781,-329076.7388639143,19851173.403670136,-1277.419279757369,3421.345134712731,1198.8555739375367,0.00019929122151615908
512984.0,30,17121524.64791479,1722346.5054126838,20495360.23499749,-1496.3018872753405,3412.655090009484,947.061389393939,0.00019930079781607034
513584.0,30,16160790.02258722,3760881.4752170322,20986187.576703463,-1704.1645371734414,3378.4128301167557,687.9690850067173,0.00019931031902513944
514184.0,30,15079045.483296826,5771251.761075368,21319841.061871003,-1899.4643939065982,3318.8226056632366,423.4637469974005,0.0001993197740664597
514784.0,30,13884270.662914077,7738357.32519519,21493651.200628214,-2080.7406050771046,3234.2673839199965,155.47601702039688,0.00019932915232645957
515384.0,30,12585294.032731492,9647381.176206715,21506116.90099058,-2246.621541808882,3125.3033352047987,-114.02879293411168,0.00019933824696529397
515984.0,30,11191734.518586265,11483896.239006275,21356922.431353513,-2395.8463001022083,2992.6765770657057,-383.06781408091734,0.0001993474425007525
516584.0,30,9713938.089561947,13233968.605782181,21046945.438734,-2527.2565669491905,2837.2926562810057,-649.646061277456,0.00019935653294631878
517184.0,30,8162907.751508055,14884261.271436041,20578258.49029751,-2639.8176720621386,2660.231040107152,-911.774865422738,0.00019936551027581071
517784.0,30,6550228.826776331,16422133.879340135,19954122.000747047,-2732.6242622382442,2462.735511617665,-1167.4841032773784,0.00019937436727777318
518384.0,30,4887989.044162712,17835739.42625379,19178969.057260282,-2804.90844589861,2246.207970462047,-1414.8360882339791,0.00019938309761365937
518984.0,30,3188693.9235267127,19114116.92580186,18258381.864644505,-2856.047306550965,2012.2010073522902,-1651.9396968227152,0.00019939169587078882
431984.0,31,-16831555.73250697,-2009907.5916696945,-20800557.58664634,1615.3643541074093,-3339.9549324765567,-968.0483142634807,-0.00015349352120747346
432584.0,31,-15801047.012190796,-4003882.1636644676,-21303441.863761142,1817.5475862488615,-3302.6980028690714,-707.1610206254283,-0.00015349007644417572
433184.0,31,-14653159.017677847,-5968109.925473412,-21648039.751626384,2006.4358390248694,-3240.849084446969,-440.7361588088949,-0.00015348670287983334
433784.0,31,-13396291.25684874,-7887946.645091298,-21831601.496638987,2180.6329815827194,-3154.7967520968427,-170.6857788227387,-0.00015348341503977514
434384.0,31,-12039652.935043233,-9749031.43684881,-21852535.022915836,2338.8357828051066,-3045.096726578904,101.04330787707505,-0.00015348022686651787
434984.0,31,-10593204.588805424,-11537386.50529598,-21710423.35171051,2479.842904642541,-2912.4705167360307,372.4808862518134,-0.0001534771516209842
435584.0,31,-9067594.412377462,-13239515.842316575,-21406035.112139083,2602.563691791847,-2757.8032521851665,641.6451437663299,-0.00015347420178661307
436184.0,31,-7474089.673693662,-14842502.142533854,-20941327.90213916,2706.0269647212376,-2582.1429704135207,906.5550782363808,-0.00015347134959064224
436784.0,31,-5824501.728971817,-16334102.828727212,-20319444.03403393,2789.388170791843,-2386.6873664436935,1165.2425711513386,-0.00015346868460444163
437384.0,31,-4131109.040021362,-17702841.06555239,-19544698.947234344,2851.93891540245,-2172.7925214341544,1415.766525861144,-0.00015346617690538804
437984.0,31,-2406572.797684055,-18938095.75465165,-18622561.224530857,2893.1131424803625,-1941.9576672906292,1656.2256606427025,-0.00015346383498506127
438584.0,31,-663849.6711711343,-20030186.436465465,-17559624.654339317,2912.4942326480596,-1695.820125772139,1884.772560224252,-0.00015346166614228093
439184.0,31,1083899.6085898858,-20970453.689130887,-16363571.85612239,2909.8211027499156,-1436.1467429432205,2099.6277960426028,-0.00015345967641755746
439784.0,31,2823405.119745385,-21751334.044210933,-15043129.377810122,2884.993494697098,-1164.8240209875269,2299.0942188627564,-0.00015345787053508295
440384.0,31,4541385.555479839,-22366428.61939808,-13608014.183236219,2838.0763237963656,-883.8469069363778,2481.571310171938,-0.0001534562518530267
440984.0,31,6224648.364411703,-22810564.646745898,-12068871.522433467,2769.302952101816,-595.3062168230781,2645.5694575809193,-0.0001534548223228966
441584.0,31,7860191.5407756865,-23079849.06637345,-10437204.26578873,2679.0772511790306,-301.37469664674427,2789.723998951209,-0.00015345358245870947
442184.0,31,9435306.29613227,-23171713.362426415,-8725293.883873729,2567.9743215174826,-4.2917480480405175,2912.8088609341844,-0.00015345253131667744
442784.0,31,10937679.76374542,-23084948.84259309,-6946113.367012615,2436.7397431073873,293.65312368362834,3013.7496009314523,-0.00015345166648606334
443384.0,31,12355496.961582555,-22819731.582313526,-5113232.239094553,2286.289890170526,590.1422137799661,3091.629381821799,-0.00015345094341919977
443984.0,31,13677540.204586575,-22377636.50327143,-3240715.695680303,2117.697226959168,882.8318821242465,3145.725309273144,-0.00015345043790940838
444584.0,31,14893286.72376672,-21761639.548083406,-1343015.1098203564,1932.2007605101787,1169.3968890194399,3175.4806642905933,-0.0001534501027718894
445184.0,31,15993001.415683867,-20976108.096010443,565145.1361375306,1731.1875456242049,1447.5345217217714,3180.5387027497472,-0.00015344992987993445
445784.0,31,16967824.787764862,-20026778.712387126,2468886.3060714686,1516.1860625521726,1714.9895469750688,3160.7432036945625,-0.00015344990977818947
446384.0,31,17809854.667449787,-18920722.263526354,4353297.429147325,1288.8550319276567,1969.575349396383,3116.1435033439543,-0.00015345003174868201
446984.0,31,18512220.633862637,-17666296.29777848,6203559.839841815,1050.9704837882896,2209.1950201663503,3046.997503614383,-0.00015345028388942327
447584.0,31,19069150.14365241,-16273084.819227789,8005072.86419351,804.4111745993183,2431.862095949208,2953.7725099354684,-0.00015345065320513036
448184.0,31,19476025.394149594,-14751825.76822836,9743579.301079106,551.1424855695805,2635.720635289032,2837.143787238492,-0.00015345112570942204
448784.0,31,19729430.06227907,-13114326.715249306,11405289.294075426,293.1989739502569,2819.064314861391,2697.99076255249,-0.0001534516865376473
449384.0,31,19827185.175457504,-11373369.46615113,12977001.162323967,32.66578499518323,2980.3542315953187,2537.3908466000134,-0.00015345232006931997
449984.0,31,19768373.508790214,-9542604.462643646,14446217.759824838,-228.34083558389398,3118.2351091852784,2356.610893834674,-0.00015345301005895897
450584.0,31,19553352.054252423,-7636435.90816725,15801256.955233932,-487.69235928606736,3231.5514392668574,2157.0969034628642,-0.00015345370021264168
451184.0,31,19183752.25219114,-5669899.708049893,17031354.872023802,-743.2735472031422,3319.3524373154432,1940.4589131673272,-0.00015345445271090327
451784.0,31,18662468.09718354,-3658533.121764386,18126760.883662645,-992.9954551305276,3380.912805650327,1708.459055326452,-0.0001534552105810678
452384.0,31,17993631.714574467,-1618241.195224882,19078822.59220237,-1234.8205809129447,3415.7328048267295,1462.9927113072613,-0.00015345595650291844
452984.0,31,17182577.171271574,434841.3983792681,19880060.513988785,-1466.7813477728741,3423.5448140606754,1206.070615396877,-0.00015345667325984973
453584.0,31,16235792.709410649,2484490.281159479,20524231.24384593,-1686.9989293801846,3404.315370815496,939.7991765050378,-0.00015345734388787146
454184.0,31,15160862.057626152,4514531.655016239,21006378.510444008,-1893.7009438006617,3358.24450529159,666.359814615222,-0.00015345795182170012
454784.0,31,13966395.57906023,6508981.345966028,21322871.640586473,-2085.2377688238153,3285.7624116797224,387.98762839962296,-0.00015345848103628175
455384.0,31,12661952.15042483,8452181.049976801,21471431.140593726,-2260.0972632793164,3187.523549979054,106.94971752795436,-0.0001534589161821809
455984.0,31,11257952.780808335,10328930.294666274,21451141.294057984,-2416.9177159215155,3064.398320269962,-174.47651844680482,-0.00015345924271338953
456584.0,31,9765587.070320353,12124612.729942558,21262449.86208629,-2554.4988838798763,2917.4624940580834,-454.02479281327396,-0.00015345944700625476
457184.0,31,8196713.675768426,13825315.481820162,20907155.15018653,-2671.811025038099,2747.984623441163,-729.4607620434124,-0.0001534595164683881
457784.0,31,6563755.92021186,15417940.527532035,20388380.932912633,-2768.002743154718,2557.4126779423486,-998.6035885667291,-0.00015345939911972666
458384.0,31,4879594.39962052,16890306.51315415,19710539.539787944,-2842.402432152462,2347.3542074719303,-1259.3383523985883,-0.0001534591658842074
458984.0,31,3157455.74809138,18231241.99920255,18879284.240292523,-2894.5262977908283,2119.565167957019,-1509.6435727457615,-0.00015345876715112483
459584.0,31,1410802.1480110008,19430666.67507938,17901451.51839536,-2924.0758147817687,1875.927978640926,-1747.6005726458766,-0.00015345819531127625
460184.0,31,-346780.2464975007,20479662.51304344,16784994.067698162,-2930.937583352644,1618.4338312271539,-1971.4097408410018,-0.0001534574441541821
460784.0,31,-2101691.551159546,21370533.439829074,15538905.595422376,-2915.1805744237936,1349.1636430661192,-2179.4033862695355,-0.00015345650890346844
461384.0,31,-3840426.292433651,22096853.572720483,14173138.416225426,-2877.0517602054406,1070.2688905271461,-2370.056858243024,-0.00015345538623948138
461984.0,31,-5549678.528192463,22653504.00871661,12698514.87162325,-2816.9702894208967,783.9525586385901,-2541.9979151074303,-0.00015345407430942295
462584.0,31,-7216443.12414277,23036698.288114082,11126633.613614311,-2735.5203763014106,492.45041832015136,-2694.014356273145,-0.00015345257272542445
463184.0,31,-8828112.461964041,23243996.771836992,9469771.77635251,-2633.4430771416633,198.0128151789736,-2825.0599607386393,-0.00015345088255108103
463784.0,31,-10372567.956913508,23274310.273925416,7740784.029631319,-2511.627127976162,-97.11287497891954,-2934.2587991633013,-0.00015344900627705676
464384.0,31,-11838265.863547673,23127893.37612213,5952999.464947471,-2371.099012381721,-390.6989980097435,-3020.908005906991,-0.00015344694778643655
464984.0,31,-13214316.548104007,22806327.98988977,4120117.72738818,-2213.0095021567763,-680.5487150262817,-3084.4854201691996,-0.00015344467321519768
465584.0,31,-14490559.23730273,22312497.28524909,2256102.1970161693,-2038.6344334283874,-964.5298797826957,-3124.6243276020346,-0.00015344226748716555
466184.0,31,-15657626.368324568,21650551.655913234,375078.29169521056,-1849.3455355082149,-1240.5606348329948,-3141.150224734726,-0.0001534396990532039
466784.0,31,-16707004.445730938,20825865.871870633,-1508771.6472264451,-1646.6109278310034,-1506.6410371362513,-3134.0531416822146,-0.00015343697683886922
467384.0,31,-17631086.410282172,19844989.15575492,-3381309.7641545376,-1431.9804572648654,-1760.8602432447196,-3103.4907395236296,-0.00015343411086116322
467984.0,31,-18423217.258224886,18715588.331990775,-5228542.239620641,-1207.0740625370036,-2001.407343256069,-3049.78417951027,-0.00015343111214803846
468584.0,31,-19077732.657933436,17446384.73689207,-7036716.117489481,-973.5701995937897,-2226.581211893662,-2973.4132365353785,-0.0001534279926528198
469184.0,31,-19589990.615960956,16047085.476943301,-8792412.975327415,-733.1943835502287,-2434.7994157523717,-2875.0107529132756,-0.00015342476516419843
469784.0,31,-19956396.275875155,14528309.598222515,-10482639.060299473,-487.7078881003299,-2624.606222798605,-2755.356517629028,-0.00015342144321241725
470384.0,31,-20174419.955987375,12901509.701698333,-12094911.562548706,-238.89662981105062,-2794.6797641957683,-2615.3706442726166,-0.00015341804097222475
470984.0,31,-20242608.546984438,11178889.508723859,-13617340.740512721,11.439747136318829,-2943.838399636419,-2456.1065083188982,-0.00015341457316313562
471584.0,31,-20160590.398451492,9373317.850130435,-15038707.647674203,261.4985802673284,-3071.046335836966,-2278.7432916778653,-0.0001534110549474983
472184.0,31,-19929073.82711912,7498239.520887347,-16348537.258638203,509.485175615878,-3175.417440165689,-2084.5765830069645,-0.0001534074612038638
472784.0,31,-19549839.39205766,5567583.263562215,-17537166.77262764,753.6212841702363,-3256.223935017613,-1875.0165107658875,-0.00015340388877627914
473384.0,31,-19025725.925749235,3595668.080539651,-18595808.63189258,992.1578449397447,-3312.893321925144,-1651.5699547405618,-0.00015340031304909854
473984.0,31,-18360610.759344637,1597106.620766217,-19516608.91682439,1223.383301683144,-3345.0159080800913,-1415.8379124012636,-0.00015339674990958184
474584.0,31,-17559383.88067154,-413292.4072501864,-20292699.911846597,1445.6338019041634,-3352.346096814814,-1169.5048578769536,-0.00015339321516070142
475184.0,31,-16627916.314175706,-2420623.2019751957,-20918247.214263864,1657.3028681453866,-3334.8042209179257,-914.3292892006052,-0.00015338972441507565
475784.0,31,-15573022.769779112,-4409982.718134248,-21388491.070804354,1856.8509379131851,-3292.477772552854,-652.1339185134945,-0.00015338629298960614
476384.0,31,-14402418.642120395,-6366571.037048314,-21699781.73098844,2042.8147745908666,-3225.6220075246056,-384.79548386594706,-0.0001533829358012271
476984.0,31,-13124671.440373866,-8275791.8813712355,-21849608.592413884,2213.8167439293607,-3134.659890030945,-114.23416033585684,-0.0001533796672641952
477584.0,31,-11749146.732600573,-10123352.87537337,-21836622.898620453,2368.5739413359897,-3020.181333007782,157.59745041891372,-0.00015337650118937425
478184.0,31,-10285948.698392546,-11895365.122821674,-21660653.73686669,2505.907144404834,-2882.941679120642,428.7257692477405,-0.0001533734506860012
478784.0,31,-8745855.400328573,-13578441.639156811,-21322717.0724762,2624.7495531809404,-2723.859358763452,697.1681380127,-0.00015337052806645507
479384.0,31,-7140248.972002865,-15159794.121549856,-20825017.544295397,2724.155877651833,-2544.015409304263,960.9454974721646,-0.00015336770541777688
479984.0,31,-5481040.260329835,-16627327.706994487,-20170942.662739694,2803.307986826721,-2344.6383281139774,1218.0938442987995,-0.00015336507205020706
480584.0,31,-3780590.3810600163,-17969732.244863532,-19365049.678390127,2861.526494126134,-2127.115136665729,1466.6794823651528,-0.0001533625978204739
481184.0,31,-2051625.5544139482,-19176571.20943588,-18413043.793083623,2898.275401532369,-1892.9741955013792,1704.811222640724,-0.000153360290980334
481784.0,31,-307149.0697986875,-20238365.734584786,-17321748.524383802,2913.1694213787587,-1643.8803216599408,1930.6546577884308,-0.0001533581585746549
482384.0,31,1439650.8575518187,-21146673.96222807,-16099067.56563984,2905.9799198703276,-1381.6259598229335,2142.4463249389814,-0.0001533562063773556
482984.0,31,3175496.583485637,-21894164.744789153,-14753938.096438719,2876.640024233907,-1108.1210410554993,2338.5080190891567,-0.00015335443883504377
483584.0,31,4887119.350067255,-22474684.896482535,-13296275.476064177,2825.248762477327,-825.381492198414,2517.26113918592,-0.00015335285901911565
484184.0,31,6561359.80127664,-22883319.16912001,-11736909.330158472,2752.0741007647025,-535.5163787378513,2677.240927845287,-0.00015335146858707737
484784.0,31,8185269.997624574,-23116442.122509852,-10087511.13158514,2657.554743029964,-240.71368762894122,2817.1104453678713,-0.00015335026775382425
485384.0,31,9746216.144861978,-23171761.069814116,-8360513.479738659,2542.300561159687,56.775216227232704,2935.674100081657,-0.00015334925527357645
485984.0,31,11231981.17238596,-23048349.306601886,-6569021.396887957,2407.091532296998,354.6523958416765,3031.8905409511535,-0.00015334842843311018
486584.0,31,12630866.65015775,-22746668.78709809,-4726715.502506945,2252.8769311636693,650.5952559541272,3104.878702779053,-0.00015334774225294484
487184.0,31,13931790.67158954,-22268582.076184794,-2847750.853317278,2080.763398330261,942.2599385854114,3153.9528461163695,-0.00015334727247101867
487784.0,31,15124385.962458573,-21617351.892111864,-946644.9723701077,1892.0203961694526,1227.32435120843,3178.596100519351,-0.0001533469715054342
488384.0,31,16199091.063631343,-20797629.083096787,961835.809439074,1688.0644018706967,1503.4934589818147,3178.4928815470626,-0.00015334683095078028
488984.0,31,17147237.179793626,-19815427.763097364,2862795.9328968045,1470.4511571648175,1768.5240365355985,3153.529332496643,-0.00015334684108550957
489584.0,31,17961128.473186653,-18678087.807516873,4741333.332680918,1240.864122060476,2020.245824352789,3103.7979516736286,-0.0001533469909405852
490184.0,31,18634114.86579065,-17394224.623887368,6582664.3226633,1001.1011987323312,2256.5825751794323,3029.6001612753766,-0.00015334726838062444
490784.0,31,19160656.334511846,-15973666.362142708,8372249.3518741345,753.0598275970395,2475.572687041985,2931.446679238942,-0.00015334766019704598
491384.0,31,19536377.76039199,-14427378.918189265,10095918.266827945,498.7205969123213,2675.389108315946,2810.0555907350777,-0.00015334815221253347
491984.0,31,19758113.49291209,-12767379.27708108,11739993.667933509,240.12954525918008,2854.3581971407875,2666.348056577105,-0.00015334872939593594
492584.0,31,19823940.912610672,-11006637.932974111,13291410.926322974,-20.620628420639378,3010.977222941171,2501.441640548466,-0.00015334937598654132
493184.0,31,19733202.417115156,-9158971.306744076,14737833.434513355,-281.4102013712486,3143.930212184922,2316.64128517599,-0.00015335007562648775
493784.0,31,19486515.370964266,-7238924.3230444705,16067762.24242115,-540.1133224806165,3252.101957048848,2113.430685001275,-0.00015335352798834253
494384.0,31,19085769.885262303,-5261649.98016752,17270635.39949557,-794.6157270380397,3334.589331441327,1893.448233118633,-0.0001533542830978286
494984.0,31,18534114.49292911,-3242773.401892326,18336924.40613899,-1042.8394523450588,3390.7113731244367,1658.4874252759225,-0.00015335504000942585
495584.0,31,17835929.109056998,-1198260.1306972336,19258214.865677796,-1282.760119212583,3420.0155829467476,1410.469184549044,-0.00015335578141142164
496184.0,31,16996786.501554262,855723.2223192872,20027279.393385854,-1512.4271891639505,3422.282250372885,1151.4257928525572,-0.00015335649012657477
496784.0,31,16023402.245598078,2902949.123058971,20638138.31321822,-1729.9825750370744,3397.525935956883,883.4809819819719,-0.00015335714926066293
497384.0,31,14923574.150345616,4927268.796092483,21086107.972960223,-1933.6780197143619,3345.9942824654627,608.8291742338663,-0.00015335498658081826
497984.0,31,13706110.487610087,6912752.835269858,21367837.213273443,-2121.8912925937393,3268.164034476137,329.71377118805503,-0.00015335549772445444
498584.0,31,12380751.508827299,8843823.673645068,21481329.195902273,-2293.1402563229535,3164.7347883470757,48.40586605769741,-0.00015335591172927786
499184.0,31,10958080.634113954,10705388.54246587,21425952.049981553,-2446.0956356303795,3036.6200873826706,-232.8177031653218,-0.0001533562142294213
499784.0,31,9449429.827331174,12482963.93754019,21202435.72286872,-2579.591595672524,2884.9364412273994,-511.69559821886077,-0.00015335639180469432
500384.0,31,7866779.010600384,14162793.418155476,20812856.46940612,-2692.634353061102,2710.99034883722,-786.0026545171443,-0.00015335643208730653
500984.0,31,6222650.31943887,15731957.662261622,20260609.204981767,-2784.4108019168025,2516.260770899397,-1053.5688223953368,-0.00015335903877331338
501584.0,31,4530002.4288965985,17178472.49855511,19550368.66366702,-2854.2847248473627,2302.394277214349,-1312.3010531581644,-0.00015335877199704922
502184.0,31,2802115.5725586945,18491382.874522366,18688039.029670157,-2901.8116080436735,2071.170855062231,-1560.1957935195035,-0.00015335833804160255
502784.0,31,1052483.300114667,19660839.939434543,17680694.58877593,-2926.7309018264928,1824.4969638534892,-1795.3579618157366,-0.00015335772958352924
503384.0,31,-705299.5071608257,20678170.40151304,16536510.855876654,-2928.9667102193744,1564.383964353481,-2016.0143518280588,-0.0001533569407064383
503984.0,31,-2457646.498787552,21535933.86938084,15264687.799199443,-2908.6246950359105,1292.929026479445,-2220.526130162565,-0.0001533559669337178
504584.0,31,-4191087.4222293096,22227968.744495958,13875366.068139538,-2865.987397540803,1012.2959675605364,-2407.399593158611,-0.00015335480524854148
505184.0,31,-5892372.494752862,22749426.681485664,12379537.262374481,-2801.5081392960683,724.6962522549229,-2575.2951730563727,-0.00015335345410147353
505784.0,31,-7548572.776513343,23096795.7630235,10788949.278969347,-2715.8036726160162,432.37035994026905,-2723.0347144739862,-0.00015335191340611155
506384.0,31,-9147175.841937758,23267912.650634162,9116007.756107954,-2609.645754651738,137.5696976631068,-2849.6070696086017,-0.0001533501845233103
506984.0,31,-10676176.148203911,23261964.071476687,7373674.5991704995,-2483.951817958534,-157.4607922397829,-2954.172083563274,-0.0001533482702346116
507584.0,31,-12124159.599964958,23079478.083222844,5575364.529585035,-2339.7749050351185,-450.4992099210409,-3036.06305959478,-0.0001533461747055674
508184.0,31,-13480381.463351011,22722305.714792583,3734841.082472986,-2178.291966085495,-739.358912511575,-3094.792763697051,-0.00015334390257293895
508784.0,31,-14734839.83569692,22193593.039212056,1866109.7969034256,-2000.7971325583383,-1021.9169136151247,-3130.0333216913673,-0.00015334146257787613
509384.0,31,-15878338.619531197,21497745.411655452,-16683.509811280488,-1808.68364515649,-1296.1072470001443,-3141.64460780973,-0.0001533388616315098
509984.0,31,-16902546.8250696,20640383.074078646,-1899357.320132425,-1603.4368882728404,-1559.94702377591,-3129.6517932081188,-0.00015333610889096274
510584.0,31,-17800049.552422002,19628289.77056271,-3767795.4908488467,-1386.6215855147116,-1811.544760284718,-3094.2468930586138,-0.00015333321458859574
511184.0,31,-18564392.17357994,18469354.567867544,-5608046.278785293,-1159.870174844202,-2049.1110098998197,-3035.7844705273524,-0.00015333018995040976
511784.0,31,-19190117.521678597,17172507.557661146,-7406418.548757057,-924.8712570293377,-2270.9680193261606,-2954.7766056041114,-0.00015332704710950237
512384.0,31,-19672796.146519512,15747650.02294365,-9149574.742074013,-683.3581699276582,-2475.558450098302,-2851.8872226633407,-0.00015332379901522862
512984.0,31,-20009049.72483694,14205579.626000315,-10824620.238635015,-437.0977266029388,-2661.453212374944,-2727.925859502394,-0.0001533204593386754
513584.0,31,-20196567.734852407,12557911.14645306,-12419188.793796066,-187.87914214527132,-2827.3584615050795,-2583.840948505275,-0.00015331704237501862
514184.0,31,-20234117.51807542,10816993.267386954,-13921523.77216567,62.4968374331429,-2972.1218083921367,-2420.7126679675684,-0.00015331356294329403
514784.0,31,-20121547.85801073,8995821.876753595,-15320554.933957642,312.2286005363417,-3094.7377926534123,-2239.7454089034904,-0.00015331003628407344
515384.0,31,-19859786.220628962,7107950.394824623,-16605970.552542666,559.5249956975542,-3194.3510579461813,-2042.2581841613649,-0.000153306437175223
515984.0,31,-19450829.787000384,5167397.144564643,-17768284.695333168,802.6122409806937,-3270.2669154270297,-1829.6831825008796,-0.00015330286277671055
516584.0,31,-18897730.14892827,3188550.9726055963,-18798899.373160105,1039.7489348652014,-3321.945160119361,-1603.5471522578098,-0.00015329928836340534
517184.0,31,-18204572.42212809,1186074.6850716835,-19690161.52200762,1269.2327905906677,-3349.00944959058,-1365.4692206857926,-0.0001532957298137351
517784.0,31,-17376448.197947793,-825192.9846474594,-20435414.540670283,1489.4111927373601,-3351.2479839481534,-1117.1500515674054,-0.00015329220289988428
518384.0,31,-16419422.760037802,-2830336.5640138565,-21029044.214667633,1698.690839478651,-3328.6152176340124,-860.3623195909397,-0.00015328872318184103
518984.0,31,-15340496.588081798,-4814463.839978488,-21466518.825455967,1895.5472546321896,-3281.2329641622114,-596.940823585671,-0.00015328530590223144
431984.0,32,-14498461.23479649,-21598389.715317976,-5541706.05939875,1475.4886032423271,-1823.978571993137,3076.153200513416,1.79166239985513e-05
432584.0,32,-13559145.572818128,-22609122.80525266,-3677164.605897546,1653.7137446391616,-1543.1690110056572,3134.7189148492052,1.7928841696157347e-05
433184.0,32,-12516719.96058988,-23447935.150247764,-1784649.4351546767,1818.9572447512085,-1251.3078562770818,3169.335950126665,1.7941218436408328e-05
433784.0,32,-11379334.213669248,-24108865.94107293,121413.7535401244,1970.0370344403439,-950.6422306044467,3179.856148097195,1.7953749992939913e-05
434384.0,32,-10155813.550894577,-24587317.450314976,2026564.0632144636,2105.886349050236,-643.4633622311392,3166.310329454356,1.7966430997110255e-05
434984.0,32,-8855587.620793093,-24880076.41927027,3916411.974752642,2225.5591692466055,-332.0895330062216,3128.9047835642396,1.7979254987792293e-05
435584.0,32,-7488616.548855441,-24985325.293477774,5776743.490412439,2328.234647569091,-18.84948301696079,3068.0167112963786,1.799221446792608e-05
436184.0,32,-6065314.761181435,-24902643.533989716,7593621.0893252585,2413.2158201664843,293.93514999710624,2984.1871383666066,1.800490126254155e-05
436784.0,32,-4596472.334458874,-24632999.888328414,9353481.773241209,2479.9511730391923,603.9594512241637,2878.1209552744854,1.8018105736096622e-05
437384.0,32,-3093176.1893601585,-24178734.421790473,11043229.994921217,2528.0077627426153,908.958534211742,2750.6704100202505,1.8031417640209902e-05
437984.0,32,-1566729.6894385042,-23543533.062586807,12650326.907401044,2557.091200388827,1206.7161874705348,2602.8337373637646,1.804482601084972e-05
438584.0,32,-28572.236892271787,-22732393.219385862,14162874.57576933,2567.0410242586736,1495.0796580464862,2435.745389744779,1.8058319210922495e-05
439184.0,32,1509801.0224623512,-21751581.647629503,15569695.096498184,2557.8301680694403,1771.9724168408443,2250.6673609101467,1.8071885014820547e-05
439784.0,32,3036918.9486861303,-20608584.865523495,16860404.343486927,2529.563790289605,2035.406242222858,2048.9800963431376,1.8085510695725167e-05
440384.0,32,4541413.239660454,-19312052.53707706,18025480.113151576,2482.477507566548,2283.492634439274,1832.173039251944,1.8099183115186362e-05
440984.0,32,6012095.999503167,-17871734.229771297,19056324.468969855,2416.935068775035,2514.453576879268,1601.8348500355949,1.8112888814524237e-05
441584.0,32,7438035.7193483375,-16298409.942645714,19945320.107228022,2333.4254990431164,2726.63166133356,1359.6433270748928,1.8126614107617537e-05
442184.0,32,8808631.36368798,-14603814.788359258,20685880.580775842,2232.5597356480707,2918.499593128554,1107.3550476767216,1.8140345174661232e-05
442784.0,32,10113684.268013254,-12800558.201585794,21272494.227035966,2115.0667701695893,3088.669088594982,846.7947402799477,1.8154068156487587e-05
443384.0,32,11343466.649141675,-10902039.19209436,21700761.589082237,1981.794986995905,3235.9008607372343,579.844986560143,1.8168466551351317e-05
443984.0,32,12488791.921906583,-8922351.03744047,21967426.562239986,1833.6847526671922,3359.1054738465637,308.43283903207583,1.8182131742044733e-05
444584.0,32,13541072.904220022,-6876193.154478954,22070400.159047816,1671.7967502781114,3457.360836312408,34.521489573185676,1.8195747988636898e-05
445184.0,32,14492385.634336235,-4778767.517032772,22008778.003615744,1497.2838434898995,3529.9116136872544,-239.90329449591817,1.8209302217647536e-05
445784.0,32,15335525.1749051,-2645677.017810445,21782850.46811099,1311.3902834026655,3576.176824545393,-512.8447095667963,1.8222781782224165e-05
446384.0,32,16064058.329989998,-492819.47814783826,21394105.654114343,1115.444828856341,3595.7549483009943,-782.3071435154123,1.8236174551357468e-05
446984.0,32,16672372.506292265,1663721.698253313,20845224.600058414,910.8532731068998,3588.428270637462,-1046.3087535978334,1.824883598600374e-05
447584.0,32,17155717.9126582,3807786.667033894,20140070.91348028,699.0905880379604,3554.1664880635703,-1302.8938405037375,1.826202126617067e-05
448184.0,32,17510248.998572264,5923255.369845958,19283668.921518255,481.69211106652585,3493.1293065927925,-1550.1463511393972,1.827508730685555e-05
448784.0,32,17733056.355531923,7994159.904660267,18282177.71924301,260.2444906898247,3405.668187829934,-1786.2026508336248,1.8288024878089404e-05
449384.0,32,17822195.09456699,10004800.254369987,17142855.507455293,36.37585551584766,3292.326994055456,-2009.2648914108843,1.8300825666466893e-05
449984.0,32,17776706.758669302,11939859.594293477,15874016.294647789,-188.25458272502965,3153.8414953620736,-2217.6143570100558,1.83134823424837e-05
450584.0,32,17596634.61339961,13784518.866035337,14484978.943843063,-411.96901977209177,2991.1307569636324,-2409.6204105372394,1.8326222780730635e-05
451184.0,32,17283033.372534305,15524570.81408728,12986006.372796837,-633.0768083934084,2805.3213078062,-2583.7715342346773,1.833857412241219e-05
451784.0,32,16837969.377393506,17146529.500140566,11388240.717716357,-849.8948031338164,2597.702137209641,-2738.6612181565333,1.8350765837109727e-05
452384.0,32,16264515.993269809,18637739.651414115,9703626.678196643,-1060.7546162126064,2369.745437937967,-2873.018999214686,1.836279507769598e-05
452984.0,32,15566739.984645516,19986480.158742547,7944829.499851766,-1264.0167620469729,2123.092342233978,-2985.717963007858,1.8374660221022757e-05
453584.0,32,14749680.325845983,21182062.946284894,6125145.345169547,-1458.0838442231766,1859.5436511327407,-3075.7862658903055,1.8386360892327615e-05
454184.0,32,13819319.006524054,22214925.7813145,4258404.938783704,-1641.4139231987044,1581.048875938164,-3142.4178392428103,1.8397897980425966e-05
454784.0,32,12782543.75604306,23076717.99131003,2358871.032954717,-1812.5339371946854,1289.6935782394269,-3184.982099900919,1.8409273643197392e-05
455384.0,32,11647102.694852708,23760378.05565684,441130.3494322993,-1970.053032357251,987.6850228012718,-3203.0324866543815,1.842049130294248e-05
455984.0,32,10421551.014591198,24260202.058208313,-1480019.2348944074,-2112.6756436287897,677.3361889301893,-3196.3136430528734,1.8431555631269412e-05
456584.0,32,9115189.890448447,24571902.026514795,-3389685.382079178,-2239.2141555794883,361.0482198241747,-3164.767071940901,1.844247252326723e-05
457184.0,32,7737997.937400342,24692653.24493298,-5273000.8868011655,-2348.60096339575,41.291425101418895,-3108.535097570425,1.8453249060834556e-05
457784.0,32,6300555.591321187,24621129.77673624,-7115245.152923733,-2439.9058241235934,-279.412733860529,-3027.964317879015,1.846379098091321e-05
458384.0,32,4813963.090632033,24357526.97694709,-8901966.175730683,-2512.3218474118967,-598.5219408972615,-2923.600476874052,1.8474312172491253e-05
458984.0,32,3289752.6917031296,23903571.892882664,-10619101.977529917,-2565.211160315437,-913.4822787814437,-2796.1944155605925,1.8484720855391876e-05
459584.0,32,1739795.4263738468,23262518.866505336,-12253100.542202305,-2598.088353233965,-1221.759626347779,-2646.692811741676,1.849502828078144e-05
460184.0,32,176203.934741145,22439131.82816837,-13791036.287786948,-2610.6329268676145,-1520.8608601907158,-2476.233252865231,1.8505246545202727e-05
460784.0,32,-1388768.0735816965,21439652.460835986,-15220722.191792145,-2602.694005519078,-1808.3571717974828,-2286.1358480350636,1.8515388493641172e-05
461384.0,32,-2942828.6282845493,20271754.434426177,-16530816.188635474,-2574.2933077595,-2081.9071151515936,-2077.8927199929976,1.8525467614726264e-05
461984.0,32,-4473751.498969711,18944483.9872773,-17710920.596026372,-2525.626285962483,-2339.279058994343,-1853.1554645544807,1.853549792906859e-05
462584.0,32,-5969480.268837681,17468187.326814815,-18751673.39597138,-2457.061377653008,-2578.3727180451633,-1613.7207062107295,1.8545493871853172e-05
463184.0,32,-7418231.34214911,15854425.512663152,-19644830.288580853,-2369.1373456205633,-2797.239445917041,-1361.5139180006256,1.8555470170912828e-05
463784.0,32,-8808594.74634917,14115877.667856175,-20383336.551183917,-2262.558719266644,-2994.1009892067377,-1098.571709944474,1.8565441721587668e-05
464384.0,32,-10129631.610994495,12266233.53281308,-20961387.868898597,-2138.1893855623634,-3167.366426938934,-827.0228220503283,1.857542345973651e-05
464984.0,32,-11370967.508409882,10320076.068539307,-21374479.47925724,-1997.0399907262686,-3315.6439364663634,-549.0677391248942,1.858549623712988e-05
465584.0,32,-12522879.18340367,8292757.943126165,-21619442.982274864,-1840.2756491656935,-3437.7659773863024,-266.95904956444133,1.859554309012081e-05
466184.0,32,-13576377.027003666,6200267.6494801035,-21694470.670994062,-1669.1785320623853,-3532.78044432313,17.021156730588547,1.8605643905724525e-05
466784.0,32,-14523278.649389673,4059093.229688451,-21599127.135811727,-1485.1524641528008,-3599.971154451268,300.5820503993928,1.8615812520878566e-05
467384.0,32,-15356275.182075908,1886081.0834798906,-21334348.001575626,-1289.704839222579,-3638.8596387684975,581.4454297519579,1.8626062199223336e-05
467984.0,32,-16068988.962988,-301707.2781992117,-20902426.111828323,-1084.4318979996465,-3649.207556279317,857.3665627547709,1.8636405521843443e-05
468584.0,32,-16656022.209544972,-2487139.1521844976,-20306985.456305612,-871.0033018200545,-3631.0165136369064,1126.15433155748,1.8646854285250898e-05
469184.0,32,-17112996.327067807,-4653153.71568376,-19552943.328412093,-651.1462277322701,-3584.5253670520988,1385.6904311906487,1.8657419407562954e-05
469784.0,32,-17436581.63174143,-6782902.790321147,-18646461.337170184,-426.62920962288194,-3510.2051249061496,1633.9474015197259,1.866811084368948e-05
470384.0,32,-17624517.397155076,-8859887.914762253,-17594886.019115437,-199.24594350438315,-3408.7516060687262,1869.0053028707048,1.867893751019862e-05
470984.0,32,-17675622.258318163,-10868092.441693671,-16406679.897979034,29.200736180759122,-3281.0760395840425,2089.0668797461335,1.868990722037895e-05
471584.0,32,-17589795.124489054,-12792107.489565184,-15091343.922584578,256.9145178506974,-3128.293815585331,2292.4710925005706,1.8701026629865728e-05
472184.0,32,-17368006.86913863,-14617250.946440205,-13659332.191946337,482.1197701684987,-2951.715858265672,2477.70956298645,1.871236632272044e-05
472784.0,32,-17012283.08797423,-16329677.074116668,-12121960.510498865,703.0796866819961,-2752.8175979413195,2643.4179144131526,1.8723799766491768e-05
473384.0,32,-16525678.561057292,-17916480.044026315,-10491308.560804592,918.1046183921175,-2533.2484595814735,2788.4124013010983,1.8735395555367425e-05
473984.0,32,-15912243.62118323,-19365785.07283131,-8780118.441286111,1125.568136171948,-2294.799145117801,2911.6772883254143,1.874715539041059e-05
474584.0,32,-15176983.25774214,-20666831.07075181,-7001689.34812772,1323.917944611061,-2039.3887375672423,3012.374454234877,1.875907970448337e-05
475184.0,32,-14325809.453009618,-21810042.6759457,-5169769.936499969,1511.6865380483032,-1769.0472908637971,3089.8464976505643,1.8771167671278724e-05
475784.0,32,-13365487.411025977,-22787091.750144612,-3298449.252717434,1687.500767867243,-1485.898178264295,3143.6182620093555,1.8783417223888003e-05
476384.0,32,-12303576.336768292,-23590948.234070294,-1402047.164769841,1850.090306810252,-1192.1403858268752,3173.396877599939,1.8795825082392357e-05
476984.0,32,-11148365.42904467,-24215920.36890522,504994.84128475166,1998.2950140987148,-890.0309166612939,3179.070429316947,1.8808386789918582e-05
477584.0,32,-9908805.745943058,-24657684.38564613,2408221.6974601625,2131.0712206931867,-581.8674496410417,3160.7053654130864,1.8821096756566905e-05
478184.0,32,-8594438.588147288,-24913303.846829645,4293270.890445879,2247.4969669211205,-269.97137384056305,3118.54276543582,1.8833948310597428e-05
478784.0,32,-7215321.024488485,-24981238.89462727,6145976.037655983,2346.7762348775173,43.32870217179277,3052.993585055801,1.8846933756253226e-05
479384.0,32,-5781949.083844009,-24861345.637843665,7952467.398648276,2428.2363202015913,355.7148449836766,2964.6329779730813,1.8860110230145076e-05
479984.0,32,-4305179.625313155,-24554866.540161535,9699268.264499461,2491.3538219499114,664.8874757625473,2854.1938642202745,1.8873336886172794e-05
480584.0,32,-2796150.3041544342,-24064410.846195463,11373388.139777344,2535.7207460034883,968.5912479880232,2722.5597505441997,1.888666886261364e-05
481184.0,32,-1266199.6107177353,-23393927.318071138,12962410.462882943,2561.068891579802,1264.6217605225843,2570.7569468062275,1.8900095055040162e-05
481784.0,32,273213.6517224908,-22548668.292810902,14454575.92118583,2567.2639514410807,1550.8406484778222,2399.946268406504,1.891360370244632e-05
482384.0,32,1810590.5961423954,-21535146.042222008,15838860.507863235,2554.304852176585,1825.1882097518514,2211.4142726881983,1.8927182472383666e-05
482984.0,32,3334471.860856627,-20361081.767600723,17105048.157017708,2522.3224646985254,2085.695352343203,2006.5640929971173,1.8940818548755925e-05
483584.0,32,4833516.232076687,-19035347.644726783,18243797.73569105,2471.5777267258445,2330.49487590529,1786.9059168632255,1.8954498721798375e-05
484184.0,32,6296577.938715061,-17567902.324265983,19246704.1980642,2402.459212317495,2557.8321040347505,1554.047144060472,1.896820947979126e-05
484784.0,32,7712782.299151942,-15969720.280672753,20106353.72713973,2315.480176271546,2766.074884364679,1309.6822504239826,1.8981937102076327e-05
485384.0,32,9071599.416001331,-14252715.390530046,20816372.70305276,2211.2750937073597,2953.72297180636,1055.5823745345124,1.899566775296125e-05
485984.0,32,10362915.626440523,-12429659.11044415,21371470.3455397,2090.5957076651243,3119.4168064324017,793.5846369597829,1.9009387576108154e-05
486584.0,32,11577102.248580238,-10514093.989000602,21767474.795507465,1954.3086571920242,3261.9481365904735,525.5832935944411,1.9023147329784915e-05
487184.0,32,12705082.323128365,-8520240.696373733,22001362.94067565,1803.3823619396705,3380.2577607722606,253.5102949571159,1.9036804043316226e-05
487784.0,32,13738392.812949277,-6462904.136961377,22071282.8914495,1638.8937653082894,3473.4573489997583,-20.664086946029094,1.9050409188060695e-05
488384.0,32,14669244.638045317,-4357372.446226368,21976569.921588533,1462.0143761602128,3540.825786175267,-294.9509033896776,1.9063949766727762e-05
488984.0,32,15490578.52306534,-2219313.857943588,21717755.22429123,1274.005810871953,3581.8173634163695,-567.3526078183191,1.907741322653225e-05
489584.0,32,16196116.918314707,-64670.1282613622,21296567.423619654,1076.2128052514608,3596.066742336551,-835.875337445193,1.909078754798751e-05
490184.0,32,16780411.593186364,2090452.7928802408,20715926.68079943,870.055667848927,3583.3931603333026,-1098.5414535565824,1.9104061331250268e-05
490784.0,32,17238886.564597555,4229896.381191654,19979931.241136443,657.022156973957,3543.8038125913736,-1353.4023235043098,1.9117223879529566e-05
491384.0,32,17567876.011059437,6337562.944435788,19093836.27794624,438.6587666541626,3477.4963364983896,-1598.551317267066,1.913026527904655e-05
491984.0,32,17764656.813276894,8397530.263373278,18064024.90747979,216.56141168654494,3384.8603154179,-1832.1369795278122,1.9143176475005676e-05
492584.0,32,17827475.35601928,10394166.860868232,16897971.27452795,-7.634491097026967,3266.4777117410335,-2052.3763246656476,1.9155949343012715e-05
493184.0,32,17755568.224794284,12312247.234616533,15604195.643210106,-232.26453919501728,3123.1221343170223,-2257.568187180383,1.9168576755352624e-05
493784.0,32,17549176.420745086,14137066.476097113,14192211.320829874,-455.650602403784,2955.7519808382194,-2446.100312893087,1.9181119309559582e-05
494384.0,32,17209552.884213686,15854552.710253267,12672464.365581898,-676.096013051809,2765.5262882574116,-2616.4877102340015,1.9193439292697176e-05
494984.0,32,16738962.52237537,17451378.145847373,11056263.888623014,-891.9221248087654,2553.7714771494766,-2767.347483996464,1.9205598976342605e-05
495584.0,32,16140675.251939649,18915066.080972183,9355706.145848885,-1101.4648225339674,2321.993757472075,-2897.437099968641,1.9217595753664614e-05
496184.0,32,15418951.077473437,20234093.913706914,7583590.474052413,-1303.0914651445078,2071.8665506789343,-3005.6599409239006,1.922942824745023e-05
496784.0,32,14579017.340237372,21397990.880382564,5753328.276967669,-1495.2141201050424,1805.2208874008684,-3091.076676607656,1.924109633272753e-05
497384.0,32,13627037.93909745,22397429.53119983,3878845.3868153086,-1676.302954929946,1524.0341130118973,-3152.915781267091,1.9252601150071045e-05
497984.0,32,12570074.463109681,23224309.909158126,1974478.368856873,-1844.8996548498485,1230.416892717481,-3190.583021629876,1.926394510911071e-05
498584.0,32,11416039.261383006,23871835.40187394,54865.4472558031,-1999.6307197029055,926.5985364349744,-3203.6697350173367,1.9275131881835846e-05
499184.0,32,10173640.571208104,24334579.258724228,-1865167.1583820388,-2139.2204788968547,614.9106955613114,-3191.9597185237035,1.9286166385371624e-05
499784.0,32,8852319.928662054,24608540.809516374,-3770722.588124488,-2262.503651654366,297.7695180318184,-3155.434556387246,1.929705475400586e-05
500384.0,32,7462182.1949876435,24691190.486674268,-5646953.388614935,-2368.43727138451,-22.343616021548996,-3094.277224162475,1.93078043003588e-05
500984.0,32,6013918.701148302,24581502.915184066,-7479183.10865314,-2456.1184265106617,-342.90028414152823,-3008.874322272601,1.931848847731387e-05
501584.0,32,4518723.80478004,24279976.888743594,-9253028.512512386,-2524.7677993468433,-661.3557115951563,-2899.81388636891,1.932898641395663e-05
502184.0,32,2988205.990288183,23788642.960146125,-10954520.760122199,-2573.778444863384,-975.1579170440156,-2767.885879963175,1.9339373992606895e-05
502784.0,32,1434293.9406050406,23111056.400896702,-12570224.53532451,-2602.6967176524095,-1281.7793310353518,-2614.0758650052016,1.9349662640189346e-05
503384.0,32,-130861.46909151413,22252276.707443636,-14087353.853691809,-2611.2349733116216,-1578.7380013191191,-2439.5587991691273,1.9359864610525884e-05
503984.0,32,-1694988.2584579205,21218832.999102592,-15493883.139236303,-2599.2759502670597,-1863.6208790590545,-2245.69021988976,1.9369992885761263e-05
504584.0,32,-3245796.4931679927,20018675.527171634,-16778652.321173325,-2566.875389061842,-2134.1067719072626,-2033.9953225838947,1.93800610701112e-05
505184.0,32,-4771082.412326802,18661113.61049744,-17931464.71933289,-2514.26280643195,-2387.9886375618844,-1806.1560287133914,1.939008327695855e-05
505784.0,32,-6258832.407520076,17156740.507429823,-18943176.56040786,-2441.8403735058937,-2623.1948931280217,-1563.996180327659,1.940007401044013e-05
506384.0,32,-7697325.712252785,15517345.923937675,-19805777.06416558,-2350.1798818548136,-2837.809425648207,-1309.465036599248,1.9410048042766274e-05
506984.0,32,-9075234.66476997,13755817.037828624,-20512458.157088265,-2240.017816819959,-3030.090007483446,-1044.6192832886056,1.9420020288592956e-05
507584.0,32,-10381721.432556896,11886029.084934238,-21057673.008003164,-2112.248593409379,-3198.484846394411,-771.6037967968676,1.9430005677821357e-05
508184.0,32,-11606530.066331584,9922726.6454886,-21437182.700744577,-1967.912803101783,-3341.644040749815,-492.6313021826041,1.9440084745688935e-05
508784.0,32,-12740073.279994847,7881397.313727013,-21648090.77264743,-1808.199932873343,-3458.443778315362,-209.96180911660744,1.9450140981326387e-05
509384.0,32,-13773512.058104463,5778138.196054361,-21688864.714241408,-1634.4176292664636,-3547.9778222539494,74.11895784895167,1.9460253970871423e-05
509984.0,32,-14698828.546473065,3629518.084550406,-21559345.09859357,-1447.9914552994637,-3609.5768850531394,357.320960594468,1.947043744811201e-05
510584.0,32,-15508890.596365241,1452435.8191762408,-21260741.78044986,-1250.4477469268613,-3642.8100625254087,637.3710126278888,1.9480704551264667e-05
511184.0,32,-16197507.731011536,-736023.2012366401,-20795617.591347687,-1043.3987312823797,-3647.486730483175,912.0335044611302,1.9491067715056883e-05
511784.0,32,-16759478.01871917,-2918730.8772978242,-20167859.863042835,-828.5269843973873,-3623.6558584138875,1179.1303799665864,1.9501538570252074e-05
512384.0,32,-17190625.525499318,-5078659.127097513,-19382640.294529967,-607.569454398187,-3571.602825485873,1436.5601203396948,1.9512127851543377e-05
512984.0,32,-17487828.151890673,-7199020.015797514,-18446363.81257842,-382.30127403557367,-3491.8438649514674,1682.3155206112206,1.9522845314602896e-05
513584.0,32,-17649035.787756704,-9263401.9318551,-17366607.19315749,-154.51957897068132,-3385.1182985017963,1914.5000756200777,1.9533699662925498e-05
514184.0,32,-17673278.8425042,-11255900.546975644,-16152048.309697997,73.97246392036004,-3252.3787515792274,2131.342826761842,1.954469848495554e-05
514784.0,32,-17560667.323970597,-13161243.414214082,-14812386.952778276,301.3812301640505,-3094.7795635608863,2331.2115564449327,1.955584820183434e-05
515384.0,32,-17312380.739099897,-14964907.242105862,-13358258.335098289,525.9360825730689,-2913.66645982379,2512.6291355904586,1.956721942873014e-05
515984.0,32,-16930649.28102748,-16653226.433948386,-11801139.839839833,745.9097590792114,-2710.5508983876734,2674.2635116334545,1.957868491967909e-05
516584.0,32,-16418726.389401734,-18213494.061562546,-10153252.758743748,959.6229294954818,-2487.1109216167656,2814.9654637618123,1.9590313208817908e-05
517184.0,32,-15780853.859452823,-19634051.302335683,-8427459.899167648,1165.4624872441022,-2245.1639178706628,2933.7546403086626,1.9602105744918582e-05
517784.0,32,-15022219.503091145,-20904368.043575883,-6637159.692086796,1361.8916523039102,-1986.6522120632715,3029.8290690787853,1.9614062709451075e-05
518384.0,32,-14148908.227225583,-22015112.831534956,-4796178.184607236,1547.460416769767,-1713.6255925600283,3102.56793690326,1.962618302755134e-05
518984.0,32,-13167847.131733757,-22958212.253432546,-2918659.794254038,1720.8148969711265,-1428.2236356569301,3151.532806719386,1.9638464388428605e-05
