time,n_sat,x,y,z,dt_u,rms
2026-04-26T06:00:00,11,3512909.9535613293,2069013.4743914749,4888941.210319201,1.948943795651697e-07,30.17073339555356
2026-04-26T06:00:30,11,3512909.1480829865,2069013.6107544797,4888940.338609867,1.9247725358367754e-07,29.623866354872533
2026-04-26T06:01:00,11,3512908.512393951,2069013.9413358197,4888939.91026855,1.9305960882240424e-07,29.5952309750092
2026-04-26T06:01:30,11,3512906.9502825183,2069013.6047013286,4888939.211414882,1.9042586436472492e-07,29.673038675682413
2026-04-26T06:02:00,11,3512906.7837114874,2069014.0020312825,4888940.067786232,1.9307368534905264e-07,29.35362496174585
2026-04-26T06:02:30,11,3512906.2632844574,2069013.9694023551,4888939.60199403,1.9164316694165061e-07,29.22140809477658
2026-04-26T06:03:00,11,3512905.7888033073,2069014.0297736803,4888939.879271098,1.9259376244667935e-07,29.031840137482188
2026-04-26T06:03:30,11,3512904.8908192795,2069014.1804881487,4888939.9182672845,1.9189101877470408e-07,28.708789567752767
2026-04-26T06:04:00,11,3512904.470126446,2069014.0924878872,4888940.643419324,1.9288450634699682e-07,28.505319707422938
2026-04-26T06:04:30,11,3512904.19269324,2069014.6449171589,4888940.372009678,1.9367370726517726e-07,28.493226333143454
2026-04-26T06:05:00,11,3512902.8964490243,2069014.4467828504,4888941.3735468965,1.9437998477335185e-07,28.17088449037456
2026-04-26T06:05:30,11,3512902.049836557,2069014.2866392562,4888942.19921246,1.9549053533896773e-07,28.461068574343066
2026-04-26T06:06:00,11,3512901.219446806,2069014.8637189686,4888942.242241791,1.951368595753824e-07,28.1696016650895
2026-04-26T06:06:30,11,3512900.3278685506,2069014.4297550977,4888942.429281666,1.962309789762367e-07,28.158152985620507
2026-04-26T06:07:00,11,3512899.9580670665,2069014.6627366603,4888943.301096441,1.9736192647435355e-07,28.319090449060898
2026-04-26T06:07:30,11,3512899.1049530567,2069014.7969224767,4888944.403438446,1.9923589149344405e-07,28.294435589485257
2026-04-26T06:08:00,11,3512898.8410324897,2069015.2198780861,4888945.680640131,2.012830163039268e-07,28.33913456906887
2026-04-26T06:08:30,11,3512897.8299405584,2069014.976094648,4888947.441550573,2.051880466174458e-07,28.53644029920644
2026-04-26T06:09:00,11,3512896.8184597483,2069015.1460972733,4888948.361206379,2.0626719034065328e-07,28.704924973606293
2026-04-26T06:09:30,11,3512896.1934562456,2069015.221114785,4888950.346280388,2.1017171179905197e-07,28.797856837712054
2026-04-26T06:10:00,10,3512901.4165610294,2069015.62275378,4888927.367757928,1.7211611402246762e-07,26.754442945737434
2026-04-26T06:10:30,10,3512900.577698795,2069015.719701656,4888926.546066094,1.709555647385771e-07,26.387549540057368
2026-04-26T06:11:00,10,3512900.7910067188,2069016.199788247,4888927.159801886,1.730379668543905e-07,26.051795730009143
2026-04-26T06:11:30,10,3512899.967680335,2069016.161015034,4888927.613245361,1.7350745286297296e-07,25.79838266321916
2026-04-26T06:12:00,10,3512899.0947655053,2069016.4563400447,4888927.722759481,1.7292737795186756e-07,25.387398676862524
2026-04-26T06:12:30,10,3512899.044712988,2069016.945324643,4888928.083112515,1.7402395435578858e-07,25.09902617091439
2026-04-26T06:13:00,10,3512898.423848844,2069016.499199339,4888927.501089496,1.7242378719931665e-07,25.028585069676755
2026-04-26T06:13:30,10,3512897.6389357424,2069017.1744459632,4888927.917543103,1.740916063322703e-07,24.440122875067487
2026-04-26T06:14:00,11,3512889.8195034107,2069019.858357778,4888953.40038449,2.1726454769608697e-07,27.392307846764243
2026-04-26T06:14:30,11,3512890.1252818145,2069020.1177559623,4888952.866634298,2.1691130312458641e-07,26.52202810296159
2026-04-26T06:15:00,11,3512890.3714768947,2069020.632927052,4888951.755057547,2.162903664665528e-07,25.67712265329583
2026-04-26T06:15:30,11,3512889.9911363944,2069020.3333971775,4888950.792715445,2.1355040255495447e-07,25.13044733553939
2026-04-26T06:16:00,11,3512890.3345711245,2069021.0741961712,4888950.354197581,2.153084193534964e-07,24.4820201705295
2026-04-26T06:16:30,11,3512889.738182288,2069021.1627085034,4888949.252484906,2.1328771036482376e-07,23.97291851565028
2026-04-26T06:17:00,11,3512889.7163006533,2069021.6430390088,4888949.27235223,2.14156216922467e-07,23.134001300027297
2026-04-26T06:17:30,11,3512890.343779028,2069022.0612182696,4888948.928899978,2.152534584183453e-07,22.51731624835795
2026-04-26T06:18:00,11,3512890.5132840485,2069022.7098803422,4888949.387941126,2.1648382925094363e-07,21.784157952423094
2026-04-26T06:18:30,10,3512893.632925919,2069042.9110282478,4888970.281011767,2.774505085358723e-07,13.974102254665194
2026-04-26T06:19:00,10,3512893.540991006,2069043.189690988,4888970.917474434,2.7910585097347686e-07,13.853335056221212
2026-04-26T06:19:30,10,3512893.4285101886,2069042.1692407113,4888968.923828819,2.748891627056268e-07,14.128556644980259
2026-04-26T06:20:00,10,3512893.2196596707,2069042.6062806658,4888969.002727516,2.7465404688490485e-07,13.923178883917831
2026-04-26T06:20:30,10,3512893.375027345,2069042.3868799212,4888968.217767188,2.739543786837915e-07,13.982072653567549
2026-04-26T06:21:00,10,3512892.7291704663,2069041.6016814148,4888967.654346689,2.7171146126742227e-07,14.010888886697547
2026-04-26T06:21:30,11,3512881.530239677,2069022.110132315,4888954.505111405,2.1927190885266872e-07,18.61768954308293
2026-04-26T06:22:00,11,3512880.987374524,2069021.3304834778,4888952.834741449,2.1522761012887248e-07,18.942715051412947
2026-04-26T06:22:30,11,3512880.1473738253,2069020.9821868488,4888952.460533414,2.1320236037970188e-07,18.765751317425263
2026-04-26T06:23:00,11,3512880.1133736586,2069019.8923543429,4888952.045487907,2.1120855829133434e-07,19.309996646230132
2026-04-26T06:23:30,11,3512880.0643440615,2069019.1133946574,4888949.943153115,2.0688364998175495e-07,19.860842843598856
2026-04-26T06:24:00,11,3512879.0212362865,2069017.8141297807,4888949.639040351,2.0521908450295071e-07,20.079626699866324
2026-04-26T06:24:30,11,3512878.7662532465,2069017.5534054537,4888949.411221357,2.0394458321957427e-07,20.09664366298574
2026-04-26T06:25:00,11,3512878.6389196618,2069016.8414307276,4888948.634496605,2.0169387727315575e-07,20.369099469573417
2026-04-26T06:25:30,11,3512878.175367856,2069016.5604905474,4888948.36366105,2.014477489623188e-07,20.487721133499573
2026-04-26T06:26:00,11,3512878.1541591454,2069015.9238581657,4888946.913217715,1.97987764431155e-07,20.71764993624026
2026-04-26T06:26:30,11,3512877.7494583577,2069015.0530093997,4888947.267761885,1.982423294148395e-07,20.93638764840045
2026-04-26T06:27:00,11,3512877.9941677973,2069015.20986364,4888947.139599006,1.9798850878488228e-07,21.181642618944338
2026-04-26T06:27:30,11,3512878.3290115055,2069014.9294720388,4888947.087223733,1.9788461561522158e-07,20.95975280816964
2026-04-26T06:28:00,11,3512876.957447454,2069014.1484944117,4888945.51341659,1.928301823481742e-07,21.14658979351141
2026-04-26T06:28:30,11,3512877.2032702663,2069013.8115827765,4888945.694717141,1.9407384297823264e-07,21.16736032371643
2026-04-26T06:29:00,11,3512877.213919766,2069013.5705169113,4888945.018714677,1.923654038110673e-07,21.317948744496515
2026-04-26T06:29:30,11,3512877.264755606,2069013.3080828278,4888945.095271961,1.9299235293995044e-07,21.11927662863707
2026-04-26T06:30:00,11,3512876.415490132,2069012.3521888866,4888943.792101293,1.894475972812727e-07,21.651749241417257
2026-04-26T06:30:30,11,3512876.916411448,2069012.5376414363,4888944.425426796,1.909451771214239e-07,21.46602459609681
2026-04-26T06:31:00,11,3512876.611299892,2069011.6700162643,4888944.289618864,1.892183135698822e-07,21.716962576545267
2026-04-26T06:31:30,11,3512877.2157298103,2069011.7387340728,4888943.704756656,1.8991939874972168e-07,21.797542329236784
2026-04-26T06:32:00,11,3512876.339517445,2069011.2270590966,4888943.026113102,1.8659200519989684e-07,22.060347209723677
2026-04-26T06:32:30,11,3512876.124349018,2069011.1132076432,4888942.566863681,1.8606180798424842e-07,22.019362195473008
2026-04-26T06:33:00,11,3512876.8361603357,2069010.6970227591,4888942.6714666225,1.870707375252282e-07,22.00040651940236
2026-04-26T06:33:30,11,3512876.716370327,2069010.738707607,4888942.810097728,1.875973077024276e-07,22.04567285829151
2026-04-26T06:34:00,11,3512877.037986397,2069010.2240373234,4888942.593615139,1.8745520374204128e-07,22.196926423382102
2026-04-26T06:34:30,11,3512877.3364029243,2069010.4889157193,4888942.548369161,1.8802332273922044e-07,22.23428441521412
2026-04-26T06:35:00,11,3512877.0257867416,2069010.011557931,4888942.531507258,1.878177216562241e-07,22.217337172626067
2026-04-26T06:35:30,11,3512877.4523994117,2069009.865996098,4888942.101029325,1.8803943497279658e-07,22.32387382556146
2026-04-26T06:36:00,11,3512878.0248309067,2069009.8779145558,4888942.358440553,1.8836307118294776e-07,22.39996097062748
2026-04-26T06:36:30,11,3512877.3669407424,2069009.5030849306,4888941.267397038,1.8597024096272837e-07,22.362901017783212
2026-04-26T06:37:00,11,3512878.226437954,2069009.3368327313,4888941.945989671,1.882404320833361e-07,22.823040306182154
2026-04-26T06:37:30,11,3512878.468884479,2069009.2426397675,4888942.01713363,1.8857357735022042e-07,22.834509741815726
2026-04-26T06:38:00,11,3512878.601987857,2069009.0831994934,4888941.74049229,1.8816302739366071e-07,22.952302230472874
2026-04-26T06:38:30,11,3512879.17247335,2069008.5779036612,4888941.400841571,1.8759857784036067e-07,23.21583925981523
2026-04-26T06:39:00,11,3512879.721270693,2069008.4786599325,4888941.1672352925,1.8846315646707564e-07,23.27786413364629
2026-04-26T06:39:30,11,3512880.1988854036,2069008.2148901457,4888941.217147873,1.897175152682346e-07,23.60449853468551
2026-04-26T06:40:00,11,3512880.7520335773,2069008.7852293844,4888941.713153545,1.9128724889765938e-07,23.849513823097684
2026-04-26T06:40:30,11,3512881.4749035505,2069008.364794882,4888941.5643191775,1.922551039842258e-07,23.98744198137452
2026-04-26T06:41:00,11,3512882.3377636634,2069008.6841112385,4888941.856927105,1.9438213169627993e-07,23.963035341000825
2026-04-26T06:41:30,11,3512883.1200241284,2069008.7929930056,4888942.399717622,1.9627383451648078e-07,24.592683090204847
2026-04-26T06:42:00,11,3512884.0436569164,2069008.8457600374,4888942.63477479,1.9850797739402484e-07,24.913552668932585
2026-04-26T06:42:30,11,3512885.30165797,2069009.0379431925,4888942.400916465,1.9975970997801573e-07,25.06260045256258
2026-04-26T06:43:00,10,3512849.0751576875,2068998.899587683,4888932.560645217,1.301285025904185e-07,19.20506445945313
2026-04-26T06:43:30,10,3512848.6771753575,2068998.4637625667,4888931.45765227,1.281231995443686e-07,19.007322612253112
2026-04-26T06:44:00,11,3512821.699194104,2068985.7718022424,4888923.558266366,7.055146362348729e-08,22.893120980576082
2026-04-26T06:44:30,11,3512821.5783182285,2068985.5999636396,4888923.781580896,7.063924178294147e-08,22.986832657542664
2026-04-26T06:45:00,11,3512820.3555903994,2068984.233537432,4888923.036788112,6.804032846918444e-08,23.22770111378724
2026-04-26T06:45:30,11,3512820.7337152483,2068983.6619574071,4888921.334701894,6.503076807015744e-08,22.997884270204086
2026-04-26T06:46:00,11,3512820.273631498,2068982.9670634884,4888920.359572948,6.247800036542007e-08,23.303070632187556
2026-04-26T06:46:30,11,3512819.8843371375,2068982.547930028,4888919.841283351,6.16371406840645e-08,23.31247867341482
2026-04-26T06:47:00,11,3512819.2824625787,2068982.399059677,4888920.123776456,6.123078108605302e-08,23.03167057179399
2026-04-26T06:47:30,11,3512819.472465231,2068981.9819371817,4888918.679974629,5.895543754334379e-08,22.99814350394485
2026-04-26T06:48:00,11,3512819.55297144,2068981.160778383,4888918.317929353,5.803183179833777e-08,23.46077242740841
2026-04-26T06:48:30,11,3512819.165063076,2068980.487858898,4888917.349425343,5.5372917915280654e-08,23.182025967735797
2026-04-26T06:49:00,11,3512818.936672969,2068980.1237168526,4888916.052877374,5.4007596322366406e-08,23.430024445447625
2026-04-26T06:49:30,11,3512819.109231528,2068980.2391362905,4888916.77407164,5.557429808248148e-08,22.974817350801224
2026-04-26T06:50:00,11,3512818.235674879,2068978.5933912457,4888915.789426983,5.2001870791545344e-08,23.528502002627935
2026-04-26T06:50:30,11,3512817.932822149,2068978.34528053,4888914.010867919,4.803980483984825e-08,23.52103682056274
2026-04-26T06:51:00,11,3512818.165798692,2068978.0588371826,4888913.9364240635,4.8044739189191556e-08,23.273009790064524
2026-04-26T06:51:30,11,3512817.1751193386,2068977.1986895346,4888912.741682432,4.479778799351094e-08,23.501252369668368
2026-04-26T06:52:00,11,3512818.585411977,2068976.8340686648,4888912.774598593,4.6437528735575876e-08,23.292153017298805
2026-04-26T06:52:30,11,3512817.4477086375,2068976.2811664827,4888911.707048041,4.306821048994175e-08,23.260476978473598
2026-04-26T06:53:00,11,3512817.3897518357,2068975.2659337828,4888910.224708631,4.000088251115606e-08,23.24354747545503
2026-04-26T06:53:30,11,3512816.9649940836,2068975.5756029454,4888910.783396909,4.165060962450209e-08,23.096744054949202
2026-04-26T06:54:00,11,3512817.4726851163,2068974.6475793913,4888910.091043712,4.0577275692982647e-08,23.25972184435782
2026-04-26T06:54:30,11,3512817.215053196,2068974.6884325647,4888909.177986382,3.911809933146342e-08,23.11428397781421
2026-04-26T06:55:00,11,3512816.2763029467,2068973.5365267629,4888907.863399028,3.5707362559421474e-08,23.480869768028
2026-04-26T06:55:30,11,3512816.8342721732,2068973.4655636263,4888907.031849728,3.4299562179685e-08,23.172402639871073
2026-04-26T06:56:00,11,3512816.5310267275,2068972.6393007182,4888905.856114053,3.22430838335318e-08,23.080665137407177
2026-04-26T06:56:30,10,3512845.964636209,2068989.378051913,4888920.769127174,1.0715175637197455e-07,18.108574822325146
2026-04-26T06:57:00,11,3512816.3252763865,2068971.408620575,4888905.000735911,2.9409488023641638e-08,22.969798206537014
2026-04-26T06:57:30,11,3512816.0927307666,2068970.671096896,4888903.860346028,2.7232185834111163e-08,23.139174596327706
2026-04-26T06:58:00,11,3512815.7128271284,2068970.4102294338,4888903.112260681,2.5365634838250823e-08,23.091971874324287
2026-04-26T06:58:30,11,3512816.2242358048,2068969.9869433644,4888901.812898629,2.4028300093282274e-08,23.087845436515323
2026-04-26T06:59:00,11,3512816.3416463975,2068969.6969239393,4888901.850218797,2.3729080249082574e-08,22.880307870086998
2026-04-26T06:59:30,11,3512816.5907429876,2068969.0811735727,4888900.184450564,2.1379871548630164e-08,22.83888503266775
2026-04-26T07:00:00,11,3512814.6722339075,2068967.9916159092,4888899.023413603,1.7231731892877552e-08,22.959059080270215
2026-04-26T07:00:30,11,3512815.38830272,2068967.7371280475,4888898.848080781,1.6657967176291755e-08,22.637325509106624
2026-04-26T07:01:00,11,3512815.3788880734,2068967.1174927086,4888898.481249276,1.638395448393749e-08,22.756188377569927
2026-04-26T07:01:30,11,3512815.075568484,2068966.485388488,4888895.795030337,1.097509397643819e-08,22.924545176641487
2026-04-26T07:02:00,11,3512815.738513391,2068966.152583118,4888895.471909933,1.205624540864131e-08,22.65525260731661
2026-04-26T07:02:30,11,3512815.0604792708,2068965.4911622154,4888894.982058637,1.012540970888066e-08,22.585218621979937
2026-04-26T07:03:00,11,3512815.167904339,2068965.250772074,4888894.785148891,1.0290623164066379e-08,22.75662784638925
2026-04-26T07:03:30,11,3512814.723609053,2068964.2327228475,4888892.99142307,6.181709046633978e-09,22.60603095127951
2026-04-26T07:04:00,11,3512814.707222178,2068964.2753315158,4888893.433647458,6.573582835147859e-09,22.387498094135367
2026-04-26T07:04:30,11,3512814.660089878,2068962.8619712116,4888891.486482545,2.94199882123823e-09,22.34160312288671
2026-04-26T07:05:00,11,3512815.165898605,2068962.9890225627,4888890.598892332,2.4703611860297277e-09,22.19711144428567
2026-04-26T07:05:30,11,3512814.5978997415,2068962.4796350594,4888890.338797973,1.6528046496016655e-09,22.258490425685096
2026-04-26T07:06:00,11,3512814.420226384,2068962.149411008,4888889.041537046,-2.957911430494777e-10,22.065292941381983
2026-04-26T07:06:30,11,3512815.4961332907,2068961.324046892,4888889.132931387,1.0768781679051765e-09,21.918071046617385
2026-04-26T07:07:00,11,3512814.776374628,2068960.6992678915,4888886.9379915185,-4.7782599557204246e-09,22.028993651752828
2026-04-26T07:07:30,11,3512814.7287298567,2068959.4198493427,4888885.329404193,-8.211026219783454e-09,22.090487050508642
2026-04-26T07:08:00,11,3512814.5599288247,2068959.457618371,4888885.676387809,-7.1728253588522715e-09,22.099581301351705
2026-04-26T07:08:30,11,3512814.5306286034,2068958.8101911894,4888884.289860967,-9.30990861687462e-09,22.002613890820115
2026-04-26T07:09:00,11,3512814.135508361,2068958.5764429215,4888883.594306132,-1.0564642316313369e-08,21.662940022246673
2026-04-26T07:09:30,11,3512814.3777647363,2068957.8629210924,4888882.67639155,-1.2187192700638966e-08,21.78267086983254
2026-04-26T07:10:00,11,3512813.99640935,2068957.2132335901,4888881.558756837,-1.4842410077740489e-08,21.66942370150496
2026-04-26T07:10:30,11,3512814.8877738253,2068957.671963727,4888882.186275305,-1.249564614517808e-08,21.309214255908895
2026-04-26T07:11:00,11,3512814.2947916384,2068956.3822188783,4888880.60102285,-1.637073770618544e-08,21.453439080567588
2026-04-26T07:11:30,11,3512814.198272103,2068956.4530423095,4888880.322126454,-1.6861272287354467e-08,21.04197972779691
2026-04-26T07:12:00,11,3512814.495701003,2068955.7132091217,4888879.866467103,-1.7526339390131745e-08,21.160406567205232
2026-04-26T07:12:30,11,3512814.6775092604,2068955.322799324,4888878.527086175,-1.9218909751784733e-08,21.022584331893896
2026-04-26T07:13:00,11,3512814.674093575,2068954.647112431,4888877.4123764215,-2.1385893439287045e-08,20.77947366418881
2026-04-26T07:13:30,11,3512814.7116051167,2068954.2315462844,4888876.742669196,-2.2560175338551854e-08,20.80294185170237
2026-04-26T07:14:00,11,3512814.7745918394,2068954.0986682966,4888876.252680304,-2.31906210897276e-08,20.674559056077143
2026-04-26T07:14:30,11,3512815.0529239406,2068953.1216084468,4888874.758823585,-2.5726279727556152e-08,20.601097406250066
2026-04-26T07:15:00,11,3512814.852896945,2068952.7893626147,4888874.397900982,-2.636626360326276e-08,20.444288752635536
2026-04-26T07:15:30,11,3512814.7732375264,2068952.099797332,4888873.198515953,-2.852973812151983e-08,20.667890432034433
2026-04-26T07:16:00,11,3512815.6463958975,2068951.9350396174,4888873.126054497,-2.8024553112965774e-08,20.209300407396764
2026-04-26T07:16:30,11,3512814.9442689754,2068951.7750517142,4888872.661548122,-2.922487174463432e-08,20.268086310226938
2026-04-26T07:17:00,11,3512815.133793942,2068951.1203532135,4888871.860766186,-3.083523001531398e-08,19.92846612543467
2026-04-26T07:17:30,11,3512815.8294703667,2068950.6383671085,4888871.311557686,-3.1201631577456554e-08,19.86795551420424
2026-04-26T07:18:00,11,3512815.8973541167,2068950.5767435057,4888870.764752873,-3.17808850094368e-08,19.74227967235121
2026-04-26T07:18:30,11,3512815.227951877,2068949.7306302318,4888869.759338394,-3.4498177794439185e-08,19.717465006497406
2026-04-26T07:19:00,11,3512815.5634697406,2068949.2193547534,4888869.670456931,-3.4135895101542024e-08,19.742847609363487
2026-04-26T07:19:30,11,3512816.1116070757,2068949.3255576736,4888869.099970954,-3.408232693078073e-08,19.129475873683806
2026-04-26T07:20:00,11,3512816.1557396026,2068948.7880321876,4888868.970892304,-3.435303807558388e-08,19.281194910994003
2026-04-26T07:20:30,11,3512816.5224807733,2068948.395318387,4888868.563751128,-3.484862347999963e-08,18.962910986564435
2026-04-26T07:21:00,11,3512816.359129317,2068948.241047459,4888867.841487501,-3.6214662247789525e-08,19.148297718679462
2026-04-26T07:21:30,11,3512816.837629814,2068947.997797773,4888867.359868921,-3.663070352144426e-08,18.85446513220077
2026-04-26T07:22:00,11,3512817.374424819,2068947.7634919325,4888867.950053551,-3.5211671880297905e-08,18.8604771212183
2026-04-26T07:22:30,11,3512817.864184552,2068947.4897733764,4888867.175524496,-3.5559820527975135e-08,18.753558564636453
2026-04-26T07:23:00,11,3512817.888374501,2068947.1680081906,4888868.096225975,-3.53293235594443e-08,18.523200637375616
2026-04-26T07:23:30,11,3512818.2667094762,2068946.769394934,4888866.64833117,-3.751821992824536e-08,18.235244524771225
2026-04-26T07:24:00,11,3512818.4385904903,2068946.4190557294,4888866.854274853,-3.687105152710465e-08,18.155361531232973
2026-04-26T07:24:30,11,3512818.4760232703,2068946.1620440457,4888866.192204788,-3.796840976379427e-08,18.275816255466783
2026-04-26T07:25:00,11,3512819.2132885065,2068946.0008672583,4888865.586968533,-3.853141410212282e-08,17.99931834337405
2026-04-26T07:25:30,11,3512819.0653683958,2068945.290997026,4888865.167406024,-3.8932820965141565e-08,18.042525078588515
2026-04-26T07:26:00,11,3512819.3903948404,2068945.7723425427,4888866.365880686,-3.642178431335296e-08,18.09459267575229
2026-04-26T07:26:30,11,3512820.214991121,2068945.4217254163,4888865.79967108,-3.742821941911056e-08,17.878002189901395
2026-04-26T07:27:00,11,3512819.931815924,2068944.8312155348,4888865.118407748,-3.9285342199219853e-08,17.76685349713266
2026-04-26T07:27:30,11,3512820.956300716,2068944.8885874907,4888866.124040558,-3.544068733050663e-08,17.568981189385987
2026-04-26T07:28:00,11,3512821.212906451,2068944.8972139289,4888866.163225395,-3.4804036654811516e-08,17.365794163976872
2026-04-26T07:28:30,11,3512821.563577913,2068944.8196181948,4888866.506683218,-3.4456105133590216e-08,17.200613737660888
2026-04-26T07:29:00,11,3512822.1921395464,2068944.5724629373,4888866.644267329,-3.398645264396639e-08,17.11520097232903
2026-04-26T07:29:30,11,3512822.593179067,2068944.418933088,4888866.145061285,-3.4264840719629224e-08,16.99516392071325
2026-04-26T07:30:00,11,3512822.530892351,2068944.0580354221,4888866.00331716,-3.495466842593454e-08,16.96914865630949
2026-04-26T07:30:30,11,3512823.3059620224,2068943.9250536144,4888865.778186602,-3.434334430279784e-08,16.91381275239492
2026-04-26T07:31:00,11,3512823.7296463302,2068944.2652952562,4888865.960225893,-3.3542521575342154e-08,16.674636248451087
2026-04-26T07:31:30,11,3512824.086194621,2068944.3170643167,4888866.405086146,-3.196117793357215e-08,16.65923841403359
2026-04-26T07:32:00,12,3512817.311338205,2068940.4325184948,4888861.880498319,-4.985723226647796e-08,16.690168619009214
2026-04-26T07:32:30,11,3512824.795515894,2068943.845021827,4888866.649561394,-3.125283280117635e-08,16.345451600264965
2026-04-26T07:33:00,11,3512824.9587239004,2068943.5433036804,4888866.832915003,-3.051512396276872e-08,16.15124219971921
2026-04-26T07:33:30,11,3512826.5785690015,2068944.1098254165,4888867.875232276,-2.6699200179807605e-08,16.112620891981678
2026-04-26T07:34:00,11,3512826.6960220607,2068943.4199136645,4888867.580101085,-2.7803042907965782e-08,16.17066206932412
2026-04-26T07:34:30,12,3512818.811848226,2068939.2727273377,4888863.117533453,-4.8379972000275615e-08,16.853739546664595
2026-04-26T07:35:00,12,3512819.0152977295,2068938.5962835369,4888862.671896769,-4.888044258640237e-08,16.92454330160508
2026-04-26T07:35:30,12,3512819.296058086,2068938.6613258738,4888864.101348359,-4.666483530841837e-08,16.731877659158094
2026-04-26T07:36:00,13,3512830.273226332,2068958.8418244796,4888891.014586445,2.3555444267772156e-08,25.226704771785613
2026-04-26T07:36:30,12,3512843.911922059,2068963.358347911,4888894.6703465795,5.090632727575114e-08,22.013392479381917
2026-04-26T07:37:00,12,3512843.123975318,2068961.8729481453,4888893.750735086,4.720567426329957e-08,21.541738346265674
2026-04-26T07:37:30,12,3512843.684078477,2068961.5906554342,4888893.7618937,4.738651995812204e-08,21.328430260150135
2026-04-26T07:38:00,12,3512843.622985717,2068961.268485215,4888892.820828342,4.577749260086245e-08,20.920456529643523
2026-04-26T07:38:30,12,3512844.131504663,2068961.0340733181,4888892.797891895,4.657054437720055e-08,20.527768366725233
2026-04-26T07:39:00,12,3512844.424575117,2068960.3399918913,4888893.279294528,4.6424126415650515e-08,20.254839322494387
2026-04-26T07:39:30,12,3512844.563776907,2068960.1487900072,4888892.033612911,4.419248493904528e-08,19.76195911840275
2026-04-26T07:40:00,12,3512844.5664841896,2068959.5623689734,4888891.217117864,4.29815957828403e-08,19.357735667569568
2026-04-26T07:40:30,12,3512844.8758347407,2068959.1715517167,4888892.060539721,4.460047230835626e-08,19.314696713250072
2026-04-26T07:41:00,12,3512845.1946756295,2068958.1766483274,4888890.807885996,4.193568815662515e-08,18.95658114218485
2026-04-26T07:41:30,12,3512845.9299295177,2068958.4889383782,4888892.401009113,4.517580040853437e-08,18.51968994880838
2026-04-26T07:42:00,12,3512846.2938028355,2068958.3402507014,4888891.917202435,4.450587305878923e-08,18.18362647250129
2026-04-26T07:42:30,12,3512846.1543101505,2068957.720637943,4888892.393713891,4.457661425506709e-08,17.712534534726768
2026-04-26T07:43:00,12,3512846.58692369,2068957.456347774,4888891.949556072,4.4601017079610594e-08,17.597601808426866
2026-04-26T07:43:30,12,3512847.5751136225,2068957.675824195,4888892.5777228745,4.764428675124557e-08,17.457764718846587
2026-04-26T07:44:00,12,3512847.848341253,2068957.4704265036,4888892.356777378,4.670788672519681e-08,16.909038250517668
2026-04-26T07:44:30,11,3512860.344292442,2068967.883865533,4888901.395401845,8.470033513291798e-08,13.627532566853352
2026-04-26T07:45:00,11,3512859.8904809644,2068967.09059927,4888900.41089848,8.163759856561524e-08,13.543140701977173
2026-04-26T07:45:30,11,3512860.628817831,2068967.0986630863,4888902.113546953,8.562672136254029e-08,13.458983839919206
2026-04-26T07:46:00,11,3512861.058385959,2068967.5599259797,4888902.110367754,8.562440956131047e-08,13.572628192131843
2026-04-26T07:46:30,11,3512860.7374079837,2068966.7734257283,4888901.755528183,8.468116480462626e-08,13.33881843135963
2026-04-26T07:47:00,12,3512850.3054556563,2068956.921453373,4888893.860793418,5.0890120699436146e-08,15.684292048890947
2026-04-26T07:47:30,12,3512851.2320911936,2068957.093917121,4888894.896621907,5.292054781995404e-08,15.263086805427115
2026-04-26T07:48:00,12,3512852.5578147713,2068957.4979038634,4888896.059174641,5.689728271109029e-08,15.02293242747135
2026-04-26T07:48:30,12,3512852.7692761775,2068957.0330597395,4888896.029636441,5.664102695295575e-08,14.8949758509882
2026-04-26T07:49:00,11,3512862.2098031747,2068965.0988046061,4888903.425555429,8.627661080226225e-08,13.061342050281425
2026-04-26T07:49:30,11,3512861.6989966985,2068964.556723122,4888902.942131944,8.385344941307508e-08,13.043918858086926
2026-04-26T07:50:00,11,3512862.1293824743,2068964.7206860466,4888903.2647545105,8.492506135662554e-08,13.07814939061393
2026-04-26T07:50:30,11,3512862.671044568,2068964.2424553735,4888904.413313805,8.749690624243713e-08,12.864042110849152
2026-04-26T07:51:00,11,3512863.0521044154,2068964.0732150166,4888905.141777008,8.797819422708065e-08,12.862924249180228
2026-04-26T07:51:30,11,3512863.2760777795,2068963.5309789877,4888905.001659782,8.763454412532391e-08,12.661766602081308
2026-04-26T07:52:00,11,3512863.638501115,2068963.1864552775,4888905.92462147,8.852749316172545e-08,12.707042003917321
2026-04-26T07:52:30,11,3512864.1289609135,2068964.0406690985,4888907.696319518,9.253520555410241e-08,12.556481768132276
2026-04-26T07:53:00,11,3512864.561261949,2068963.398475999,4888907.913457166,9.209292736119496e-08,12.53369847240503
2026-04-26T07:53:30,11,3512864.6637754263,2068963.503478141,4888908.725751775,9.383342601238925e-08,12.591981910926439
2026-04-26T07:54:00,11,3512865.4224077268,2068963.288694507,4888908.716711765,9.436649513064552e-08,12.624751019888585
2026-04-26T07:54:30,11,3512866.0619359505,2068963.404351585,4888909.829475419,9.637227409249973e-08,12.577595025510742
2026-04-26T07:55:00,11,3512866.1448514448,2068963.2681590153,4888909.479601853,9.619884721777758e-08,12.407999032295734
2026-04-26T07:55:30,11,3512866.3061721753,2068962.884048765,4888911.254542492,9.778904324273112e-08,12.711772000672871
2026-04-26T07:56:00,11,3512866.3658668473,2068962.6119298507,4888910.749193183,9.683872551552077e-08,12.536783842089765
2026-04-26T07:56:30,11,3512866.800944269,2068962.3036510265,4888911.531641936,9.831721498590981e-08,12.538052343534789
2026-04-26T07:57:00,11,3512868.0959346723,2068962.2923317642,4888912.758180703,1.0157605032725654e-07,12.330204859091108
2026-04-26T07:57:30,11,3512868.4599426077,2068962.6725964267,4888913.879571801,1.0391772572508621e-07,12.568906055198456
2026-04-26T07:58:00,11,3512868.9058257043,2068962.0321561822,4888914.294545626,1.0392903768505692e-07,12.398034260984325
2026-04-26T07:58:30,11,3512869.570660742,2068962.245443636,4888915.186064934,1.0585328088766022e-07,12.343578760742368
2026-04-26T07:59:00,11,3512869.3858743776,2068961.651280567,4888914.972041045,1.049049133915027e-07,12.312669169182918
2026-04-26T07:59:30,11,3512870.2720350004,2068961.6885690806,4888916.023240707,1.0743611772228005e-07,12.201869640799808
2026-04-26T08:00:00,11,3512870.698310191,2068961.7792423628,4888917.463997253,1.0956770312122094e-07,12.30466173374433
2026-04-26T08:00:30,11,3512870.8756291326,2068961.6000273835,4888916.838401655,1.0904668657379287e-07,12.202657123016651
2026-04-26T08:01:00,11,3512872.545099027,2068961.774897558,4888919.959304198,1.1514014648170204e-07,12.063372883371263
2026-04-26T08:01:30,11,3512872.920550573,2068961.4623257879,4888920.96548376,1.1714114410249781e-07,12.251289202440839
2026-04-26T08:02:00,11,3512873.1366085773,2068961.1687029828,4888921.006844519,1.1680155375868453e-07,12.152331395342005
2026-04-26T08:02:30,11,3512873.9156179163,2068961.2375026585,4888922.327181938,1.1903901405156184e-07,12.078354315591467
2026-04-26T08:03:00,11,3512874.624084649,2068961.431201508,4888924.603796173,1.2357909170928793e-07,12.345351615895154
2026-04-26T08:03:30,11,3512874.61018194,2068961.293180905,4888924.243159015,1.2313462275615272e-07,12.046675442216879
2026-04-26T08:04:00,11,3512875.717614588,2068961.1864032648,4888926.219591379,1.265932551708543e-07,12.164228399798475
2026-04-26T08:04:30,11,3512877.1945066783,2068961.6063588124,4888929.332741038,1.333709651123441e-07,12.093993269238188
2026-04-26T08:05:00,11,3512877.7118255366,2068961.2476967261,4888929.175109614,1.3439845318038005e-07,11.945756075453525
2026-04-26T08:05:30,11,3512878.574535854,2068960.9838718511,4888930.892541647,1.3746341154965913e-07,12.065177135350664
2026-04-26T08:06:00,12,3512883.3279750254,2068964.704928026,4888959.885604113,1.9039707970098668e-07,18.038251549266008
2026-04-26T08:06:30,12,3512884.1060910835,2068964.4017834603,4888958.619853404,1.894606850598018e-07,16.850194050659013
2026-04-26T08:07:00,12,3512884.1246027914,2068963.9287407284,4888957.856005912,1.8788595289884702e-07,15.983794240259112
2026-04-26T08:07:30,12,3512885.1687600994,2068963.3527954607,4888957.017119035,1.877682856875901e-07,15.286620444575862
2026-04-26T08:08:00,12,3512885.5405294066,2068963.5298144612,4888956.964989693,1.8792327755843157e-07,14.584249011877748
2026-04-26T08:08:30,12,3512886.204523811,2068962.7046332287,4888956.982687652,1.879127101285691e-07,14.064046491897582
2026-04-26T08:09:00,12,3512887.368898245,2068962.5951588599,4888957.048151151,1.8832306600229492e-07,13.623658833183452
2026-04-26T08:09:30,12,3512888.587389403,2068962.698840426,4888957.758879496,1.9141993966475592e-07,13.447546558393885
2026-04-26T08:10:00,12,3512889.326597656,2068962.4225340716,4888958.284190638,1.929006309756019e-07,13.194328059553493
2026-04-26T08:10:30,12,3512891.7263915204,2068962.0043150762,4888960.3773956895,1.975851170148614e-07,13.105631847233099
2026-04-26T08:11:00,11,3512891.1871598125,2068963.3869731792,4888955.581986685,1.9075559053581378e-07,13.405534740447726
2026-04-26T08:11:30,11,3512892.0607554507,2068963.4309560994,4888955.8494153945,1.9268375805089654e-07,13.203199163464014
2026-04-26T08:12:00,11,3512893.8172283284,2068963.825078536,4888955.639376856,1.9457305373900958e-07,13.155066666659405
2026-04-26T08:12:30,10,3512886.5205032374,2068961.324444101,4888950.853084626,1.749899949864368e-07,13.198097897087427
2026-04-26T08:13:00,10,3512886.6505589695,2068961.4517869412,4888949.980387274,1.7444520291144005e-07,12.921581373900159
2026-04-26T08:13:30,10,3512886.674939734,2068961.6023923408,4888949.453557629,1.7273406975571637e-07,12.68256440915854
2026-04-26T08:14:00,10,3512886.8858120167,2068961.4772872736,4888949.208184993,1.728286867684127e-07,12.568538580994144
2026-04-26T08:14:30,10,3512886.2385924384,2068961.2104268188,4888948.0534936935,1.6984118442023583e-07,12.5171889503058
2026-04-26T08:15:00,10,3512886.39180346,2068961.1355258839,4888948.107993112,1.6818594412944292e-07,12.357216709786536
2026-04-26T08:15:30,10,3512886.0687904432,2068960.5013174608,4888947.593366357,1.6692987877806017e-07,11.96279877098737
2026-04-26T08:16:00,10,3512886.308439857,2068960.7010041017,4888946.87421878,1.65503015394151e-07,11.969044628384209
2026-04-26T08:16:30,10,3512886.2083623814,2068960.5562460765,4888947.2062208345,1.6549264297600116e-07,11.998479594920555
2026-04-26T08:17:00,10,3512886.5056049437,2068960.8567493074,4888946.673143174,1.6570341677588666e-07,11.765462936205372
2026-04-26T08:17:30,10,3512886.943789678,2068960.5130449252,4888947.416867578,1.6580434531272734e-07,11.638018030399078
2026-04-26T08:18:00,10,3512886.7519258554,2068960.8365640389,4888946.309557335,1.6341478966692808e-07,11.478126442081749
2026-04-26T08:18:30,10,3512887.1801548423,2068960.2752227013,4888947.03265678,1.6409028243281848e-07,11.398073793778833
2026-04-26T08:19:00,10,3512886.802708742,2068960.2630128711,4888946.2636678675,1.6308752925608577e-07,11.397856350678076
2026-04-26T08:19:30,10,3512887.3183800476,2068960.5933860848,4888945.88572155,1.631669099420059e-07,11.190591409237426
2026-04-26T08:20:00,10,3512887.6044255183,2068960.9417931533,4888946.551950468,1.632727392764076e-07,11.104919379970998
2026-04-26T08:20:30,10,3512887.10560881,2068960.4238321793,4888946.201343246,1.6045963019416372e-07,10.840056779232063
2026-04-26T08:21:00,10,3512888.2704571337,2068961.0094632998,4888946.381462554,1.6338453225673727e-07,10.950214985019276
2026-04-26T08:21:30,10,3512888.5725076008,2068960.8608909457,4888946.834300401,1.6424446315329614e-07,10.650776576360176
2026-04-26T08:22:00,10,3512888.211890609,2068960.6199768602,4888946.696438438,1.6279895529539122e-07,10.802717853650456
2026-04-26T08:22:30,10,3512888.3286775895,2068960.376846846,4888947.459531881,1.6273931130404462e-07,10.516184183711115
2026-04-26T08:23:00,10,3512888.9830328734,2068960.934321069,4888947.5449084975,1.6410586906832565e-07,10.433101684979572
2026-04-26T08:23:30,10,3512888.8807878615,2068960.7248060913,4888947.760443933,1.631379142907839e-07,10.318896786469148
2026-04-26T08:24:00,10,3512889.579764187,2068960.6092268408,4888947.55943645,1.6310807832569494e-07,10.253885282874792
2026-04-26T08:24:30,10,3512888.9950352423,2068960.292746888,4888947.555162384,1.623457871796606e-07,10.168503661119376
2026-04-26T08:25:00,10,3512889.693814096,2068960.7091847868,4888948.333452682,1.639092976383909e-07,10.249974028613996
2026-04-26T08:25:30,10,3512889.6089496706,2068960.0630550978,4888948.331292252,1.6261895025452616e-07,10.004616983199927
2026-04-26T08:26:00,10,3512890.22328116,2068960.4728834552,4888948.37453063,1.6352458554460635e-07,9.985631043573605
2026-04-26T08:26:30,10,3512890.064873592,2068960.8877713995,4888948.700906891,1.6255360799260834e-07,9.726628285628728
2026-04-26T08:27:00,10,3512890.4551083776,2068960.3290301072,4888949.032789272,1.6386078745479362e-07,9.621041896580687
2026-04-26T08:27:30,10,3512889.978605391,2068960.4954946653,4888948.399160509,1.623970706179897e-07,9.806996959746586
2026-04-26T08:28:00,10,3512890.3566404255,2068960.405034911,4888948.625063744,1.6281294738340796e-07,9.401119826112154
2026-04-26T08:28:30,10,3512890.947547123,2068960.9730381474,4888949.528080815,1.647253859271148e-07,9.536099817422892
2026-04-26T08:29:00,10,3512890.8757343837,2068960.5226278896,4888949.5655940045,1.6366888093951393e-07,9.498591887785365
2026-04-26T08:29:30,10,3512891.6405296735,2068961.1683879558,4888950.011417612,1.6557069298467404e-07,9.293350988719151
2026-04-26T08:30:00,10,3512891.9614881766,2068961.0041461103,4888950.206604365,1.6590142445128698e-07,9.314257079877594
2026-04-26T08:30:30,10,3512891.6840115483,2068960.9594698125,4888950.208504581,1.648355115029342e-07,9.302334215137131
2026-04-26T08:31:00,10,3512892.5350615256,2068960.9811862856,4888950.395624243,1.6575740095815217e-07,9.135780326994883
2026-04-26T08:31:30,10,3512891.735119335,2068960.387206455,4888950.21874826,1.631280561133714e-07,9.024079820430092
2026-04-26T08:32:00,10,3512892.543602876,2068961.2043821649,4888951.214571466,1.6637951285052165e-07,8.984140654048808
2026-04-26T08:32:30,10,3512892.6575913313,2068960.985624282,4888950.88243025,1.65276713214435e-07,9.070952040193427
2026-04-26T08:33:00,10,3512893.1034062225,2068961.44791554,4888951.08397026,1.6599266868008515e-07,8.84566368644474
2026-04-26T08:33:30,10,3512893.0775999813,2068961.3676812933,4888951.5334577495,1.6611149619829652e-07,8.78115131795854
2026-04-26T08:34:00,10,3512892.730760675,2068961.0628077402,4888950.890511704,1.636057087762556e-07,8.560264635151949
2026-04-26T08:34:30,10,3512894.0922365505,2068961.37799709,4888952.354827715,1.6762214447679629e-07,8.523278043977495
2026-04-26T08:35:00,10,3512893.2611139077,2068961.294231512,4888952.092719127,1.653197259990126e-07,8.57443403900078
2026-04-26T08:35:30,10,3512893.724526444,2068961.5011965763,4888952.410162638,1.6628750679349683e-07,8.426955117333994
2026-04-26T08:36:00,10,3512894.087745434,2068961.214772439,4888952.517163511,1.6643050942756517e-07,8.547981791513628
2026-04-26T08:36:30,10,3512894.288625475,2068961.7796720865,4888953.082649193,1.6814840764718283e-07,8.28491198935687
2026-04-26T08:37:00,10,3512893.8466477967,2068961.9568873493,4888952.919916875,1.6568539626654033e-07,8.444379671105484
2026-04-26T08:37:30,10,3512895.4168647295,2068962.272752636,4888953.997556543,1.6968166129016293e-07,8.278711660494645
2026-04-26T08:38:00,10,3512894.5469338847,2068961.6573693797,4888953.916667398,1.6767386998894596e-07,8.548563015538628
2026-04-26T08:38:30,10,3512895.20369562,2068962.0196081933,4888954.608194337,1.6991432567225157e-07,8.154372031556205
2026-04-26T08:39:00,10,3512895.1764041325,2068961.926310242,4888954.391126816,1.6857822502949163e-07,8.003905299239811
2026-04-26T08:39:30,10,3512895.200036525,2068962.811337938,4888955.2138607735,1.6970216794293268e-07,8.087171179800183
2026-04-26T08:40:00,10,3512895.000283495,2068962.0760474547,4888954.411268582,1.6728365767792804e-07,7.847978095902118
2026-04-26T08:40:30,10,3512895.695397722,2068962.3767270925,4888955.296430383,1.695439709609176e-07,7.993977542199446
2026-04-26T08:41:00,10,3512895.715678239,2068962.182307991,4888955.64193515,1.7050858562335676e-07,7.738238964270314
2026-04-26T08:41:30,10,3512895.5601322134,2068962.0135599787,4888955.610614962,1.6804712470439627e-07,7.655134772008913
2026-04-26T08:42:00,10,3512896.6825550618,2068961.9585356084,4888956.521484034,1.7119594041049346e-07,7.48326298234543
2026-04-26T08:42:30,10,3512896.228073107,2068962.6108451698,4888956.566685996,1.707945298157738e-07,7.564837282379361
2026-04-26T08:43:00,10,3512896.1742199636,2068962.6137472494,4888957.123621102,1.721554345712945e-07,7.481973487168968
2026-04-26T08:43:30,10,3512896.506890802,2068962.4306978139,4888956.763565247,1.7087872791510014e-07,7.641119353688667
2026-04-26T08:44:00,10,3512896.284228982,2068962.170815764,4888956.722460684,1.7014501326579768e-07,7.721122608098094
2026-04-26T08:44:30,10,3512896.638584475,2068962.5461152522,4888956.993230318,1.7140885776081707e-07,7.43865168467001
2026-04-26T08:45:00,10,3512896.269437364,2068962.6938281155,4888957.158874917,1.7098279429454447e-07,7.2643881538647666
2026-04-26T08:45:30,10,3512896.295297958,2068962.7012426713,4888957.156479877,1.7060532940280007e-07,7.5098536141262
2026-04-26T08:46:00,10,3512897.1207946693,2068962.9802191805,4888958.0520891985,1.727875411243796e-07,7.429678334499064
2026-04-26T08:46:30,10,3512896.9373777993,2068962.7491650225,4888958.446355444,1.7287329335285645e-07,7.238119766024973
2026-04-26T08:47:00,10,3512896.691872688,2068962.6770974086,4888958.687015513,1.7254061816143866e-07,7.124864496930202
2026-04-26T08:47:30,10,3512896.825856083,2068963.1883293015,4888958.759930327,1.7197565631580136e-07,7.358138264225
2026-04-26T08:48:00,11,3512914.8611728633,2068986.2333838372,4888975.1986594815,2.3618590546974922e-07,16.45001681999717
2026-04-26T08:48:30,11,3512914.8209662694,2068985.7224843937,4888974.835519655,2.3555665905734302e-07,15.94663009435588
2026-04-26T08:49:00,11,3512913.962675632,2068985.311879975,4888974.434657662,2.3283959499653328e-07,15.815777923279496
2026-04-26T08:49:30,11,3512912.946695165,2068985.0180523146,4888973.834078025,2.300180224108393e-07,15.59578667337379
2026-04-26T08:50:00,11,3512912.9252305236,2068984.2071697193,4888973.99281029,2.3028894043980283e-07,15.232472756574536
2026-04-26T08:50:30,11,3512912.9396872586,2068984.1518450787,4888974.2508504605,2.3057878999463902e-07,15.057458545881616
2026-04-26T08:51:00,11,3512912.0312810224,2068983.112800801,4888973.313392019,2.2609868168372896e-07,14.678888260689877
2026-04-26T08:51:30,11,3512911.6821819814,2068983.531394459,4888973.249031727,2.2538740863184794e-07,14.583441549624974
2026-04-26T08:52:00,12,3512957.27033862,2068973.5099044282,4889022.252000991,3.587798250701341e-07,38.58779057838942
2026-04-26T08:52:30,12,3512955.613541818,2068973.0047804625,4889021.3296321565,3.549009404659155e-07,37.9957059419057
2026-04-26T08:53:00,12,3512955.368875839,2068972.6728614622,4889021.310948527,3.5452903944192064e-07,37.935832057821216
2026-04-26T08:53:30,12,3512954.1593193626,2068972.78987023,4889019.930691839,3.509068318905215e-07,37.253401767269615
2026-04-26T08:54:00,12,3512953.024406935,2068972.3051991467,4889018.828050866,3.472795102276727e-07,37.269510127255586
2026-04-26T08:54:30,13,3512915.144809196,2068972.1626300765,4888993.789802914,2.557891539993855e-07,47.591940656436876
2026-04-26T08:55:00,13,3512914.219365771,2068972.4302854799,4888993.347489032,2.543817679389475e-07,47.508396360496675
2026-04-26T08:55:30,13,3512913.214493125,2068971.9167696566,4888992.715383239,2.513421618774145e-07,47.21260266393208
2026-04-26T08:56:00,13,3512912.6106734285,2068971.6449336875,4888992.282056978,2.501983201799944e-07,47.26886377272965
2026-04-26T08:56:30,13,3512912.0222211024,2068972.0015384222,4888991.887268202,2.483250562572957e-07,47.38522918154727
2026-04-26T08:57:00,13,3512911.6548243356,2068971.6253679616,4888991.393757633,2.4693294529633e-07,47.20168012010877
2026-04-26T08:57:30,13,3512911.128875457,2068971.4102723163,4888991.348420266,2.462060356213023e-07,47.3627531508861
2026-04-26T08:58:00,13,3512910.333980071,2068971.171640487,4888990.154455481,2.430822018903862e-07,47.580794009661446
2026-04-26T08:58:30,13,3512909.7683151644,2068971.522174144,4888990.354392113,2.430317057668139e-07,46.9122675408726
2026-04-26T08:59:00,13,3512908.6360488404,2068971.1301192725,4888989.931541135,2.404262796540058e-07,46.737166033652514
2026-04-26T08:59:30,13,3512908.6113306577,2068970.8388931458,4888989.732688572,2.4005618772221336e-07,46.90445005385531
2026-04-26T09:00:00,13,3512908.2939209333,2068970.9518872218,4888989.570200018,2.387197090019998e-07,46.79832124462668
2026-04-26T09:00:30,13,3512907.484649279,2068971.0024145101,4888989.42176271,2.374519715797745e-07,46.7757100643912
2026-04-26T09:01:00,13,3512906.828590843,2068970.4257039675,4888988.901576412,2.3510837742364478e-07,46.944921577489055
2026-04-26T09:01:30,13,3512906.401409595,2068970.4688462804,4888988.876225953,2.3429854464871256e-07,46.4785257296902
2026-04-26T09:02:00,13,3512905.9608925967,2068970.1971927844,4888989.1288082125,2.3274638729349436e-07,46.682520258298894
2026-04-26T09:02:30,13,3512905.8023649543,2068970.553848252,4888989.16491679,2.3288899082678497e-07,46.67518127188417
2026-04-26T09:03:00,13,3512905.1457349416,2068971.1527249373,4888988.760395927,2.3219807021159435e-07,46.43880224455332
2026-04-26T09:03:30,13,3512905.2453044327,2068970.7621403937,4888988.873001276,2.3214293447592837e-07,46.23901739079628
2026-04-26T09:04:00,13,3512904.8815386835,2068970.6576178863,4888989.052585923,2.3168546206623785e-07,46.35750790630083
2026-04-26T09:04:30,13,3512903.973910268,2068970.0380171905,4888988.050812659,2.2949400864501155e-07,46.415835796430336
2026-04-26T09:05:00,13,3512903.8250271296,2068970.439261494,4888988.172330736,2.2892706123749354e-07,46.11101875015563
2026-04-26T09:05:30,13,3512903.507298061,2068969.9749184202,4888988.595785073,2.2832163780715377e-07,46.14226788725575
2026-04-26T09:06:00,13,3512903.0101235863,2068970.4765801087,4888989.159863164,2.2902701914707067e-07,45.74162715401898
2026-04-26T09:06:30,13,3512902.7524919217,2068970.0716980011,4888988.7422572095,2.2785170424612428e-07,45.921099405694896
2026-04-26T09:07:00,13,3512902.172377721,2068970.4648237533,4888989.068267774,2.2815260991443898e-07,45.976099031773614
2026-04-26T09:07:30,13,3512902.2987954724,2068970.7271424243,4888989.327978332,2.2894206890041002e-07,45.64233129764475
2026-04-26T09:08:00,13,3512901.6924950117,2068970.6428924343,4888989.795819943,2.2856058599595164e-07,45.563679827885906
2026-04-26T09:08:30,13,3512901.026186952,2068970.5812189234,4888989.606179621,2.2843897982681316e-07,45.497278735291665
2026-04-26T09:09:00,13,3512900.935535183,2068970.8848646572,4888990.419523557,2.2957352898154463e-07,45.31858491254428
2026-04-26T09:09:30,13,3512900.435938234,2068970.681058951,4888990.284168182,2.2849309383256152e-07,45.20972939350847
2026-04-26T09:10:00,13,3512900.8981794436,2068971.4590336746,4888990.924514134,2.3042274076921122e-07,45.20276578031778
2026-04-26T09:10:30,13,3512900.6866948185,2068971.5812527516,4888991.623342693,2.3174159223006883e-07,45.2228508834936
2026-04-26T09:11:00,13,3512899.8075961173,2068971.4931142004,4888992.188525059,2.3144135607939092e-07,44.9801960036131
2026-04-26T09:11:30,14,3512899.802242441,2068972.5111585285,4888997.138498311,2.394136735733943e-07,43.330772241982565
2026-04-26T09:12:00,14,3512899.4008065453,2068972.3939331172,4888996.474898823,2.3789095163210276e-07,42.97525706429401
2026-04-26T09:12:30,14,3512899.2568885023,2068972.7529374496,4888996.262476447,2.3821003167847264e-07,42.94639645906723
2026-04-26T09:13:00,14,3512899.1086429274,2068973.0366574808,4888996.475692289,2.3766220420110942e-07,42.8375922091485
2026-04-26T09:13:30,13,3512899.178014223,2068975.113221657,4888999.657727517,2.4442798733974373e-07,44.510991570790424
2026-04-26T09:14:00,13,3512899.1028252672,2068974.8390873633,4888998.061797605,2.419002786648366e-07,44.284166744522196
2026-04-26T09:14:30,13,3512898.897496322,2068974.5931124792,4888997.616145496,2.4038752448768564e-07,44.41464145860539
2026-04-26T09:15:00,13,3512898.92138045,2068975.0910544426,4888997.407776284,2.410836421944837e-07,44.13320987192932
2026-04-26T09:15:30,13,3512898.43167877,2068974.1040123454,4888996.8038297035,2.3755233853183747e-07,44.22610258216889
2026-04-26T09:16:00,13,3512898.252546575,2068974.521447749,4888996.508107095,2.3705743558675867e-07,44.18955661547071
2026-04-26T09:16:30,13,3512898.424866754,2068974.6603548413,4888996.383008188,2.3780513465005897e-07,44.30488222279584
2026-04-26T09:17:00,13,3512897.8728860603,2068974.2661329452,4888995.75376677,2.357904887129842e-07,44.12754624219919
2026-04-26T09:17:30,13,3512897.7410670347,2068974.2949127161,4888995.232442302,2.354575606550008e-07,44.16574964590704
2026-04-26T09:18:00,13,3512897.701940931,2068974.1881150214,4888994.281291721,2.3318953396676125e-07,43.97309344364809
2026-04-26T09:18:30,13,3512897.412944999,2068973.5732305828,4888994.150786881,2.327218775167383e-07,44.08482263727248
2026-04-26T09:19:00,13,3512897.361912239,2068973.5089831767,4888994.31230416,2.3253946773627086e-07,44.518493285712275
2026-04-26T09:19:30,13,3512897.468145248,2068973.9852993155,4888994.720829721,2.3321484634074088e-07,44.20764559720591
2026-04-26T09:20:00,13,3512897.701114309,2068974.2675736963,4888994.546633879,2.3389730141370675e-07,44.101008357244496
2026-04-26T09:20:30,13,3512897.2627949105,2068973.7259408312,4888994.588987432,2.3242932044323513e-07,44.13674012807865
2026-04-26T09:21:00,13,3512897.3970763073,2068973.483617937,4888994.594562649,2.3191189000105232e-07,44.13215309846629
2026-04-26T09:21:30,13,3512897.2779681133,2068972.8682945734,4888995.471969942,2.320828841019996e-07,44.17776315650117
2026-04-26T09:22:00,13,3512896.7989696856,2068972.905842163,4888994.53753702,2.302776582253691e-07,44.32591613060806
2026-04-26T09:22:30,13,3512896.97223019,2068972.8412561642,4888995.139982081,2.3146269786164395e-07,44.068787209856886
2026-04-26T09:23:00,13,3512896.7615090427,2068973.0856710353,4888995.038252308,2.3167448796703312e-07,44.11472654670746
2026-04-26T09:23:30,13,3512896.81514207,2068973.3785596676,4888996.288025083,2.334902413962204e-07,43.88725578007359
2026-04-26T09:24:00,13,3512897.2379455226,2068973.4601491182,4888997.341600929,2.3644184013086653e-07,44.087429042134815
2026-04-26T09:24:30,13,3512897.3247764218,2068973.5252293604,4888997.102232402,2.3607238843536125e-07,44.25223963816573
2026-04-26T09:25:00,13,3512897.441045029,2068973.2554115201,4888998.492675594,2.37088878076436e-07,44.522502045008856
2026-04-26T09:25:30,13,3512897.5579154054,2068973.302334539,4888998.351488633,2.3748265789510904e-07,44.792228574100896
2026-04-26T09:26:00,13,3512897.42927054,2068973.4776591735,4888999.23905069,2.384289803038223e-07,44.437467139124195
2026-04-26T09:26:30,13,3512897.440269098,2068973.0521256893,4889000.77174851,2.418294238149796e-07,44.770189522611325
2026-04-26T09:27:00,13,3512897.781454551,2068973.6225088197,4889002.109796366,2.440118015053146e-07,45.029105487212874
2026-04-26T09:27:30,13,3512898.3586025005,2068973.5936167152,4889004.33606357,2.4790796917051106e-07,45.42421900340009
2026-04-26T09:28:00,13,3512898.5889850534,2068973.4308837098,4889005.817613923,2.502129609313508e-07,45.46266391651164
2026-04-26T09:28:30,12,3512896.078150171,2068975.0144565857,4888987.47009613,2.2026123338750988e-07,45.89939964412364
2026-04-26T09:29:00,12,3512896.2436433597,2068974.9916535306,4888987.606800594,2.2156092702185716e-07,45.968882821344
2026-04-26T09:29:30,12,3512895.989630115,2068975.124737595,4888987.2786321435,2.2005808725546955e-07,45.52484884269076
2026-04-26T09:30:00,12,3512897.032202501,2068975.8354612524,4888987.324963618,2.224949832679726e-07,45.80129035775969
2026-04-26T09:30:30,12,3512896.490767413,2068975.3423929783,4888986.477839295,2.2027549693653056e-07,45.63210555760292
2026-04-26T09:31:00,12,3512896.3328121067,2068976.0669194164,4888986.856903787,2.221736962976469e-07,45.53750839426356
2026-04-26T09:31:30,12,3512896.9582305546,2068976.7787862716,4888986.724655561,2.2267066973181366e-07,45.43435392307402
2026-04-26T09:32:00,12,3512897.134553168,2068976.8419858299,4888986.519172946,2.2321299297642088e-07,45.71461452530587
2026-04-26T09:32:30,12,3512897.531191221,2068977.017110599,4888987.485129669,2.2536133002108147e-07,45.783518525301176
2026-04-26T09:33:00,12,3512897.658805617,2068977.6068896889,4888986.333451084,2.2478962003052637e-07,45.56725800653502
2026-04-26T09:33:30,12,3512898.225876145,2068977.7196409449,4888986.30328066,2.252136607010304e-07,45.651154442284124
2026-04-26T09:34:00,12,3512898.6631316105,2068978.385373369,4888986.712203345,2.2685463874665357e-07,45.58369022223428
2026-04-26T09:34:30,12,3512898.7850958174,2068978.8013349676,4888986.614525818,2.2830249465659775e-07,45.710847493452704
2026-04-26T09:35:00,12,3512899.357418503,2068979.3414836063,4888986.308299461,2.2927962622933247e-07,45.61114984572586
2026-04-26T09:35:30,12,3512900.195739352,2068980.0111359677,4888987.201595093,2.3235192785255138e-07,45.96952360792909
2026-04-26T09:36:00,11,3512884.080826744,2068971.1522160838,4888981.151840862,1.9407122442411907e-07,46.6400865075564
2026-04-26T09:36:30,11,3512883.3532673535,2068971.1219241777,4888980.495097824,1.922365961312438e-07,46.73336804454481
2026-04-26T09:37:00,11,3512883.254431301,2068970.974878667,4888980.304171534,1.9201606025013012e-07,46.56376779259519
2026-04-26T09:37:30,11,3512883.294107523,2068971.424628608,4888980.424954907,1.9280615751813342e-07,46.34667807402809
2026-04-26T09:38:00,11,3512882.0181340175,2068970.8277048322,4888980.160833771,1.8920612871021602e-07,46.23795246941165
2026-04-26T09:38:30,11,3512881.504023015,2068970.9155136794,4888979.565652371,1.879988676123486e-07,46.24171489639877
2026-04-26T09:39:00,11,3512881.2123980066,2068970.9470292067,4888979.408661669,1.8791033951781973e-07,45.98964642591086
2026-04-26T09:39:30,11,3512881.3906731266,2068971.3863964337,4888979.261847077,1.886148981465534e-07,46.2165118494732
2026-04-26T09:40:00,11,3512880.518597621,2068970.8733610823,4888977.605899834,1.8468443201056697e-07,45.98524302715099
2026-04-26T09:40:30,11,3512881.4019773793,2068971.9011686768,4888979.246712354,1.8999102367104886e-07,45.99512255785805
2026-04-26T09:41:00,12,3512947.4152002,2069031.6200316725,4888999.582060389,3.616197480464925e-07,62.593163158300385
2026-04-26T09:41:30,12,3512946.1466029505,2069031.2101897504,4888999.034730141,3.5922626854663884e-07,62.35102139894528
2026-04-26T09:42:00,12,3512945.6799228406,2069031.3984955496,4888999.00462685,3.5759510577103684e-07,62.22536722146949
2026-04-26T09:42:30,12,3512944.5719265435,2069030.9403895994,4888998.5099498965,3.558535611742674e-07,62.219038754225444
2026-04-26T09:43:00,12,3512944.306223631,2069031.7387277898,4888998.315537468,3.560449173622594e-07,62.357140676999855
2026-04-26T09:43:30,12,3512943.1785805053,2069031.8132751563,4888998.190444975,3.550168238190981e-07,62.22745238226187
2026-04-26T09:44:00,12,3512942.049250317,2069032.234251051,4888997.914886782,3.5397638648018675e-07,61.94566550428252
2026-04-26T09:44:30,12,3512942.127550518,2069032.9319067085,4888998.1402530335,3.551752228054933e-07,62.031143388115474
2026-04-26T09:45:00,12,3512941.3495618766,2069032.8080420396,4888997.807455434,3.545286094484063e-07,61.675332987361216
2026-04-26T09:45:30,12,3512940.5595275913,2069033.1997901227,4888997.786587626,3.535972705235061e-07,61.675155777194824
2026-04-26T09:46:00,12,3512939.936435722,2069033.5398251226,4888997.312379254,3.527202920758922e-07,61.308500076831
2026-04-26T09:46:30,12,3512939.955971861,2069034.0184810793,4888998.062481043,3.5502354686815155e-07,61.57570162569785
2026-04-26T09:47:00,12,3512938.699787191,2069034.5286231497,4888998.572858128,3.552372067297869e-07,61.103422600641125
2026-04-26T09:47:30,12,3512938.29431314,2069034.670461885,4888997.91329337,3.544889607609824e-07,61.19514907585124
2026-04-26T09:48:00,12,3512937.892739155,2069035.7401558245,4888998.419314773,3.556081198386008e-07,61.0207518815465
2026-04-26T09:48:30,12,3512937.3125797478,2069036.4416669111,4888998.2551734485,3.5595051614182145e-07,60.96532572419755
2026-04-26T09:49:00,12,3512936.989435651,2069037.1812931155,4888999.030462087,3.564418664845285e-07,61.13277448575795
2026-04-26T09:49:30,12,3512936.619653086,2069037.7618598433,4889000.136728947,3.5953059713880206e-07,60.776540504954916
2026-04-26T09:50:00,12,3512935.628480088,2069038.2031780896,4889000.322892877,3.598809354517985e-07,60.65434786539578
2026-04-26T09:50:30,11,3512942.0471155145,2069058.4691431567,4889043.277842314,4.491699024395926e-07,60.92981301686252
2026-04-26T09:51:00,11,3512941.413720087,2069059.2092228264,4889043.572926564,4.4953034732257473e-07,60.93803507961996
2026-04-26T09:51:30,11,3512940.2031303016,2069058.9531788768,4889041.536921293,4.452957343241657e-07,60.756052473297544
2026-04-26T09:52:00,11,3512940.165517034,2069058.9046773177,4889042.29190622,4.466175118182234e-07,60.71806590930645
2026-04-26T09:52:30,11,3512939.2313958076,2069059.0233513548,4889041.123403327,4.438974190843692e-07,60.83170487977268
2026-04-26T09:53:00,11,3512939.099668541,2069059.7132760617,4889041.528613389,4.4602142183700285e-07,60.60835659933194
2026-04-26T09:53:30,11,3512938.4006794225,2069059.1508346645,4889040.911342627,4.4414254710654704e-07,60.541067620395964
2026-04-26T09:54:00,11,3512938.2768289843,2069059.879058315,4889040.84237313,4.44732161607129e-07,60.829907184910056
2026-04-26T09:54:30,11,3512937.2680327874,2069059.6979956646,4889040.017708447,4.4195161704654065e-07,60.79688736262983
2026-04-26T09:55:00,11,3512936.849983745,2069059.8767542604,4889039.186427857,4.4014840213094156e-07,60.91202373564792
2026-04-26T09:55:30,11,3512936.3491580063,2069060.5583567077,4889038.559020283,4.402735774471964e-07,60.931276983834536
2026-04-26T09:56:00,11,3512935.9364214926,2069061.1506945526,4889039.530887577,4.422251010564226e-07,60.99105934173665
2026-04-26T09:56:30,11,3512935.2793376273,2069061.552422831,4889038.930188222,4.406619886205565e-07,60.91257173460779
2026-04-26T09:57:00,11,3512934.6587236156,2069061.1418152847,4889037.15043339,4.3728219675163717e-07,60.83686938004117
2026-04-26T09:57:30,11,3512934.1997069647,2069061.4211009906,4889037.111330422,4.373577557534969e-07,60.69780271192854
2026-04-26T09:58:00,11,3512933.194277191,2069061.242743923,4889036.419135433,4.3565390806212537e-07,60.73582848046337
2026-04-26T09:58:30,11,3512933.256940161,2069061.774448904,4889036.405686384,4.364494809405563e-07,60.75176971909724
2026-04-26T09:59:00,11,3512932.4664010853,2069061.641469304,4889035.569820306,4.3423987343001715e-07,60.79641873555994
2026-04-26T09:59:30,11,3512931.6126008052,2069061.746128574,4889034.422047595,4.3145203320738493e-07,60.7866355759759
2026-04-26T10:00:00,11,3512930.7835973008,2069062.2651432895,4889033.4359091595,4.2989646496723146e-07,60.688992516492476
2026-04-26T10:00:30,11,3512930.634400502,2069062.5561129013,4889032.64640606,4.2987127821699613e-07,60.903943160889
2026-04-26T10:01:00,11,3512929.7023294996,2069062.345615026,4889032.135176333,4.278598986798497e-07,60.82664059413983
2026-04-26T10:01:30,11,3512929.170865624,2069062.9761682225,4889031.54865464,4.267246987471618e-07,60.82072037862191
2026-04-26T10:02:00,11,3512928.920599357,2069062.9863945472,4889031.0421505235,4.267789328682725e-07,60.777054151339456
2026-04-26T10:02:30,11,3512927.6890356345,2069062.8531741274,4889028.454171494,4.211076258847148e-07,61.06727994039072
2026-04-26T10:03:00,12,3512897.849180725,2068997.4209661554,4888947.067498254,2.039401510695077e-07,71.87482168227386
2026-04-26T10:03:30,12,3512896.8594850884,2068996.8384599087,4888946.747775337,2.0108479287549306e-07,71.94613246335136
2026-04-26T10:04:00,12,3512896.2191523057,2068996.939664197,4888943.675983731,1.9546825640002887e-07,72.3019465731898
2026-04-26T10:04:30,12,3512895.520240554,2068996.4164260402,4888942.943597102,1.932245120332778e-07,72.54055432796909
2026-04-26T10:05:00,12,3512894.3779980084,2068995.4904864954,4888941.165694257,1.8876120049327418e-07,72.76797287627845
2026-04-26T10:05:30,12,3512893.955467278,2068995.0234629982,4888940.149191903,1.8618404862980797e-07,72.8829996701011
2026-04-26T10:06:00,12,3512892.820352858,2068995.0145711435,4888938.464299603,1.8227989647757637e-07,73.16461921754833
2026-04-26T10:06:30,12,3512892.3127544997,2068994.6156945736,4888937.149322122,1.784589499755521e-07,73.28485651018245
2026-04-26T10:07:00,12,3512891.8255047034,2068994.4322945606,4888936.634967041,1.7677438044814226e-07,73.35328429525302
2026-04-26T10:07:30,12,3512890.995569525,2068994.110663153,4888935.257315275,1.7376952843330744e-07,73.7378045358346
2026-04-26T10:08:00,12,3512890.388759953,2068994.2980226954,4888934.959906954,1.7269989556517807e-07,73.56743419763089
2026-04-26T10:08:30,12,3512890.0883807326,2068994.1468043912,4888933.427371308,1.7076247548053853e-07,74.0416522091639
2026-04-26T10:09:00,12,3512889.555363823,2068993.6863886446,4888932.34094898,1.679438271781247e-07,74.00462256019503
2026-04-26T10:09:30,12,3512888.9646690106,2068994.476932336,4888931.71047285,1.668118449194989e-07,74.22858198380806
2026-04-26T10:10:00,12,3512887.906776863,2068993.5021855382,4888930.202870429,1.6235846735807892e-07,74.21378904892852
2026-04-26T10:10:30,12,3512887.375793496,2068993.3200419962,4888929.67467016,1.6155045373724037e-07,74.50081999300984
2026-04-26T10:11:00,12,3512886.9249431724,2068993.4523094294,4888928.656411966,1.5980532453155587e-07,74.24186429838642
2026-04-26T10:11:30,12,3512886.1425669347,2068993.728609794,4888928.331534983,1.5883238464033623e-07,74.67229746886778
2026-04-26T10:12:00,12,3512885.536435511,2068993.569424612,4888927.26243864,1.5616107387792177e-07,74.54360577592492
2026-04-26T10:12:30,12,3512885.388292793,2068993.9022664991,4888926.935128251,1.5547731078701587e-07,74.31812454888806
2026-04-26T10:13:00,12,3512884.442173673,2068993.6013100538,4888925.3630100535,1.52131139330579e-07,74.59724254548345
2026-04-26T10:13:30,12,3512883.879818116,2068993.7208219825,4888924.2570592975,1.4957687614098198e-07,74.69457761232755
2026-04-26T10:14:00,12,3512883.3615117767,2068993.6201744021,4888924.19146807,1.482778233651219e-07,74.33719963054219
2026-04-26T10:14:30,12,3512883.1398106897,2068994.0114766604,4888923.628900742,1.4776638120335467e-07,74.45544343545883
2026-04-26T10:15:00,12,3512882.599337845,2068994.1064922556,4888922.999421304,1.4601186761119864e-07,74.66124309227872
2026-04-26T10:15:30,12,3512882.2875739397,2068993.8962867572,4888922.626473019,1.444213941772776e-07,74.80355499501667
2026-04-26T10:16:00,12,3512881.9426696007,2068993.664417446,4888921.617887717,1.4260747130715314e-07,74.60787349858255
2026-04-26T10:16:30,12,3512881.595576778,2068994.344547753,4888921.499236377,1.4320468481251636e-07,74.65484772506686
2026-04-26T10:17:00,12,3512881.3343083905,2068994.704855245,4888920.624628356,1.4108717500256095e-07,74.60974611614023
2026-04-26T10:17:30,12,3512880.792040163,2068994.6335248004,4888920.375324513,1.401705553914016e-07,74.52672527804157
2026-04-26T10:18:00,12,3512880.1383845354,2068995.1156152952,4888919.462193985,1.382150605474444e-07,74.69655269003245
2026-04-26T10:18:30,12,3512879.7267303597,2068994.8895820193,4888919.135233242,1.3758787353933244e-07,74.76869518870116
2026-04-26T10:19:00,12,3512879.685301465,2068995.4277628984,4888918.402830457,1.3581381311910886e-07,74.75345828538741
2026-04-26T10:19:30,12,3512879.122468095,2068995.2996696515,4888918.25247437,1.350063858515905e-07,74.68556396597761
2026-04-26T10:20:00,12,3512878.9800394466,2068995.6286333234,4888918.147217556,1.348795736961243e-07,74.48166079737612
2026-04-26T10:20:30,12,3512878.7068044213,2068995.9937479915,4888917.381137171,1.3333047449451315e-07,74.68334405075521
2026-04-26T10:21:00,12,3512878.0308222007,2068995.9299281733,4888916.981467553,1.3128082607082662e-07,74.6880646555998
2026-04-26T10:21:30,12,3512878.3610793767,2068997.183585347,4888917.513913896,1.33820597857176e-07,74.20332825937902
2026-04-26T10:22:00,12,3512877.6443937114,2068996.9381193349,4888916.354340231,1.3089285267739326e-07,74.19003115908113
2026-04-26T10:22:30,12,3512877.677122455,2068997.2901012464,4888917.159982172,1.3234929270494657e-07,74.47978626021121
2026-04-26T10:23:00,12,3512877.243414969,2068997.3818175117,4888917.212831244,1.3196221546753787e-07,74.35191211372184
2026-04-26T10:23:30,12,3512877.4364448935,2068997.6063790955,4888916.664428831,1.3099000906334651e-07,74.29280816358236
2026-04-26T10:24:00,12,3512876.9596916693,2068998.4835645163,4888916.439671637,1.3016666175529996e-07,74.45061226776242
2026-04-26T10:24:30,12,3512876.6849249452,2068998.3510516384,4888916.239496283,1.2953630320533277e-07,74.56303844914672
2026-04-26T10:25:00,12,3512876.86857494,2068999.0319452481,4888916.106173664,1.294411328349471e-07,74.16065387220685
2026-04-26T10:25:30,12,3512876.6608022805,2068998.9994769336,4888916.061947631,1.2944921187100417e-07,74.08777459537578
2026-04-26T10:26:00,12,3512876.86405918,2068999.713706289,4888917.46082721,1.3185629979372634e-07,74.01999241625954
2026-04-26T10:26:30,12,3512876.8995310226,2069000.017746604,4888916.596846626,1.3101920483643677e-07,74.15264269868696
2026-04-26T10:27:00,12,3512876.445739617,2069000.3727591226,4888916.1764515415,1.3036137295795806e-07,73.88647018065585
2026-04-26T10:27:30,12,3512876.885778345,2069000.8786959464,4888917.982495016,1.3402753987559054e-07,73.7113050055138
2026-04-26T10:28:00,12,3512876.530105212,2069000.8948924528,4888917.288303695,1.314950356645499e-07,73.53086064299632
2026-04-26T10:28:30,12,3512877.683807309,2069001.9655926097,4888917.762828398,1.348714624000963e-07,74.07560024802676
2026-04-26T10:29:00,12,3512877.6458058585,2069002.2016543034,4888918.704300622,1.3612407185480291e-07,73.65670074085946
2026-04-26T10:29:30,12,3512877.546733912,2069002.1377438677,4888918.464475835,1.3548999519524664e-07,73.57423752131359
2026-04-26T10:30:00,12,3512877.6562563493,2069003.19576031,4888918.986868082,1.3678057426857057e-07,73.10919816326843
2026-04-26T10:30:30,11,3512892.7179977824,2069006.6508336214,4888928.71777471,1.755826933635618e-07,75.21405036334522
2026-04-26T10:31:00,11,3512892.5244692867,2069006.8260869184,4888928.449730586,1.755250852876038e-07,75.36587736506307
2026-04-26T10:31:30,11,3512892.4002036927,2069007.5512054164,4888929.736688234,1.776826589192093e-07,75.22930291557181
2026-04-26T10:32:00,11,3512892.0840394837,2069008.420858926,4888929.4263132,1.7669149423032355e-07,75.13443374146988
2026-04-26T10:32:30,11,3512891.6557882023,2069008.5325652186,4888929.632145697,1.7564062353821616e-07,75.19211359676845
2026-04-26T10:33:00,11,3512892.0209542136,2069009.5556130805,4888929.888607031,1.771817880379921e-07,75.42754225731066
2026-04-26T10:33:30,11,3512890.955896967,2069009.2156218633,4888930.321596225,1.7677045607007885e-07,75.25165669585579
2026-04-26T10:34:00,11,3512891.194024024,2069009.8948696854,4888930.81483619,1.7701116197084137e-07,75.02359919405315
2026-04-26T10:34:30,11,3512890.928881856,2069010.91499685,4888931.815292849,1.7865416608505839e-07,75.33192242941611
2026-04-26T10:35:00,11,3512890.484579236,2069010.4367842362,4888931.460702992,1.7706619251497124e-07,75.44473060441243
2026-04-26T10:35:30,11,3512890.4564789305,2069011.7655695332,4888931.750929576,1.7815717637582609e-07,75.17716750729095
2026-04-26T10:36:00,11,3512890.390679911,2069011.9321020555,4888932.469712633,1.7898767985667037e-07,74.77511630971506
2026-04-26T10:36:30,11,3512889.8424689183,2069012.6433221984,4888932.13349945,1.776055532451153e-07,75.1094631759451
2026-04-26T10:37:00,11,3512890.0084120915,2069013.1611117735,4888933.1795374965,1.7976680777724168e-07,75.04388605602955
2026-04-26T10:37:30,11,3512889.8407135867,2069013.8481749613,4888934.115948893,1.809507441213037e-07,75.03459153060753
2026-04-26T10:38:00,11,3512889.1641608463,2069014.302891893,4888934.414894976,1.8077800312768306e-07,74.85855284885814
2026-04-26T10:38:30,11,3512889.4843919124,2069015.0020090092,4888935.580516228,1.825474290849565e-07,75.1336532225724
2026-04-26T10:39:00,11,3512888.6453931862,2069015.363190571,4888935.269156575,1.8086949959429466e-07,75.1412122182455
2026-04-26T10:39:30,11,3512889.094665576,2069015.9551762836,4888935.760998858,1.8179425502957984e-07,74.8392532942968
2026-04-26T10:40:00,11,3512888.765322021,2069016.2716884506,4888935.915876454,1.8177315032159203e-07,74.9228179119434
2026-04-26T10:40:30,11,3512888.3046105425,2069017.2879574595,4888936.7522132285,1.8342321749530236e-07,74.74006382326485
2026-04-26T10:41:00,11,3512888.6339358254,2069017.711711579,4888938.575654811,1.8646874577631946e-07,74.91253080016324
2026-04-26T10:41:30,11,3512888.627452522,2069018.2213918173,4888938.201505867,1.8641558508831774e-07,74.56917925327278
2026-04-26T10:42:00,11,3512887.387778051,2069017.833853721,4888937.94570171,1.8376435841741549e-07,74.7508989765482
2026-04-26T10:42:30,11,3512887.7355621993,2069018.8637409257,4888939.182062909,1.8702490482247272e-07,74.56312119133662
2026-04-26T10:43:00,11,3512887.9408504474,2069019.6097310048,4888939.755999278,1.8768072826700746e-07,74.80117823050858
2026-04-26T10:43:30,11,3512887.612442785,2069020.2042318247,4888940.722133455,1.896425690389267e-07,74.62141404583687
2026-04-26T10:44:00,11,3512888.0434684367,2069020.9908650636,4888941.98354341,1.9224779983116437e-07,74.06514348759563
2026-04-26T10:44:30,11,3512888.002922541,2069021.7084476352,4888942.2698554555,1.924472110127693e-07,74.54356430001404
2026-04-26T10:45:00,11,3512887.7077832646,2069021.8449119073,4888942.45423164,1.9230780343806035e-07,74.4664484056611
2026-04-26T10:45:30,11,3512887.6070734677,2069022.4514661478,4888943.50614615,1.9266855024622144e-07,74.33582680005809
2026-04-26T10:46:00,11,3512886.865567978,2069023.1106789534,4888943.374622118,1.9253673526956717e-07,74.26775129255414
2026-04-26T10:46:30,11,3512887.423626118,2069023.7957489893,4888944.677942333,1.9478037088698277e-07,74.32649280274845
2026-04-26T10:47:00,11,3512886.697219326,2069023.8124067339,4888944.981725432,1.9458339121638452e-07,74.20406564712756
2026-04-26T10:47:30,11,3512886.6936938437,2069024.3543367332,4888945.018031619,1.938719313979217e-07,74.02720746110303
2026-04-26T10:48:00,11,3512887.070037259,2069025.0428371686,4888946.461951509,1.9751536798360318e-07,74.30392310288885
2026-04-26T10:48:30,11,3512886.6172220847,2069025.8892068695,4888946.496981214,1.970484575113996e-07,74.21256441966463
2026-04-26T10:49:00,11,3512886.751797639,2069026.5557395658,4888948.322938848,2.0072260441235267e-07,73.84802846722879
2026-04-26T10:49:30,11,3512886.590030671,2069026.7708337037,4888948.713938679,2.0030963815640083e-07,73.53202664751821
2026-04-26T10:50:00,11,3512887.0864145295,2069028.0484137116,4888949.044991088,2.024537044815755e-07,73.74133665411668
2026-04-26T10:50:30,11,3512886.7183833607,2069028.2371063007,4888950.69130813,2.0340421756405494e-07,73.16807622488237
2026-04-26T10:51:00,11,3512886.287371789,2069028.3242826865,4888950.921978348,2.0294815726562872e-07,73.31538828871058
2026-04-26T10:51:30,11,3512886.776949615,2069029.2002954783,4888952.296604544,2.068579389216282e-07,73.59619977193438
2026-04-26T10:52:00,11,3512886.6742275227,2069030.1067954456,4888952.863940341,2.0656871018074898e-07,73.6550173784256
2026-04-26T10:52:30,11,3512886.376011968,2069030.5521153994,4888952.811344865,2.0589722854334407e-07,73.29818376702647
2026-04-26T10:53:00,11,3512886.9466602355,2069030.6564211468,4888954.438605529,2.0992286743227558e-07,73.16833754286102
2026-04-26T10:53:30,11,3512886.595012866,2069031.4302328532,4888954.993794889,2.1043896192174177e-07,73.19360298117759
2026-04-26T10:54:00,11,3512886.543459381,2069032.3219694265,4888956.21249365,2.123513829052882e-07,73.24562189960271
2026-04-26T10:54:30,11,3512886.437230923,2069032.5834388062,4888957.495243302,2.137647041869812e-07,73.13968195528591
2026-04-26T10:55:00,11,3512887.5054686633,2069033.640499092,4888959.197979727,2.18323451523094e-07,72.992413111161
2026-04-26T10:55:30,11,3512886.8970116223,2069033.752391094,4888958.496621519,2.16210424899191e-07,72.92972971549648
2026-04-26T10:56:00,11,3512886.975443328,2069034.4115803775,4888961.194952199,2.2028959888671262e-07,72.7223659704224
2026-04-26T10:56:30,11,3512886.8606447456,2069034.4910748259,4888961.059444978,2.1950739792312347e-07,72.47735442581784
2026-04-26T10:57:00,11,3512886.8384331237,2069035.574371261,4888962.249916993,2.2185537684150766e-07,72.21945831951297
2026-04-26T10:57:30,11,3512887.273001111,2069035.6870188555,4888962.630897302,2.2238612232816567e-07,72.1564904193423
2026-04-26T10:58:00,11,3512887.929553966,2069036.2469604348,4888965.008249899,2.262261989034076e-07,72.35545648282736
2026-04-26T10:58:30,11,3512887.9471885497,2069037.1260236541,4888966.350738044,2.2908642973856547e-07,72.35002717845494
2026-04-26T10:59:00,11,3512887.800276595,2069037.4509678555,4888967.360800349,2.305354148683129e-07,71.9051346289189
2026-04-26T10:59:30,11,3512888.2502271105,2069038.0818567008,4888968.788291427,2.3429137034070755e-07,71.79728353462306
2026-04-26T11:00:00,11,3512888.7691600407,2069037.4737598395,4888970.733616221,2.3657783457966956e-07,71.61727671687265
2026-04-26T11:00:30,11,3512888.702419495,2069038.3620198057,4888971.733793803,2.3888731645160313e-07,71.5219326502755
2026-04-26T11:01:00,11,3512889.7989060166,2069039.3068016341,4888974.313595026,2.447665188522517e-07,71.71291080804244
2026-04-26T11:01:30,9,3512833.9025206324,2068918.5440608186,4888964.17516468,5.402607172722928e-08,29.514160137848783
2026-04-26T11:02:00,10,3512913.803796033,2069030.8379764997,4889038.733917168,3.807663272587751e-07,71.70345372083425
2026-04-26T11:02:30,10,3512913.4706850187,2069031.4031917443,4889038.32855843,3.780401339128792e-07,71.67815768627719
2026-04-26T11:03:00,11,3512919.4262203295,2069042.3134844815,4889059.375158951,4.304143431201961e-07,69.33606905736295
2026-04-26T11:03:30,11,3512918.964751628,2069042.317933229,4889058.821077346,4.2823947186365964e-07,69.13379268702072
2026-04-26T11:04:00,11,3512918.466020815,2069041.413578955,4889057.634238519,4.2451094158618127e-07,68.74271764438514
2026-04-26T11:04:30,11,3512917.828607814,2069042.2013516775,4889056.519810451,4.217840779308534e-07,68.95046193302103
2026-04-26T11:05:00,11,3512917.2382982024,2069041.8772784977,4889055.297534798,4.172010378644061e-07,68.74746686243975
2026-04-26T11:05:30,11,3512916.4660506225,2069042.059522571,4889052.981872913,4.1273505584427774e-07,68.69277530731658
2026-04-26T11:06:00,11,3512916.4421175667,2069042.0221313746,4889053.334975853,4.1251653519169877e-07,68.74484953702581
2026-04-26T11:06:30,11,3512915.3175558364,2069041.851175618,4889051.91816017,4.082482650870817e-07,68.52411651342601
2026-04-26T11:07:00,11,3512915.201050152,2069041.9702799034,4889051.942992417,4.0751435592225307e-07,68.52169367845599
2026-04-26T11:07:30,11,3512914.8300859467,2069042.2086478455,4889050.409012196,4.0368011976353057e-07,68.34448532523703
2026-04-26T11:08:00,11,3512913.5016658185,2069042.1762345608,4889048.739508955,3.985371858821812e-07,68.07824443440919
2026-04-26T11:08:30,11,3512913.454821012,2069042.6184361407,4889047.915535626,3.976293617681978e-07,68.15776654179113
2026-04-26T11:09:00,11,3512913.7656272454,2069043.2087259537,4889047.440788469,3.96817525019298e-07,68.15022210211023
2026-04-26T11:09:30,11,3512913.3167931945,2069043.2776482066,4889047.090137854,3.953118826769057e-07,67.81796512639866
2026-04-26T11:10:00,11,3512912.6042319345,2069043.4748278577,4889046.755244825,3.9331981247102055e-07,68.00425238018816
2026-04-26T11:10:30,11,3512911.877706476,2069043.6955664486,4889045.577193825,3.8937082132121174e-07,68.01640218202995
2026-04-26T11:11:00,11,3512911.3239271473,2069043.6352186075,4889044.826348641,3.8651128794468827e-07,68.05463836862447
2026-04-26T11:11:30,11,3512911.274216747,2069044.0579698654,4889044.485664231,3.8670479384740475e-07,67.74642261194417
2026-04-26T11:12:00,11,3512911.1795980814,2069044.8844301265,4889044.2034139875,3.849958891632876e-07,67.91271058472566
2026-04-26T11:12:30,11,3512910.424583967,2069044.4477312088,4889043.507757113,3.8147688738120663e-07,67.97513132302932
2026-04-26T11:13:00,11,3512910.7464567595,2069045.0094198503,4889043.7313501155,3.8294688255534163e-07,68.04746063398396
2026-04-26T11:13:30,11,3512910.457098735,2069044.617310073,4889042.848585491,3.8024286866216054e-07,67.92231125160545
2026-04-26T11:14:00,11,3512909.5984853846,2069045.0959230722,4889042.036964358,3.7839589957854807e-07,68.19033694620974
2026-04-26T11:14:30,11,3512909.8443429354,2069045.6179700722,4889042.298831287,3.7853197362942716e-07,68.14680264100326
2026-04-26T11:15:00,11,3512909.2455578805,2069045.9092248178,4889042.54563203,3.781131236462436e-07,68.06826050977651
2026-04-26T11:15:30,11,3512909.198642363,2069046.1436551057,4889041.690643551,3.755356643156366e-07,68.11569713877645
2026-04-26T11:16:00,11,3512908.965516706,2069046.7126362426,4889040.846005182,3.7418214821410424e-07,68.19089785250131
2026-04-26T11:16:30,11,3512908.722409266,2069047.4989194414,4889040.555944731,3.7369612766310466e-07,68.27257083949434
2026-04-26T11:17:00,11,3512908.9869609037,2069047.5532393262,4889040.427189411,3.7331028671894397e-07,68.4423514416693
2026-04-26T11:17:30,11,3512908.3749268954,2069048.4300983245,4889040.47739213,3.7228529686891863e-07,68.42159623754529
2026-04-26T11:18:00,11,3512908.2588297306,2069048.519536658,4889039.6654378595,3.7023497214499365e-07,68.75637475282447
2026-04-26T11:18:30,11,3512908.288433798,2069049.367022519,4889039.53281895,3.698220819181091e-07,68.9239722391011
2026-04-26T11:19:00,11,3512908.0091995206,2069049.6571597466,4889038.947839803,3.681737178049119e-07,68.87271501075163
2026-04-26T11:19:30,11,3512907.835889852,2069050.6444596208,4889038.295387833,3.672823081873858e-07,69.08015853362733
2026-04-26T11:20:00,11,3512908.2310204073,2069051.0905918651,4889039.519788083,3.687903500235328e-07,69.30426759664695
2026-04-26T11:20:30,10,3512858.762522083,2068976.7941855355,4889019.575521934,2.1517619012846318e-07,42.340875994240676
2026-04-26T11:21:00,10,3512858.4352059565,2068976.10912489,4889017.879500369,2.1141585327952414e-07,42.10383970814684
2026-04-26T11:21:30,11,3512847.1828631456,2068987.3112703452,4888977.464850069,1.334603251112677e-07,43.20731181540603
2026-04-26T11:22:00,11,3512846.9064979367,2068987.8412573135,4888975.875077657,1.3094349668253254e-07,43.34102082138896
2026-04-26T11:22:30,11,3512846.144335107,2068988.2032597426,4888973.673838735,1.2536218208475158e-07,43.74844238352768
2026-04-26T11:23:00,11,3512845.4920264846,2068988.4190926696,4888972.6043385435,1.220897926993319e-07,43.818539663053706
2026-04-26T11:23:30,11,3512845.3680709237,2068989.5377229145,4888971.44556048,1.2007984031233755e-07,44.447544908590146
2026-04-26T11:24:00,11,3512845.474700542,2068989.1695096502,4888970.073971264,1.1669891928484935e-07,44.4077864056063
2026-04-26T11:24:30,11,3512845.2952483934,2068989.8581934755,4888968.920407887,1.1431823463252234e-07,44.79669213164053
2026-04-26T11:25:00,11,3512844.529442979,2068990.192622876,4888968.398477451,1.1139269472345173e-07,44.931264983964084
2026-04-26T11:25:30,11,3512844.891418653,2068990.2370110254,4888967.926353504,1.1079196573480758e-07,44.90504494323076
2026-04-26T11:26:00,11,3512844.1449846397,2068990.3984240282,4888967.321551919,1.0785074837984016e-07,44.84400346451594
2026-04-26T11:26:30,11,3512843.8989503244,2068991.179681645,4888965.2409279635,1.0437087257081861e-07,45.10359088123427
2026-04-26T11:27:00,11,3512844.5256630057,2068991.291801361,4888966.114374227,1.0518120433745015e-07,45.35698561536698
2026-04-26T11:27:30,11,3512843.709950108,2068992.3291835745,4888965.458227592,1.033146265539027e-07,45.44361132516989
2026-04-26T11:28:00,11,3512843.6451000427,2068991.6894214186,4888964.570718955,1.0029978451851985e-07,45.44414455286419
2026-04-26T11:28:30,11,3512843.547463583,2068992.105722717,4888964.191396903,1.0015269450395114e-07,45.57406899461027
2026-04-26T11:29:00,11,3512843.7860475373,2068992.292059424,4888963.737250719,9.806640976982469e-08,45.56132004791804
2026-04-26T11:29:30,11,3512843.8363598157,2068992.905950611,4888963.850396619,9.855429670993642e-08,45.88111172642074
2026-04-26T11:30:00,11,3512843.77478924,2068993.435822096,4888963.762314947,9.802968493165586e-08,45.68651055741634
2026-04-26T11:30:30,11,3512843.618009314,2068993.375644464,4888962.840702633,9.505922118022607e-08,46.046722570805564
2026-04-26T11:31:00,11,3512844.0851067053,2068993.537447391,4888963.290800659,9.631268549609508e-08,45.97745243897818
2026-04-26T11:31:30,11,3512843.7346210075,2068993.7298183036,4888963.440898064,9.477025774629929e-08,46.0087292411445
2026-04-26T11:32:00,11,3512844.1801529997,2068994.1855569817,4888962.913234915,9.442711972778182e-08,46.18738547815914
2026-04-26T11:32:30,11,3512843.9843773097,2068994.3326535039,4888963.420148825,9.402910413368806e-08,46.533406977359455
2026-04-26T11:33:00,11,3512844.531660491,2068994.351384297,4888964.573364759,9.620482147142108e-08,46.52566930706559
2026-04-26T11:33:30,11,3512844.3307686895,2068994.768599464,4888963.479565222,9.365359628489155e-08,46.56181406179097
2026-04-26T11:34:00,11,3512844.4462670977,2068995.2356077053,4888963.050608279,9.282650609685778e-08,46.78514247870543
2026-04-26T11:34:30,11,3512844.5201907167,2068995.103067636,4888963.754658688,9.29657627950199e-08,46.81678010840264
2026-04-26T11:35:00,11,3512844.2118856655,2068995.286276698,4888964.230084471,9.334709356502891e-08,46.872022608327406
2026-04-26T11:35:30,11,3512844.860705378,2068995.6865590394,4888964.506473795,9.368776874806517e-08,47.107492679893895
2026-04-26T11:36:00,11,3512844.6946835634,2068995.2027269101,4888964.429734586,9.249626017232294e-08,47.18863662049738
2026-04-26T11:36:30,11,3512845.0572322723,2068995.8260442999,4888964.983474683,9.281950327074693e-08,47.32579015497543
2026-04-26T11:37:00,11,3512845.2728346502,2068996.411883184,4888964.604766863,9.254817305634363e-08,47.450259191543985
2026-04-26T11:37:30,11,3512845.872936475,2068996.7413462908,4888965.047969645,9.337256346465103e-08,47.53599702641204
2026-04-26T11:38:00,11,3512845.724705453,2068996.9101897583,4888965.744942733,9.420992928355445e-08,47.99602802405613
2026-04-26T11:38:30,11,3512845.984350083,2068997.0780144131,4888966.0389543325,9.394031513423914e-08,47.81983265970695
2026-04-26T11:39:00,11,3512846.5287484606,2068997.6974385616,4888966.670460248,9.642492475266564e-08,48.2368584463842
2026-04-26T11:39:30,11,3512847.0120852203,2068998.2030881976,4888967.34795651,9.708781282708125e-08,48.21537053798593
2026-04-26T11:40:00,11,3512847.541511473,2068998.0934603277,4888967.905397073,9.793544907646531e-08,48.59116432873586
2026-04-26T11:40:30,11,3512847.2639637697,2068998.1137381385,4888968.192380373,9.781771006461463e-08,48.64681442505622
2026-04-26T11:41:00,11,3512847.7540899897,2068998.4430929855,4888968.459835689,9.790335256875845e-08,48.488214552843864
2026-04-26T11:41:30,11,3512847.997811365,2068999.3375730657,4888968.926660969,9.95294795217571e-08,48.89792563395691
2026-04-26T11:42:00,11,3512848.3123742575,2068999.3097467239,4888969.709870381,1.0010388931271819e-07,49.09646748651842
2026-04-26T11:42:30,11,3512848.7246630318,2068999.719962561,4888970.036551588,1.0122591067306814e-07,49.46287786140248
2026-04-26T11:43:00,11,3512848.578567214,2068999.7534410371,4888970.393647122,1.0079805697676277e-07,49.282059606168325
2026-04-26T11:43:30,11,3512848.9946743967,2069000.3854529022,4888971.12597356,1.0233233626573204e-07,49.81469807067717
2026-04-26T11:44:00,11,3512849.7728586327,2069001.014365407,4888971.82698159,1.040321956876186e-07,49.93050824232148
2026-04-26T11:44:30,11,3512849.470445466,2069000.594796259,4888972.640235953,1.0414842026305208e-07,50.105412294053224
2026-04-26T11:45:00,11,3512850.1441476652,2069002.1353940398,4888973.228067052,1.0564206252319339e-07,50.37173382028858
2026-04-26T11:45:30,11,3512850.530203425,2069001.7001168185,4888973.819896856,1.066696728707144e-07,50.630281070595345
2026-04-26T11:46:00,11,3512850.4239977184,2069002.083132213,4888975.202234608,1.0896604865545818e-07,50.607421112212855
2026-04-26T11:46:30,11,3512851.350644911,2069002.85856241,4888975.770721856,1.1018246678075861e-07,51.166366201137485
2026-04-26T11:47:00,11,3512851.747959418,2069002.8564233654,4888976.666659483,1.1147317525490159e-07,51.19957931613729
2026-04-26T11:47:30,11,3512852.2707989095,2069004.0169079357,4888977.50625645,1.1442841294774418e-07,51.39875193704192
2026-04-26T11:48:00,11,3512852.0619138037,2069003.9447494596,4888977.487952189,1.1267570208174657e-07,51.74371404240632
2026-04-26T11:48:30,11,3512853.168236798,2069004.3966134982,4888979.472483407,1.1720781451874365e-07,52.065003473430984
2026-04-26T11:49:00,11,3512853.5275166635,2069005.0774247488,4888980.042048455,1.1841786426474775e-07,52.496542180104626
2026-04-26T11:49:30,11,3512853.980730744,2069005.3096034427,4888981.334156982,1.203938470162845e-07,52.499550821648356
2026-04-26T11:50:00,11,3512854.5802078177,2069006.1036204936,4888982.520953562,1.2299021231528561e-07,52.94985615599464
2026-04-26T11:50:30,11,3512855.4122151947,2069006.7868889738,4888983.996883648,1.2694168973740622e-07,53.404295002086855
2026-04-26T11:51:00,11,3512856.007974404,2069007.1716353346,4888984.552856487,1.2872504980769928e-07,53.71439343162967
2026-04-26T11:51:30,11,3512856.1079586507,2069008.202843173,4888986.333076578,1.3094274859852343e-07,53.98397341052523
2026-04-26T11:52:00,11,3512857.17774962,2069008.5313897743,4888986.694553906,1.3268434521638257e-07,54.29358154027055
2026-04-26T11:52:30,11,3512858.229999977,2069008.9185844345,4888988.619078779,1.3629150736245493e-07,54.62636425826211
2026-04-26T11:53:00,11,3512858.0288436622,2069009.8269603103,4888989.8019619435,1.394303907254155e-07,54.97879576505268
2026-04-26T11:53:30,11,3512858.3762936546,2069010.2233396627,4888991.352348535,1.4114859689630872e-07,55.74476164579628
2026-04-26T11:54:00,11,3512859.9501672317,2069011.4756270412,4888993.24609453,1.4719314375395036e-07,56.21299875564221
2026-04-26T11:54:30,11,3512860.4104027343,2069012.044638677,4888994.926373395,1.504599771623995e-07,56.63876596768371
2026-04-26T11:55:00,11,3512861.4066126854,2069012.5220591824,4888996.782207442,1.5461127469437002e-07,57.03821412387368
2026-04-26T11:55:30,10,3512856.761581163,2069001.9211324817,4888945.340300595,4.820370466899337e-08,52.81520637978624
2026-04-26T11:56:00,10,3512858.0762658827,2069002.323447356,4888945.375031021,4.982047225798151e-08,53.312947489641545
2026-04-26T11:56:30,10,3512858.405446349,2069003.1817776994,4888946.849217844,5.307483265261132e-08,53.80767194240688
2026-04-26T11:57:00,10,3512859.5801501484,2069003.6243836847,4888946.983423145,5.4977310217882195e-08,53.90762493741741
2026-04-26T11:57:30,10,3512860.8818195243,2069005.2016763743,4888948.17126733,5.937435129637493e-08,54.87801256159141
2026-04-26T11:58:00,10,3512861.3999705147,2069005.7969697544,4888948.722614316,6.091659103266869e-08,55.12909742117884
2026-04-26T11:58:30,10,3512862.389787216,2069006.0900145932,4888949.422531248,6.239975860551141e-08,55.66946503610161
2026-04-26T11:59:00,10,3512863.5091246557,2069006.8593521116,4888950.332276775,6.560931918275511e-08,56.33186159621579
2026-04-26T11:59:30,9,3512785.4075453253,2068957.7023927274,4888916.051462063,-1.4215335133819505e-07,34.72468089327337
2026-04-26T12:00:00,9,3512785.0455004936,2068956.9834879204,4888916.365894668,-1.4227740496387083e-07,34.7833969493731
2026-04-26T12:00:30,9,3512785.4685177812,2068957.1937040386,4888916.040035211,-1.4272694144880036e-07,34.62428469544215
2026-04-26T12:01:00,9,3512785.767006539,2068956.8644500088,4888916.073441958,-1.4409838766939285e-07,34.766273419488364
2026-04-26T12:01:30,9,3512785.083394233,2068956.228859527,4888916.155526519,-1.457810648399543e-07,34.731297291744966
2026-04-26T12:02:00,9,3512785.2033561124,2068956.4223571348,4888916.582175346,-1.450550856886593e-07,34.59328567063987
2026-04-26T12:02:30,9,3512784.688968896,2068956.1880749487,4888915.922790424,-1.4801223486458171e-07,34.710965546541736
2026-04-26T12:03:00,9,3512785.2257481883,2068955.8346392857,4888916.728285364,-1.465801700243303e-07,34.43575510121925
2026-04-26T12:03:30,9,3512785.474028764,2068955.5510641518,4888917.143813343,-1.4625394870342047e-07,34.49838679838737
2026-04-26T12:04:00,9,3512784.382896549,2068955.5941944341,4888916.826645726,-1.4812432511968644e-07,34.634051675577524
2026-04-26T12:04:30,9,3512785.4964004764,2068956.0457721502,4888918.013587289,-1.4504476803567615e-07,34.67745547520538
2026-04-26T12:05:00,9,3512785.472272245,2068955.4836535375,4888917.397428877,-1.4752471186384245e-07,34.45082948018258
2026-04-26T12:05:30,9,3512784.9972932157,2068955.1950219262,4888917.410627763,-1.4940266594010681e-07,34.36708339304779
2026-04-26T12:06:00,9,3512784.870293677,2068955.122737439,4888917.942279443,-1.4860468268109256e-07,34.44831353102865
2026-04-26T12:06:30,9,3512785.2842004714,2068954.8595097258,4888918.716035613,-1.4719041515470094e-07,34.31011883459203
2026-04-26T12:07:00,9,3512785.331147209,2068955.5788880363,4888918.800543864,-1.4718095167558766e-07,34.34400939793556
2026-04-26T12:07:30,9,3512785.4462572,2068955.0460475865,4888918.434876501,-1.4886363497741853e-07,34.16162252854362
2026-04-26T12:08:00,9,3512785.3233158123,2068954.9091434109,4888919.148254986,-1.4845849614273042e-07,34.25179288854277
2026-04-26T12:08:30,9,3512785.0920086633,2068954.5210630132,4888919.58315715,-1.495605459744711e-07,34.44130864194279
2026-04-26T12:09:00,9,3512785.699304425,2068955.088007816,4888919.483529699,-1.4892128840213395e-07,34.29933077224304
2026-04-26T12:09:30,9,3512786.2240583063,2068954.5605010684,4888920.458365107,-1.4747346209968773e-07,34.296187977290764
2026-04-26T12:10:00,9,3512786.0346365953,2068954.7752523124,4888920.986604263,-1.4782640992244235e-07,34.09373082025593
2026-04-26T12:10:30,9,3512786.1220558644,2068954.5307819,4888920.925347271,-1.480889265031302e-07,34.333712786868965
2026-04-26T12:11:00,9,3512786.39274643,2068954.2856767764,4888921.363982442,-1.4755970980360709e-07,34.247228691250974
2026-04-26T12:11:30,9,3512787.0848977948,2068954.7375373056,4888922.039892126,-1.4596636353936183e-07,34.079847736612145
2026-04-26T12:12:00,9,3512786.8506180253,2068954.832226065,4888922.447610172,-1.4703030684092972e-07,34.31708788609422
2026-04-26T12:12:30,9,3512787.0159299006,2068954.0348982904,4888922.6296036,-1.4708724017081255e-07,34.09660082692771
2026-04-26T12:13:00,9,3512786.712100106,2068954.57919097,4888923.651207024,-1.4682543452090994e-07,34.267842656380786
2026-04-26T12:13:30,9,3512786.879082404,2068954.004707216,4888923.600806132,-1.4647783749417523e-07,34.00094910995947
2026-04-26T12:14:00,9,3512786.8211865155,2068953.4587553416,4888923.562107938,-1.483140801259283e-07,34.15493517091677
2026-04-26T12:14:30,9,3512786.867077214,2068953.7167032612,4888924.2606412,-1.4725100467472592e-07,34.11512233135731
2026-04-26T12:15:00,9,3512787.3674478764,2068953.68502994,4888924.709014182,-1.4723417191885114e-07,33.94449186282789
2026-04-26T12:15:30,9,3512787.8048630725,2068954.0725222854,4888925.332560533,-1.4539238553217725e-07,34.17014294176295
2026-04-26T12:16:00,9,3512787.8927455433,2068953.7856757024,4888925.319523909,-1.456745940184467e-07,33.86199885131372
2026-04-26T12:16:30,9,3512787.9769715783,2068954.1596435988,4888926.218248854,-1.445907478220045e-07,33.93003703581205
2026-04-26T12:17:00,9,3512788.4287100215,2068953.8834103628,4888927.439176221,-1.428870097144605e-07,34.10625801857049
2026-04-26T12:17:30,9,3512789.0209618984,2068954.0093989056,4888927.496559722,-1.4325623973924164e-07,33.98901887471463
2026-04-26T12:18:00,10,3512847.9270791053,2068964.1820267278,4888967.08669771,2.184949392826307e-08,57.3226457254281
2026-04-26T12:18:30,10,3512847.5586201157,2068964.277511543,4888967.052394789,2.080082435160514e-08,56.95380635538599
2026-04-26T12:19:00,10,3512846.304494372,2068963.8699712618,4888966.434623779,1.7267870599196908e-08,56.587026422713976
2026-04-26T12:19:30,10,3512845.752933566,2068964.3594530006,4888966.181775895,1.6409743441792692e-08,56.27899992656255
2026-04-26T12:20:00,10,3512845.6307155564,2068963.5874548992,4888965.473494389,1.3448199064710013e-08,55.73879503823525
2026-04-26T12:20:30,10,3512845.293162356,2068964.390178242,4888966.534311213,1.490457190315962e-08,56.001842783805145
2026-04-26T12:21:00,10,3512844.538717466,2068963.6309302275,4888965.593113672,1.092769710241354e-08,55.504772044219614
2026-04-26T12:21:30,10,3512843.972630998,2068963.3959151073,4888965.47099863,9.01489046131004e-09,55.174827339848996
2026-04-26T12:22:00,10,3512843.929039199,2068963.068920601,4888964.683538721,7.697871717222628e-09,54.59376601162875
2026-04-26T12:22:30,10,3512843.596526911,2068963.4090839447,4888964.707325332,6.732844165447346e-09,54.39026795002362
2026-04-26T12:23:00,10,3512843.077030641,2068963.2161944036,4888963.712644739,3.7506891831918225e-09,54.32159404506664
2026-04-26T12:23:30,11,3512851.102454152,2068989.4669540238,4888982.645704347,7.017883678520655e-08,53.68043285279116
2026-04-26T12:24:00,11,3512850.741177351,2068988.6142540833,4888981.719716748,6.786372284973299e-08,53.43276525617774
2026-04-26T12:24:30,11,3512850.1219385434,2068987.80815892,4888980.886297624,6.426222494376939e-08,52.71233657003829
2026-04-26T12:25:00,11,3512849.483913357,2068986.2071102127,4888979.801140246,5.9107707217818855e-08,53.00340192130982
2026-04-26T12:25:30,11,3512848.99553072,2068986.2530898184,4888979.7041429365,5.820846820866274e-08,52.21861274365693
2026-04-26T12:26:00,11,3512848.7020260976,2068985.541151057,4888979.024616562,5.604197884461415e-08,52.03921249248435
2026-04-26T12:26:30,11,3512847.827515887,2068985.0925469676,4888978.147129746,5.290399581732444e-08,51.29921697095139
2026-04-26T12:27:00,11,3512847.3405005326,2068984.4377209723,4888977.437138693,4.9603884344145385e-08,51.167173074921244
2026-04-26T12:27:30,11,3512847.278698952,2068984.499148579,4888977.296245267,4.872768015563684e-08,50.85621957283783
2026-04-26T12:28:00,11,3512846.7600617604,2068983.4059745178,4888977.199143807,4.758442215669883e-08,50.79444073089713
2026-04-26T12:28:30,11,3512846.6423172634,2068983.2223376047,4888976.966989112,4.5834120068032466e-08,50.37029386123167
2026-04-26T12:29:00,11,3512846.437420851,2068982.4752820928,4888976.178260989,4.3096261812132806e-08,49.88115127506779
2026-04-26T12:29:30,11,3512846.0380987786,2068982.2243446019,4888976.001397621,4.176762301634579e-08,50.02753179095407
2026-04-26T12:30:00,11,3512846.2456137114,2068981.578794711,4888975.936095595,4.1542360367089076e-08,49.351357318990345
2026-04-26T12:30:30,11,3512845.537589973,2068981.2304324787,4888975.336200699,3.906333135239799e-08,49.22559703927112
2026-04-26T12:31:00,11,3512845.326017738,2068981.04607189,4888975.760492546,3.908198767221009e-08,48.91974780712962
2026-04-26T12:31:30,11,3512845.4010550007,2068981.1860416979,4888975.443948096,3.850593733088645e-08,48.34135395255784
2026-04-26T12:32:00,11,3512845.460548274,2068980.7726385072,4888975.220763582,3.742593219794223e-08,47.90993025896097
2026-04-26T12:32:30,11,3512844.9857467595,2068980.7257673957,4888974.681685366,3.5686068306156566e-08,47.571256712595684
2026-04-26T12:33:00,11,3512845.379131576,2068980.3415547013,4888974.82201168,3.5390520259545766e-08,47.32195277144928
2026-04-26T12:33:30,11,3512845.570180377,2068980.2408410984,4888975.181167177,3.610340238158918e-08,46.98460708263784
2026-04-26T12:34:00,11,3512846.1322045014,2068980.0082640052,4888975.769489454,3.7860902450288034e-08,46.77030552513433
2026-04-26T12:34:30,12,3512883.0532577643,2069026.386029457,4888975.149307335,1.3008127574739072e-07,63.01035217733894
2026-04-26T12:35:00,12,3512883.1747833197,2069025.9307749663,4888974.82628179,1.2867469404581938e-07,62.56424900380547
2026-04-26T12:35:30,12,3512882.668048373,2069025.705662486,4888974.807434025,1.2782607283337062e-07,62.07625268896739
2026-04-26T12:36:00,12,3512882.8576671304,2069025.0609344568,4888974.610572436,1.2816566023043428e-07,61.20850325919963
2026-04-26T12:36:30,12,3512882.457471545,2069025.2995787056,4888974.769550498,1.272261845008465e-07,60.737179705400735
2026-04-26T12:37:00,11,3512926.8845422147,2069037.0183658723,4888979.83886463,2.1196933426085981e-07,43.50886943182602
2026-04-26T12:37:30,11,3512925.9473664467,2069036.6608128333,4888980.116921161,2.1036902603999524e-07,43.225993043971684
2026-04-26T12:38:00,11,3512925.6733565866,2069036.7882772433,4888980.676842701,2.1073871818628761e-07,43.701270778752715
2026-04-26T12:38:30,11,3512925.3437196747,2069036.8931281508,4888980.931694571,2.0997568266284517e-07,43.558713881284724
2026-04-26T12:39:00,11,3512924.151876397,2069036.3278245002,4888981.534980615,2.08515992350461e-07,43.66676589631602
2026-04-26T12:39:30,11,3512924.616969916,2069036.928481222,4888982.376954693,2.1039294241731137e-07,43.53558281249335
2026-04-26T12:40:00,11,3512923.110217231,2069036.3225680517,4888982.632346343,2.0805324937234745e-07,43.55900056230292
2026-04-26T12:40:30,11,3512922.45138237,2069036.0837559893,4888982.8488516435,2.0705092730896407e-07,43.5038628477972
2026-04-26T12:41:00,11,3512922.3422628473,2069036.4397844844,4888983.541920683,2.0766946232031508e-07,43.82839278428128
2026-04-26T12:41:30,11,3512922.028540645,2069035.6836832215,4888984.243054651,2.0696554863701296e-07,43.78963582599417
2026-04-26T12:42:00,11,3512920.92649153,2069035.8180757025,4888985.152398685,2.069978865313592e-07,44.03068418011483
2026-04-26T12:42:30,11,3512921.069880994,2069035.9754544804,4888985.675776148,2.0785688564355746e-07,43.93125340745076
2026-04-26T12:43:00,11,3512920.718857595,2069036.217596338,4888986.063966727,2.0785274923378368e-07,44.174373510087996
2026-04-26T12:43:30,11,3512920.069997419,2069035.6666192075,4888986.643757531,2.060032282635013e-07,44.22758450436625
2026-04-26T12:44:00,11,3512919.609952534,2069036.1382961958,4888987.639296743,2.0777655372447825e-07,44.48693067209436
2026-04-26T12:44:30,11,3512919.07328021,2069035.8789178138,4888988.490711016,2.0714404907132815e-07,44.47905559560205
2026-04-26T12:45:00,11,3512918.3881345843,2069035.8287666924,4888989.658491911,2.0795089483205584e-07,44.75394679959208
2026-04-26T12:45:30,11,3512918.5453384626,2069036.0251738082,4888990.169501988,2.0853118651059632e-07,44.748153507377125
2026-04-26T12:46:00,11,3512918.053887178,2069035.972334789,4888990.684456486,2.0853685105319502e-07,45.08240507219002
2026-04-26T12:46:30,11,3512917.7431366043,2069035.9880025466,4888992.041417441,2.0940573611046682e-07,45.02742218166644
2026-04-26T12:47:00,11,3512917.246708281,2069036.339487763,4888992.864257936,2.1052874268475193e-07,45.27605264266209
2026-04-26T12:47:30,11,3512916.6239489093,2069036.7000348277,4888993.991756012,2.1130445924749548e-07,45.29820481038045
2026-04-26T12:48:00,11,3512916.5150594516,2069036.523444698,4888995.2232798925,2.1259289978118242e-07,45.659387540939505
2026-04-26T12:48:30,11,3512915.516754956,2069036.2658455302,4888996.302105922,2.1218862760115905e-07,45.880053976097564
2026-04-26T12:49:00,11,3512915.6520085246,2069036.8947081445,4888997.528568227,2.1500566684951948e-07,46.02569661136913
2026-04-26T12:49:30,11,3512915.241873776,2069037.073123797,4888998.733704169,2.166378818334199e-07,46.24409884665737
2026-04-26T12:50:00,11,3512915.3657196485,2069037.103115647,4888999.760659433,2.1742256222261222e-07,46.67997236962951
2026-04-26T12:50:30,11,3512914.800665566,2069037.3815239053,4889001.797182427,2.2004087260374612e-07,46.64007840301802
2026-04-26T12:51:00,11,3512914.695693734,2069037.9149625096,4889004.384693892,2.2366423007351677e-07,47.088350088408724
2026-04-26T12:51:30,11,3512913.771565255,2069038.0914179864,4889004.645203407,2.2251593793703784e-07,46.88153040245601
2026-04-26T12:52:00,11,3512914.103552988,2069038.2663190386,4889006.757145687,2.266553385909612e-07,47.492889785025504
2026-04-26T12:52:30,11,3512913.2320295577,2069038.6472080736,4889008.308859599,2.2821001853563628e-07,47.65424469858517
2026-04-26T12:53:00,11,3512913.043423793,2069039.1613211774,4889010.714393061,2.3138979117629092e-07,48.07460699688889
2026-04-26T12:53:30,11,3512913.3545550103,2069038.924839938,4889012.6938751945,2.351424795446914e-07,48.26976383462785
2026-04-26T12:54:00,11,3512912.3744014986,2069039.3816037197,4889015.421522213,2.3751083676465574e-07,48.70350575401935
2026-04-26T12:54:30,11,3512913.076925676,2069040.2223852973,4889018.2187719755,2.4535952750085815e-07,49.009361612012064
2026-04-26T12:55:00,10,3512917.594487017,2069021.6306384415,4888930.80788662,8.386750381496349e-08,41.67099734101235
2026-04-26T12:55:30,10,3512916.8502931735,2069021.5843300293,4888931.836081279,8.448636559625227e-08,41.65823198715421
2026-04-26T12:56:00,10,3512916.746808165,2069021.7145937989,4888933.8050953215,8.839203800969594e-08,41.70804719012954
2026-04-26T12:56:30,10,3512916.299660992,2069021.1511513502,4888935.67912768,8.991498453677499e-08,42.06308263765588
2026-04-26T12:57:00,10,3512916.3750588973,2069022.0568847496,4888937.187989228,9.359355339218023e-08,42.31226922970872
2026-04-26T12:57:30,10,3512916.147025658,2069022.2794643366,4888939.465431953,9.621609119702147e-08,42.24552703880599
2026-04-26T12:58:00,10,3512916.470213574,2069021.4084484116,4888940.880496227,9.828253156458272e-08,42.49150157681307
2026-04-26T12:58:30,10,3512916.134810177,2069021.7917382966,4888941.813730494,9.938593528166263e-08,43.121293856972365
2026-04-26T12:59:00,10,3512916.230363469,2069022.1317334082,4888944.563755684,1.043156039268935e-07,43.27973964568642
2026-04-26T12:59:30,10,3512915.7022107006,2069022.5966985596,4888947.669095095,1.0908385345643413e-07,43.468819619098824
2026-04-26T13:00:00,10,3512916.2391197197,2069022.5547650277,4888950.081367102,1.1399262691241126e-07,43.397667936018955
2026-04-26T13:00:30,10,3512915.5440093814,2069022.5281543003,4888952.119804587,1.1681403040737379e-07,44.03173359511706
2026-04-26T13:01:00,10,3512916.2907056296,2069022.5257298832,4888955.3849961655,1.230625881297936e-07,44.209875692802306
2026-04-26T13:01:30,9,3512912.7444018717,2069023.1791283817,4888944.191903346,9.918404493222691e-08,46.869386576204725
2026-04-26T13:02:00,9,3512911.8315415042,2069023.42536734,4888944.823844399,9.838791517098157e-08,47.09188020149211
2026-04-26T13:02:30,9,3512911.517326253,2069023.6255006518,4888945.375954287,9.902692840525853e-08,46.8232966435426
2026-04-26T13:03:00,9,3512910.8332490646,2069023.4918974813,4888945.047309298,9.611214733145757e-08,47.51003160411685
2026-04-26T13:03:30,9,3512910.264728438,2069023.6247169368,4888946.546728874,9.811262633141949e-08,47.45313466474256
2026-04-26T13:04:00,9,3512909.6464578137,2069024.7966309187,4888948.268100056,1.012209907714967e-07,47.79142141835505
2026-04-26T13:04:30,9,3512909.470358075,2069024.529765785,4888949.02649622,1.0110002664242509e-07,48.20431686306061
2026-04-26T13:05:00,9,3512908.696025462,2069025.0336164604,4888948.947542292,9.997481915050313e-08,48.14629742138772
2026-04-26T13:05:30,9,3512908.3378403084,2069025.3220475577,4888949.941137428,1.0055247346215668e-07,48.349278780071295
2026-04-26T13:06:00,9,3512907.5759249805,2069025.991427052,4888950.677840442,1.0112500862800605e-07,48.47302862836407
2026-04-26T13:06:30,9,3512907.1994959926,2069025.8858471136,4888951.771497404,1.0150610062523944e-07,48.65481271196197
2026-04-26T13:07:00,9,3512906.7315369137,2069025.6179654035,4888951.952917169,1.0126786183602112e-07,48.86375203765527
2026-04-26T13:07:30,10,3512903.4493348505,2069023.6144457771,4888949.989750233,9.082449109452789e-08,46.81367540559709
2026-04-26T13:08:00,10,3512903.4410472186,2069023.3690091171,4888951.422367422,9.327724247131587e-08,47.06809404393883
2026-04-26T13:08:30,10,3512902.6256418754,2069024.228796739,4888952.402014733,9.372246362571303e-08,47.17856795727713
2026-04-26T13:09:00,10,3512902.2351593957,2069023.9640679103,4888954.096824157,9.55722927862712e-08,47.42263233566881
2026-04-26T13:09:30,10,3512901.8218652797,2069024.2451185642,4888954.336730095,9.542567411029815e-08,47.507254803626566
2026-04-26T13:10:00,10,3512900.9735738174,2069024.817237827,4888954.832577484,9.470771210475357e-08,48.11686322214595
2026-04-26T13:10:30,10,3512900.766935336,2069024.896085986,4888955.563975,9.530840089305747e-08,48.151162173169446
2026-04-26T13:11:00,10,3512900.2357322974,2069024.6606243313,4888955.878291501,9.486559233240645e-08,48.356358529778504
2026-04-26T13:11:30,10,3512899.6466159546,2069024.960252371,4888956.199179779,9.475617213629866e-08,48.38878940780648
2026-04-26T13:12:00,10,3512899.078013935,2069025.42003307,4888958.253208219,9.709277728801548e-08,48.52387790265206
2026-04-26T13:12:30,10,3512898.3307990762,2069025.6071636989,4888958.402305776,9.661821557169972e-08,48.87495687235146
2026-04-26T13:13:00,10,3512897.8622477627,2069025.9437418375,4888960.262605096,9.821677101466192e-08,48.81974791576851
2026-04-26T13:13:30,10,3512897.3227196345,2069026.0764201332,4888961.0087877335,9.882094778110558e-08,49.054200357704005
2026-04-26T13:14:00,10,3512896.753516358,2069026.373010343,4888961.429065316,9.86084231265287e-08,49.3858792812456
2026-04-26T13:14:30,10,3512896.7198660197,2069026.621828267,4888962.927570738,1.0026628314811705e-07,49.78266387067295
2026-04-26T13:15:00,10,3512896.7282067453,2069026.4728032304,4888963.361223232,1.0083129718793605e-07,49.763922453277615
2026-04-26T13:15:30,10,3512896.2504179324,2069026.9986539865,4888964.864021906,1.024546950259883e-07,49.89812970809023
2026-04-26T13:16:00,10,3512895.5690881386,2069027.7053721163,4888965.620790492,1.0356590421936539e-07,50.05877584182812
2026-04-26T13:16:30,10,3512895.0072183553,2069028.0732502325,4888966.85359617,1.045803966905509e-07,50.12787156283012
2026-04-26T13:17:00,10,3512894.920225851,2069028.0805220916,4888968.111562905,1.0668757403179341e-07,50.312870019640464
2026-04-26T13:17:30,10,3512894.4615674033,2069028.3249696742,4888967.97124927,1.0504091168307871e-07,50.55948145209285
2026-04-26T13:18:00,10,3512894.2555848546,2069028.9677958856,4888969.892659273,1.0753310140476639e-07,50.6201330880946
2026-04-26T13:18:30,10,3512893.0802072994,2069029.1078263246,4888969.614287094,1.0584143749859715e-07,50.85965629455303
2026-04-26T13:19:00,10,3512893.5190887246,2069029.5962656308,4888972.206887318,1.1111400584417354e-07,51.17017696002509
2026-04-26T13:19:30,10,3512892.8186396067,2069029.018393419,4888971.920638917,1.0868836051597597e-07,51.186650132653924
2026-04-26T13:20:00,10,3512892.715115903,2069030.0385713808,4888973.234417422,1.1120242255108591e-07,51.16028854881412
2026-04-26T13:20:30,10,3512891.737193874,2069030.4403919794,4888974.105087141,1.113602267263759e-07,51.456211423483204
2026-04-26T13:21:00,10,3512891.459719294,2069030.5012296655,4888974.713601764,1.1194458956428852e-07,51.40462417994275
2026-04-26T13:21:30,10,3512891.4426676156,2069030.9189312207,4888975.610788054,1.1401609504075815e-07,51.76121613754996
2026-04-26T13:22:00,10,3512891.248163905,2069031.9150166798,4888977.825668996,1.163964788624722e-07,51.813135988775265
2026-04-26T13:22:30,10,3512890.3267725515,2069031.6425063196,4888977.064641302,1.1524392981154692e-07,52.029610860862824
2026-04-26T13:23:00,10,3512890.344312349,2069032.322012102,4888978.766302062,1.1796009921886783e-07,52.009524098249884
2026-04-26T13:23:30,10,3512889.7624534066,2069032.3003607693,4888979.171036342,1.1733729173215296e-07,51.93155780445287
2026-04-26T13:24:00,10,3512889.0686292914,2069032.700509949,4888979.9304503715,1.1828625897961126e-07,52.07713134318748
2026-04-26T13:24:30,10,3512888.9608902065,2069033.3629403312,4888981.362288773,1.2087718187331516e-07,52.38247753650808
2026-04-26T13:25:00,10,3512888.420363221,2069033.880335932,4888982.158712601,1.217229965254862e-07,52.63828262739751
2026-04-26T13:25:30,10,3512888.247156799,2069034.1300667669,4888982.871998686,1.2160022275111143e-07,52.63693553617053
2026-04-26T13:26:00,10,3512888.325811497,2069034.5090847546,4888984.196623323,1.2421226387718865e-07,52.68466514688924
2026-04-26T13:26:30,10,3512887.2296319026,2069034.5633988448,4888984.3942880845,1.2350629586023438e-07,52.722222423330805
2026-04-26T13:27:00,10,3512887.6807973846,2069034.8210402678,4888985.985710593,1.2672720417929032e-07,52.91075473834848
2026-04-26T13:27:30,10,3512886.796723133,2069035.1126417494,4888986.624773973,1.266299922423006e-07,53.06548007122673
2026-04-26T13:28:00,10,3512886.3409109227,2069035.5128331648,4888987.077060474,1.2679840458607534e-07,53.12399364855253
2026-04-26T13:28:30,10,3512885.956795848,2069035.509656163,4888986.689358401,1.2475152728916827e-07,52.96545441959231
2026-04-26T13:29:00,10,3512885.965237327,2069036.6287945802,4888988.654531992,1.2898210025720974e-07,53.24668043558787
2026-04-26T13:29:30,10,3512885.2099014274,2069036.464900185,4888989.116861116,1.2795375324629562e-07,53.3736508794717
2026-04-26T13:30:00,10,3512884.2957459055,2069036.8790299762,4888989.066725412,1.2694098346788786e-07,53.37299507239591
2026-04-26T13:30:30,10,3512884.801657839,2069037.6159170782,4888991.038800887,1.3063946282894688e-07,53.5021173547286
2026-04-26T13:31:00,10,3512884.380456056,2069038.0648491718,4888991.624439532,1.314275809379613e-07,53.58322690123583
2026-04-26T13:31:30,10,3512883.704372626,2069037.9119693248,4888991.703007697,1.302910746042279e-07,53.46405789283147
2026-04-26T13:32:00,10,3512883.570710649,2069038.774791547,4888992.0737423,1.3011734452822807e-07,53.70629802816209
2026-04-26T13:32:30,10,3512883.6305369786,2069039.2102002755,4888993.645115991,1.3368083559300054e-07,53.73913952267174
2026-04-26T13:33:00,10,3512882.300537405,2069039.075988503,4888992.2728283545,1.2892996187796714e-07,53.7494540647595
2026-04-26T13:33:30,10,3512882.3790344824,2069039.500800424,4888993.554668203,1.3142884326949745e-07,53.65054470578562
2026-04-26T13:34:00,10,3512881.857925057,2069039.8928868747,4888994.155850382,1.3240674207096452e-07,53.82208108484825
2026-04-26T13:34:30,11,3512882.753082963,2069044.0618075526,4889009.154935764,1.6122021970716495e-07,51.42264962335494
2026-04-26T13:35:00,11,3512882.393359283,2069043.717393709,4889007.797419852,1.582954337853545e-07,51.7151381749057
2026-04-26T13:35:30,11,3512882.3742942093,2069044.0285709775,4889007.040846197,1.559639643156423e-07,51.53537467691157
2026-04-26T13:36:00,11,3512881.119978054,2069044.30955235,4889005.625791059,1.5260560099641948e-07,51.76999452580444
2026-04-26T13:36:30,11,3512880.5639601434,2069044.1693077993,4889005.301474937,1.509937709972938e-07,51.64266723650579
2026-04-26T13:37:00,11,3512880.537299841,2069043.768925165,4889004.056504632,1.48249179062884e-07,51.82598758135688
2026-04-26T13:37:30,11,3512879.6626301464,2069044.0655730984,4889003.700886764,1.4713527223747898e-07,51.86672413571174
2026-04-26T13:38:00,11,3512878.6903271535,2069044.047089738,4889002.5004671775,1.429394218019826e-07,52.010002607200235
2026-04-26T13:38:30,11,3512878.6443309006,2069044.0401255083,4889001.389940633,1.4109986509525732e-07,51.95733418056783
2026-04-26T13:39:00,11,3512878.1412570067,2069044.397133761,4889000.992083077,1.3959868821869918e-07,51.924043914696945
2026-04-26T13:39:30,11,3512878.0488680135,2069044.4498191543,4889000.589140546,1.3872249646599554e-07,51.899780588071984
2026-04-26T13:40:00,11,3512877.513823438,2069044.0479751816,4889000.735269164,1.3821132865499575e-07,51.864308084512516
2026-04-26T13:40:30,11,3512876.5585095356,2069044.5236148045,4888999.538409591,1.3446197301307116e-07,52.123463366075775
2026-04-26T13:41:00,11,3512876.7100100783,2069044.496707925,4889000.240690039,1.357090001512575e-07,52.1601929972013
2026-04-26T13:41:30,11,3512876.031050851,2069044.96370108,4888998.9553214265,1.3302305224158795e-07,52.217183884088335
2026-04-26T13:42:00,11,3512875.739563146,2069044.7005349991,4888998.457992871,1.307132974813271e-07,52.271731443601766
2026-04-26T13:42:30,11,3512874.8715554173,2069044.8156817378,4888998.486572095,1.3010830282951935e-07,52.16050491335183
2026-04-26T13:43:00,11,3512874.944866383,2069044.5752253386,4888998.305465029,1.2826441735719302e-07,52.22805281206636
2026-04-26T13:43:30,11,3512873.8528345097,2069044.707221636,4888997.198469749,1.2604024131405968e-07,52.39249513596361
2026-04-26T13:44:00,11,3512873.9179481864,2069044.7129798953,4888996.79484953,1.2506705598052683e-07,52.470460078708705
2026-04-26T13:44:30,11,3512872.843587563,2069044.9386286582,4888996.220893681,1.2302567903231487e-07,52.32343768858969
2026-04-26T13:45:00,11,3512873.1486244276,2069045.4389891678,4888996.533799262,1.2365745907460278e-07,52.33784314117666
2026-04-26T13:45:30,11,3512872.224059006,2069044.9285151165,4888996.650696643,1.2210123972385332e-07,52.248340388842315
2026-04-26T13:46:00,11,3512871.975668178,2069045.2420994807,4888996.016827376,1.2048377742433523e-07,52.21515904040164
2026-04-26T13:46:30,11,3512872.0804468277,2069045.9019065092,4888996.072572547,1.2054988602211684e-07,52.34770474208507
2026-04-26T13:47:00,11,3512871.726956555,2069045.1585799914,4888996.325117704,1.204712064413057e-07,52.23217576844187
2026-04-26T13:47:30,11,3512871.4327388355,2069045.7880218115,4888995.590753617,1.1907171577666789e-07,52.445657099873834
2026-04-26T13:48:00,11,3512871.0462635485,2069046.1956255084,4888995.961698722,1.1935924326121674e-07,52.34015625529288
2026-04-26T13:48:30,11,3512870.096889034,2069045.6985051255,4888994.543643197,1.151774251712088e-07,52.57797424925314
2026-04-26T13:49:00,11,3512869.5853619287,2069046.3911961745,4888994.246622573,1.1460224337562162e-07,52.36298940167331
2026-04-26T13:49:30,11,3512869.7072529607,2069046.3670763683,4888994.73484109,1.1568399380784078e-07,52.333115505982015
2026-04-26T13:50:00,11,3512869.214461981,2069046.4986263656,4888995.196745256,1.1503165206122262e-07,52.285187914542064
2026-04-26T13:50:30,11,3512869.401385909,2069046.8764526404,4888994.742389681,1.1498910873821034e-07,52.53698568013018
2026-04-26T13:51:00,11,3512868.9732946996,2069046.9221025582,4888994.938287775,1.147499730827255e-07,52.436070518080776
2026-04-26T13:51:30,11,3512868.2752546025,2069047.1660159915,4888994.457663272,1.1296281129328217e-07,52.623720176131556
2026-04-26T13:52:00,11,3512868.127235408,2069047.2129542776,4888994.32812591,1.123197156848026e-07,52.52780999298623
2026-04-26T13:52:30,11,3512867.9357604715,2069047.2969932891,4888995.277979934,1.1385632038591878e-07,52.30534597025098
2026-04-26T13:53:00,11,3512867.5599386855,2069047.7305634485,4888995.033853284,1.1295067263919816e-07,52.35744764932692
2026-04-26T13:53:30,11,3512867.694264619,2069047.1619337464,4888996.096864471,1.1362740673947994e-07,52.31859591946718
2026-04-26T13:54:00,11,3512867.1882562176,2069047.9912381032,4888995.2630932545,1.1165914220787124e-07,52.30859360424476
2026-04-26T13:54:30,11,3512866.5062421975,2069047.7809285296,4888994.630278238,1.0993471655195706e-07,52.4464817444288
2026-04-26T13:55:00,11,3512866.7160432204,2069047.9361080234,4888994.894210332,1.1043084801161288e-07,52.13089905606439
2026-04-26T13:55:30,11,3512866.612936137,2069048.2933967393,4888994.638439397,1.102266944651172e-07,52.17765937850787
2026-04-26T13:56:00,11,3512866.303623368,2069048.0414468632,4888994.357348221,1.0914831163010213e-07,52.20708161706475
2026-04-26T13:56:30,11,3512865.824757836,2069048.247139541,4888994.536753062,1.0821767389175422e-07,52.222417177191076
2026-04-26T13:57:00,11,3512865.621215579,2069048.6639330755,4888993.9539391175,1.0775156650722914e-07,52.2393963692235
2026-04-26T13:57:30,11,3512866.022274222,2069048.20320629,4888994.945238096,1.0934299935665583e-07,52.07902346423061
2026-04-26T13:58:00,11,3512865.511193837,2069048.5310912337,4888995.1464989055,1.083798017666015e-07,51.735880660162884
2026-04-26T13:58:30,11,3512865.014903303,2069048.4701036015,4888995.47822028,1.0866428934528708e-07,51.84093082621291
2026-04-26T13:59:00,11,3512865.2990811025,2069048.5318117454,4888994.825040898,1.0863451326418305e-07,51.682007214517256
2026-04-26T13:59:30,11,3512864.9978542104,2069049.0961723423,4888995.130833027,1.0830896305432041e-07,51.833962855229224
2026-04-26T14:00:00,11,3512865.192617006,2069048.8143199822,4888995.975297451,1.101805956783278e-07,51.684911521031395
2026-04-26T14:00:30,11,3512864.7691712086,2069049.1256604136,4888995.583850972,1.0982010165024957e-07,51.6744865735069
2026-04-26T14:01:00,11,3512865.3121501305,2069049.2456338247,4888996.306290019,1.0973702368045124e-07,51.76687253005442
2026-04-26T14:01:30,12,3512862.9715372957,2069047.0421153496,4888994.692451036,1.03537787991988e-07,49.5334516537167
2026-04-26T14:02:00,12,3512863.0881865593,2069046.973907364,4888995.245812872,1.0427309123003552e-07,49.40721782709031
2026-04-26T14:02:30,13,3512862.7072400856,2069046.0898712906,4888997.236261502,1.0632215560274102e-07,47.5178781793309
2026-04-26T14:03:00,13,3512862.967427915,2069045.9726857413,4888997.058873195,1.0556307827182687e-07,47.36298771053777
2026-04-26T14:03:30,13,3512862.0613216753,2069045.3364242893,4888996.442875354,1.0340404046809722e-07,47.38916743290614
2026-04-26T14:04:00,13,3512861.7961645937,2069045.273534625,4888996.250990733,1.0233909859259583e-07,47.262828680980626
2026-04-26T14:04:30,13,3512861.7333162706,2069045.4765981366,4888996.655153805,1.0205226200453924e-07,47.0417974056661
2026-04-26T14:05:00,13,3512861.4578573373,2069045.2702087697,4888996.083689652,1.0147593190236404e-07,47.23843945252614
2026-04-26T14:05:30,13,3512861.404385061,2069045.6395401692,4888996.768144628,1.0189889631896371e-07,47.175292769936696
2026-04-26T14:06:00,13,3512861.122336457,2069045.2843699572,4888995.570052476,9.910936062297375e-08,47.02055964082437
2026-04-26T14:06:30,13,3512861.6875039362,2069045.1091229834,4888995.529844403,9.940493774963678e-08,47.080411174362716
2026-04-26T14:07:00,13,3512862.038427121,2069044.7151654076,4888995.831553549,9.982412847803949e-08,46.73552883915168
2026-04-26T14:07:30,13,3512862.428230973,2069044.8574221542,4888996.13234639,1.0143944211669769e-07,46.76754091353136
2026-04-26T14:08:00,13,3512862.2268428267,2069044.6529712935,4888996.182258181,1.0127600575922642e-07,46.58689144599994
2026-04-26T14:08:30,12,3512872.1088568764,2069041.8416731409,4889002.662119286,1.2435362328090356e-07,47.70078795433147
2026-04-26T14:09:00,12,3512872.331001258,2069042.1207040856,4889002.58610893,1.2372573770860665e-07,47.86914351752749
2026-04-26T14:09:30,12,3512871.696469847,2069042.2128618408,4889002.007476547,1.2230416331362312e-07,47.8726603212514
2026-04-26T14:10:00,12,3512871.6179591343,2069042.2909329124,4889002.448973517,1.2353452378394553e-07,47.536019635554844
2026-04-26T14:10:30,12,3512870.9763329634,2069042.0606718785,4889002.101007558,1.2166206800558356e-07,47.69252305164159
2026-04-26T14:11:00,12,3512871.5937742484,2069042.7683182405,4889003.19580613,1.2438699899628593e-07,47.5579538806804
2026-04-26T14:11:30,12,3512871.6540283384,2069042.9306054476,4889003.000602302,1.2388540017629876e-07,47.824923199012964
2026-04-26T14:12:00,12,3512871.306049548,2069043.1806953703,4889003.52812806,1.239929604035033e-07,47.57861442251104
2026-04-26T14:12:30,12,3512871.0870250887,2069043.6321017884,4889003.389505148,1.2444212091769528e-07,47.69659599694342
2026-04-26T14:13:00,12,3512871.1356620756,2069043.4277572501,4889003.801491488,1.2435378737877574e-07,47.63325386427527
2026-04-26T14:13:30,12,3512870.8020574916,2069043.4967801077,4889003.902245998,1.2318032136354934e-07,47.286582325511915
2026-04-26T14:14:00,12,3512870.851933508,2069043.83427096,4889004.526434452,1.2464991538135536e-07,47.70098612692878
2026-04-26T14:14:30,12,3512870.49744656,2069044.2717897403,4889003.744968953,1.222804116554993e-07,47.668804629832245
2026-04-26T14:15:00,12,3512870.600660772,2069044.4984713036,4889005.158457856,1.2499954779058214e-07,47.64242838145133
2026-04-26T14:15:30,12,3512870.6913595684,2069044.578709978,4889004.769569409,1.240827978557123e-07,47.4116659501033
2026-04-26T14:16:00,12,3512870.2598312926,2069044.650597913,4889004.81501648,1.2341025340442015e-07,47.26971322716983
2026-04-26T14:16:30,12,3512870.2593071307,2069045.1556279038,4889005.3268927485,1.2460578383261523e-07,47.32159630445803
2026-04-26T14:17:00,12,3512870.104703738,2069045.2034396818,4889005.511664395,1.248823055408277e-07,47.38982825098422
2026-04-26T14:17:30,12,3512870.660318079,2069045.30978149,4889005.692797476,1.2533723890300234e-07,47.32343129213704
2026-04-26T14:18:00,12,3512870.9245967986,2069045.2645599972,4889005.783523286,1.2667154760966497e-07,47.46166861940015
2026-04-26T14:18:30,12,3512870.322077227,2069045.955560996,4889005.792024497,1.2532580814086776e-07,47.26930696470681
2026-04-26T14:19:00,12,3512871.4025783874,2069046.2053856137,4889006.806652901,1.2833765310490035e-07,47.32960200740121
2026-04-26T14:19:30,12,3512871.178000403,2069046.182209095,4889007.113230561,1.2913176738365748e-07,47.10735081647076
2026-04-26T14:20:00,12,3512871.6699236543,2069046.0550366638,4889007.469532718,1.2975202319027728e-07,47.051125965373124
2026-04-26T14:20:30,12,3512871.6581653133,2069046.6106075419,4889007.675659805,1.3030670160362734e-07,47.19359865694905
2026-04-26T14:21:00,12,3512871.404048162,2069047.0202264725,4889007.722858212,1.3095937117174239e-07,47.23311961697437
2026-04-26T14:21:30,12,3512872.151967939,2069046.9874844386,4889008.103069174,1.3177491234805727e-07,47.01700332234352
2026-04-26T14:22:00,12,3512873.1950399033,2069047.8249062777,4889008.9746103035,1.3364508466857707e-07,47.21543246370883
2026-04-26T14:22:30,12,3512872.5512546357,2069047.2263039304,4889008.790331474,1.3440105158446805e-07,47.03248291724457
2026-04-26T14:23:00,12,3512873.430724759,2069047.884073951,4889009.866860641,1.3703501870653455e-07,46.848097981998315
2026-04-26T14:23:30,12,3512873.08901765,2069047.768411131,4889009.450881493,1.3562315106549866e-07,46.99847525078399
2026-04-26T14:24:00,12,3512873.3452722393,2069047.9540684898,4889009.630840502,1.3688124410250134e-07,46.93986030237532
2026-04-26T14:24:30,12,3512874.0917546726,2069048.1807770536,4889009.751396787,1.3821224750905454e-07,46.8353300374565
2026-04-26T14:25:00,12,3512874.56226555,2069048.778448883,4889010.380422317,1.3989572884719308e-07,46.95395783516365
2026-04-26T14:25:30,12,3512874.2626111,2069048.8494480103,4889009.9550767215,1.3921261990789762e-07,46.92108149128241
2026-04-26T14:26:00,12,3512875.928816703,2069049.1394180758,4889010.929045703,1.4264130238507835e-07,46.96901865463514
2026-04-26T14:26:30,12,3512876.553586784,2069049.3969928182,4889011.707859134,1.4523579852622141e-07,46.97510157362585
2026-04-26T14:27:00,11,3512856.094297803,2069047.5044473328,4889006.730471061,1.0821762224290389e-07,47.38172969670415
2026-04-26T14:27:30,11,3512856.294751531,2069047.6204660921,4889006.517294918,1.0783408481932668e-07,47.35123416925174
2026-04-26T14:28:00,11,3512856.3374931826,2069047.8602633758,4889006.520187936,1.088138056230358e-07,47.27746883572721
2026-04-26T14:28:30,11,3512856.432026203,2069047.8067014802,4889006.595734783,1.0916352181146241e-07,47.12931349741712
2026-04-26T14:29:00,11,3512856.2338739983,2069047.886467414,4889007.2208149275,1.0994063977349644e-07,47.04572475254139
2026-04-26T14:29:30,11,3512856.351515037,2069047.996095543,4889007.000180296,1.0996095832568686e-07,46.875871392736485
2026-04-26T14:30:00,11,3512856.6502193287,2069048.2947806458,4889007.558552046,1.1136150641392577e-07,47.05443894391367
2026-04-26T14:30:30,11,3512856.3818742065,2069048.2887836846,4889007.378471808,1.1161661381895351e-07,46.78394765088743
2026-04-26T14:31:00,11,3512856.4288917123,2069048.3009598476,4889007.238201761,1.1131346564222759e-07,46.58168999106299
2026-04-26T14:31:30,11,3512855.873444814,2069048.2929118816,4889007.07646039,1.1035694796184984e-07,46.82528465656121
2026-04-26T14:32:00,11,3512855.623120597,2069048.1406553762,4889007.335864928,1.1076701536366852e-07,46.74200980654937
2026-04-26T14:32:30,11,3512855.7837851834,2069048.4072030147,4889006.95294934,1.1046288318838962e-07,46.5931262309522
2026-04-26T14:33:00,11,3512855.0792875835,2069048.461557226,4889007.157527169,1.1060509770222929e-07,46.44782856072389
2026-04-26T14:33:30,11,3512854.6600666507,2069048.3853557385,4889006.9845674075,1.0965382702002233e-07,46.50365492491193
2026-04-26T14:34:00,11,3512855.2025361108,2069048.7130838495,4889007.327084283,1.1139767184617329e-07,46.20754274923116
2026-04-26T14:34:30,11,3512855.2420489504,2069048.5548600696,4889007.49827439,1.1162528253270565e-07,46.25783295344583
2026-04-26T14:35:00,11,3512855.614485849,2069048.6736162624,4889007.903417295,1.1265542264553726e-07,46.30154591589702
2026-04-26T14:35:30,11,3512855.0094291675,2069048.8130073748,4889007.847028322,1.1239268161678975e-07,46.12421089583206
2026-04-26T14:36:00,11,3512854.7570468457,2069048.9699499104,4889007.527739486,1.1216139150741451e-07,46.00909890535682
2026-04-26T14:36:30,11,3512855.1658565225,2069048.8325647207,4889008.207806231,1.1464333945951362e-07,45.6101977809932
2026-04-26T14:37:00,11,3512854.7848573653,2069049.0667899079,4889008.284972887,1.1473007515819193e-07,45.917186441432605
2026-04-26T14:37:30,11,3512854.352234083,2069049.0723094835,4889008.126103052,1.1419157869113587e-07,45.733369831232466
2026-04-26T14:38:00,11,3512854.8680753955,2069049.2609154608,4889008.506616776,1.15407261717907e-07,45.50353920825567
2026-04-26T14:38:30,11,3512854.806444869,2069049.3508178992,4889008.728557708,1.1590673081803059e-07,45.269501740860775
2026-04-26T14:39:00,11,3512854.068387657,2069048.934359508,4889007.678371418,1.1392525234985683e-07,45.73561116046696
2026-04-26T14:39:30,12,3512862.8194458373,2069047.0283423807,4889028.120152964,1.5926040170455495e-07,45.47547139307176
2026-04-26T14:40:00,12,3512862.4437795565,2069047.3818965557,4889027.543098176,1.5871573928299417e-07,45.20766342447844
2026-04-26T14:40:30,12,3512862.548403605,2069047.992302306,4889026.439687479,1.584817312932076e-07,45.04345841172056
2026-04-26T14:41:00,12,3512861.3962756475,2069047.1514184352,4889025.452610426,1.5446761413267403e-07,44.41145419073943
2026-04-26T14:41:30,12,3512860.9963157335,2069047.9562736477,4889023.993146947,1.5243237180040534e-07,44.68161170263335
2026-04-26T14:42:00,12,3512860.061335936,2069048.0074862319,4889023.821120592,1.5148525258502353e-07,44.048123255488186
2026-04-26T14:42:30,12,3512859.5101701384,2069048.2214229258,4889022.681938533,1.4915045351526378e-07,43.99556083100337
2026-04-26T14:43:00,12,3512859.008901085,2069048.079586742,4889022.578789488,1.4812882984526122e-07,43.92884300800119
2026-04-26T14:43:30,12,3512859.055748876,2069048.6243310736,4889021.492734073,1.4784612713278967e-07,43.58080509819261
2026-04-26T14:44:00,12,3512858.5193297183,2069048.4847284004,4889021.21168828,1.4638132943199027e-07,43.290082681024224
2026-04-26T14:44:30,12,3512858.2137384135,2069048.4275813585,4889020.836536384,1.4625336544280355e-07,43.12152380487672
2026-04-26T14:45:00,12,3512858.3049940723,2069049.0435492443,4889020.4013527855,1.4664715517149546e-07,43.095495865460045
2026-04-26T14:45:30,12,3512858.042939136,2069048.8984135664,4889020.276533182,1.469443883788135e-07,42.647843317991985
2026-04-26T14:46:00,12,3512857.4623701707,2069049.0050785441,4889019.972456272,1.4625528214911822e-07,42.40406745292887
2026-04-26T14:46:30,12,3512856.402610582,2069048.892873312,4889019.4688343825,1.444100545641202e-07,42.433872082136425
2026-04-26T14:47:00,12,3512856.055354059,2069048.6552074172,4889019.155439333,1.435211615939022e-07,42.18017054317907
2026-04-26T14:47:30,12,3512856.5115074622,2069049.0166838658,4889019.19392726,1.449635087750311e-07,41.96609869810477
2026-04-26T14:48:00,12,3512856.25777029,2069049.3804420289,4889018.778500443,1.447041896729689e-07,41.897470047482834
2026-04-26T14:48:30,12,3512855.582975282,2069049.5841149644,4889019.115108504,1.453478437180831e-07,41.54515891433308
2026-04-26T14:49:00,12,3512855.823207564,2069049.4023223578,4889018.642909368,1.448025759722524e-07,41.08875482220569
2026-04-26T14:49:30,12,3512855.456999356,2069049.6228404087,4889019.220668933,1.4645138407557719e-07,40.94116387345271
2026-04-26T14:50:00,12,3512855.319883668,2069049.9002747436,4889019.307039102,1.4629108475246072e-07,40.848328112562434
2026-04-26T14:50:30,12,3512855.6254298617,2069049.9387755238,4889019.7401920315,1.4910176278893386e-07,40.3307098620832
2026-04-26T14:51:00,12,3512854.2659358555,2069049.9497138814,4889019.709919149,1.4771399696112183e-07,40.219411300807934
2026-04-26T14:51:30,12,3512854.3428436588,2069050.3282885784,4889020.309917399,1.4962542652580494e-07,40.187708948405096
2026-04-26T14:52:00,12,3512854.27599743,2069050.3746695311,4889020.248544796,1.5028697641973428e-07,39.64527804246226
2026-04-26T14:52:30,12,3512853.96107407,2069050.716311072,4889020.836521485,1.5197932680053214e-07,39.43261727946135
2026-04-26T14:53:00,12,3512853.7973320843,2069051.2032161474,4889021.593900073,1.5400664438495171e-07,39.037348958580445
2026-04-26T14:53:30,12,3512853.6862630374,2069051.2573742545,4889022.116620189,1.5623585988907039e-07,38.77233750727744
2026-04-26T14:54:00,12,3512852.9049909054,2069051.3949858628,4889022.738834993,1.5737717485961842e-07,38.628915173024346
2026-04-26T14:54:30,12,3512853.335716259,2069051.8386812515,4889024.016780168,1.60203468831136e-07,37.88115115787347
2026-04-26T14:55:00,12,3512853.149459356,2069052.0822528645,4889024.222221613,1.6138180085871395e-07,37.6179434043078
2026-04-26T14:55:30,12,3512853.1681955894,2069052.2976468734,4889025.956349426,1.6493203786568735e-07,37.111346550744535
2026-04-26T14:56:00,12,3512853.1220630896,2069052.3442587252,4889027.567599747,1.6824153709044003e-07,36.62975422630139
2026-04-26T14:56:30,12,3512853.257707407,2069053.4878510658,4889029.620848341,1.7310906524939815e-07,36.20413008777439
2026-04-26T14:57:00,12,3512853.0174194165,2069053.5245310096,4889031.052259739,1.758225689754304e-07,35.34150717728006
2026-04-26T14:57:30,11,3512849.91240748,2069055.4792291431,4889059.557200433,2.2109535053698552e-07,31.647846193670375
2026-04-26T14:58:00,10,3512845.5476156506,2069049.1545313576,4889052.891025308,2.0061193007112923e-07,32.40712692569524
2026-04-26T14:58:30,10,3512844.6903623953,2069049.0668705688,4889052.565778932,1.9988618742982077e-07,32.502079958896694
2026-04-26T14:59:00,10,3512845.0476616207,2069049.2774757016,4889051.731175517,1.9907251857736037e-07,32.4570848763359
2026-04-26T14:59:30,10,3512844.6187075237,2069048.953199132,4889052.302051511,2.010483697309584e-07,32.54832971235932
2026-04-26T15:00:00,10,3512845.1970794383,2069049.3329686897,4889052.836371401,2.0288556411841043e-07,32.422237833106294
2026-04-26T15:00:30,10,3512845.1523301275,2069049.3652994835,4889052.176354373,2.0324443724919523e-07,32.585894132847955
2026-04-26T15:01:00,10,3512844.9614392873,2069049.2163906377,4889052.066197544,2.0380914515466662e-07,32.61505363999426
2026-04-26T15:01:30,10,3512844.7470644326,2069049.491988903,4889052.090953043,2.0457301758007174e-07,32.701831946190275
2026-04-26T15:02:00,10,3512846.127408838,2069049.6599111797,4889052.397457716,2.0695334490966565e-07,32.499226434245415
2026-04-26T15:02:30,10,3512844.834612137,2069049.8479307585,4889052.1896802215,2.0619955487005978e-07,32.787212200244994
2026-04-26T15:03:00,10,3512845.52847025,2069050.0829779627,4889051.875516203,2.0731650259724396e-07,32.774687290224925
2026-04-26T15:03:30,10,3512845.934151269,2069050.6095508784,4889051.844035159,2.086210491024747e-07,32.81449060429485
2026-04-26T15:04:00,10,3512846.0791483806,2069050.4381291512,4889051.379898638,2.0914780622125416e-07,32.76954217511476
2026-04-26T15:04:30,10,3512846.588604433,2069050.8429072741,4889051.892270252,2.1138105995342334e-07,33.01698128991557
2026-04-26T15:05:00,10,3512846.133392365,2069050.4710642844,4889052.376581011,2.1205891028915052e-07,32.86531376765674
2026-04-26T15:05:30,11,3512857.572434611,2069029.8172914893,4888984.574993746,9.929509573119995e-08,53.671064019538555
2026-04-26T15:06:00,11,3512857.4457494053,2069029.5436949495,4888983.690375281,9.773825636172813e-08,53.74382684395923
2026-04-26T15:06:30,11,3512857.4832680463,2069029.1778615504,4888982.400550979,9.587611851823613e-08,54.24212997412101
2026-04-26T15:07:00,11,3512858.924038895,2069029.3814236184,4888981.50752963,9.645061593374171e-08,54.28256809730323
2026-04-26T15:07:30,11,3512858.805578889,2069029.5602427109,4888981.412021128,9.695657646295303e-08,55.13182801021567
2026-04-26T15:08:00,11,3512859.6154059297,2069029.8821642322,4888980.84898796,9.798705514364189e-08,55.53282839552926
2026-04-26T15:08:30,11,3512859.879309301,2069029.6179027592,4888980.531122394,9.80575190649191e-08,56.0076945292019
2026-04-26T15:09:00,11,3512861.102900341,2069029.7658660111,4888979.894891446,9.834138798750163e-08,56.470433228632146
2026-04-26T15:09:30,11,3512861.6583300536,2069029.9936957376,4888979.760394512,1.0000591163646254e-07,56.515990402296794
2026-04-26T15:10:00,12,3512898.5950796637,2069053.106989333,4888990.610402854,1.8364083995194962e-07,59.88426917082641
2026-04-26T15:10:30,12,3512897.672629657,2069052.7995287923,4888989.69076497,1.8145011346889257e-07,59.61354157039625
2026-04-26T15:11:00,12,3512897.6906600683,2069052.7389569331,4888989.350756006,1.8159300780051612e-07,59.622021802957086
2026-04-26T15:11:30,12,3512897.107693692,2069052.2028815974,4888989.131948272,1.7992088796737624e-07,59.51527708676141
2026-04-26T15:12:00,12,3512896.185041018,2069051.8314546733,4888987.671749987,1.77415760545359e-07,59.970112698350285
2026-04-26T15:12:30,12,3512896.761959184,2069051.9836323522,4888988.112490016,1.7939987053922804e-07,59.820169467743895
2026-04-26T15:13:00,12,3512895.572865953,2069051.1732889502,4888985.945924192,1.7528587460241866e-07,60.335742222041866
2026-04-26T15:13:30,12,3512896.771196194,2069051.9821023918,4888986.82397831,1.7901585923124596e-07,59.77333224203517
2026-04-26T15:14:00,12,3512896.488235498,2069051.5482429564,4888986.197458361,1.7816440359531205e-07,60.17579934495652
2026-04-26T15:14:30,12,3512896.291898236,2069051.833284229,4888986.027039637,1.7806391230690325e-07,60.30889989383136
2026-04-26T15:15:00,12,3512895.3809136814,2069051.5389547108,4888985.451474394,1.7587385466371758e-07,60.35884165979419
2026-04-26T15:15:30,12,3512896.1823844016,2069051.8632918675,4888985.449245569,1.7773428245712302e-07,60.214681804454166
2026-04-26T15:16:00,12,3512895.8130738484,2069052.0921871876,4888984.91893834,1.7710902152595587e-07,60.6624437037964
2026-04-26T15:16:30,12,3512895.7509077373,2069051.936363673,4888984.880410934,1.7796107409152706e-07,60.279167441994595
2026-04-26T15:17:00,12,3512896.6709813736,2069051.7961438408,4888983.786433695,1.7713288838657109e-07,60.254790377327325
2026-04-26T15:17:30,12,3512896.1625239425,2069051.88642771,4888983.78178472,1.780899386197531e-07,60.357038555100075
2026-04-26T15:18:00,12,3512896.2396297157,2069052.5333946508,4888984.257283885,1.7983767859999332e-07,60.340954038637605
2026-04-26T15:18:30,12,3512896.236457969,2069052.1382512506,4888984.40659708,1.805324686093038e-07,60.860601263690526
2026-04-26T15:19:00,12,3512896.8618429867,2069052.6337189747,4888984.353593635,1.823359412318476e-07,60.64832865051185
2026-04-26T15:19:30,12,3512896.4949485576,2069052.7222508616,4888983.621843622,1.8170797796735525e-07,60.71563315889064
2026-04-26T15:20:00,12,3512896.6076781177,2069052.7400040799,4888983.956041947,1.8342948340782648e-07,60.8465212569292
2026-04-26T15:20:30,12,3512897.1841441263,2069053.5932229133,4888983.931279698,1.8446110291722712e-07,61.00820170615624
2026-04-26T15:21:00,12,3512897.587102433,2069053.9645609695,4888983.939003304,1.8637627735533636e-07,61.12998873787021
2026-04-26T15:21:30,12,3512897.0775031196,2069053.9788323815,4888983.784407714,1.8681476082025567e-07,61.028529021068245
2026-04-26T15:22:00,12,3512897.743999601,2069054.3727723046,4888984.122825547,1.8959431164759265e-07,61.31014677493791
2026-04-26T15:22:30,12,3512898.0639059027,2069055.1239110979,4888983.921904208,1.906225193845213e-07,61.470680248417096
2026-04-26T15:23:00,12,3512898.463077834,2069055.1813359673,4888983.747559888,1.914703272525907e-07,61.54052477915402
2026-04-26T15:23:30,12,3512898.5866606636,2069055.8662235385,4888984.253500555,1.9398622710074735e-07,61.57136118989151
2026-04-26T15:24:00,12,3512899.2801275277,2069056.1125035738,4888984.026966243,1.9535257542663182e-07,61.48686137920518
2026-04-26T15:24:30,12,3512899.3135329806,2069056.9232705708,4888984.2798933685,1.9710223171692374e-07,61.682243712656515
2026-04-26T15:25:00,11,3512897.106153232,2069051.363312257,4888980.300832182,1.8396470846432532e-07,64.21635215168047
2026-04-26T15:25:30,11,3512896.451169471,2069051.304255106,4888979.868361077,1.838391849119865e-07,64.38875485326244
2026-04-26T15:26:00,11,3512896.7608351773,2069051.6455744915,4888979.569063448,1.845335478043937e-07,64.68632604925558
2026-04-26T15:26:30,11,3512897.739925826,2069051.9471389665,4888979.801713013,1.8806501359069095e-07,64.37686491757906
2026-04-26T15:27:00,11,3512897.362827586,2069051.7419577441,4888979.543193737,1.8784742448914538e-07,64.76600763684108
2026-04-26T15:27:30,11,3512897.112868476,2069051.843166166,4888979.142622199,1.8741929515951767e-07,64.81282195491899
2026-04-26T15:28:00,11,3512897.4950354225,2069051.6711857226,4888979.168566777,1.885094844667091e-07,64.46264555905866
2026-04-26T15:28:30,11,3512897.8467302183,2069051.8857041635,4888979.039788759,1.89584934777724e-07,65.0229183625511
2026-04-26T15:29:00,11,3512897.772472572,2069051.4226190464,4888978.8126613,1.8976706240355412e-07,65.33736052375096
2026-04-26T15:29:30,11,3512897.9975457503,2069051.7370266137,4888979.299358199,1.918469512385697e-07,65.18051600327328
2026-04-26T15:30:00,11,3512897.87065172,2069052.0343229983,4888978.765588578,1.9268325382538921e-07,65.10771225849136
2026-04-26T15:30:30,11,3512897.158958485,2069051.348789288,4888978.090230994,1.9074947388893996e-07,65.15364015515816
2026-04-26T15:31:00,11,3512898.4131688657,2069051.465303194,4888977.021734631,1.9127568788334867e-07,65.12808082843306
2026-04-26T15:31:30,11,3512898.4753693864,2069051.6862893545,4888978.198549513,1.9431524877273477e-07,64.90887017811822
2026-04-26T15:32:00,11,3512898.4352104818,2069051.6904496197,4888978.037765414,1.9420529402015848e-07,65.35438759498189
2026-04-26T15:32:30,11,3512898.7389270524,2069051.4077990614,4888977.46842101,1.94734592189495e-07,65.29318774027132
2026-04-26T15:33:00,11,3512899.7334044334,2069052.1470473255,4888979.024752344,1.999916050320011e-07,65.36402892114194
2026-04-26T15:33:30,11,3512899.4504090734,2069051.7554759593,4888977.603983613,1.970909094476036e-07,64.91629131229372
2026-04-26T15:34:00,11,3512899.7489906573,2069051.4971991847,4888977.226283858,1.9912012024208475e-07,65.1058709282763
2026-04-26T15:34:30,11,3512900.9144178256,2069052.4391387962,4888978.8830638975,2.0408901914547125e-07,65.43530404488857
2026-04-26T15:35:00,11,3512900.340712345,2069051.82139567,4888978.478685761,2.0289473499658062e-07,65.51021814653778
2026-04-26T15:35:30,11,3512900.922363457,2069052.4908132413,4888977.757393412,2.0470205142844756e-07,65.4056798867986
2026-04-26T15:36:00,11,3512901.6177741406,2069052.4217410984,4888978.8451023055,2.0804969001737093e-07,65.77816852149655
2026-04-26T15:36:30,11,3512901.878309215,2069052.2031229816,4888978.463947994,2.07928857795271e-07,65.40382774927485
2026-04-26T15:37:00,11,3512902.4707027813,2069052.3071217223,4888979.399873441,2.101039324328332e-07,65.70375384123652
2026-04-26T15:37:30,11,3512902.47170112,2069052.521837317,4888978.920650172,2.1088040020268552e-07,65.8640110395019
2026-04-26T15:38:00,11,3512903.225559383,2069052.4694805667,4888979.551279809,2.1337461858414585e-07,65.83225612984177
2026-04-26T15:38:30,11,3512903.7906135363,2069053.2393877963,4888980.318252809,2.1731201454152514e-07,65.5811554597936
2026-04-26T15:39:00,11,3512903.4993841373,2069052.9431643342,4888979.971246482,2.1756746575323538e-07,65.7046894834254
2026-04-26T15:39:30,11,3512904.3773056217,2069052.5464019687,4888980.234917547,2.1946308331067895e-07,65.8689551606808
2026-04-26T15:40:00,11,3512905.118026362,2069053.058594631,4888980.847993115,2.2267774550027545e-07,65.51879973359793
2026-04-26T15:40:30,11,3512906.057295416,2069053.309476915,4888982.031817923,2.262001571029803e-07,65.62174509287848
2026-04-26T15:41:00,11,3512906.731759437,2069053.411704167,4888982.705044104,2.2984588792352825e-07,65.78601434579153
2026-04-26T15:41:30,11,3512907.3292592643,2069053.5471102484,4888983.191032898,2.3172245435336771e-07,65.60472784899154
2026-04-26T15:42:00,11,3512908.817285531,2069053.7856745818,4888984.330924816,2.3727441358384033e-07,65.31340650341599
2026-04-26T15:42:30,11,3512909.5649129897,2069054.8375505386,4888985.679174648,2.418399254993442e-07,65.68755231802623
2026-04-26T15:43:00,11,3512910.2010321515,2069054.1678044617,4888986.216057569,2.4388988024148617e-07,65.64667397206776
2026-04-26T15:43:30,11,3512911.411072666,2069054.4583677428,4888987.61702737,2.491276296439999e-07,65.58285619947095
2026-04-26T15:44:00,10,3512981.8172747293,2069052.626011772,4889035.84563129,4.221717353606597e-07,55.347782170929506
2026-04-26T15:44:30,10,3512983.266199537,2069052.9768159997,4889035.936420626,4.2455801812621166e-07,55.712590087996844
2026-04-26T15:45:00,10,3512983.6723994543,2069053.0515995405,4889037.189963755,4.275421653661453e-07,55.754501875905135
2026-04-26T15:45:30,10,3512983.9456249103,2069053.6878753498,4889038.431304124,4.3212863133409415e-07,56.20044768836012
2026-04-26T15:46:00,10,3512984.5109844534,2069054.0411759808,4889040.069248399,4.359087244952297e-07,56.30944390880327
2026-04-26T15:46:30,10,3512985.7084910953,2069054.959146098,4889042.097758898,4.419731024393836e-07,56.83257960034992
2026-04-26T15:47:00,10,3512986.082801292,2069055.5711332702,4889044.729230804,4.4698846215672596e-07,57.068529088167615
2026-04-26T15:47:30,10,3512986.9137704885,2069056.1480040539,4889046.175319655,4.5199354704763217e-07,57.250785774479
2026-04-26T15:48:00,10,3512987.6466149446,2069056.723166416,4889048.010485186,4.575129695314742e-07,58.02275575709599
2026-04-26T15:48:30,10,3512989.1895147283,2069057.7341476874,4889050.7600439,4.657339314431388e-07,58.61631286368397
2026-04-26T15:49:00,10,3512990.469649924,2069058.885111239,4889055.439933586,4.7542737301827433e-07,59.41216830485701
2026-04-26T15:49:30,9,3512959.6142363385,2069027.0975636833,4888922.793639765,2.022456058338189e-07,41.40764751758532
2026-04-26T15:50:00,9,3512959.335378757,2069027.1239247574,4888922.821993734,2.0261792224854896e-07,41.70055415246477
2026-04-26T15:50:30,9,3512959.1053934935,2069026.9184440316,4888921.588301049,2.0082718586560175e-07,41.8640198782328
2026-04-26T15:51:00,9,3512959.388219013,2069026.513537738,4888921.113570941,2.008555130011743e-07,42.35890542253431
2026-04-26T15:51:30,9,3512958.3267988926,2069026.9508836493,4888920.596947896,2.0037632275424975e-07,42.33862625524994
2026-04-26T15:52:00,9,3512958.341352048,2069026.529206988,4888919.709802585,2.0001106111394082e-07,42.486081807781055
2026-04-26T15:52:30,9,3512958.0233506714,2069026.7827999103,4888919.809224128,2.002994707888724e-07,42.61397000330016
2026-04-26T15:53:00,9,3512957.60742162,2069026.6485631182,4888919.006508066,2.0040797671199543e-07,42.87825640428554
2026-04-26T15:53:30,9,3512957.595903809,2069027.0042237705,4888918.518596583,2.0011983206718773e-07,43.053221821902525
2026-04-26T15:54:00,9,3512956.3507412756,2069026.5512419578,4888917.825612111,1.9789423476061742e-07,43.0919258167375
2026-04-26T15:54:30,9,3512957.005890145,2069027.0589620513,4888918.318907233,2.0108129031124987e-07,43.464269514980124
2026-04-26T15:55:00,9,3512956.6066034744,2069026.6898230202,4888918.101169158,2.0131757057789054e-07,43.320713072626525
2026-04-26T15:55:30,9,3512955.5291156364,2069025.931625816,4888916.531347852,1.9682401331790066e-07,43.83526222850742
2026-04-26T15:56:00,9,3512956.263694567,2069026.8319270825,4888917.3825841695,2.007916024320876e-07,43.88667605467832
2026-04-26T15:56:30,9,3512955.0444808262,2069026.380124858,4888916.183324793,1.9773827267920052e-07,43.895728129822764
2026-04-26T15:57:00,9,3512954.980040359,2069026.6796931033,4888915.8384701405,1.981151167394109e-07,44.14415824226633
2026-04-26T15:57:30,9,3512955.2848527897,2069026.9439536699,4888915.893404709,1.9977693642189526e-07,44.23832326255772
2026-04-26T15:58:00,9,3512955.0888559185,2069027.3533364374,4888915.409854823,1.9994811171407073e-07,44.78540032635043
2026-04-26T15:58:30,9,3512954.2124364413,2069027.18050167,4888915.215051874,1.9913349154817232e-07,44.7683249390573
2026-04-26T15:59:00,9,3512954.868131165,2069026.7982813339,4888914.09874805,1.98842155886096e-07,44.71134586833444
2026-04-26T15:59:30,9,3512954.189608829,2069027.0255237913,4888913.551098202,1.98116337735786e-07,45.09714942396776
2026-04-26T16:00:00,9,3512954.3200026946,2069027.1870119034,4888913.913313609,1.9921984072390793e-07,45.441699952150124
2026-04-26T16:00:30,9,3512954.262009462,2069027.5891723312,4888913.347614437,1.992205805672692e-07,45.58976198354771
2026-04-26T16:01:00,9,3512953.962453568,2069027.6566145285,4888913.288694946,1.9991235179085947e-07,45.70129689060913
2026-04-26T16:01:30,9,3512953.628657332,2069027.5643905804,4888912.301598024,1.9891608678061508e-07,45.77038290894569
2026-04-26T16:02:00,9,3512953.426084754,2069027.790004076,4888912.403388567,1.9959834141233162e-07,45.93370572709165
2026-04-26T16:02:30,9,3512953.25074768,2069027.80426776,4888912.292446487,2.002608149542458e-07,46.378762841630184
2026-04-26T16:03:00,9,3512953.2003764296,2069028.0355768236,4888912.75258308,2.029674803326208e-07,46.75114063992638
2026-04-26T16:03:30,9,3512952.3023041277,2069028.3476933448,4888912.755275908,2.0124241129657724e-07,46.90393469553838
2026-04-26T16:04:00,10,3512932.5702265054,2069019.6221779373,4888895.150880647,1.3950779700503247e-07,45.802943433626076
2026-04-26T16:04:30,10,3512932.639574294,2069020.1142588418,4888896.08986662,1.425763953070947e-07,45.81822849592541
2026-04-26T16:05:00,10,3512932.0392535743,2069019.466892715,4888895.697635152,1.406343663780438e-07,45.992229929156295
2026-04-26T16:05:30,10,3512931.3589181933,2069019.5322804477,4888893.719872286,1.3840904050478938e-07,46.424358432960425
2026-04-26T16:06:00,10,3512931.4023383046,2069019.7245343647,4888894.010704484,1.395008932425824e-07,46.1775251206452
2026-04-26T16:06:30,10,3512931.2523459415,2069019.6227432182,4888893.868159842,1.392568500291342e-07,46.70807432270946
2026-04-26T16:07:00,10,3512930.7627619477,2069019.3399488204,4888893.7645768635,1.3882965642448148e-07,46.828983192112524
2026-04-26T16:07:30,10,3512930.0026005236,2069019.4057620512,4888892.398242354,1.3630329735141842e-07,47.08495723675961
2026-04-26T16:08:00,10,3512929.8719425234,2069019.049734586,4888893.11578391,1.378441739333672e-07,46.957918010725265
2026-04-26T16:08:30,9,3512951.112063555,2069029.1426940553,4888910.658836579,2.043144744137862e-07,48.72801815662626
2026-04-26T16:09:00,9,3512951.266291278,2069029.2732466112,4888911.294764433,2.0580275509797497e-07,48.96680873614992
2026-04-26T16:09:30,9,3512951.404393768,2069030.0480058256,4888912.382306284,2.0884560521000958e-07,49.2909037468039
2026-04-26T16:10:00,9,3512951.1765376194,2069030.252358363,4888911.644196005,2.0859589354099632e-07,49.56074045590805
2026-04-26T16:10:30,9,3512951.379832515,2069030.542875496,4888911.871552592,2.1007704465493923e-07,49.520649757284474
2026-04-26T16:11:00,9,3512951.097509782,2069030.6617376453,4888912.908699029,2.123795606162164e-07,49.58653011260522
2026-04-26T16:11:30,9,3512951.8147484204,2069030.9415672454,4888913.046646912,2.1382483040457612e-07,49.57789113599713
2026-04-26T16:12:00,9,3512950.9526607348,2069031.0172274397,4888912.831287027,2.125090369465231e-07,50.052918960159985
2026-04-26T16:12:30,9,3512951.686613156,2069031.6011827146,4888913.518764745,2.1614487965017862e-07,50.255501406916856
2026-04-26T16:13:00,10,3512928.8462311467,2069020.7783461963,4888893.664215507,1.4418542371976242e-07,49.13265176125725
2026-04-26T16:13:30,10,3512928.3804956228,2069020.506589999,4888894.223318527,1.44806312400621e-07,49.497928149704855
2026-04-26T16:14:00,10,3512928.2805622737,2069020.8669296636,4888894.385983793,1.4457364201059612e-07,49.52810409449853
2026-04-26T16:14:30,10,3512928.5881863288,2069021.1523221913,4888895.171000546,1.4802915455018076e-07,49.995825096014954
2026-04-26T16:15:00,9,3512950.9381955387,2069032.9575753468,4888915.136898531,2.2102771382774932e-07,51.30472494888244
2026-04-26T16:15:30,9,3512951.0248922505,2069033.086718546,4888916.208050216,2.2332277345215097e-07,51.32514302053685
2026-04-26T16:16:00,11,3512927.051465331,2069019.1146471389,4888886.614105653,1.3149157090984896e-07,48.108276070673945
2026-04-26T16:16:30,11,3512926.0914636953,2069018.6260485894,4888884.255116392,1.2717902745526348e-07,48.23157861979401
2026-04-26T16:17:00,11,3512926.233044782,2069018.3977452898,4888882.878558144,1.259826905375732e-07,48.62094455890316
2026-04-26T16:17:30,11,3512925.759146305,2069018.0189701368,4888881.43761916,1.2242768097535306e-07,48.603981053573406
2026-04-26T16:18:00,11,3512926.1165720443,2069017.7049807524,4888880.070648672,1.206782115490899e-07,48.866842450695216
2026-04-26T16:18:30,10,3512943.265581602,2069024.641645607,4888886.761768393,1.6358530806501573e-07,50.42904792514038
2026-04-26T16:19:00,10,3512943.232489559,2069025.0181201068,4888885.547795923,1.6165935493523993e-07,50.83314389406064
2026-04-26T16:19:30,11,3512923.9331298717,2069016.3815804936,4888875.80944456,1.1152499260379979e-07,49.91105478300619
2026-04-26T16:20:00,12,3512931.8751744004,2069026.4728443979,4888880.950160289,1.392754283686572e-07,49.02651258508691
2026-04-26T16:20:30,11,3512949.5639234,2069030.2846885645,4888887.978584709,1.8010392032096147e-07,49.42489882464286
2026-04-26T16:21:00,12,3512930.7410202683,2069024.59762097,4888877.790756757,1.3266679009484526e-07,49.362785522056036
2026-04-26T16:21:30,12,3512930.752880783,2069024.6747732745,4888877.728782204,1.3277144120847445e-07,49.30175507846432
2026-04-26T16:22:00,12,3512930.073579438,2069023.7103027133,4888877.071453114,1.3101832010253597e-07,49.621590147556965
2026-04-26T16:22:30,12,3512929.850215721,2069023.4045436135,4888876.584665567,1.300346314572652e-07,49.841619449153846
2026-04-26T16:23:00,12,3512929.538320164,2069023.3329188677,4888875.743070932,1.2745054136351552e-07,49.874112009443984
2026-04-26T16:23:30,12,3512928.929540845,2069022.8875813505,4888874.325282678,1.2423177383366737e-07,50.25912393902146
2026-04-26T16:24:00,12,3512911.7041964345,2069025.3256606737,4888860.138381828,7.95794641815225e-08,53.4787499850235
2026-04-26T16:24:30,12,3512910.6308264565,2069024.4130943357,4888858.334899751,7.478346541833126e-08,53.7014989416404
2026-04-26T16:25:00,13,3512907.663013629,2069023.262539715,4888858.498236781,6.977683710638255e-08,51.82621604139753
2026-04-26T16:25:30,13,3512907.3964879992,2069023.1245145944,4888858.121641589,6.887796008445566e-08,52.1958396229486
2026-04-26T16:26:00,13,3512907.242040548,2069022.614712412,4888856.93636631,6.642433963491836e-08,52.28046198453258
2026-04-26T16:26:30,12,3512928.018168054,2069020.7866107707,4888872.048659934,1.1840387289090608e-07,51.13102536164165
2026-04-26T16:27:00,12,3512928.4646223793,2069020.9233420745,4888873.066125611,1.2084637289956653e-07,51.4550297165792
2026-04-26T16:27:30,12,3512928.1419012053,2069020.868574247,4888872.423458414,1.1948531923698246e-07,51.761570910066055
2026-04-26T16:28:00,12,3512928.0504102902,2069020.679589649,4888871.960868918,1.1921269359942118e-07,51.99844954770466
2026-04-26T16:28:30,13,3512906.785977424,2069021.7338687205,4888857.239554709,6.52066021702902e-08,53.2934756729439
2026-04-26T16:29:00,13,3512907.443768222,2069021.500609175,4888857.293440848,6.587237734975663e-08,53.71184509779282
2026-04-26T16:29:30,13,3512907.142518549,2069021.304274955,4888857.59497004,6.637562152471924e-08,53.88296878837533
2026-04-26T16:30:00,13,3512907.0971816033,2069021.1077927216,4888857.547348037,6.573000195531442e-08,53.98218629465132
2026-04-26T16:30:30,12,3512910.26075826,2069022.4181292045,4888859.731085512,7.406326014057368e-08,56.18749164060854
2026-04-26T16:31:00,12,3512909.625072908,2069021.9685697015,4888859.270843999,7.261835484454281e-08,56.76164846001361
2026-04-26T16:31:30,12,3512909.861816429,2069022.036005765,4888860.270105696,7.499694668357519e-08,56.81756883505701
2026-04-26T16:32:00,13,3512908.3444645256,2069021.0036855964,4888860.3357192045,7.078139579094332e-08,54.83456322872856
2026-04-26T16:32:30,13,3512908.0405159243,2069020.700520844,4888859.875635579,7.011659121368781e-08,55.04288173966935
2026-04-26T16:33:00,13,3512908.324689319,2069020.8842983472,4888860.7392678,7.202135095580506e-08,55.3487224476983
2026-04-26T16:33:30,13,3512908.719224989,2069020.9803585585,4888861.3566398,7.312578539869398e-08,55.58159929013077
2026-04-26T16:34:00,12,3512910.3931669598,2069021.877901999,4888863.536512164,7.938469444409098e-08,57.910998772442625
2026-04-26T16:34:30,12,3512911.5102663212,2069022.1406057205,4888864.296759007,8.275573824104278e-08,58.16191575186929
2026-04-26T16:35:00,12,3512911.248326049,2069021.98374858,4888864.324071397,8.148090320023457e-08,58.64072212263875
2026-04-26T16:35:30,13,3512910.3852236755,2069021.163075167,4888864.644809345,7.98270414935676e-08,56.323823691995756
2026-04-26T16:36:00,13,3512911.1283198385,2069021.5639897562,4888865.937806284,8.242667117085112e-08,56.53110906802432
2026-04-26T16:36:30,13,3512911.054599517,2069021.7424722167,4888866.483583101,8.323143522442505e-08,57.0088737914962
2026-04-26T16:37:00,13,3512911.8922947575,2069021.736724276,4888868.253156413,8.760307099433822e-08,57.065313432731806
2026-04-26T16:37:30,13,3512911.787045865,2069021.291599743,4888867.89803588,8.549184313074469e-08,57.42839736163327
2026-04-26T16:38:00,13,3512912.710920227,2069021.6680404681,4888870.623659153,9.115632642498308e-08,57.42237466297137
2026-04-26T16:38:30,13,3512912.9275202835,2069021.5265965562,4888871.185651638,9.243809153079932e-08,57.799978583569875
2026-04-26T16:39:00,13,3512913.6380078983,2069022.2531943507,4888872.447599324,9.507747531467442e-08,57.993940803057406
2026-04-26T16:39:30,13,3512914.390582375,2069022.0598633916,4888874.093843827,9.784505323044231e-08,58.13070937013991
2026-04-26T16:40:00,12,3512914.9850472393,2069022.66182706,4888874.753433063,9.934250388105002e-08,60.705193003040065
2026-04-26T16:40:30,12,3512915.4568879325,2069022.8059522463,4888876.6881150035,1.029042658033824e-07,60.95558289177218
2026-04-26T16:41:00,12,3512916.283300923,2069022.604247755,4888877.907042948,1.0503570317592526e-07,60.95925851621321
2026-04-26T16:41:30,12,3512916.588763497,2069022.6952258076,4888878.668649793,1.0678028152199843e-07,61.68140596575934
2026-04-26T16:42:00,13,3512917.3214733703,2069022.86913727,4888881.546944136,1.1172178850042947e-07,58.938971385634524
2026-04-26T16:42:30,12,3512918.232667681,2069023.251689762,4888883.125758311,1.1466539367895962e-07,61.708855801585955
2026-04-26T16:43:00,13,3512919.082557542,2069023.8366769482,4888884.178781774,1.184466278187987e-07,59.635610552028645
2026-04-26T16:43:30,13,3512919.1105939196,2069024.1327190446,4888885.721484514,1.196011956586237e-07,59.794441657878465
2026-04-26T16:44:00,13,3512920.130913437,2069024.3405951352,4888887.189171809,1.2352368931736718e-07,60.002245220854974
2026-04-26T16:44:30,12,3512920.5261173574,2069024.308595574,4888889.273750187,1.2574862439171132e-07,62.52245004415261
2026-04-26T16:45:00,12,3512921.290253094,2069024.0737265616,4888891.134526134,1.2849286358768683e-07,62.61075033529974
2026-04-26T16:45:30,12,3512921.7041223673,2069024.5070933716,4888892.490727929,1.3128792232155775e-07,62.79980352512105
2026-04-26T16:46:00,12,3512922.6387933665,2069024.604900922,4888893.904880254,1.3370072191807173e-07,62.9540597388317
2026-04-26T16:46:30,12,3512923.136943466,2069025.1868597702,4888895.957747806,1.3689857173012918e-07,63.23246036487258
2026-04-26T16:47:00,12,3512924.060479411,2069025.7386083058,4888896.885637379,1.3967783627860277e-07,63.324919330784525
2026-04-26T16:47:30,12,3512924.802208529,2069025.6756771344,4888899.76529373,1.4483614661634645e-07,63.457666020038225
2026-04-26T16:48:00,12,3512925.670651246,2069026.176716081,4888902.336174046,1.4923483533872438e-07,63.93216757851954
2026-04-26T16:48:30,12,3512926.5820388915,2069025.9448367944,4888903.798971829,1.5171402039750446e-07,63.76406585249145
2026-04-26T16:49:00,12,3512927.4610181577,2069026.6801283713,4888905.453320476,1.558899199115244e-07,63.75817310008849
2026-04-26T16:49:30,12,3512927.755946825,2069026.8825681822,4888906.536891775,1.5739551365686258e-07,63.85262841938475
2026-04-26T16:50:00,12,3512928.469689724,2069027.31974961,4888908.876135926,1.6145676668848472e-07,64.22584369167593
2026-04-26T16:50:30,12,3512929.600382179,2069027.3850416674,4888911.117114855,1.6532819449824177e-07,64.14648067940901
2026-04-26T16:51:00,12,3512930.3049206673,2069027.944197172,4888913.133453058,1.690382951368696e-07,64.19256606518903
2026-04-26T16:51:30,12,3512931.1867970037,2069028.0344555816,4888914.67987701,1.727957522500775e-07,64.43635219281687
2026-04-26T16:52:00,12,3512932.1302651307,2069028.2526518342,4888916.889594159,1.7643075454554092e-07,64.51543794970871
2026-04-26T16:52:30,12,3512932.822471832,2069028.4460091798,4888919.338760004,1.8048370854785823e-07,64.58501332283478
2026-04-26T16:53:00,12,3512933.8275317824,2069029.6274481064,4888920.937193294,1.8491366400099297e-07,64.64579071017246
2026-04-26T16:53:30,12,3512935.063653219,2069029.73713377,4888923.509442525,1.8935128329165113e-07,64.98739041623381
2026-04-26T16:54:00,12,3512935.5642585335,2069029.766682817,4888925.515225701,1.9225899661830217e-07,64.95474195525735
2026-04-26T16:54:30,12,3512936.8296137573,2069030.391037139,4888927.818030575,1.97136856728913e-07,64.86181842264617
2026-04-26T16:55:00,12,3512937.466587847,2069030.772204528,4888929.943257198,2.0076304830458386e-07,65.07709646382602
2026-04-26T16:55:30,12,3512938.6602229923,2069031.3268627354,4888932.562047631,2.0494044386369176e-07,64.96762356090875
2026-04-26T16:56:00,12,3512939.5166263636,2069031.3393328718,4888934.1320446925,2.0806098635935272e-07,65.24080619711296
2026-04-26T16:56:30,12,3512940.9973484604,2069031.9944551876,4888936.7215153845,2.1386210738995716e-07,64.95128881361903
2026-04-26T16:57:00,12,3512941.611863431,2069032.767464552,4888938.957829796,2.1837924570566427e-07,65.37595068371942
2026-04-26T16:57:30,12,3512943.016348739,2069032.8377244428,4888941.205658067,2.223877402034583e-07,65.32777706423916
2026-04-26T16:58:00,12,3512944.4470991613,2069033.3067176435,4888944.080354513,2.276100692800993e-07,65.22112693656923
2026-04-26T16:58:30,12,3512945.0729910587,2069033.1781698116,4888945.356640386,2.2922462049764055e-07,65.20405775910014
2026-04-26T16:59:00,12,3512946.5794553654,2069034.0352734297,4888947.020217585,2.3392740100806304e-07,65.02769994422695
2026-04-26T16:59:30,13,3512941.222733764,2069037.3870316949,4888934.442418656,2.0902319587876738e-07,62.93992518362265
2026-04-26T17:00:00,13,3512941.213927305,2069037.8111110698,4888934.927178408,2.093071422436774e-07,63.168063723101824
2026-04-26T17:00:30,13,3512942.4936439,2069039.124048518,4888936.61265564,2.1331788960704842e-07,63.26402999308151
2026-04-26T17:01:00,12,3512954.232394056,2069040.0646220353,4888943.725991479,2.414841154492078e-07,65.00851643137717
2026-04-26T17:01:30,12,3512954.583111996,2069041.2014621682,4888945.563635869,2.440116574897802e-07,65.2123939090229
2026-04-26T17:02:00,12,3512954.672435055,2069041.3424127765,4888946.396729864,2.446388880188526e-07,65.38802649566253
2026-04-26T17:02:30,12,3512955.1068624035,2069042.5303237047,4888946.678400185,2.450140072847253e-07,65.36583130393976
2026-04-26T17:03:00,12,3512955.070839904,2069043.0198642025,4888947.892437947,2.4630529179491036e-07,65.75693315404061
2026-04-26T17:03:30,12,3512955.3072007615,2069043.9315285701,4888949.238630327,2.4867942514800176e-07,66.04196515421019
2026-04-26T17:04:00,12,3512955.964326526,2069044.2774149703,4888950.700871688,2.509041673213994e-07,66.00729495043288
2026-04-26T17:04:30,12,3512956.8293515276,2069045.4162661817,4888952.398139434,2.5336792214082566e-07,66.12552542408484
2026-04-26T17:05:00,12,3512956.800784636,2069045.9277148088,4888953.0427395515,2.5373794116286807e-07,66.16784430541993
2026-04-26T17:05:30,12,3512957.380908882,2069046.7156795505,4888954.520187569,2.562854644485579e-07,66.2383114677176
2026-04-26T17:06:00,12,3512958.1162470984,2069047.6888921973,4888956.376380099,2.589794339438026e-07,66.36768491846094
2026-04-26T17:06:30,12,3512958.718160509,2069048.1538026363,4888957.302411482,2.607049485294283e-07,66.29675994517659
2026-04-26T17:07:00,12,3512959.169289873,2069049.3362006824,4888959.004753301,2.6217052466803066e-07,66.41959993633013
2026-04-26T17:07:30,12,3512959.793058029,2069049.7535907356,4888961.017588525,2.6560771895442464e-07,66.70055264051132
2026-04-26T17:08:00,12,3512960.365282631,2069050.5615061487,4888961.802229922,2.666209863890557e-07,66.49029596936774
2026-04-26T17:08:30,12,3512960.8453728342,2069051.4110897256,4888963.388852305,2.6899677701740954e-07,66.6861576936858
2026-04-26T17:09:00,12,3512961.2943015,2069052.1612344992,4888964.960832981,2.7119601866691965e-07,66.79075259191588
2026-04-26T17:09:30,12,3512962.5882245717,2069052.617128329,4888967.152929708,2.752703612045804e-07,66.5739012627349
2026-04-26T17:10:00,12,3512962.9034241894,2069053.3585975217,4888968.63574547,2.781336967159043e-07,66.76688491158897
2026-04-26T17:10:30,12,3512964.100247353,2069054.4768405322,4888970.107088892,2.8140438588671855e-07,66.80155982736099
2026-04-26T17:11:00,12,3512964.97455772,2069055.4221008318,4888971.844174897,2.847837706051214e-07,66.89182192140868
2026-04-26T17:11:30,12,3512965.912823574,2069056.5005412863,4888974.097572547,2.892328464533587e-07,66.84939706296211
2026-04-26T17:12:00,12,3512965.92181137,2069057.1639260578,4888974.789067466,2.88707550770496e-07,66.81599732349342
2026-04-26T17:12:30,12,3512966.9430945017,2069057.8016191695,4888977.141383263,2.930690560860213e-07,66.82469800455726
2026-04-26T17:13:00,12,3512967.7257048483,2069058.366502454,4888978.603633202,2.9544931935272223e-07,66.64629909547064
2026-04-26T17:13:30,12,3512968.319007321,2069059.2618488388,4888980.269700057,2.978232479417317e-07,66.80196740982112
2026-04-26T17:14:00,12,3512968.9810187407,2069059.8194266958,4888981.533422916,3.0000568134020157e-07,66.60166006009453
2026-04-26T17:14:30,12,3512970.1592156133,2069060.7397754379,4888982.927424025,3.030447755978925e-07,66.73854492949171
2026-04-26T17:15:00,12,3512971.207347579,2069061.4348276996,4888985.850471941,3.0849675047679983e-07,66.87223287110687
2026-04-26T17:15:30,12,3512971.8055152167,2069062.3303605122,4888987.411258641,3.1116980486727045e-07,66.61034475315732
2026-04-26T17:16:00,12,3512972.208452905,2069063.3335610055,4888988.518911667,3.12310108154695e-07,66.63180163786379
2026-04-26T17:16:30,12,3512972.922737315,2069063.5278387007,4888990.931970033,3.1541718476553716e-07,66.4646793340087
2026-04-26T17:17:00,12,3512974.5585413487,2069064.7385322996,4888992.727519109,3.1988622634823235e-07,66.67967428064068
2026-04-26T17:17:30,12,3512975.2259129845,2069065.343391307,4888993.877225806,3.2224994458989235e-07,66.1357290300118
2026-04-26T17:18:00,12,3512975.480707418,2069065.7933899784,4888995.303476203,3.235837123611873e-07,66.12888836786922
2026-04-26T17:18:30,12,3512976.9968785974,2069067.100034388,4888998.037888673,3.2942951647570334e-07,66.33735493745377
2026-04-26T17:19:00,12,3512977.4609272517,2069067.8396935284,4888999.250410127,3.309592400190808e-07,66.36952277662625
2026-04-26T17:19:30,12,3512978.502402887,2069068.7907781084,4889000.868183518,3.3401959976498483e-07,66.25881900983131
2026-04-26T17:20:00,12,3512979.248767146,2069069.3420205677,4889002.65837518,3.358813897235188e-07,65.94921074040923
2026-04-26T17:20:30,12,3512980.5872794795,2069070.515629283,4889003.937546394,3.3966053252660815e-07,65.78048981071099
2026-04-26T17:21:00,12,3512981.43173563,2069070.915582849,4889006.779624037,3.437981672806258e-07,65.57155641037201
2026-04-26T17:21:30,12,3512982.236672586,2069071.6796376558,4889008.276831872,3.464657509562277e-07,65.59064523065435
2026-04-26T17:22:00,12,3512982.5123474626,2069071.9918742517,4889009.205362552,3.466333188648304e-07,65.30029935662122
2026-04-26T17:22:30,12,3512983.584359321,2069073.5358581396,4889010.702805801,3.504986800196875e-07,65.06006644045901
2026-04-26T17:23:00,12,3512984.6644809367,2069073.9243160915,4889012.9989572,3.5403632551092103e-07,64.99426913659225
2026-04-26T17:23:30,12,3512985.313548494,2069074.5553522364,4889014.301669688,3.561349870283478e-07,64.83201885530276
2026-04-26T17:24:00,12,3512986.285848826,2069075.1243359363,4889016.138983137,3.587215845518052e-07,64.66489341978878
2026-04-26T17:24:30,12,3512987.0591946174,2069075.448701448,4889016.84320983,3.596042215203096e-07,64.59727876032184
2026-04-26T17:25:00,12,3512988.3459949414,2069076.8555470316,4889019.7825725125,3.661835654145602e-07,64.3722738178042
2026-04-26T17:25:30,12,3512988.9101377,2069077.1952634477,4889021.230469234,3.6790614288908146e-07,64.2826274482893
2026-04-26T17:26:00,12,3512989.3736169096,2069078.0633161303,4889021.949222028,3.6898495814577495e-07,64.18130699379442
2026-04-26T17:26:30,12,3512990.1503426153,2069078.506947801,4889022.776140456,3.700640470521682e-07,64.00952173605255
2026-04-26T17:27:00,12,3512991.6228542286,2069079.2616971522,4889025.577719296,3.740191231947721e-07,63.914816841974215
2026-04-26T17:27:30,12,3512992.441360713,2069080.0491838336,4889027.241539421,3.7853824412671706e-07,63.72663469686682
2026-04-26T17:28:00,12,3512992.798876006,2069080.6126289028,4889027.964988355,3.7786268483723936e-07,63.565946773145555
2026-04-26T17:28:30,12,3512994.177781951,2069081.5702880993,4889029.737852221,3.8243737746539393e-07,63.339649448600106
2026-04-26T17:29:00,12,3512994.597782332,2069082.1608374598,4889030.950037622,3.835671003309821e-07,62.907055531151364
2026-04-26T17:29:30,12,3512995.611472107,2069083.1605938505,4889031.858555714,3.852869459721721e-07,62.90942986893893
2026-04-26T17:30:00,12,3512996.156522417,2069083.2941883642,4889034.214716409,3.8833980969317263e-07,62.71590124253216
2026-04-26T17:30:30,12,3512997.343934898,2069083.9874041597,4889036.214427469,3.9249964225155616e-07,62.53285402889776
2026-04-26T17:31:00,12,3512998.544823657,2069085.0960328663,4889037.29028814,3.9438607700015817e-07,62.08642255255822
2026-04-26T17:31:30,12,3512999.115273109,2069085.4137902958,4889038.916052495,3.952605318237943e-07,62.08993394780843
2026-04-26T17:32:00,12,3512999.4667858137,2069085.8313238975,4889039.1379602505,3.9599004555208484e-07,61.67349090698224
2026-04-26T17:32:30,12,3513000.5189976036,2069086.7883904846,4889041.080316978,3.9949067363616234e-07,61.51187187063048
2026-04-26T17:33:00,12,3513001.2675018436,2069087.1410850307,4889042.812944256,4.019568014410043e-07,61.39142774636689
2026-04-26T17:33:30,12,3513002.296022896,2069087.7911929688,4889044.540851072,4.0551624740051014e-07,61.1520324895222
2026-04-26T17:34:00,12,3513003.1218644506,2069088.4319067704,4889046.236410939,4.0746495078383373e-07,61.10256504892712
2026-04-26T17:34:30,12,3513004.1286089914,2069089.455049442,4889047.321615204,4.099176237695748e-07,60.8152107429651
2026-04-26T17:35:00,12,3513004.4162434437,2069089.802520908,4889048.119823931,4.1032432891268913e-07,60.571304649827624
2026-04-26T17:35:30,12,3513005.4988819985,2069090.3428167903,4889048.987463319,4.118572327993364e-07,60.31183035284662
2026-04-26T17:36:00,12,3513006.449572387,2069091.086448867,4889051.416246274,4.159400313226248e-07,60.18602830512311
2026-04-26T17:36:30,12,3513007.4869729397,2069091.4741533264,4889053.124924797,4.1896820369698444e-07,59.79158258885556
2026-04-26T17:37:00,12,3513007.5597245763,2069091.6868418402,4889054.164630566,4.199426003770534e-07,59.76570497387051
2026-04-26T17:37:30,12,3513008.764316804,2069092.3311020746,4889056.094422594,4.2358915692792666e-07,59.57113333649923
2026-04-26T17:38:00,12,3513009.6637714556,2069092.5860169176,4889056.672669575,4.243239669179154e-07,59.217581247756
2026-04-26T17:38:30,12,3513010.9434291837,2069093.791288754,4889058.87022916,4.289097730112538e-07,59.239676777617284
2026-04-26T17:39:00,11,3513061.055796339,2069120.0726780717,4889076.550334914,5.392742504141487e-07,55.278035580589865
2026-04-26T17:39:30,11,3513061.0444063465,2069120.1363563014,4889078.267896458,5.401999207014292e-07,55.15751074915861
2026-04-26T17:40:00,11,3513060.974709969,2069120.4506093326,4889079.440453195,5.411167066915961e-07,55.06170051676312
2026-04-26T17:40:30,11,3513061.704177466,2069121.3543104078,4889080.616664079,5.440990992235976e-07,54.93640473243472
2026-04-26T17:41:00,11,3513061.7480546837,2069121.346598094,4889081.80602001,5.43614790669217e-07,54.98989323898591
2026-04-26T17:41:30,11,3513062.227952627,2069121.4230849845,4889083.520417384,5.449893351789851e-07,54.99412261563861
2026-04-26T17:42:00,11,3513062.760796008,2069121.9414330868,4889084.629139712,5.471167811136644e-07,54.75999974296514
2026-04-26T17:42:30,11,3513063.844241327,2069122.3888478738,4889086.750946049,5.514697426636638e-07,54.5756395433605
2026-04-26T17:43:00,11,3513063.250745162,2069122.1464365935,4889088.475505998,5.511400295343957e-07,54.810262143329716
2026-04-26T17:43:30,11,3513063.923009126,2069122.713202453,4889089.94218917,5.532019069147771e-07,54.84077108310152
2026-04-26T17:44:00,11,3513064.0042770277,2069122.7037547051,4889091.526495726,5.549177642309517e-07,54.885595303316435
2026-04-26T17:44:30,11,3513064.79459934,2069123.157911937,4889094.034125837,5.586658413073677e-07,55.07704845236732
2026-04-26T17:45:00,11,3513064.7296619304,2069123.3280711384,4889096.073848329,5.609003391685227e-07,55.45432090341475
2026-04-26T17:45:30,11,3513065.2290863786,2069123.2109885046,4889099.024758543,5.642894955733514e-07,55.81966900755711
2026-04-26T17:46:00,11,3513066.341472255,2069123.8660160846,4889101.654499736,5.696822037947932e-07,56.02912021937734
2026-04-26T17:46:30,11,3513065.5984565704,2069122.9816089785,4889103.001435601,5.690191331657748e-07,56.10656849607942
2026-04-26T17:47:00,11,3513066.696750048,2069123.503514333,4889106.574328707,5.752145551620543e-07,57.132324195302424
2026-04-26T17:47:30,10,3513054.2976872562,2069133.8143891168,4889023.394269945,4.262789838571922e-07,44.87225701424676
2026-04-26T17:48:00,10,3513053.5749085746,2069133.6633634795,4889024.393888746,4.254992492577029e-07,44.83339276834713
2026-04-26T17:48:30,10,3513054.2160368576,2069134.7424273614,4889025.047850443,4.265160220343368e-07,44.754580085154736
2026-04-26T17:49:00,11,3512979.6743826848,2069071.7596635104,4889003.002532861,2.530999012122457e-07,64.59281813681922
2026-04-26T17:49:30,11,3512978.8897569748,2069071.1663261198,4889004.0784538295,2.528208182322695e-07,65.41510314344673
2026-04-26T17:50:00,11,3512979.5903488025,2069071.2921191861,4889005.109083966,2.534700738721507e-07,65.04881608240802
2026-04-26T17:50:30,11,3512978.708692881,2069070.6602904247,4889005.897202765,2.5234298234958613e-07,65.42239427397307
2026-04-26T17:51:00,11,3512978.4994547027,2069070.7579271516,4889006.784233995,2.522718391939806e-07,65.61709292031261
2026-04-26T17:51:30,11,3512978.325463821,2069070.1197948577,4889008.029363584,2.5232592458241e-07,65.4177969130209
2026-04-26T17:52:00,11,3512979.280770516,2069070.7823524217,4889010.130031213,2.5461611825780103e-07,65.70231395609294
2026-04-26T17:52:30,11,3512978.490992257,2069070.1728353342,4889010.892874221,2.5439907428185967e-07,65.8907915608044
2026-04-26T17:53:00,11,3512978.6292248643,2069070.3627713206,4889011.234321599,2.524611498133416e-07,65.81520378799404
2026-04-26T17:53:30,12,3512977.3086535535,2069070.5154098924,4888998.172001039,2.2816699858019083e-07,63.17235156762601
2026-04-26T17:54:00,12,3512977.4435162493,2069070.9016394953,4888998.2882108595,2.2738692680655395e-07,63.484072294796675
2026-04-26T17:54:30,12,3512977.0358722545,2069070.397854789,4888998.146089919,2.2481776660047806e-07,63.50527685512958
2026-04-26T17:55:00,12,3512977.657179113,2069071.323207368,4888997.983892676,2.2330561299484625e-07,63.50303064589577
2026-04-26T17:55:30,12,3512977.527938255,2069071.3751023465,4888998.653669169,2.223294347703906e-07,63.57511427086483
2026-04-26T17:56:00,12,3512977.5363569963,2069071.2518383306,4888998.057658427,2.2035237259124389e-07,63.838327519429015
2026-04-26T17:56:30,12,3512978.185122562,2069071.852259423,4888998.072932626,2.1933376891900566e-07,63.37162068123637
2026-04-26T17:57:00,12,3512978.011265919,2069071.86934469,4888998.985731644,2.1883167636000232e-07,63.60705083848619
2026-04-26T17:57:30,12,3512978.912017825,2069071.9415687853,4888999.506595297,2.1997936575042462e-07,63.74506722538241
2026-04-26T17:58:00,12,3512978.6229900285,2069072.1270042208,4888999.897126927,2.181205330232757e-07,63.45439488871321
2026-04-26T17:58:30,13,3512982.67853708,2069070.2558006956,4889006.05298372,2.3117226147572546e-07,61.03011142432277
2026-04-26T17:59:00,13,3512982.6409483147,2069070.4155693587,4889006.515402935,2.3046335438393153e-07,61.09833227244414
2026-04-26T17:59:30,13,3512983.026012484,2069070.8686224797,4889007.316646118,2.3052238187354615e-07,60.838419640145254
2026-04-26T18:00:00,13,3512982.8272238323,2069071.6312264714,4889007.092507973,2.2937797741714745e-07,60.74578642096579
2026-04-26T18:00:30,13,3512982.9212998203,2069071.8790630044,4889007.560760066,2.2868301008009347e-07,61.12986440665856
2026-04-26T18:01:00,13,3512982.7906097616,2069072.1896270558,4889007.594444215,2.2627547053748914e-07,60.66969651163939
2026-04-26T18:01:30,13,3512983.4720649123,2069072.8238817507,4889008.585762273,2.2776957391111286e-07,60.40446074119525
2026-04-26T18:02:00,13,3512982.7934005437,2069072.6215784883,4889008.823757538,2.2595522484316977e-07,60.35618100303004
2026-04-26T18:02:30,13,3512983.613034593,2069072.83218782,4889009.516165784,2.264898674101807e-07,60.251534195727196
2026-04-26T18:03:00,13,3512984.0715504973,2069073.622289316,4889010.860691393,2.2786101354076685e-07,59.754475502572824
2026-04-26T18:03:30,13,3512984.1473617405,2069073.9695440542,4889011.764061607,2.285018130378618e-07,59.75233003262022
2026-04-26T18:04:00,13,3512984.4436498634,2069074.593077916,4889011.885238397,2.281511758846544e-07,59.79813015671668
2026-04-26T18:04:30,13,3512984.214030564,2069074.7694947196,4889012.889239053,2.286036713011135e-07,59.69786526274952
2026-04-26T18:05:00,13,3512984.5994260516,2069075.4312743999,4889013.493959259,2.2837014193398496e-07,59.49347821770296
2026-04-26T18:05:30,13,3512984.996324984,2069075.5076691706,4889014.147248846,2.2911702913048508e-07,59.206610514735154
2026-04-26T18:06:00,13,3512985.0783873145,2069076.6978796546,4889015.185411211,2.2949161449096968e-07,58.93610116048491
2026-04-26T18:06:30,13,3512985.6642411347,2069076.7726981977,4889016.166686273,2.31241296449253e-07,58.708433524615735
2026-04-26T18:07:00,13,3512986.007606785,2069077.175195089,4889017.430709641,2.3264624133681344e-07,58.403855789647366
2026-04-26T18:07:30,13,3512986.2246167236,2069077.5744288224,4889017.962522146,2.3185413695376293e-07,58.543576759954625
2026-04-26T18:08:00,13,3512986.2509157746,2069077.879172688,4889018.5911894925,2.3239852040616256e-07,58.32936828499396
2026-04-26T18:08:30,13,3512986.9442052213,2069078.7609438896,4889020.325428595,2.348889801891812e-07,57.99011374854714
2026-04-26T18:09:00,13,3512987.4909472796,2069079.1082070114,4889021.114441186,2.3561469733066263e-07,57.86395962793138
2026-04-26T18:09:30,12,3512986.069995666,2069072.293883713,4889011.957082896,2.1252463144157634e-07,59.246912706015834
2026-04-26T18:10:00,12,3512985.82085683,2069072.0517565303,4889013.348115712,2.1312875715766626e-07,59.14875522616143
2026-04-26T18:10:30,12,3512986.0778998723,2069072.881473229,4889013.115764321,2.1192123047148635e-07,58.84921346959146
2026-04-26T18:11:00,12,3512986.3926727395,2069072.6395769154,4889014.280781604,2.126479694496153e-07,58.50160629149957
2026-04-26T18:11:30,12,3512986.95694543,2069073.562797453,4889015.927035338,2.1563051017731169e-07,58.4894965049762
2026-04-26T18:12:00,12,3512986.77818844,2069073.9035972115,4889016.313820731,2.1477208135422787e-07,58.422640873582104
2026-04-26T18:12:30,12,3512986.9587730668,2069074.1892738412,4889017.640073528,2.1612956232126746e-07,58.13957755470654
2026-04-26T18:13:00,12,3512987.1813125475,2069075.1353360994,4889018.260538685,2.1720592032282251e-07,57.796500481034506
2026-04-26T18:13:30,12,3512987.545302137,2069075.534357923,4889018.889122224,2.180306705408107e-07,57.59248403618362
2026-04-26T18:14:00,12,3512987.4909183173,2069075.452186242,4889020.562177723,2.1859153841325165e-07,57.51644161097256
2026-04-26T18:14:30,12,3512987.6513374452,2069076.07548734,4889020.969232235,2.1868265470687588e-07,57.082929776384326
2026-04-26T18:15:00,12,3512987.577098693,2069076.5190058227,4889022.489072757,2.2086432788284818e-07,56.90899983353959
2026-04-26T18:15:30,12,3512987.939268082,2069076.42225159,4889022.67733985,2.2068187192288948e-07,56.82462543309455
2026-04-26T18:16:00,12,3512987.7787191304,2069077.1554201108,4889023.57191114,2.2160493818705928e-07,56.482143053800215
2026-04-26T18:16:30,12,3512987.949059611,2069077.211199947,4889024.931718641,2.2232032023056588e-07,56.37999016920652
2026-04-26T18:17:00,12,3512988.560073009,2069077.9053036985,4889025.845220199,2.243213611115939e-07,55.913147810026075
2026-04-26T18:17:30,12,3512988.9446961475,2069078.6326389625,4889026.663357454,2.2534288929740576e-07,55.69172484769329
2026-04-26T18:18:00,12,3512989.0590739544,2069078.4448496688,4889027.178505533,2.254973359118343e-07,55.283962793648655
2026-04-26T18:18:30,12,3512988.4593878253,2069078.660292793,4889027.758573899,2.2456008782891212e-07,55.55693375679189
2026-04-26T18:19:00,12,3512989.299721958,2069078.563616807,4889028.260785114,2.2580396221301462e-07,55.14745741546448
2026-04-26T18:19:30,12,3512988.9915510644,2069078.9259574832,4889029.390772207,2.262807084405889e-07,55.191017539746845
2026-04-26T18:20:00,12,3512988.7440347187,2069079.0395457693,4889030.886495048,2.2878444105701824e-07,54.72456885691006
2026-04-26T18:20:30,12,3512989.629673155,2069079.7619279255,4889031.594081869,2.2997544317037592e-07,54.525101424037935
2026-04-26T18:21:00,12,3512989.07653829,2069080.0114350342,4889032.635453376,2.302581101189239e-07,54.31064801278034
2026-04-26T18:21:30,12,3512989.1795027084,2069079.9463382887,4889032.73814528,2.290168729704883e-07,53.97269335483251
2026-04-26T18:22:00,12,3512988.9507532665,2069080.0314986368,4889033.878993956,2.3055269584223873e-07,53.76606116586973
2026-04-26T18:22:30,12,3512989.4278900116,2069080.2674307467,4889034.306255653,2.3102637770092102e-07,53.53525919773557
2026-04-26T18:23:00,12,3512989.994277782,2069080.742841404,4889034.96483013,2.316564817077665e-07,53.338755352866585
2026-04-26T18:23:30,12,3512990.132456479,2069081.0315046438,4889036.082723509,2.335291598338513e-07,52.934980530878065
2026-04-26T18:24:00,12,3512990.07067842,2069081.4566349902,4889036.94494808,2.3406743419504007e-07,52.82108801820092
2026-04-26T18:24:30,12,3512989.8057217286,2069081.4866300859,4889037.681094373,2.3362988743682142e-07,52.55850356810276
2026-04-26T18:25:00,12,3512989.880105406,2069081.617488685,4889038.10945937,2.338884711984907e-07,52.356661070933185
2026-04-26T18:25:30,12,3512989.7100919476,2069081.1497420946,4889038.297429029,2.3350009147228615e-07,52.33783846469526
2026-04-26T18:26:00,12,3512990.350278966,2069082.4084179045,4889038.881961101,2.3480687949002257e-07,51.8532948412367
2026-04-26T18:26:30,12,3512989.790413847,2069082.0498842152,4889040.4179603,2.3580351675375241e-07,51.459133241042025
2026-04-26T18:27:00,12,3512990.377460919,2069082.6897231878,4889040.97557533,2.3714190220802426e-07,51.24189037535299
2026-04-26T18:27:30,12,3512990.085073688,2069082.8069296882,4889042.237620286,2.3886146329752437e-07,51.37551391203743
2026-04-26T18:28:00,12,3512990.48858027,2069083.2780781433,4889042.510944443,2.3890397305034495e-07,51.371414441605886
2026-04-26T18:28:30,12,3512990.698802292,2069083.5718419931,4889043.646354461,2.4060777222272805e-07,51.03935398108322
2026-04-26T18:29:00,12,3512990.023592381,2069083.706814217,4889044.021066819,2.4053626903827104e-07,50.75576451769091
2026-04-26T18:29:30,12,3512990.739323188,2069084.0159943237,4889044.605370898,2.408241611367517e-07,50.5754912630897
2026-04-26T18:30:00,12,3512990.331818828,2069083.9273730854,4889045.383262409,2.4156905825197365e-07,50.38639366587561
2026-04-26T18:30:30,12,3512990.9744532956,2069084.1405195557,4889046.233590419,2.4363841311100657e-07,50.21999251497414
2026-04-26T18:31:00,12,3512990.2936785924,2069084.263411526,4889046.994120722,2.4279173866659934e-07,50.10008045182098
2026-04-26T18:31:30,12,3512990.7897062143,2069084.071727332,4889047.912598604,2.4506834618867076e-07,49.9192265207035
2026-04-26T18:32:00,12,3512991.236121937,2069084.9500467528,4889047.840691632,2.4573847701507174e-07,49.4714048499138
2026-04-26T18:32:30,12,3512991.1696820543,2069085.6344574487,4889049.180142818,2.480154819935478e-07,49.634901477348215
2026-04-26T18:33:00,12,3512991.6293646223,2069085.530764292,4889050.695245288,2.503768864956088e-07,49.60042855785217
2026-04-26T18:33:30,12,3512991.6435198346,2069085.685899,4889051.5736427475,2.521618195215138e-07,49.605467849482785
2026-04-26T18:34:00,12,3512991.5280091506,2069085.7615290831,4889051.75442088,2.5226007116616976e-07,49.0972211977732
2026-04-26T18:34:30,12,3512991.952460602,2069085.9378311653,4889052.603887707,2.5311287416243955e-07,49.12497745322909
2026-04-26T18:35:00,12,3512993.074777659,2069087.1156562574,4889053.895838907,2.564998688745031e-07,49.17006793146621
2026-04-26T18:35:30,12,3512993.3352330304,2069086.9645011895,4889055.202305661,2.5901173167010367e-07,49.340204941435815
2026-04-26T18:36:00,12,3512993.1860741363,2069087.149937834,4889055.270636657,2.588430153011305e-07,49.05198085072741
2026-04-26T18:36:30,12,3512993.5391077297,2069087.5797588034,4889056.417678621,2.610785742807433e-07,49.18939204034594
2026-04-26T18:37:00,12,3512993.6488082856,2069088.255893454,4889057.350479438,2.632579763004082e-07,49.04391500780793
2026-04-26T18:37:30,12,3512994.7121296115,2069088.7963263975,4889058.606123243,2.6605039713243745e-07,49.018332724959244
2026-04-26T18:38:00,12,3512994.192577103,2069088.8273756162,4889058.990221737,2.6765554384306336e-07,49.01864602424188
2026-04-26T18:38:30,11,3512955.360789091,2069074.589986548,4889045.614914955,1.8779655014012183e-07,45.08146653672158
2026-04-26T18:39:00,11,3512955.3050747924,2069074.976514168,4889046.378317175,1.8932362062060432e-07,44.91045902758052
2026-04-26T18:39:30,11,3512955.5578257977,2069075.1784936758,4889047.840214727,1.9215056729711536e-07,44.88303014365033
2026-04-26T18:40:00,11,3512954.713740822,2069075.2774163752,4889048.314035027,1.922923793085988e-07,44.64086051391957
2026-04-26T18:40:30,11,3512955.1388518256,2069075.7626727042,4889049.486478265,1.957192049338783e-07,44.334108937329404
2026-04-26T18:41:00,11,3512955.7908844645,2069076.5608988232,4889051.28379021,1.9928850812720078e-07,44.203245987739336
2026-04-26T18:41:30,11,3512954.663716743,2069076.3891264033,4889051.696478602,1.993850897625354e-07,44.10413923671025
2026-04-26T18:42:00,10,3512953.695862308,2069073.5728545266,4889049.488899359,1.914743482412798e-07,46.01251378398189
2026-04-26T18:42:30,10,3512953.828898126,2069074.1942924955,4889050.955637055,1.95058956985765e-07,45.76923544047897
2026-04-26T18:43:00,10,3512953.624521324,2069074.8705402052,4889053.100507356,1.9882904356797708e-07,45.63177718617551
2026-04-26T18:43:30,10,3512953.5425648163,2069075.3241465613,4889053.765946518,1.998884215409415e-07,45.66177174228127
2026-04-26T18:44:00,10,3512953.3235185794,2069075.3846051637,4889055.968644055,2.0331436221152663e-07,45.625646768690544
2026-04-26T18:44:30,10,3512953.863018676,2069076.4949652257,4889058.507827777,2.0884396259899463e-07,45.59384758838194
2026-04-26T18:45:00,10,3512954.0056909416,2069077.6358525807,4889060.749903893,2.1434082999938772e-07,45.476739680813964
2026-04-26T18:45:30,10,3512954.1616225652,2069078.1297049914,4889062.49953111,2.1791355818062627e-07,45.25029683268914
2026-04-26T18:46:00,10,3512954.72572101,2069078.5947157664,4889064.480154294,2.2301143112803015e-07,45.13712747341096
2026-04-26T18:46:30,10,3512954.4745960454,2069079.552955354,4889067.018835066,2.271748130520542e-07,45.00978785086098
2026-04-26T18:47:00,10,3512954.5881627435,2069079.7509169516,4889069.80211809,2.3287251834002726e-07,45.31464654636397
2026-04-26T18:47:30,10,3512955.169301164,2069081.5158326763,4889072.49792138,2.39768672558845e-07,44.9925545937795
2026-04-26T18:48:00,10,3512955.079596629,2069082.3072765039,4889075.297966902,2.4471474000256764e-07,44.87787971199517
2026-04-26T18:48:30,10,3512956.0812414633,2069083.7614297054,4889079.820386828,2.555261121034802e-07,45.09349181978302
2026-04-26T18:49:00,9,3512947.983011819,2069073.9839169814,4889040.1388656655,1.691028284057365e-07,45.172261140407805
2026-04-26T18:49:30,9,3512947.378878065,2069073.6359812494,4889040.362385841,1.687143322472424e-07,45.035065003579355
2026-04-26T18:50:00,9,3512947.4546207716,2069074.1893210546,4889042.182748629,1.717829217361771e-07,44.93870885920884
2026-04-26T18:50:30,9,3512946.650272521,2069073.5204444714,4889042.445770311,1.7083390671783457e-07,44.57919553080073
2026-04-26T18:51:00,9,3512947.2249783208,2069074.9058491536,4889044.154608203,1.7566360139244946e-07,44.43083201208207
2026-04-26T18:51:30,9,3512947.0818029298,2069074.725423644,4889044.31402581,1.7609910176828905e-07,44.44705129151944
2026-04-26T18:52:00,9,3512946.7527744086,2069075.6603526727,4889045.738921073,1.7916954858463634e-07,44.43091079999741
2026-04-26T18:52:30,9,3512946.1197236776,2069075.1811324556,4889045.367631363,1.7752756475865605e-07,44.238080524182735
2026-04-26T18:53:00,9,3512945.9276711917,2069075.4761073424,4889046.812235706,1.804758577485099e-07,44.1404846140736
2026-04-26T18:53:30,9,3512945.393076241,2069075.7480110722,4889048.291387322,1.8316939777605998e-07,43.84656412092202
2026-04-26T18:54:00,9,3512945.919814249,2069076.541901401,4889048.314778035,1.8462072914331701e-07,43.90291228331219
2026-04-26T18:54:30,9,3512945.137506763,2069076.4228007093,4889049.115107509,1.8453202551516773e-07,43.65071530153904
2026-04-26T18:55:00,9,3512944.661354378,2069076.1410634648,4889049.486312727,1.8477897630059358e-07,43.724497320947904
2026-04-26T18:55:30,9,3512944.6215060153,2069076.7857718929,4889051.120271514,1.8820585939267262e-07,43.43313514660174
2026-04-26T18:56:00,9,3512944.2173057203,2069076.6310779648,4889051.086191609,1.869271896030334e-07,43.227938209262284
2026-04-26T18:56:30,9,3512943.8420928866,2069077.0302473567,4889052.21019718,1.894564622049058e-07,43.00905582647737
2026-04-26T18:57:00,9,3512944.279672198,2069077.268579915,4889053.128683935,1.9236675097387545e-07,42.90415440000127
2026-04-26T18:57:30,9,3512943.178835706,2069076.8239539722,4889052.5733567085,1.9049346227111742e-07,42.887030258881026
2026-04-26T18:58:00,9,3512942.740831098,2069077.1878229766,4889053.810927034,1.9279128484004855e-07,42.6669986987494
2026-04-26T18:58:30,9,3512942.8324369867,2069077.3339308293,4889054.50695376,1.9447066631446456e-07,42.761836411871485
2026-04-26T18:59:00,9,3512942.337855417,2069077.6515713679,4889054.876836127,1.945382495194713e-07,42.481165792827476
2026-04-26T18:59:30,9,3512941.267558735,2069077.0437898338,4889054.730794553,1.9383895218586733e-07,42.40736602426984
2026-04-26T19:00:00,9,3512940.908460161,2069076.8465584107,4889055.775639315,1.953926801132495e-07,42.40881674026965
2026-04-26T19:00:30,9,3512940.9707620186,2069077.135574293,4889055.822629128,1.9590079978669528e-07,42.46500399094828
2026-04-26T19:01:00,9,3512940.6955224345,2069077.2774912044,4889055.181670452,1.948055530918851e-07,42.249213044812706
2026-04-26T19:01:30,9,3512940.555625807,2069077.470128556,4889056.466152558,1.970086429153337e-07,42.17811294594795
2026-04-26T19:02:00,9,3512939.882104364,2069077.8525237083,4889057.236370694,1.9758834994707694e-07,42.11112916648031
2026-04-26T19:02:30,9,3512939.2719104523,2069077.390565218,4889057.354024579,1.9758075989329521e-07,41.97155091611216
2026-04-26T19:03:00,9,3512938.5507879388,2069076.9979223828,4889057.577085875,1.9703119632552398e-07,41.91419400414574
2026-04-26T19:03:30,9,3512938.529475048,2069077.1471609918,4889057.57465737,1.9682839435401553e-07,41.85662958126441
2026-04-26T19:04:00,9,3512938.1068374137,2069077.1787635228,4889058.100196171,1.9824047376405395e-07,41.82525769252081
2026-04-26T19:04:30,9,3512937.74504614,2069077.3550690797,4889058.382350488,1.995035152526241e-07,41.791210573281425
2026-04-26T19:05:00,9,3512937.222949013,2069076.6334767262,4889058.023259962,1.9730685361053558e-07,41.66933794439986
2026-04-26T19:05:30,9,3512936.259123143,2069076.507158017,4889058.237937189,1.9680672600902213e-07,41.65107875954931
2026-04-26T19:06:00,9,3512935.7210126542,2069076.3063005896,4889058.659883678,1.9777540265819745e-07,41.487347356458656
2026-04-26T19:06:30,9,3512934.329152124,2069075.7080626935,4889056.8930625655,1.929249475266933e-07,41.44303541746994
2026-04-26T19:07:00,9,3512934.6804251024,2069075.9894347328,4889057.922596918,1.9507662475409285e-07,41.34590595282169
2026-04-26T19:07:30,9,3512933.646624542,2069075.7450563852,4889057.029102896,1.9275384589331266e-07,41.51133818926443
2026-04-26T19:08:00,6,3512861.907475421,2069080.9021927752,4889019.522632465,-9.643026177941648e-09,42.97914586087548
2026-04-26T19:08:30,6,3512862.1972461003,2069081.6336260454,4889020.011780545,-9.649188133873062e-09,42.84128848055862
2026-04-26T19:09:00,7,3512937.035347077,2069086.170551273,4889052.528557097,1.9039253453953366e-07,44.20193048234811
2026-04-26T19:09:30,9,3512931.192245876,2069074.073587087,4889056.092424753,1.8792163371293064e-07,41.78779092123468
2026-04-26T19:10:00,10,3512933.6211136645,2069078.6623820127,4889060.024720086,2.02274959433133e-07,39.61040616630982
2026-04-26T19:10:30,10,3512933.408126006,2069078.5396866696,4889060.308820117,2.0336675116262897e-07,39.30959570700843
2026-04-26T19:11:00,10,3512933.029905066,2069077.46938209,4889060.160007064,2.0286357162338315e-07,39.58649063928574
2026-04-26T19:11:30,10,3512931.917517251,2069077.0369748676,4889058.328260196,1.9878377275558683e-07,39.47306584329297
2026-04-26T19:12:00,11,3512926.1159606385,2069061.8547186095,4888985.277313406,5.48980723351971e-08,44.890817749245954
2026-04-26T19:12:30,11,3512925.0048841215,2069061.3092549744,4888983.296767469,5.0815157832268993e-08,45.05625191753732
2026-04-26T19:13:00,11,3512924.261808523,2069060.3467486778,4888982.211902219,4.709732532203527e-08,45.36616116944977
2026-04-26T19:13:30,11,3512923.485593924,2069059.6002286274,4888980.020630201,4.31000182386967e-08,45.598206252167664
2026-04-26T19:14:00,11,3512923.3296787725,2069059.1049638628,4888979.464176872,4.115937842865279e-08,45.733093846510776
2026-04-26T19:14:30,11,3512922.03010758,2069058.3530786242,4888978.274048339,3.827330352412937e-08,45.72816266088088
2026-04-26T19:15:00,11,3512922.088421009,2069057.877633567,4888977.6010774635,3.685589111666929e-08,45.8648185028563
2026-04-26T19:15:30,11,3512920.8781528575,2069057.4613369629,4888976.614326759,3.353553309279807e-08,46.122568024074404
2026-04-26T19:16:00,11,3512920.49159536,2069057.124276856,4888975.214010859,3.186418067079512e-08,46.253995686753704
2026-04-26T19:16:30,11,3512919.43260956,2069056.21859201,4888973.724206155,2.7429550566846072e-08,46.36143078829935
2026-04-26T19:17:00,11,3512918.128921638,2069055.9488401262,4888972.911585914,2.538353952673687e-08,46.469954299056255
2026-04-26T19:17:30,11,3512917.5408734633,2069055.4187690055,4888971.727668619,2.246316648764581e-08,46.64099695984238
2026-04-26T19:18:00,11,3512917.574518539,2069055.3435168595,4888971.059884956,2.2159445450014506e-08,46.72869467900569
2026-04-26T19:18:30,11,3512916.6663947306,2069054.8806711636,4888969.79381184,1.9526591893928584e-08,46.77358621060507
2026-04-26T19:19:00,11,3512916.482895979,2069054.4082650407,4888970.318982127,2.113781190552549e-08,46.77423992171723
2026-04-26T19:19:30,11,3512915.799383511,2069053.8611907838,4888968.55681549,1.691409168490489e-08,47.01759868719663
2026-04-26T19:20:00,10,3512920.6023789314,2069069.8755523649,4889046.236466884,1.7112951267338278e-07,41.00716712160062
2026-04-26T19:20:30,12,3512961.1952974,2069083.7373806264,4888984.775471496,1.2175319108895976e-07,60.97896464924856
2026-04-26T19:21:00,12,3512960.301722344,2069083.3446820893,4888984.800407803,1.2179365360152317e-07,60.294912583861944
2026-04-26T19:21:30,11,3512914.1616405705,2069052.8996935722,4888966.36325153,1.3393969859114846e-08,47.384606446271285
2026-04-26T19:22:00,11,3512913.698573123,2069052.674730192,4888966.0147737395,1.3378588985262929e-08,47.59239052409779
2026-04-26T19:22:30,11,3512913.1054023155,2069052.2652381929,4888965.5186121585,1.170350829961469e-08,47.49090684572569
2026-04-26T19:23:00,12,3512957.3282154445,2069082.6446509566,4888982.153334006,1.1610984696151602e-07,60.570269639026215
2026-04-26T19:23:30,12,3512957.300889831,2069082.6389704442,4888981.6111295335,1.1552983171726813e-07,60.651373188145214
2026-04-26T19:24:00,11,3512912.0485006925,2069051.6472824286,4888964.492372346,1.0550514224832541e-08,47.87717962218
2026-04-26T19:24:30,11,3512911.7058178564,2069051.612635751,4888963.56349066,9.161373746314941e-09,47.67942090804875
2026-04-26T19:25:00,12,3512955.8328914028,2069082.6596846676,4888981.046413666,1.1449580763358619e-07,60.65143698420565
2026-04-26T19:25:30,12,3512954.876016824,2069082.6127696647,4888979.88668496,1.1313385139418513e-07,60.545413392348415
2026-04-26T19:26:00,12,3512954.5109905167,2069082.4105215583,4888979.615499918,1.1331749646518926e-07,60.49534088442743
2026-04-26T19:26:30,12,3512953.350634125,2069081.935176299,4888978.908150951,1.1045731672137761e-07,60.456345041974956
2026-04-26T19:27:00,12,3512952.8709224216,2069081.58717234,4888978.23472762,1.099867974567015e-07,60.20540867746985
2026-04-26T19:27:30,12,3512952.4772602534,2069081.6610562094,4888977.08587682,1.0816612117861564e-07,60.548487647516794
2026-04-26T19:28:00,12,3512951.980304458,2069082.3735477037,4888977.173133047,1.0896117059039398e-07,60.596258707956345
2026-04-26T19:28:30,12,3512951.2960264,2069081.8944750987,4888976.9116397835,1.0874441790882739e-07,60.73290492906618
2026-04-26T19:29:00,12,3512950.6095612533,2069081.8341180745,4888976.478516146,1.0817680281740735e-07,60.32730994842107
2026-04-26T19:29:30,12,3512950.3314985395,2069081.0558143614,4888975.42783594,1.0661160328595162e-07,60.62604502220819
2026-04-26T19:30:00,12,3512949.7243090887,2069081.033107787,4888974.635251083,1.0547314088584691e-07,60.66217057855449
2026-04-26T19:30:30,12,3512949.0216454854,2069080.9888007657,4888974.969375135,1.0562300211822939e-07,60.44053551416593
2026-04-26T19:31:00,12,3512948.528149831,2069081.1424533771,4888973.882585784,1.0533191361513726e-07,60.60152017179627
2026-04-26T19:31:30,12,3512948.08322723,2069081.4906456955,4888973.24417547,1.0423699974758152e-07,60.92762021764166
2026-04-26T19:32:00,12,3512948.169612428,2069081.2405249872,4888973.221489727,1.0527803847213293e-07,60.70517028582403
2026-04-26T19:32:30,12,3512947.7623056374,2069080.7571322427,4888972.264925012,1.042182440070417e-07,60.48235924147678
2026-04-26T19:33:00,12,3512947.2668791832,2069080.9993565865,4888972.2389663905,1.0450764931905019e-07,60.577857479977894
2026-04-26T19:33:30,12,3512946.8380493964,2069080.8130402456,4888971.132074909,1.0303676529408601e-07,60.686164642591784
2026-04-26T19:34:00,12,3512946.255721621,2069080.7819320038,4888971.328963198,1.04067066418669e-07,60.57956210314995
2026-04-26T19:34:30,12,3512945.958743006,2069080.8694758918,4888970.040191299,1.0296077799537415e-07,60.42159556523806
2026-04-26T19:35:00,12,3512945.512601106,2069080.6922905424,4888971.063009953,1.0518660541158968e-07,60.56135804830828
2026-04-26T19:35:30,12,3512945.6528641386,2069080.9020338992,4888970.057817873,1.0455413251464717e-07,60.53690397383922
2026-04-26T19:36:00,12,3512945.2709549363,2069080.675762037,4888970.33881198,1.053865018333239e-07,60.500721877911786
2026-04-26T19:36:30,12,3512944.95473611,2069079.9835853162,4888969.726247903,1.0467949858896964e-07,60.21421384913091
2026-04-26T19:37:00,12,3512944.80691635,2069080.121270411,4888969.040895872,1.048352729862964e-07,60.382809451008335
2026-04-26T19:37:30,12,3512945.016614071,2069080.0330339214,4888969.7669158075,1.0727459084025371e-07,60.054504881448494
2026-04-26T19:38:00,11,3512971.1142939413,2069081.2483148605,4888989.700335156,1.7497421113753275e-07,58.57105564831405
2026-04-26T19:38:30,11,3512970.657580016,2069081.2977839843,4888988.550408977,1.7354894728877366e-07,58.79485658178687
2026-04-26T19:39:00,11,3512970.350577337,2069081.755231903,4888987.88439124,1.7327355401671028e-07,59.195163279603456
2026-04-26T19:39:30,11,3512969.4566022595,2069081.4093412375,4888987.993013584,1.7374951599960073e-07,58.89762020029947
2026-04-26T19:40:00,11,3512969.2977174413,2069081.2120119585,4888987.718982911,1.743574657131814e-07,59.18929638339947
2026-04-26T19:40:30,11,3512968.57790372,2069080.9555447642,4888986.970698018,1.7208925312311215e-07,59.09420060100699
2026-04-26T19:41:00,11,3512968.283088688,2069081.2584765565,4888986.711301637,1.730504504106213e-07,59.479500360767105
2026-04-26T19:41:30,11,3512968.047897439,2069081.4988090869,4888987.427584158,1.7474581595381025e-07,59.51210056613336
2026-04-26T19:42:00,11,3512967.2383987447,2069080.791532515,4888985.8832065845,1.7101889337589132e-07,59.59833297715752
2026-04-26T19:42:30,11,3512967.1468988904,2069081.0315137096,4888985.970449843,1.7325588780287774e-07,59.66581383233123
2026-04-26T19:43:00,11,3512966.755489509,2069080.8519281968,4888984.999186146,1.720360174155824e-07,59.92284369471769
2026-04-26T19:43:30,11,3512966.5068685617,2069081.0593308695,4888984.299652601,1.7201050420112746e-07,60.249654502731566
2026-04-26T19:44:00,11,3512965.458138236,2069080.745701401,4888984.100343839,1.7066088698487536e-07,59.891806052750326
2026-04-26T19:44:30,11,3512965.0655349656,2069080.5463102297,4888983.347643533,1.701104668571693e-07,60.01340607563244
2026-04-26T19:45:00,11,3512965.396461812,2069081.289583137,4888983.7225821735,1.7302225368164197e-07,60.556066610991415
2026-04-26T19:45:30,10,3512914.861954512,2069047.7371659782,4888954.9959497405,4.004982321328288e-08,54.198838374749585
2026-04-26T19:46:00,10,3512913.9498141953,2069047.8357794327,4888954.030262264,3.820107200274225e-08,54.431688922901316
2026-04-26T19:46:30,11,3512963.475046223,2069080.8913620056,4888980.99869333,1.6877293867960864e-07,60.95419937040595
2026-04-26T19:47:00,11,3512963.669154592,2069080.7815394646,4888981.265361595,1.7022540374190926e-07,61.4952118980078
2026-04-26T19:47:30,11,3512962.7864443064,2069080.016436851,4888980.384177107,1.6919277075933125e-07,61.196258528251185
2026-04-26T19:48:00,11,3512961.9320229427,2069079.962312937,4888980.030713333,1.6845127704255965e-07,61.34734802732612
2026-04-26T19:48:30,11,3512961.204026956,2069079.5194730675,4888978.476666197,1.6607216493845662e-07,61.60757698564946
2026-04-26T19:49:00,11,3512960.486396114,2069079.4982533648,4888978.1024934845,1.657398257687028e-07,61.650006538508656
2026-04-26T19:49:30,11,3512960.2629286894,2069079.569804291,4888977.494133839,1.6573089204450472e-07,61.97416582163381
2026-04-26T19:50:00,11,3512959.7287046956,2069079.5829282443,4888976.93391449,1.6506037712006577e-07,62.299558413649336
2026-04-26T19:50:30,11,3512959.2406378416,2069079.122813772,4888975.916280931,1.6390896145105818e-07,62.35080386745062
2026-04-26T19:51:00,11,3512958.5857154755,2069078.9949971952,4888975.3370463,1.638873989746428e-07,62.62646377132219
2026-04-26T19:51:30,11,3512958.481770402,2069079.298374741,4888975.440604668,1.6474994979611241e-07,62.74932103735995
2026-04-26T19:52:00,11,3512957.276525465,2069078.7819241108,4888974.4116802905,1.625889358624635e-07,62.78698950509903
2026-04-26T19:52:30,11,3512957.066208274,2069078.7489576554,4888973.390532993,1.6150337075014864e-07,63.16578066391764
2026-04-26T19:53:00,11,3512956.217504488,2069078.3675855403,4888972.582786005,1.6099100554986044e-07,63.408323097476874
2026-04-26T19:53:30,11,3512955.4297972824,2069078.0072273575,4888971.895179626,1.5968038546730385e-07,63.44807599051189
2026-04-26T19:54:00,11,3512955.2367839697,2069077.9543941978,4888971.255722921,1.5964389179059816e-07,63.84001572857123
2026-04-26T19:54:30,11,3512954.8794810227,2069077.1569466593,4888971.058933391,1.6011229197827363e-07,63.6432739829202
2026-04-26T19:55:00,11,3512953.985608626,2069077.165876363,4888970.425657489,1.5951022252567306e-07,64.09370695947095
2026-04-26T19:55:30,11,3512953.8564993716,2069077.1372024792,4888969.798494992,1.5914394829793824e-07,64.25254467184868
2026-04-26T19:56:00,11,3512953.513364427,2069076.8349148212,4888969.069903548,1.5916380867141e-07,64.5360539952846
2026-04-26T19:56:30,11,3512952.640093902,2069076.5715681298,4888968.105852201,1.567293718683351e-07,64.71828359194544
2026-04-26T19:57:00,11,3512951.6886511464,2069076.61788115,4888965.999978685,1.5386029882499505e-07,64.68944217349568
2026-04-26T19:57:30,11,3512951.9076405177,2069077.1047198805,4888965.767469939,1.5596064774368311e-07,65.29250048946821
2026-04-26T19:58:00,11,3512950.602129724,2069076.085615531,4888964.628147941,1.5304605471586036e-07,65.37587583474446
2026-04-26T19:58:30,11,3512950.3999641878,2069075.8558433575,4888964.292920966,1.5304386658518483e-07,65.58443862691975
2026-04-26T19:59:00,11,3512950.196473808,2069075.9207894062,4888963.159756576,1.534563886502872e-07,66.01334565864518
2026-04-26T19:59:30,11,3512949.3921353635,2069075.4637032466,4888963.065107491,1.524787449937412e-07,65.99890595258354
2026-04-26T20:00:00,11,3512948.703447466,2069075.1459414777,4888960.850674146,1.5083127694108937e-07,66.58018139703525
2026-04-26T20:00:30,11,3512948.961311033,2069075.0613039788,4888961.489572949,1.5213985416073979e-07,66.42718809623949
2026-04-26T20:01:00,11,3512948.071048369,2069074.7870914424,4888960.628790231,1.5066157085603742e-07,66.91893761600598
2026-04-26T20:01:30,11,3512946.729815468,2069073.9005821266,4888958.401865748,1.4649706165185726e-07,66.9567632460887
2026-04-26T20:02:00,11,3512946.977346466,2069074.2648858333,4888958.805672081,1.498486927010598e-07,67.3238245256569
2026-04-26T20:02:30,11,3512946.4432366574,2069073.663825999,4888958.058050218,1.485775859791682e-07,67.43744970244207
2026-04-26T20:03:00,11,3512945.4368616478,2069073.125438696,4888957.106352103,1.4692606224002938e-07,67.65933619218845
2026-04-26T20:03:30,11,3512945.3650043234,2069073.3701733877,4888955.960118612,1.4696238560535106e-07,67.90782387449936
2026-04-26T20:04:00,11,3512944.8941748184,2069072.8218084623,4888954.984734274,1.4538124710650856e-07,68.18978434779778
2026-04-26T20:04:30,11,3512944.2123843543,2069072.3248134735,4888954.583053043,1.454088128989691e-07,68.44269842833171
2026-04-26T20:05:00,11,3512944.0905618635,2069072.2063334826,4888953.940693672,1.4588545214545264e-07,68.87751157404551
2026-04-26T20:05:30,11,3512942.86404548,2069071.3206286007,4888953.069122249,1.4423032355584112e-07,68.99824727907924
2026-04-26T20:06:00,11,3512942.949681736,2069071.8181570594,4888951.676128737,1.4354224862447846e-07,69.2853402011787
2026-04-26T20:06:30,11,3512942.499335874,2069071.151893167,4888950.941478233,1.433275210192473e-07,69.58306554064492
2026-04-26T20:07:00,10,3512890.131428496,2069026.6507416265,4888920.85185368,3.2474840768617884e-10,62.81940817274347
2026-04-26T20:07:30,10,3512889.745435614,2069025.8751821432,4888919.550949821,-1.8189182752291677e-09,63.00196385403196
2026-04-26T20:08:00,10,3512889.340727252,2069024.9664626988,4888919.5100716725,-7.789458597246916e-10,63.23041034641056
2026-04-26T20:08:30,10,3512888.173065047,2069024.0916975043,4888918.349903882,-3.3274020282384515e-09,63.37873337706057
2026-04-26T20:09:00,10,3512888.3172239237,2069023.673774785,4888917.72604129,-2.2586124739204903e-09,63.61613957470911
2026-04-26T20:09:30,10,3512887.5847607586,2069022.8767943738,4888917.674404167,-2.0910093159019943e-09,63.75578980048735
2026-04-26T20:10:00,10,3512886.511823977,2069022.2802582134,4888915.58594727,-4.536608315270505e-09,63.956042964873944
2026-04-26T20:10:30,11,3512933.7621824592,2069077.008107225,4888949.132708665,1.4690244322431004e-07,72.73989697549354
2026-04-26T20:11:00,11,3512932.5339301005,2069075.7431891002,4888947.136134635,1.4331673783088494e-07,72.75855790120664
2026-04-26T20:11:30,11,3512931.6170124104,2069074.0080847275,4888947.075265949,1.4168748753718984e-07,72.55876041303667
2026-04-26T20:12:00,11,3512929.997557557,2069072.911864804,4888944.691227181,1.3748566989625523e-07,72.6752923832764
2026-04-26T20:12:30,11,3512928.69880606,2069071.1598426125,4888943.649236908,1.357859529608716e-07,72.88771889051495
2026-04-26T20:13:00,11,3512928.3354381425,2069070.8059215934,4888942.178236621,1.3322443248389246e-07,72.82134379117659
2026-04-26T20:13:30,11,3512927.603136935,2069069.2854522695,4888940.833430334,1.3243156752292227e-07,72.77105120443615
2026-04-26T20:14:00,11,3512926.107665925,2069068.3841142312,4888939.768284577,1.3003283039923157e-07,72.86539759166418
2026-04-26T20:14:30,11,3512925.4319675565,2069067.522004239,4888938.464412341,1.2907885177954017e-07,73.01335450158072
2026-04-26T20:15:00,11,3512924.0091999727,2069066.216786032,4888937.174503749,1.2634765399682924e-07,73.03022559778981
2026-04-26T20:15:30,11,3512923.2057089536,2069065.2151497547,4888936.123953033,1.2421567210126309e-07,73.20833082071773
2026-04-26T20:16:00,11,3512922.3713543164,2069064.0535744727,4888935.786265569,1.246669273750498e-07,73.1866365075697
2026-04-26T20:16:30,11,3512921.3395662387,2069063.110201073,4888934.686312334,1.2204369558480236e-07,73.33051632997453
2026-04-26T20:17:00,11,3512920.7376057114,2069061.738145366,4888932.9715795815,1.207038063784216e-07,73.53424492447317
2026-04-26T20:17:30,11,3512920.0273851953,2069061.3286870604,4888932.0146837495,1.192576206199685e-07,73.82635153525182
2026-04-26T20:18:00,11,3512919.420722895,2069060.1789425353,4888931.518623835,1.1948738793880184e-07,73.92290686017488
2026-04-26T20:18:30,11,3512918.8579820953,2069059.36731598,4888930.36103893,1.18574403655888e-07,74.13550415942413
2026-04-26T20:19:00,11,3512917.813374981,2069058.40694827,4888930.368257586,1.1934489011913485e-07,74.68186631917584
2026-04-26T20:19:30,11,3512917.1835382786,2069057.5118556225,4888928.954868598,1.1756350583243262e-07,74.48933450313108
2026-04-26T20:20:00,11,3512916.489899709,2069056.1178060488,4888929.054516904,1.184009611543315e-07,74.81954686936841
2026-04-26T20:20:30,11,3512915.7370431907,2069055.2466346256,4888927.724983665,1.1717760834494051e-07,74.7621430680894
2026-04-26T20:21:00,11,3512916.3557580956,2069054.1648934383,4888928.346160357,1.197779651055497e-07,75.18912107861591
2026-04-26T20:21:30,11,3512915.8542487924,2069053.8289361899,4888927.429944427,1.196570225702753e-07,75.40905347295698
2026-04-26T20:22:00,11,3512915.369658759,2069052.1547386034,4888928.055940795,1.2140689439633337e-07,75.5461193415136
2026-04-26T20:22:30,11,3512914.993022971,2069051.2721286162,4888927.300720784,1.2136299345195383e-07,75.86587521231
2026-04-26T20:23:00,11,3512913.9916023435,2069050.1740969776,4888926.739580163,1.2125407250491108e-07,76.13641546429889
2026-04-26T20:23:30,11,3512913.4823403456,2069049.3619765455,4888927.167143093,1.229353295788866e-07,76.57008782634983
2026-04-26T20:24:00,11,3512912.9185163504,2069047.9216273667,4888926.596455175,1.2261156298661989e-07,76.69887549486133
2026-04-26T20:24:30,11,3512913.2865661383,2069046.640616212,4888929.12003695,1.285824551810975e-07,76.95676627497134
2026-04-26T20:25:00,11,3512912.9056520243,2069046.3819038922,4888928.458797058,1.292328675204861e-07,77.39086746359665
2026-04-26T20:25:30,11,3512913.1476376816,2069044.9086785102,4888929.608939349,1.3318840343570818e-07,77.93057223365787
2026-04-26T20:26:00,11,3512913.0820267703,2069044.0043963203,4888930.645922714,1.3570734889662935e-07,78.14490044979198
2026-04-26T20:26:30,11,3512913.3694986175,2069042.8693918716,4888932.603886748,1.410722083557673e-07,78.55717961707815
2026-04-26T20:27:00,11,3512913.8442303836,2069041.4212571948,4888933.855211387,1.4527091070700725e-07,79.14514948567303
2026-04-26T20:27:30,11,3512913.875532381,2069040.4796234525,4888936.496459813,1.5114150018385073e-07,79.3571314916203
2026-04-26T20:28:00,10,3512881.643036162,2069056.6976184216,4888816.753786372,-7.915602705591294e-08,76.81591958634598
2026-04-26T20:28:30,10,3512880.8989138184,2069055.7613334665,4888814.26645235,-8.185949010511446e-08,76.74466490399041
2026-04-26T20:29:00,10,3512880.0177297816,2069055.5530814922,4888811.337998883,-8.648911044548166e-08,76.77253276930219
2026-04-26T20:29:30,10,3512879.3406369174,2069054.8783858714,4888809.931953083,-8.695346993835238e-08,76.81956988228401
2026-04-26T20:30:00,10,3512878.8314801487,2069053.857844102,4888807.904364893,-8.961460025996228e-08,76.68099581723429
2026-04-26T20:30:30,10,3512878.0991298785,2069053.4974948547,4888805.404079706,-9.264048694276604e-08,76.86384480265818
2026-04-26T20:31:00,10,3512877.976497239,2069052.8821191685,4888804.3764544,-9.23833227793425e-08,76.69160272394662
2026-04-26T20:31:30,10,3512877.5382817504,2069051.9137594467,4888802.84648127,-9.328218233007908e-08,76.97616875241025
2026-04-26T20:32:00,10,3512877.100896307,2069051.000539826,4888800.1440407075,-9.669479655678107e-08,76.68024138758267
2026-04-26T20:32:30,10,3512876.885442857,2069050.7221790783,4888798.506253334,-9.765792081972688e-08,76.66654168911342
2026-04-26T20:33:00,10,3512876.0036340426,2069049.6161000796,4888797.337395218,-9.857275515576097e-08,76.56884576313657
2026-04-26T20:33:30,10,3512876.0503810793,2069049.5532953395,4888795.7909515295,-9.986801333599781e-08,76.66736432728973
2026-04-26T20:34:00,10,3512876.201009775,2069048.4431681673,4888794.714090593,-9.861911366657952e-08,76.6821292661594
2026-04-26T20:34:30,10,3512875.628417991,2069047.817654182,4888792.770321317,-1.0177275480504877e-07,76.60153987005005
2026-04-26T20:35:00,10,3512875.3988659456,2069047.1768953316,4888790.709879509,-1.030361592037868e-07,76.62940050148357
2026-04-26T20:35:30,10,3512875.365027152,2069046.7106977715,4888789.660679959,-1.034930234498448e-07,76.6196209333311
2026-04-26T20:36:00,10,3512875.1330181086,2069045.9773961247,4888788.789437762,-1.0262607233182033e-07,76.6322983573483
2026-04-26T20:36:30,10,3512875.2464718325,2069045.558783324,4888788.001336602,-1.0149291466234375e-07,76.78146764767267
2026-04-26T20:37:00,10,3512875.7042565183,2069044.7780082368,4888787.095915022,-1.0056554149875347e-07,76.67019743946537
2026-04-26T20:37:30,10,3512876.3921461613,2069044.3174162572,4888785.9846734945,-1.0080696485255818e-07,76.84638003572462
2026-04-26T20:38:00,10,3512876.5945375087,2069043.4860802651,4888785.5003064,-9.883844294025225e-08,76.71708871450727
2026-04-26T20:38:30,9,3512863.7669357006,2069040.2652381384,4888774.079577217,-1.3442078228241554e-07,80.7601321935752
2026-04-26T20:39:00,9,3512861.9784595734,2069038.8195427582,4888772.410714481,-1.3944053422903452e-07,80.46821776037864
2026-04-26T20:39:30,9,3512861.2103695986,2069038.1734821848,4888771.040651415,-1.3980203566811663e-07,80.74356712981874
2026-04-26T20:40:00,9,3512860.291673236,2069037.236854924,4888769.51220379,-1.4285273136921824e-07,80.36404495590315
2026-04-26T20:40:30,9,3512859.0997916656,2069036.3147690757,4888767.267458549,-1.458328975750985e-07,80.42860604261514
2026-04-26T20:41:00,9,3512857.9729727395,2069034.820575016,4888766.99185488,-1.466294804229149e-07,80.17993663148377
2026-04-26T20:41:30,9,3512858.1456075604,2069034.0441544377,4888765.608987882,-1.4683254422437886e-07,80.34654326560114
2026-04-26T20:42:00,9,3512856.544881717,2069033.3052623048,4888763.240190793,-1.516819755107972e-07,80.46174197503035
2026-04-26T20:42:30,9,3512855.2493445138,2069031.7445161208,4888763.202934892,-1.517606081739594e-07,80.28511124054194
2026-04-26T20:43:00,9,3512854.1728902156,2069030.8531207293,4888761.321145549,-1.5477967583986774e-07,80.38207604515513
2026-04-26T20:43:30,10,3512929.9906238895,2069024.130604177,4888859.067490969,1.1563485359435275e-07,87.31688051940505
2026-04-26T20:44:00,10,3512927.8405616526,2069023.3502077975,4888855.24330071,1.0733575660208512e-07,87.06458012986297
2026-04-26T20:44:30,10,3512925.880473489,2069022.4151548475,4888851.396435186,1.0127421880770224e-07,86.89086597366924
2026-04-26T20:45:00,10,3512924.263222891,2069021.7561493118,4888849.12920043,9.685769694706092e-08,86.590642465298
2026-04-26T20:45:30,10,3512922.2575374492,2069021.0800919966,4888845.525589207,9.03841172266355e-08,86.4804028951974
2026-04-26T20:46:00,10,3512920.1627259636,2069020.1913480535,4888841.6182735935,8.282649712768976e-08,86.16307355885246
2026-04-26T20:46:30,10,3512918.924353396,2069019.229531571,4888838.89728655,7.830820131003516e-08,85.87164075485262
2026-04-26T20:47:00,10,3512916.484556395,2069018.04525726,4888835.562826029,7.121058257488054e-08,85.5101350442173
2026-04-26T20:47:30,10,3512915.0599316778,2069016.7644490262,4888833.746595161,6.843530436797253e-08,85.4637954940549
2026-04-26T20:48:00,10,3512913.430244667,2069016.1952831245,4888830.481298097,6.24612992769928e-08,85.33222057865991
2026-04-26T20:48:30,10,3512910.9889282878,2069014.6013915588,4888828.4116893,5.7395494202078256e-08,84.83596197499679
2026-04-26T20:49:00,10,3512909.692769225,2069013.9429797528,4888825.478913323,5.233226401413367e-08,84.86360057280504
2026-04-26T20:49:30,10,3512908.3498000614,2069012.7576656316,4888823.201803218,4.917815805219971e-08,84.6590093245768
2026-04-26T20:50:00,10,3512906.2566790134,2069012.0308934236,4888820.204194623,4.241952456124086e-08,84.28973982296584
2026-04-26T20:50:30,10,3512905.1001491314,2069011.1598630496,4888818.373768685,3.910907848976085e-08,84.24894223724532
2026-04-26T20:51:00,10,3512903.4838825613,2069009.8696724772,4888816.509532987,3.555559216718986e-08,83.69852798159823
2026-04-26T20:51:30,10,3512902.066361697,2069008.8245964425,4888814.256203321,3.2088449593487554e-08,83.53708885597149
2026-04-26T20:52:00,10,3512900.6573555428,2069008.25012206,4888811.289000358,2.7366603644937085e-08,83.33319673236929
2026-04-26T20:52:30,10,3512898.8161280607,2069007.0409399462,4888810.046275747,2.3076614751133807e-08,83.13580171976335
2026-04-26T20:53:00,11,3512898.010568637,2069002.5085995647,4888859.471771028,1.0804602986100487e-07,82.35925480001916
2026-04-26T20:53:30,11,3512896.101618744,2069000.7773782872,4888855.857738763,1.0095652478172503e-07,82.1438947424329
2026-04-26T20:54:00,11,3512894.996449112,2069000.4558726659,4888852.810242765,9.590674612336637e-08,81.9589734577906
2026-04-26T20:54:30,11,3512892.733523996,2068999.0427075478,4888849.611511393,8.909920930393133e-08,81.46912248917991
2026-04-26T20:55:00,11,3512891.2598728486,2068998.0436075353,4888846.499666472,8.363843724794961e-08,81.26343164846455
2026-04-26T20:55:30,11,3512889.4311764967,2068996.4853247397,4888843.565781859,7.764619552420747e-08,80.8081351336425
2026-04-26T20:56:00,11,3512887.770763843,2068995.2164681307,4888840.862317599,7.356105127111197e-08,80.496211915511
2026-04-26T20:56:30,11,3512886.474219145,2068993.793215975,4888838.057547783,6.839444087702982e-08,80.12213904555811
2026-04-26T20:57:00,11,3512884.189878451,2068992.697571258,4888835.289658004,6.306514451050972e-08,79.77292493243147
2026-04-26T20:57:30,11,3512882.8870799313,2068991.7572804785,4888832.72128547,5.839351264372038e-08,79.52613137199398
2026-04-26T20:58:00,11,3512881.655085464,2068990.4988902966,4888830.587118763,5.4536057127900176e-08,79.1400239773617
2026-04-26T20:58:30,11,3512880.012443496,2068989.188557455,4888827.900718979,4.97266721869762e-08,78.98200437221044
2026-04-26T20:59:00,11,3512878.9558412544,2068988.260289906,4888825.877160495,4.6231365205877194e-08,78.59895512867355
2026-04-26T20:59:30,11,3512877.2586035174,2068986.8936797476,4888823.940116875,4.198218898442722e-08,78.08366566789884
2026-04-26T21:00:00,11,3512875.8317461126,2068985.4617646097,4888822.01853788,3.902965559966439e-08,78.09858707582245
2026-04-26T21:00:30,11,3512874.544015185,2068984.5877465906,4888820.551042822,3.5985515243488676e-08,77.61724042677338
2026-04-26T21:01:00,11,3512872.9023676906,2068983.5097083487,4888818.114914182,3.299720308715361e-08,77.25967837319514
2026-04-26T21:01:30,11,3512871.46241576,2068982.0936289679,4888816.339122266,2.9042449576841157e-08,76.86535691217514
2026-04-26T21:02:00,12,3512861.801134973,2068984.593970435,4888804.342759355,-7.675193170423079e-10,74.29604340885925
2026-04-26T21:02:30,12,3512859.71246163,2068983.8383537033,4888801.953936517,-5.481371367314597e-09,74.01040721447535
2026-04-26T21:03:00,12,3512857.815459314,2068982.1179173128,4888799.732946279,-1.0293428109567508e-08,73.8295052696604
2026-04-26T21:03:30,12,3512856.7166409,2068981.2828472191,4888798.235297754,-1.3708369746348053e-08,73.66355962138879
2026-04-26T21:04:00,12,3512854.642793185,2068980.4288880138,4888796.065715292,-1.8511324248754677e-08,73.41004445931216
2026-04-26T21:04:30,12,3512853.1746649686,2068979.3609423384,4888794.832486372,-2.122947334875017e-08,73.22049994268389
2026-04-26T21:05:00,12,3512851.6375127565,2068978.4357358997,4888793.1217806265,-2.508252274792228e-08,73.11250889056947
2026-04-26T21:05:30,12,3512849.9293784495,2068977.2124244422,4888791.5062638875,-2.8232255005169322e-08,72.67492182181026
2026-04-26T21:06:00,12,3512848.8276927015,2068976.2292828534,4888790.71071795,-3.041282742527408e-08,72.46518849782989
2026-04-26T21:06:30,12,3512847.074275423,2068975.1921201763,4888788.691359858,-3.4319585410688255e-08,72.18093415737128
2026-04-26T21:07:00,12,3512845.948536111,2068974.0224742966,4888787.270954338,-3.746874157713724e-08,72.18879239356923
2026-04-26T21:07:30,12,3512844.385789726,2068973.6776966539,4888786.427749101,-3.928922314430535e-08,71.87555749779823
2026-04-26T21:08:00,12,3512843.2335332963,2068972.5377736744,4888785.527269147,-4.063294911900053e-08,71.83438770565084
2026-04-26T21:08:30,12,3512841.9442200316,2068971.7745595947,4888784.206401732,-4.343526493468828e-08,71.36543667525443
2026-04-26T21:09:00,12,3512840.4015473826,2068970.7032392528,4888783.213565699,-4.577231884605847e-08,71.2643788502626
2026-04-26T21:09:30,12,3512839.353453106,2068970.0237551024,4888782.312729639,-4.769860279912588e-08,70.96769206748702
2026-04-26T21:10:00,12,3512837.931133437,2068969.298265015,4888781.5283031,-4.981470558954568e-08,70.89645097485122
2026-04-26T21:10:30,12,3512836.82220717,2068968.6728634585,4888780.990318722,-5.08893312543583e-08,70.73887265624427
2026-04-26T21:11:00,12,3512835.915585577,2068967.70183174,4888780.323673917,-5.177355122380701e-08,70.49506530898694
2026-04-26T21:11:30,12,3512834.9127912894,2068966.7660747354,4888779.567941657,-5.326404903229874e-08,70.26424583645151
2026-04-26T21:12:00,12,3512833.3392428593,2068966.2275891148,4888779.473400925,-5.444932212883826e-08,70.0926868573228
2026-04-26T21:12:30,12,3512832.2788304756,2068965.24724596,4888777.943604008,-5.7951913217790445e-08,69.78981105495696
2026-04-26T21:13:00,12,3512831.1632034336,2068964.8892971827,4888778.271305815,-5.676699326322654e-08,69.81003767038281
2026-04-26T21:13:30,12,3512830.267465808,2068964.2097347311,4888778.058847325,-5.745266997536728e-08,69.48199595622916
2026-04-26T21:14:00,12,3512829.3798102285,2068963.685205574,4888778.659375226,-5.690575916153154e-08,69.51376831770706
2026-04-26T21:14:30,11,3512828.585955224,2068961.3314766965,4888774.342780177,-6.537170235012235e-08,72.46892543957466
2026-04-26T21:15:00,11,3512826.7717224173,2068959.980069815,4888772.093047512,-7.052763688161602e-08,72.39000425247316
2026-04-26T21:15:30,11,3512825.9333496,2068958.3802296594,4888770.878329621,-7.388411605469674e-08,72.1711785831024
2026-04-26T21:16:00,11,3512825.7162772655,2068957.7433502707,4888770.255612669,-7.37715821106209e-08,72.03769192388047
2026-04-26T21:16:30,11,3512823.568374124,2068955.6896266753,4888767.532180478,-8.121572848382715e-08,71.72351546700062
2026-04-26T21:17:00,11,3512823.443129995,2068954.9168097018,4888766.983524908,-8.102732942008263e-08,71.74803815086231
2026-04-26T21:17:30,11,3512822.780572331,2068954.276685643,4888765.904668362,-8.336800551968372e-08,71.52324485666455
2026-04-26T21:18:00,11,3512821.4671134264,2068952.7913863915,4888764.724441372,-8.637157183176777e-08,71.38939980351738
2026-04-26T21:18:30,11,3512820.4529489838,2068951.30376432,4888763.118764876,-8.95576867500321e-08,71.21735862756051
2026-04-26T21:19:00,11,3512820.1301196185,2068950.304801195,4888762.17265641,-9.127199432936253e-08,71.10767745829409
2026-04-26T21:19:30,11,3512819.168749866,2068949.307098605,4888760.6557214195,-9.454923234475743e-08,71.05607446803104
2026-04-26T21:20:00,11,3512818.7319072937,2068948.4214622786,4888760.334545268,-9.406795252911585e-08,70.83744680408542
2026-04-26T21:20:30,12,3512794.34944887,2068904.6305052799,4888728.981418029,-2.0641934839431063e-07,73.27026274599739
2026-04-26T21:21:00,12,3512793.426419978,2068903.0776226094,4888727.4506812,-2.0950577790387326e-07,73.47700448840865
2026-04-26T21:21:30,12,3512792.38639236,2068901.73312499,4888727.298168031,-2.110406199572054e-07,73.38923606399948
2026-04-26T21:22:00,12,3512791.6026714826,2068899.8909811527,4888725.317452646,-2.1636740676680795e-07,73.30173079755961
2026-04-26T21:22:30,12,3512791.181912957,2068898.743854561,4888725.1088465685,-2.1725460749099758e-07,73.4930072324064
2026-04-26T21:23:00,12,3512789.8481747825,2068896.8149440044,4888724.344257597,-2.202742288928121e-07,73.41155654296601
2026-04-26T21:23:30,12,3512789.478717588,2068896.2457955186,4888723.243630008,-2.2286682483362283e-07,73.46260843044007
2026-04-26T21:24:00,12,3512788.652227554,2068894.620755621,4888722.163568908,-2.2558704615209056e-07,73.4660604564638
2026-04-26T21:24:30,12,3512787.3077017497,2068892.8036288288,4888721.661878072,-2.2911509891704928e-07,73.68566812178015
2026-04-26T21:25:00,12,3512787.8600518755,2068892.364265443,4888720.583983364,-2.3022292285084067e-07,73.3555864260132
2026-04-26T21:25:30,12,3512787.5481446953,2068891.7889324871,4888720.93576877,-2.303019773744358e-07,73.54591040690462
2026-04-26T21:26:00,12,3512786.2339321584,2068889.791970725,4888720.883537837,-2.3239983749262638e-07,73.70729751417495
2026-04-26T21:26:30,12,3512786.1260302863,2068888.9410720244,4888720.2462872695,-2.3356142558152625e-07,73.61539734106115
2026-04-26T21:27:00,12,3512785.931551102,2068887.9434666592,4888719.30161825,-2.3613724802224562e-07,73.36888899601092
2026-04-26T21:27:30,12,3512784.9390202938,2068886.438754228,4888718.961148127,-2.379639510995667e-07,73.51458362936287
2026-04-26T21:28:00,12,3512784.4651108026,2068885.3812237245,4888719.148618901,-2.388128219698477e-07,73.66420601577526
2026-04-26T21:28:30,13,3512775.1351815285,2068891.1151824417,4888821.8015190195,-7.671630399586378e-08,92.91486255698872
2026-04-26T21:29:00,13,3512774.8308415315,2068889.51384565,4888819.415903397,-8.18845115013376e-08,92.35386970124597
2026-04-26T21:29:30,13,3512774.3325977963,2068888.53674334,4888817.385617036,-8.535722474819621e-08,91.61142478285468
2026-04-26T21:30:00,13,3512774.364985539,2068887.7481769733,4888816.064353211,-8.724208217969722e-08,90.9978448554577
2026-04-26T21:30:30,13,3512774.6070583663,2068886.2420203406,4888813.336222184,-9.208783231865788e-08,90.50431144463329
2026-04-26T21:31:00,13,3512774.085218921,2068885.3949027176,4888812.368070341,-9.508266428845817e-08,89.99414795994228
2026-04-26T21:31:30,13,3512773.893642037,2068884.0327225437,4888810.39760667,-9.900345275435003e-08,89.51738933667018
2026-04-26T21:32:00,13,3512774.1552457004,2068883.3537558478,4888809.416496082,-1.0019104966849604e-07,89.07216099244455
2026-04-26T21:32:30,13,3512772.671663021,2068881.3645243684,4888806.955542352,-1.068501481520276e-07,88.6122400449098
2026-04-26T21:33:00,13,3512772.923384875,2068880.4387049752,4888806.358065338,-1.0736531193285766e-07,88.25593383704538
2026-04-26T21:33:30,13,3512772.8972202432,2068879.3984552817,4888804.258432978,-1.1116615225841833e-07,87.91931946867747
2026-04-26T21:34:00,13,3512772.9833995416,2068878.617527326,4888803.581257119,-1.1203592095491599e-07,87.38459898787166
2026-04-26T21:34:30,13,3512773.1892353036,2068877.922908954,4888802.795241293,-1.1441728255714576e-07,87.18697322226103
2026-04-26T21:35:00,13,3512773.348102348,2068876.884838862,4888801.497418236,-1.1657823283719246e-07,86.84313353383007
2026-04-26T21:35:30,13,3512773.354278607,2068876.1202194171,4888801.181960002,-1.1685343969216605e-07,86.54670554667467
2026-04-26T21:36:00,13,3512773.381001289,2068875.1006178975,4888800.222348882,-1.1937712725737817e-07,86.12407063811267
2026-04-26T21:36:30,13,3512773.514772926,2068874.2250417634,4888798.907527045,-1.2151292071617775e-07,85.68879328245693
2026-04-26T21:37:00,13,3512773.2700332035,2068873.1168079423,4888798.694726245,-1.2254205088693382e-07,85.57304767750462
2026-04-26T21:37:30,13,3512774.5203386396,2068872.6850294755,4888798.188759466,-1.2261681268714714e-07,85.60811047925716
2026-04-26T21:38:00,13,3512773.935966705,2068871.1523721814,4888797.579129352,-1.2511007657648152e-07,85.29058489188175
2026-04-26T21:38:30,13,3512774.599304367,2068870.2710147433,4888796.711743122,-1.268767770302824e-07,85.04929197445115
2026-04-26T21:39:00,13,3512774.7964420496,2068869.596730889,4888796.26205231,-1.280927236502116e-07,85.07444472697314
2026-04-26T21:39:30,13,3512774.215583136,2068868.920522602,4888795.511852822,-1.295399531777434e-07,84.77617434721004
2026-04-26T21:40:00,13,3512775.0795631367,2068868.4231113342,4888795.467265442,-1.2930694353976268e-07,84.60882902992464
2026-04-26T21:40:30,13,3512775.6041406677,2068867.3361596144,4888795.391858018,-1.299724973086256e-07,84.57934150840379
2026-04-26T21:41:00,13,3512776.302887946,2068867.1365757687,4888794.668981002,-1.3003644497635255e-07,84.0521082747434
2026-04-26T21:41:30,13,3512776.4173848084,2068865.871384759,4888794.903608293,-1.3032581025995745e-07,84.30151306191874
2026-04-26T21:42:00,13,3512777.4301077207,2068865.870774604,4888795.122686299,-1.290082071923329e-07,84.10733986035717
2026-04-26T21:42:30,13,3512777.734665895,2068864.816846337,4888794.6581151225,-1.2979167150697114e-07,84.19418411778177
2026-04-26T21:43:00,13,3512777.9535414525,2068863.9792024868,4888795.179843634,-1.3005510282514795e-07,84.05094663607764
2026-04-26T21:43:30,13,3512778.845420168,2068864.102144491,4888794.862330888,-1.3051764164224304e-07,84.01215197969506
2026-04-26T21:44:00,13,3512779.525957677,2068862.992543226,4888794.376240073,-1.3109279822212267e-07,83.72786083449691
2026-04-26T21:44:30,13,3512780.3828078248,2068862.7607488153,4888795.049962786,-1.2902789491274377e-07,83.71395799659281
2026-04-26T21:45:00,13,3512781.1232903334,2068862.0460432179,4888795.9222029755,-1.275162733584634e-07,83.76012072401213
2026-04-26T21:45:30,13,3512782.108460456,2068861.1107224051,4888795.690071142,-1.2743592571861925e-07,83.90589898929679
2026-04-26T21:46:00,13,3512782.9205629765,2068861.2792144057,4888795.976907687,-1.2640512896723175e-07,83.96429592222898
2026-04-26T21:46:30,13,3512784.15628806,2068860.8541768806,4888796.94814561,-1.2416746366018565e-07,83.84449154820312
2026-04-26T21:47:00,13,3512784.868115151,2068860.7624519272,4888797.035536245,-1.2333157892344137e-07,84.0372982665084
2026-04-26T21:47:30,13,3512786.2726197354,2068859.9603207593,4888796.912377417,-1.2273508805929622e-07,83.98138052549362
2026-04-26T21:48:00,13,3512787.756298491,2068859.9937121933,4888798.946104778,-1.1849684723774539e-07,84.27140861744815
2026-04-26T21:48:30,13,3512789.3391771717,2068860.014964175,4888799.10779736,-1.1712292311939838e-07,84.5010086112137
2026-04-26T21:49:00,13,3512790.006519828,2068859.366164988,4888799.880804892,-1.1543646356418142e-07,84.20416799022058
2026-04-26T21:49:30,12,3512754.956450594,2068841.934310929,4888794.23315228,-1.8761615187627194e-07,84.54644276286734
2026-04-26T21:50:00,13,3512822.792383995,2068890.1228673141,4888807.900039107,-3.6976388878633534e-08,93.08043427033545
2026-04-26T21:50:30,13,3512822.5763891023,2068888.65791543,4888808.234478661,-3.774855760717605e-08,92.87655086930397
2026-04-26T21:51:00,13,3512822.8250466473,2068888.640237944,4888809.293965367,-3.684337601149796e-08,92.9502015576987
2026-04-26T21:51:30,13,3512822.254915006,2068887.7941781802,4888810.266273617,-3.7240228750807094e-08,92.94039917057479
2026-04-26T21:52:00,13,3512822.1099233823,2068886.4701040438,4888810.279146839,-3.8410815312517084e-08,93.00533518805709
2026-04-26T21:52:30,13,3512822.558352109,2068886.2406962633,4888811.247344995,-3.672238360764583e-08,92.75523402241554
2026-04-26T21:53:00,13,3512822.3685689154,2068885.0482519614,4888811.9444871005,-3.746200133818862e-08,92.62296583909341
2026-04-26T21:53:30,13,3512822.4506900134,2068884.5679707548,4888812.701587997,-3.741762721271856e-08,92.7832198640822
2026-04-26T21:54:00,13,3512823.01172902,2068884.0094288911,4888813.714275998,-3.6299184812855345e-08,92.77000008060787
2026-04-26T21:54:30,13,3512823.6367659965,2068883.3531527088,4888815.838917583,-3.316330214210132e-08,92.95949072433268
2026-04-26T21:55:00,13,3512823.9843628444,2068882.5211774576,4888815.953166174,-3.3968368602745424e-08,93.06458083322363
2026-04-26T21:55:30,13,3512824.001682965,2068882.4236557088,4888816.388755209,-3.3241965810768594e-08,93.02788501584656
2026-04-26T21:56:00,13,3512825.0397637845,2068882.036947903,4888818.7818378825,-2.9153652183488802e-08,93.6439320671965
2026-04-26T21:56:30,13,3512824.703414014,2068880.8680337237,4888819.375751936,-3.0983612538913725e-08,93.34103670478983
2026-04-26T21:57:00,13,3512825.6820409317,2068880.3485284718,4888821.265029459,-2.7589483837823868e-08,93.49193350914058
2026-04-26T21:57:30,13,3512826.4198583667,2068880.0086685834,4888823.155001502,-2.50070040591142e-08,93.8474634446836
2026-04-26T21:58:00,13,3512826.94840959,2068879.3842297504,4888825.691476109,-2.205722552101807e-08,93.98017620895484
2026-04-26T21:58:30,13,3512827.752980473,2068878.702278453,4888826.813448909,-2.095567622053213e-08,94.1301564504225
2026-04-26T21:59:00,13,3512828.493496128,2068878.5478484735,4888829.325151699,-1.6327911762273186e-08,94.46008644075918
2026-04-26T21:59:30,13,3512828.7921645874,2068878.2754266632,4888831.338018363,-1.3140236600141673e-08,94.65017060032238
2026-04-26T22:00:00,11,3512792.2985958876,2068877.8892534685,4888747.051400358,-2.0334747412324504e-07,87.86291571436496
2026-04-26T22:00:30,11,3512792.122245988,2068876.5563071363,4888746.758599023,-2.0577001006813632e-07,87.72746086543314
2026-04-26T22:01:00,11,3512792.1200335477,2068876.0580256179,4888745.805616722,-2.0822921210334483e-07,87.77483972181757
2026-04-26T22:01:30,11,3512792.2824043557,2068874.6314862086,4888745.801264243,-2.0986436523441034e-07,87.50160498004676
2026-04-26T22:02:00,11,3512792.0069564576,2068873.3671379772,4888743.989724383,-2.1527103736191947e-07,87.29593800212409
2026-04-26T22:02:30,11,3512792.3525845986,2068872.2106399406,4888744.340466786,-2.1475499417592133e-07,87.1490605542881
2026-04-26T22:03:00,11,3512792.0395542867,2068870.9621903796,4888743.295202885,-2.190232913647578e-07,87.11634285776354
2026-04-26T22:03:30,11,3512792.1650387165,2068869.617952224,4888741.806029479,-2.2267155472677885e-07,86.6941678737336
2026-04-26T22:04:00,11,3512791.981174946,2068868.8311840075,4888741.521624661,-2.245448612219995e-07,87.04353526119418
2026-04-26T22:04:30,11,3512792.2036745646,2068867.6890536488,4888740.834959397,-2.2741361907269742e-07,86.69291281403704
2026-04-26T22:05:00,11,3512792.2612872506,2068866.4447761837,4888740.207786276,-2.2975269641639514e-07,86.61670757954931
2026-04-26T22:05:30,11,3512792.3983573127,2068864.9721455304,4888739.571471541,-2.324252131903438e-07,86.56582977955918
2026-04-26T22:06:00,11,3512792.6073801224,2068864.595400821,4888738.973185281,-2.343113753704093e-07,86.47315180902126
2026-04-26T22:06:30,11,3512792.8064935687,2068863.3469298484,4888738.878792442,-2.355735953415916e-07,86.2682532434834
2026-04-26T22:07:00,11,3512792.6414084565,2068862.1316231713,4888738.137766626,-2.3806072541530275e-07,86.2462709631154
2026-04-26T22:07:30,11,3512793.3611295014,2068861.021637333,4888737.452440587,-2.3982907732019633e-07,86.10697254720769
2026-04-26T22:08:00,11,3512793.9117414383,2068860.2081831929,4888737.173115068,-2.410275245055736e-07,86.0551866857391
2026-04-26T22:08:30,11,3512793.43058658,2068859.0043848872,4888736.763126287,-2.438867797538333e-07,86.31159680896451
2026-04-26T22:09:00,11,3512794.276551124,2068858.6098780667,4888736.66478981,-2.442897015784346e-07,85.79483333140821
2026-04-26T22:09:30,11,3512794.085124113,2068857.502298507,4888736.501874955,-2.466017255190962e-07,85.89189216153996
2026-04-26T22:10:00,11,3512794.632929229,2068856.3030515611,4888735.856961708,-2.482765594339876e-07,85.89024944007085
2026-04-26T22:10:30,11,3512794.736193574,2068854.6604287175,4888735.503105273,-2.509911631868181e-07,85.46332781409644
2026-04-26T22:11:00,11,3512795.337318251,2068854.2230134353,4888735.041160881,-2.5209551938860017e-07,85.73948716537696
2026-04-26T22:11:30,11,3512796.023964509,2068853.3114564281,4888735.48997628,-2.5219694980467716e-07,85.56664740685741
2026-04-26T22:12:00,11,3512796.1284449715,2068851.9210148514,4888735.508816193,-2.53287968062835e-07,85.50145114740248
2026-04-26T22:12:30,11,3512796.3073226167,2068851.1149129511,4888734.531574208,-2.5648885060311795e-07,85.58259437579773
2026-04-26T22:13:00,11,3512796.470935774,2068850.313965426,4888734.927894533,-2.577270719173559e-07,85.54576834482612
2026-04-26T22:13:30,11,3512797.288423121,2068849.9850402272,4888735.111098242,-2.569539018446766e-07,85.52433735852641
2026-04-26T22:14:00,11,3512797.034015295,2068848.363074217,4888734.110723816,-2.606541819289219e-07,85.30959877130894
2026-04-26T22:14:30,11,3512798.059912829,2068847.869815566,4888734.764763382,-2.5949819907473e-07,85.19375072006967
2026-04-26T22:15:00,11,3512798.4129148494,2068846.6116891021,4888735.594469212,-2.593762004367826e-07,85.33554590152083
2026-04-26T22:15:30,11,3512799.0098303054,2068845.9994327733,4888735.255788024,-2.612625429595453e-07,85.77341600537568
2026-04-26T22:16:00,11,3512800.0386132044,2068845.2685027637,4888735.000442861,-2.616387864157233e-07,85.40402331175268
2026-04-26T22:16:30,11,3512800.501783091,2068844.7179620329,4888736.161552689,-2.6074638841948134e-07,85.48565593624438
2026-04-26T22:17:00,11,3512800.375505158,2068842.6614589866,4888735.725342539,-2.643031767010238e-07,85.24033706381213
2026-04-26T22:17:30,11,3512801.72828654,2068842.5116805464,4888736.105590703,-2.62231392323288e-07,85.48769143081557
2026-04-26T22:18:00,12,3512873.8656994095,2068980.005966689,4888891.960023804,1.7432921461646175e-07,130.04522101544273
2026-04-26T22:18:30,12,3512873.6022754917,2068978.3011246056,4888890.775150066,1.7030483170081744e-07,129.30749205160464
2026-04-26T22:19:00,12,3512873.6052851514,2068976.5207204502,4888889.887300179,1.67228337921471e-07,128.749455604526
2026-04-26T22:19:30,12,3512874.5964139206,2068975.617559286,4888890.4595483765,1.6846501018453934e-07,128.28442237343705
2026-04-26T22:20:00,12,3512874.6924211336,2068973.8810408516,4888889.5631539095,1.6493376235108896e-07,127.8789956154184
2026-04-26T22:20:30,12,3512874.389008907,2068972.226200289,4888888.796767686,1.610655741272838e-07,127.44922910762459
2026-04-26T22:21:00,12,3512875.090932684,2068971.3182074476,4888889.086504131,1.6114608865419323e-07,126.86935262238352
2026-04-26T22:21:30,12,3512875.508408265,2068970.1753792102,4888889.397138864,1.6134164383145304e-07,126.99007624586886
2026-04-26T22:22:00,12,3512875.526841433,2068968.7304603136,4888889.613623912,1.5995191727514893e-07,126.44672812630083
2026-04-26T22:22:30,12,3512876.125434409,2068967.6436773757,4888888.435148055,1.5687332618551241e-07,125.84590053214652
2026-04-26T22:23:00,12,3512876.0075322744,2068966.5398189123,4888888.608803023,1.5553910995636505e-07,125.66231241863365
2026-04-26T22:23:30,12,3512876.178113467,2068965.3840529046,4888888.098706117,1.5305707567777795e-07,125.56762166442802
2026-04-26T22:24:00,12,3512876.614024749,2068964.6058618312,4888888.732642811,1.541145042839543e-07,124.93597061604959
2026-04-26T22:24:30,12,3512876.9209468844,2068963.011598792,4888888.869099976,1.5315036528497888e-07,124.89723450245108
2026-04-26T22:25:00,12,3512877.5300933314,2068961.721746945,4888888.6910602795,1.521812793165579e-07,124.57430778879396
2026-04-26T22:25:30,12,3512877.725786545,2068960.5132278344,4888889.218154727,1.512817295927956e-07,124.20015666264177
2026-04-26T22:26:00,12,3512878.2686799522,2068959.872082219,4888889.859584371,1.5168898434438866e-07,124.01868424746564
2026-04-26T22:26:30,12,3512879.141106912,2068958.6169175077,4888889.291626882,1.5038147118068384e-07,123.71174271368965
2026-04-26T22:27:00,12,3512879.486332112,2068957.7739945583,4888890.393971908,1.513708521720589e-07,123.47049059678511
2026-04-26T22:27:30,12,3512880.0205661706,2068956.8940476312,4888891.36179782,1.5203563258288338e-07,123.20382016456944
2026-04-26T22:28:00,12,3512880.77492021,2068955.9919446644,4888891.433962866,1.52116983486091e-07,123.02749185418435
2026-04-26T22:28:30,12,3512881.1552738235,2068954.719815479,4888891.485790114,1.5085213681706934e-07,122.92936013948781
2026-04-26T22:29:00,12,3512881.264862393,2068953.8756358097,4888891.4944598,1.494894734981575e-07,122.42054128641173
2026-04-26T22:29:30,12,3512881.610127438,2068952.91471401,4888892.371372194,1.5004094167568113e-07,122.30262157720752
2026-04-26T22:30:00,12,3512882.6686519682,2068952.3310537664,4888893.369443638,1.5106378276854075e-07,122.1420539833663
2026-04-26T22:30:30,12,3512883.1554086218,2068951.3814996004,4888893.652901683,1.5147894399532582e-07,121.86627337711087
2026-04-26T22:31:00,12,3512883.8354654973,2068951.3253999895,4888895.080029456,1.5351275600109711e-07,121.90162716433608
2026-04-26T22:31:30,12,3512884.6168159884,2068949.634735132,4888894.5560874455,1.5188901723759314e-07,121.51659480037868
2026-04-26T22:32:00,12,3512885.5708622322,2068949.1728767003,4888896.175304934,1.5451958796520293e-07,121.58129279502438
2026-04-26T22:32:30,12,3512885.3508699043,2068947.7561390747,4888895.729599487,1.5129834879946967e-07,121.25508202714398
2026-04-26T22:33:00,12,3512885.9089633427,2068947.2355788765,4888895.93139805,1.51375577752965e-07,121.07660981020118
2026-04-26T22:33:30,12,3512886.982965832,2068946.5204373216,4888897.28868511,1.5313044203179008e-07,120.64352318962987
2026-04-26T22:34:00,12,3512887.4380110833,2068945.1288249288,4888897.497424016,1.522359215032702e-07,120.43540028147379
2026-04-26T22:34:30,12,3512888.5613709562,2068944.4483524465,4888898.348537807,1.5386003576919377e-07,120.31202432879462
2026-04-26T22:35:00,12,3512888.840835156,2068943.7880273073,4888899.060742336,1.5425679635679924e-07,120.02398201984829
2026-04-26T22:35:30,12,3512889.362555739,2068943.1043752816,4888899.294022303,1.5442117753205015e-07,119.8200691036289
2026-04-26T22:36:00,12,3512890.2698199684,2068942.3312364349,4888900.143380612,1.5492624752804501e-07,119.4195673678491
2026-04-26T22:36:30,12,3512891.5362551166,2068941.647887464,4888901.609437246,1.5749311185849272e-07,119.21527761069655
2026-04-26T22:37:00,12,3512892.0485633523,2068940.3606661442,4888901.64816106,1.5654804550857754e-07,118.95722718206648
2026-04-26T22:37:30,12,3512892.659939994,2068939.9626003555,4888903.072068966,1.5844957088733466e-07,119.04768062574657
2026-04-26T22:38:00,12,3512893.203289108,2068939.240188639,4888904.068236797,1.5934926814817605e-07,119.03287772795503
2026-04-26T22:38:30,12,3512894.0526800747,2068938.3078080572,4888904.459780196,1.5882741687774398e-07,118.5928353413832
2026-04-26T22:39:00,12,3512894.599402758,2068937.7361593153,4888905.835457803,1.608491383409465e-07,118.19459325888404
2026-04-26T22:39:30,12,3512895.6166972797,2068936.521994045,4888905.475091881,1.5958443579196328e-07,118.16858801729677
2026-04-26T22:40:00,12,3512896.251145488,2068935.973057511,4888907.216883715,1.6217301549111723e-07,117.99477758306882
2026-04-26T22:40:30,12,3512896.8733100826,2068935.607123645,4888908.395014544,1.6378379292101447e-07,117.72735684306474
2026-04-26T22:41:00,12,3512897.8471424174,2068934.6066574617,4888908.74516258,1.6388487718527513e-07,117.44090794197812
2026-04-26T22:41:30,12,3512897.9094584417,2068934.0289268806,4888910.08313898,1.6450600882183563e-07,117.10948124431806
2026-04-26T22:42:00,12,3512899.1772923116,2068933.0902248255,4888910.496713883,1.6579508189601441e-07,117.01415256219825
2026-04-26T22:42:30,12,3512899.502219844,2068932.668066029,4888911.185648804,1.6607461361133693e-07,116.7605337534993
2026-04-26T22:43:00,12,3512900.7548138862,2068931.7590853018,4888912.660055059,1.6829507166591412e-07,116.46863039927862
2026-04-26T22:43:30,12,3512901.3161170464,2068931.3102697206,4888913.088334835,1.681275376260609e-07,116.36340025724603
2026-04-26T22:44:00,12,3512901.8864503275,2068930.0024102048,4888913.840501047,1.685497900145358e-07,115.92045129699788
2026-04-26T22:44:30,12,3512903.391546743,2068929.9499033988,4888915.458186694,1.7173106809179688e-07,115.92999584393549
2026-04-26T22:45:00,12,3512903.811692842,2068928.7644180958,4888916.554075108,1.7252221430996138e-07,115.56971015438883
2026-04-26T22:45:30,12,3512905.3183941264,2068928.6353475335,4888918.364204937,1.7598104943940952e-07,115.69342265616945
2026-04-26T22:46:00,12,3512905.2451183666,2068927.3747720371,4888919.079382411,1.7582000231156643e-07,115.21532427881199
2026-04-26T22:46:30,12,3512906.0211423244,2068926.7625732122,4888919.045995742,1.749889361157356e-07,114.93473107767277
2026-04-26T22:47:00,12,3512907.422727661,2068926.4135270237,4888920.600089167,1.775047801035696e-07,114.66327321938203
2026-04-26T22:47:30,12,3512907.9841941632,2068925.7893955663,4888921.325443934,1.7832978682343048e-07,114.21970196889085
2026-04-26T22:48:00,12,3512909.0311267134,2068925.4442163438,4888921.921585478,1.795250014225767e-07,114.22339719648556
2026-04-26T22:48:30,12,3512909.638450072,2068924.0964167689,4888923.568214326,1.809505134326491e-07,113.64591091516787
2026-04-26T22:49:00,12,3512910.1001890497,2068923.64442994,4888924.253716012,1.8127047333151263e-07,113.54097403345396
2026-04-26T22:49:30,12,3512911.477156005,2068923.102434045,4888925.479623345,1.8371899382261305e-07,113.4054278371763
2026-04-26T22:50:00,12,3512911.9076865725,2068922.6897691898,4888925.967290445,1.8323059691230152e-07,113.02486802941945
2026-04-26T22:50:30,12,3512913.0717083765,2068921.635175185,4888927.221690609,1.8541097898449614e-07,112.65354324716219
2026-04-26T22:51:00,12,3512913.707988631,2068920.8184306303,4888928.406170631,1.871550564777731e-07,112.67830848349229
2026-04-26T22:51:30,12,3512914.2446613805,2068920.4283455017,4888928.521651257,1.863376820017168e-07,112.14827367004312
2026-04-26T22:52:00,12,3512915.717664866,2068919.62066347,4888929.940915284,1.8846887181900457e-07,111.95510383384082
2026-04-26T22:52:30,12,3512915.8040321707,2068919.3701616903,4888930.657145619,1.8853876391306169e-07,111.83084589350271
2026-04-26T22:53:00,12,3512917.3803610792,2068918.6824479303,4888932.279105482,1.9193176550496165e-07,111.35835445251003
2026-04-26T22:53:30,12,3512917.5189821282,2068918.373998426,4888933.045235282,1.919012237494228e-07,111.28046015947369
2026-04-26T22:54:00,12,3512918.8490082347,2068917.5106713746,4888934.599643474,1.9471492859622415e-07,111.10845739937758
2026-04-26T22:54:30,12,3512919.5970279854,2068916.7509561537,4888934.870404005,1.943774731360571e-07,110.50698924394894
2026-04-26T22:55:00,12,3512920.3733439445,2068916.5208354294,4888935.987608969,1.96904177630642e-07,110.6113533260836
2026-04-26T22:55:30,12,3512921.1755996663,2068916.0738108275,4888937.550415326,1.9890621737687359e-07,110.23339295001759
2026-04-26T22:56:00,12,3512921.779322016,2068915.0885428372,4888938.653061316,1.9967240050042101e-07,109.74498336924479
2026-04-26T22:56:30,12,3512922.953831571,2068914.446936319,4888939.34376246,2.0045137947921484e-07,109.57185644238015
2026-04-26T22:57:00,12,3512923.512660549,2068913.541173705,4888940.1590993395,2.011329620634128e-07,109.10125977657418
2026-04-26T22:57:30,12,3512924.9244460342,2068913.4936193111,4888942.259100841,2.0551537584959092e-07,108.91001744359448
2026-04-26T22:58:00,12,3512925.8443061276,2068912.9584745707,4888942.837632329,2.0562802306299423e-07,108.61813795613232
2026-04-26T22:58:30,12,3512926.6057446515,2068912.0937708612,4888943.141949869,2.0597069648359577e-07,108.48722681319165
2026-04-26T22:59:00,12,3512927.077225014,2068911.6295559243,4888944.183259283,2.068161978187634e-07,108.12565179909593
2026-04-26T22:59:30,12,3512927.3959001214,2068910.9881683362,4888944.820279551,2.0656953746392827e-07,107.94643667236635
2026-04-26T23:00:00,12,3512928.5270085153,2068910.340252302,4888945.780941537,2.0801470947643166e-07,107.5568641228909
2026-04-26T23:00:30,12,3512929.6184664285,2068910.119684016,4888947.47370998,2.1153676332661626e-07,107.4812782951251
2026-04-26T23:01:00,12,3512930.9142634976,2068909.2176389385,4888949.523542536,2.139903777883025e-07,106.90431088913962
2026-04-26T23:01:30,12,3512931.4304016037,2068908.6295987843,4888950.473632492,2.151389527501374e-07,106.63889123474185
2026-04-26T23:02:00,12,3512932.1145936176,2068908.0064989538,4888951.0612476105,2.1574689085264677e-07,106.4040746945988
2026-04-26T23:02:30,12,3512933.4806646057,2068907.5774619868,4888952.728512833,2.1849355178161986e-07,106.03748011633168
2026-04-26T23:03:00,12,3512934.3265987015,2068907.3332539196,4888953.755281564,2.200900597213339e-07,105.91934315960542
2026-04-26T23:03:30,12,3512935.2618148564,2068906.667468529,4888954.202888919,2.2044268017564392e-07,105.54776153132458
2026-04-26T23:04:00,12,3512936.1912972974,2068906.2691690424,4888955.109941951,2.2220557543624753e-07,105.22567174403645
2026-04-26T23:04:30,13,3512908.3503145794,2068896.1785113367,4888814.85882025,-5.069767217045263e-08,116.73639658067837
2026-04-26T23:05:00,13,3512908.5877999365,2068895.6370775253,4888814.473638384,-5.3100993789615086e-08,117.04615391091416
2026-04-26T23:05:30,13,3512909.7965930193,2068896.1952022812,4888814.655475887,-5.1987764452905936e-08,117.23395699550768
2026-04-26T23:06:00,13,3512911.093785339,2068896.0099481158,4888815.014800179,-5.2636391845727906e-08,117.72976184696759
2026-04-26T23:06:30,13,3512911.4656397263,2068895.9047491509,4888815.385766031,-5.2597198372899473e-08,118.12185005179384
2026-04-26T23:07:00,13,3512912.866472944,2068896.185900543,4888815.764641822,-5.2178265461605395e-08,118.17701826009397
2026-04-26T23:07:30,13,3512913.729537925,2068896.0485785727,4888816.42302026,-5.2133245832138246e-08,118.23138885049626
2026-04-26T23:08:00,13,3512914.947043371,2068896.1375117,4888817.722837514,-4.9546867083739716e-08,118.62530905278474
2026-04-26T23:08:30,13,3512916.144291906,2068896.562349533,4888818.816553281,-4.8114620718221056e-08,119.10195548699157
2026-04-26T23:09:00,13,3512917.557853786,2068896.3449653692,4888819.821107551,-4.666760735078662e-08,119.30338770076851
2026-04-26T23:09:30,13,3512918.9371360335,2068896.5056601295,4888821.615161381,-4.306350616814738e-08,119.91251535080262
2026-04-26T23:10:00,13,3512920.2561971922,2068896.7800282727,4888822.455376066,-4.265034726647435e-08,119.67198968866944
2026-04-26T23:10:30,13,3512921.2077181535,2068896.3403082392,4888823.8938979795,-4.024763485566324e-08,119.97870290234997
2026-04-26T23:11:00,13,3512922.665365086,2068897.1638609346,4888825.59364444,-3.707117855322365e-08,120.38836622242941
2026-04-26T23:11:30,13,3512924.050681753,2068897.297416941,4888827.78449225,-3.348884438428891e-08,120.84383241063776
2026-04-26T23:12:00,13,3512925.643753084,2068897.0282959873,4888829.6632689675,-3.069008519661399e-08,120.43441201972301
2026-04-26T23:12:30,13,3512926.970439786,2068897.8799199874,4888831.365470099,-2.743788376191675e-08,121.32225044879817
2026-04-26T23:13:00,13,3512928.719935525,2068898.2689021858,4888834.009748721,-2.2649082264879775e-08,121.47856243515128
2026-04-26T23:13:30,13,3512930.4398970897,2068898.7252688468,4888836.248882473,-1.7828117647347465e-08,121.56745513361821
2026-04-26T23:14:00,13,3512932.215329874,2068898.7257591023,4888839.134882333,-1.2722080081504952e-08,122.1260736908492
2026-04-26T23:14:30,13,3512933.5966486996,2068899.1754296557,4888841.928889178,-7.651452156759946e-09,122.80638246253625
2026-04-26T23:15:00,12,3512884.650381765,2068917.1684576473,4888695.264371249,-3.137161797039728e-07,94.4098202938959
2026-04-26T23:15:30,12,3512885.584771754,2068917.4301475056,4888695.59562933,-3.128112830690451e-07,94.13320205402233
2026-04-26T23:16:00,12,3512886.0028614285,2068918.1122802992,4888695.944802445,-3.127585424207393e-07,93.95876575071622
2026-04-26T23:16:30,12,3512887.838824446,2068918.544515697,4888696.273435581,-3.1065760354710863e-07,93.77970550898603
2026-04-26T23:17:00,12,3512889.4375992515,2068918.5076101308,4888697.34490584,-3.085151296346787e-07,93.56521705070936
2026-04-26T23:17:30,12,3512889.9759855075,2068918.925746633,4888697.62226875,-3.0825639649708386e-07,93.29543273173105
2026-04-26T23:18:00,12,3512892.073244195,2068919.6219132135,4888699.374087594,-3.0391499712191646e-07,93.04933650973773
2026-04-26T23:18:30,12,3512893.223512554,2068920.5224081494,4888699.6642846735,-3.0300022476781003e-07,92.88912322094316
2026-04-26T23:19:00,12,3512894.2980976203,2068920.8109856034,4888700.57335913,-3.0136305812620655e-07,92.56952039922724
2026-04-26T23:19:30,12,3512896.085650737,2068920.7843623674,4888701.496812794,-2.9857696547542797e-07,92.36975293940091
2026-04-26T23:20:00,12,3512898.062249311,2068921.9503205114,4888702.982638658,-2.9417986174752895e-07,92.19155257935122
2026-04-26T23:20:30,12,3512899.8413086804,2068922.8905078818,4888703.8194003245,-2.913588353151087e-07,92.20952046422077
2026-04-26T23:21:00,12,3512901.1392500685,2068923.7921715062,4888704.384133923,-2.898972669646806e-07,91.96532515456757
2026-04-26T23:21:30,11,3512900.2657677685,2068924.2731395862,4888705.351225889,-2.914746977845356e-07,96.02378434856523
2026-04-26T23:22:00,11,3512900.9864042928,2068924.3918859612,4888706.701707453,-2.8980474458575104e-07,95.78969633730665
2026-04-26T23:22:30,11,3512901.866049242,2068924.3094373052,4888707.50104387,-2.8869211866045756e-07,95.4598130936636
2026-04-26T23:23:00,11,3512903.245595916,2068925.7457763294,4888708.54170485,-2.8543066422099826e-07,95.51427409030852
2026-04-26T23:23:30,11,3512904.720961737,2068926.4131804863,4888709.529342144,-2.838480459881567e-07,95.36510725180425
2026-04-26T23:24:00,11,3512906.407849092,2068927.3667281992,4888711.7191287065,-2.790752125573128e-07,95.23012438307714
2026-04-26T23:24:30,11,3512907.369024511,2068927.4334375663,4888713.09924126,-2.772397108289376e-07,94.93905654263328
2026-04-26T23:25:00,11,3512908.8104227595,2068927.684739886,4888714.965451158,-2.730793456935413e-07,94.66307769263044
2026-04-26T23:25:30,11,3512910.1254081484,2068929.1236280662,4888716.284985333,-2.6995374070685325e-07,94.7978704673958
2026-04-26T23:26:00,11,3512911.350207511,2068929.906144607,4888717.295982402,-2.684976806957966e-07,94.34539998903517
2026-04-26T23:26:30,11,3512913.0188633725,2068930.929906915,4888719.558575685,-2.623595615030156e-07,94.47211415577323
2026-04-26T23:27:00,11,3512914.4749596464,2068932.357961747,4888721.216985223,-2.5982717822298677e-07,94.45799609748634
2026-04-26T23:27:30,11,3512915.72889915,2068932.52160256,4888722.880888027,-2.5666310059379084e-07,94.24518122863955
2026-04-26T23:28:00,11,3512917.038594902,2068933.1596002257,4888723.800008564,-2.551874761033977e-07,94.2619491317055
2026-04-26T23:28:30,11,3512918.9941823184,2068934.4461453778,4888726.788703472,-2.4879633884812325e-07,94.09100469786611
2026-04-26T23:29:00,12,3512988.3792663715,2068984.2620961587,4888756.847058927,-5.180740035972328e-08,111.30663868672578
2026-04-26T23:29:30,12,3512989.2105500395,2068985.2839454643,4888758.974277869,-4.765848005559209e-08,111.09775036576748
2026-04-26T23:30:00,11,3512987.8192415284,2068983.215698104,4888756.789389261,-5.703957239615816e-08,115.41183561384499
2026-04-26T23:30:30,11,3512988.1047170334,2068982.9647568765,4888757.74505047,-5.682744636783777e-08,114.72729062970168
2026-04-26T23:31:00,11,3512988.2252891185,2068983.3818625433,4888757.567089335,-5.864933068734935e-08,114.50141569618204
2026-04-26T23:31:30,11,3512988.494340631,2068982.7780530723,4888758.506754668,-5.860997131080637e-08,114.09852166608026
2026-04-26T23:32:00,11,3512988.6420480073,2068982.729422668,4888758.880344246,-5.883304315885831e-08,113.35475308139623
2026-04-26T23:32:30,11,3512989.0212036134,2068983.1185635498,4888759.733834558,-5.872459227650559e-08,113.2027413115159
2026-04-26T23:33:00,11,3512988.9305947684,2068982.3524710564,4888760.114039769,-6.018148815071552e-08,112.390056441673
2026-04-26T23:33:30,11,3512989.2791370065,2068982.1350180667,4888759.911293964,-6.191643628189176e-08,112.32695639644531
2026-04-26T23:34:00,11,3512989.5806636643,2068982.6386118988,4888760.735777721,-6.174582972404285e-08,111.94070773744127
2026-04-26T23:34:30,11,3512990.13115211,2068982.821944563,4888761.837956926,-6.026309088979507e-08,111.5668432024642
2026-04-26T23:35:00,11,3512990.4891887875,2068982.9959369889,4888762.315067412,-6.11744064184029e-08,111.48799552268152
2026-04-26T23:35:30,11,3512991.331256527,2068983.0061975154,4888763.344142728,-5.938401253380747e-08,110.83137667117312
2026-04-26T23:36:00,11,3512991.257740778,2068982.909403527,4888763.714698832,-6.120217184364654e-08,110.48911388486133
2026-04-26T23:36:30,11,3512991.784383963,2068983.2368849923,4888764.846083301,-6.002487464794064e-08,110.12611323643807
2026-04-26T23:37:00,11,3512991.500336786,2068983.5453487635,4888765.038293746,-6.102796287557815e-08,109.96195035899542
2026-04-26T23:37:30,11,3512992.5277796392,2068983.3768083486,4888766.54037121,-5.92720265516382e-08,109.50345538444138
2026-04-26T23:38:00,11,3512992.9744012454,2068983.3307758344,4888766.571777156,-6.03776951334767e-08,109.07386132056234
2026-04-26T23:38:30,11,3512993.5929458966,2068983.7123848624,4888768.645106207,-5.794658558784482e-08,108.86490495246953
2026-04-26T23:39:00,11,3512993.7737941653,2068984.4718254013,4888769.03568222,-5.707035649739763e-08,108.60170297966862
2026-04-26T23:39:30,11,3512994.540163685,2068984.729575084,4888769.719010529,-5.702542009497324e-08,108.32337682805787
2026-04-26T23:40:00,11,3512994.9385576914,2068984.84043038,4888770.826614982,-5.6500872426853945e-08,107.94410013729355
2026-04-26T23:40:30,11,3512996.050148577,2068985.447912724,4888771.961844632,-5.363887997762115e-08,107.73481948880756
2026-04-26T23:41:00,11,3512996.5436982876,2068985.9543689596,4888773.0755686555,-5.2439005033347074e-08,107.24731277467528
2026-04-26T23:41:30,11,3512996.806542389,2068985.3621391244,4888774.290954956,-5.222776173497613e-08,106.87870498354411
2026-04-26T23:42:00,11,3512997.3783318927,2068986.0590550087,4888775.01771327,-5.167186081592097e-08,106.79446692050483
2026-04-26T23:42:30,11,3512997.597628727,2068985.9919692595,4888776.025794068,-5.070414752400101e-08,106.51242870382313
2026-04-26T23:43:00,11,3512998.3546712142,2068986.3847810281,4888776.337531704,-5.157335356946782e-08,106.17395268179352
2026-04-26T23:43:30,11,3512999.4712544703,2068986.737598994,4888777.971397369,-4.828908462908314e-08,105.78864619499782
2026-04-26T23:44:00,11,3512999.7164405547,2068987.2245468178,4888779.484338378,-4.756690732557667e-08,105.58183178060257
2026-04-26T23:44:30,11,3513000.3947718344,2068987.174973104,4888780.448048121,-4.581887105194356e-08,105.38773268102855
2026-04-26T23:45:00,11,3513001.3508187337,2068987.9604292426,4888781.588109798,-4.396332980648194e-08,105.0626681721737
2026-04-26T23:45:30,11,3513001.799004973,2068988.152212913,4888782.133958174,-4.408395075290786e-08,104.95988781624202
2026-04-26T23:46:00,11,3513002.9376237937,2068988.6236378697,4888783.15413784,-4.25044804189519e-08,104.67348351973793
2026-04-26T23:46:30,11,3513002.4003159166,2068988.4813370525,4888784.257960531,-4.335229880169694e-08,104.30045215103301
2026-04-26T23:47:00,11,3513003.876626091,2068989.3295584344,4888786.055182292,-3.89824996109247e-08,104.02646094660285
2026-04-26T23:47:30,11,3513004.8172448217,2068989.823069544,4888786.8706510365,-3.7642793206452844e-08,103.77701196889043
2026-04-26T23:48:00,12,3513015.551421043,2069020.0014426683,4888818.783008573,5.508171210387056e-08,102.44381990991323
2026-04-26T23:48:30,12,3513015.7434427855,2069019.8814156067,4888819.35886547,5.483535190985764e-08,102.17476548302416
2026-04-26T23:49:00,12,3513015.4567178716,2069019.0701413436,4888819.194583043,5.1657231622930464e-08,101.79524433298171
2026-04-26T23:49:30,12,3513015.887168113,2069018.7360294184,4888818.746058748,4.949889946897925e-08,101.25671625259659
2026-04-26T23:50:00,12,3513016.872953699,2069018.4602790384,4888819.768401656,5.076630963871945e-08,100.97323367663496
2026-04-26T23:50:30,13,3513005.951883617,2069023.1436529611,4888767.511533711,-4.996222034110164e-08,100.89860500778423
2026-04-26T23:51:00,13,3513005.817769418,2069023.0972123002,4888767.365838369,-5.2062631286676725e-08,100.62681211623216
2026-04-26T23:51:30,13,3513006.3349611894,2069023.3137692607,4888766.452704523,-5.449128125054633e-08,100.8804652337593
2026-04-26T23:52:00,13,3513006.410075041,2069023.0799576454,4888765.34726724,-5.840227133123726e-08,100.6418516403069
2026-04-26T23:52:30,13,3513007.097831391,2069023.1654830603,4888765.745034165,-5.820187876713748e-08,100.54380993153734
2026-04-26T23:53:00,13,3513007.518617241,2069022.8823635236,4888765.384355711,-6.045334066779844e-08,100.359073247523
2026-04-26T23:53:30,13,3513008.206556655,2069023.35174343,4888765.160910559,-6.066404426846208e-08,100.1900102889428
2026-04-26T23:54:00,13,3513008.710559253,2069023.3954750777,4888766.121984672,-6.076574747840066e-08,100.06904027494656
2026-04-26T23:54:30,13,3513009.2018961273,2069023.4851163754,4888765.509297335,-6.278775718774129e-08,99.85906368065544
2026-04-26T23:55:00,13,3513009.74412757,2069023.2824573354,4888765.939093018,-6.281963380352572e-08,99.60937528737794
2026-04-26T23:55:30,13,3513010.7294447,2069023.5557355033,4888766.603624363,-6.21531604843441e-08,99.6271080487468
2026-04-26T23:56:00,13,3513010.981623212,2069023.853584844,4888766.452806716,-6.397477322198642e-08,99.45661155343238
2026-04-26T23:56:30,13,3513011.208001164,2069023.4813245237,4888766.964352592,-6.433935843274958e-08,99.28242124583552
2026-04-26T23:57:00,13,3513012.611879734,2069023.7626848388,4888768.018658748,-6.261064454392177e-08,99.05987881570096
2026-04-26T23:57:30,13,3513013.1249910444,2069024.1011718446,4888768.907851814,-6.192306445280669e-08,98.9457951509516
2026-04-26T23:58:00,13,3513013.5879010744,2069024.1731693833,4888768.872970708,-6.238768335855532e-08,98.80090783101483
2026-04-26T23:58:30,13,3513014.707787014,2069024.5757740866,4888770.282775715,-6.045454544855927e-08,98.60054966717095
2026-04-26T23:59:00,13,3513015.842003341,2069024.7891988577,4888771.319042179,-5.898741387459606e-08,98.49984495227004
2026-04-26T23:59:30,13,3513016.133873659,2069023.9431027446,4888771.757585396,-6.029058744589425e-08,98.09725921456032
