{
  "toc": 504000.0,
  "toe": 504000.0,
  "af0": 1.832102425396e-04,
  "af1": 3.41060510000e-13,
  "af2": 0.0,
  "sqrtA": 5153.494356155e+03,
  "e": 4.552247002721e-03,
  "M0": -8.892370366347e-01,
  "delta_n": 4.259106000000e-09,
  "Omega0": 7.384895693748e-01,
  "i0": 9.607443114283e-01,
  "omega": 2.885975350835e+00,
  "Omega_dot": -7.866756253000e-09,
  "i_dot": 1.275053100000e-10,
  "crc": 1.480625000000e+02,
  "crs": 1.125000000000e+00,
  "cuc": -1.117587100000e-07,
  "cus": 1.188553900000e-05,
  "cic": -1.862645100000e-09,
  "cis": -1.080334200000e-07
}